{"server":1001,"total":3446.9001,"average":35.535053,"cpValues":[],"cpList":["85.2M","72.5M","69.3M","68.7M","62.7M","62.4M","60.4M","60.1M","57.3M","56M","55.8M","55.3M","54.4M","53.1M","52.7M","49.9M","49.6M","49.4M","48.1M","47.M","47M","42.9M","42.8M","42.3M","42M","41.9M","41.8M","41.6M","41.1M","39.5M","38.4M","38.4M","38.3M","38.2M","37M","35.9M","35.3M","34.4M","34.1M","33.9M","33.5M","33.1M","32.2M","32.2M","32.1M","32M","32M","31.7M","31.6M","31.1M","31M","30M","30M","29.9M","29.8M","29.4M","28M","26.7M","26.6M","26.4M","26.3M","26.3M","26.3M","26.1M","26.1M","26M","26M","25.QM","25.8M","25.4M","24.9M","24.8M","24.7M","24.5M","24.5M","24.4M","24.4M","24M","23.7M","23.5M","23.3M","23.1M","23.1M","23.1M","23M","22.9M","22.8M","22.8M","22.7M","22.6M","22.5M","22.4M","22.3M","22.1M","22M","22M","21.6M","21.5M","21.4M","21.3M"],"okList":["85.2M","77.25M","70.6M","66.0M","65.55M","61.550003M","61.25M","58.85M","58.05M","56.55M","55.65M","55.1M","54.199997M","53.550003M","51.5M","51.15M","49.65M","48.85M","48.2M","47.55M","44.95M","44.9M","42.6M","42.4M","42.1M","41.9M","41.75M","41.449997M","40.55M","39.75M","38.95M","38.35M","38.300003M","37.65M","37.050003M","36.15M","35.15M","34.699997M","34.15M","33.8M","33.5M","32.85M","32.65M","32.15M","32.1M","32.05M","31.85M","31.8M","31.400002M","31.3M","30.55M","30.5M","29.95M","29.9M","29.65M","28.9M","28.05M","27.3M","26.55M","26.45M","26.349998M","26.3M","26.2M","26.2M","26.05M","26.05M","25.349998M","25.099998M","24.8M","24.65M","24.6M","24.45M","24.45M","24.2M","24.05M","23.75M","23.5M","23.3M","23.2M","23.1M","23.05M","23.0M","22.9M","22.849998M","22.75M","22.7M","22.6M","22.5M","22.4M","22.25M","22.15M","22.05M","21.8M","21.75M","21.5M","21.4M","21.3M"],"nokList":["26M","25.QM","25.8M"]}