{"time":1755514362031,"server":1002,"cpList":["109M","88.3M","84.7M","80.1M","79.1M","77.5M","77.3M","762M","73.4M","70.8M","70.2M","69.7M","69M","68.3M","67.5M","66.9M","65.3M","642M","63.9M","63.9M","63.7M","63.3M","63.2M","63.1M","63M","62.6M","62.6M","62.6M","62M","61.6M","61.3M","612M","61.1M","60.9M","60.8M","60.4M","59.8M","59.7M","59.5M","59.3M","58.5M","58.4M","58.3M","58.1M","58M","57.8M","57.7M","57.6M","57.4M","57.2M","57.2M","57.2M","57.1M","57M","56.8M","56.8M","56.8M","56.6M","56.6M","56.6M","56.4M","56.3M","56.3M","56.2M","56M","55.7M","55.5M","55.5M","55.4M","55.3M","55.2M","55.2M","55.2M","55.1M","55M","55M","54.9M","54.9M","54.7M","54.5M","54.5M","54.4M","542M","53.8M","53.1M","53.1M","53M","53M","52.9M","52.8M","52.8M","52.7M","52.7M","52.5M","52.5M","52.3M","52.3M","52.3M","522M","52.1M"],"okList":["109.0M","88.3M","84.7M","80.1M","79.1M","0.775M","0.00773M","1.62E-5M","7.340000000000001E-8M","7.08E-9M","7.020000000000001E-9M","6.97E-9M","6.9E-9M","6.83E-9M","6.750000000000001E-9M","6.69E-9M","6.53E-9M","6.419999999999999E-8M","6.39E-9M","6.39E-9M","6.37E-9M","6.3299999999999994E-9M","6.3200000000000005E-9M","6.31E-9M","6.3E-9M","6.26E-9M","6.26E-9M","6.26E-9M","6.2E-9M","6.159999999999999E-9M","6.13E-9M","6.119999999999999E-8M","6.11E-9M","6.09E-9M","6.08E-9M","6.040000000000001E-9M","5.9800000000000004E-9M","5.97E-9M","5.9499999999999995E-9M","5.93E-9M","5.8499999999999994E-9M","5.84E-9M","5.83E-9M","5.8099999999999996E-9M","5.8E-9M","5.7799999999999995E-9M","5.7700000000000005E-9M","5.760000000000001E-9M","5.74E-9M","5.72E-9M","5.72E-9M","5.72E-9M","5.71E-9M","5.7E-9M","5.6799999999999986E-9M","5.6799999999999986E-9M","5.6799999999999986E-9M","5.660000000000001E-9M","5.660000000000001E-9M","5.660000000000001E-9M","5.6399999999999995E-9M","5.63E-9M","5.63E-9M","5.620000000000001E-9M","5.6000000000000005E-9M","5.57E-9M","5.55E-9M","5.55E-9M","5.54E-9M","5.53E-9M","5.520000000000001E-9M","5.520000000000001E-9M","5.520000000000001E-9M","5.51E-9M","5.500000000000001E-9M","5.500000000000001E-9M","5.49E-9M","5.49E-9M","5.47E-9M","5.45E-9M","5.45E-9M","5.44E-9M","5.4199999999999996E-8M","5.38E-9M","5.310000000000001E-9M","5.310000000000001E-9M","5.3E-9M","5.3E-9M","5.2900000000000006E-9M","5.280000000000001E-9M","5.280000000000001E-9M","5.270000000000001E-9M","5.270000000000001E-9M","5.250000000000001E-9M","5.250000000000001E-9M","5.23E-9M","5.23E-9M","5.23E-9M","5.22E-8M","5.21E-9M"],"nokList":[]}