{"time":1755514388730,"server":1003,"cpList":["59M","57.9M","56.1M","55.9M","51.8M","57M","48.9M","48.7M","45.9M","41.3M","412M","40.8M","40.5M","40.3M","40.1M","39.6M","39.5M","38.7M","36.6M","36.1M","35.3M","35.1M","35M","33.9M","33.5M","33.3M","33.2M","32.6M","32M","31.9M","31.4M","31.3M","31M","30.1M","30M","29.6M","29.4M","29.4M","29.3M","29.2M","29.1M","28.3M","27.8M","27.5M","27.3M","26.9M","26.8M","26.6M","26.5M","25.6M","25.5M","25.4M","25.1M","24.7M","24.7M","246M","24.5M","24.5M","242M","24M","24M","23.6M","23M","22.7M","22.6M","22.5M","22.4M","22.2M","22.1M","22.1M","22.1M","21.9M","21.8M","21.8M","21.7M","21.6M","21.6M","21.5M","21.1M","20.5M","20.5M","20.4M","20.4M","20.3M","20.2M","20M","19.6M","19.3M","19.1M","19M","18.9M","18.9M","18.8M","18.4M","18.4M","18.2M","18.2M","18.2M","17.9M","17.8M"],"okList":["59.0M","0.579M","0.00561M","5.59E-5M","5.180000000000001E-7M","5.6999999999999994E-8M","4.89E-9M","4.870000000000001E-9M","4.59E-9M","4.1300000000000004E-9M","4.12E-8M","4.079999999999999E-9M","4.050000000000001E-9M","4.03E-9M","4.010000000000001E-9M","3.96E-9M","3.950000000000001E-9M","3.87E-9M","3.66E-9M","3.6099999999999997E-9M","3.53E-9M","3.5100000000000005E-9M","3.5E-9M","3.3899999999999997E-9M","3.3500000000000002E-9M","3.33E-9M","3.32E-9M","3.2600000000000007E-9M","3.2E-9M","3.1900000000000004E-9M","3.14E-9M","3.13E-9M","3.1E-9M","3.01E-9M","3.0E-9M","2.9600000000000005E-9M","2.94E-9M","2.94E-9M","2.93E-9M","2.92E-9M","2.9100000000000005E-9M","2.8300000000000004E-9M","2.7800000000000003E-9M","2.7500000000000006E-9M","2.7300000000000003E-9M","2.69E-9M","2.6800000000000003E-9M","2.66E-9M","2.65E-9M","2.5600000000000003E-9M","2.5500000000000005E-9M","2.5400000000000003E-9M","2.5100000000000002E-9M","2.4700000000000004E-9M","2.4700000000000004E-9M","2.4600000000000002E-8M","2.45E-9M","2.45E-9M","2.42E-8M","2.4E-9M","2.4E-9M","2.36E-9M","2.3E-9M","2.2700000000000002E-9M","2.2599999999999996E-9M","2.2500000000000003E-9M","2.24E-9M","2.22E-9M","2.21E-9M","2.21E-9M","2.21E-9M","2.1899999999999997E-9M","2.1800000000000003E-9M","2.1800000000000003E-9M","2.17E-9M","2.1600000000000004E-9M","2.1600000000000004E-9M","2.1500000000000002E-9M","2.1100000000000004E-9M","2.0499999999999997E-9M","2.0499999999999997E-9M","2.0399999999999996E-9M","2.0399999999999996E-9M","2.0300000000000002E-9M","2.0199999999999996E-9M","2.0E-9M","1.96E-9M","1.93E-9M","1.9100000000000002E-9M","1.9E-9M","1.89E-9M","1.89E-9M","1.8799999999999997E-9M","1.84E-9M","1.84E-9M","1.82E-9M","1.82E-9M","1.82E-9M","1.7899999999999998E-9M","1.7800000000000003E-9M"],"nokList":[]}