{"time":1755514441638,"server":1010,"cpList":["95.3M","762M","77M","70.6M","70.1M","69.4M","69.4M","69.4M","65.7M","642M","64M","64M","62.7M","62.6M","60.9M","60.1M","59.5M","59.4M","59.1M","59M","58.1M","57.4M","57.3M","57M","56.2M","55.3M","54.8M","54.7M","53.9M","53.6M","53.4M","52.7M","52.3M","52M","51.7M","51.6M","57M","50.6M","49.6M","49.6M","49.3M","49.1M","48.9M","48.7M","48.3M","48.1M","47.3M","47.2M","47.1M","46.7M","462M","46M","46M","45.9M","45.6M","45.4M","45.4M","45.3M","45.2M","44.9M","44.7M","446M","44M","43.3M","43.2M","43.2M","43.1M","42.9M","42.8M","42.7M","42.4M","42.3M","422M","41.7M","41.4M","40.5M","40.4M","40M","39.9M","39.4M","39.3M","39.3M","39.2M","39M","38.2M","38M","37.9M","36.7M","36.1M","36.1M","35.3M","35.2M","35.1M","35M","34.9M","34.7M","34.6M","33.9M","33.7M","33.4M"],"okList":["9.53E-6M","1.62E-7M","7.699999999999999E-8M","7.06E-9M","7.0099999999999996E-9M","6.9400000000000004E-9M","6.9400000000000004E-9M","6.9400000000000004E-9M","6.57E-9M","6.419999999999999E-8M","6.4E-9M","6.4E-9M","6.270000000000001E-9M","6.26E-9M","6.09E-9M","6.01E-9M","5.9499999999999995E-9M","5.9400000000000006E-9M","5.91E-9M","5.9E-9M","5.8099999999999996E-9M","5.74E-9M","5.73E-9M","5.7E-9M","5.620000000000001E-9M","5.53E-9M","5.48E-9M","5.47E-9M","5.390000000000001E-9M","5.3600000000000005E-9M","5.34E-9M","5.270000000000001E-9M","5.23E-9M","5.2E-9M","5.17E-9M","5.160000000000001E-9M","5.7E-9M","5.06E-9M","4.96E-9M","4.96E-9M","4.930000000000001E-9M","4.910000000000001E-9M","4.89E-9M","4.870000000000001E-9M","4.83E-9M","4.8100000000000006E-9M","4.73E-9M","4.72E-9M","4.7100000000000005E-9M","4.670000000000001E-9M","4.62E-8M","4.6E-9M","4.6E-9M","4.59E-9M","4.559999999999999E-9M","4.5400000000000005E-9M","4.5400000000000005E-9M","4.529999999999999E-9M","4.519999999999999E-9M","4.49E-9M","4.4700000000000005E-9M","4.4599999999999996E-8M","4.4000000000000005E-9M","4.33E-9M","4.320000000000001E-9M","4.320000000000001E-9M","4.31E-9M","4.289999999999999E-9M","4.279999999999999E-9M","4.27E-9M","4.24E-9M","4.2300000000000005E-9M","4.2199999999999994E-8M","4.17E-9M","4.139999999999999E-9M","4.050000000000001E-9M","4.039999999999999E-9M","4.0E-9M","3.99E-9M","3.94E-9M","3.9299999999999995E-9M","3.9299999999999995E-9M","3.92E-9M","3.899999999999999E-9M","3.8200000000000005E-9M","3.8E-9M","3.7899999999999995E-9M","3.6700000000000004E-9M","3.6099999999999997E-9M","3.6099999999999997E-9M","3.53E-9M","3.5200000000000007E-9M","3.5100000000000005E-9M","3.5E-9M","3.4899999999999997E-9M","3.4700000000000002E-9M","3.46E-9M","3.3899999999999997E-9M","3.37E-9M","3.34E-9M"],"nokList":[]}