{"server":1010,"total":4433.0,"average":48.184784,"cpValues":[],"cpList":["N0.6M","71.6M","70M","69.4M","68.7M","68.3M","67.3M","66.4M","64M","61.8M","61M","60.7M","60.5M","60.4M","59.9M","59.5M","58.3M","57.6M","56.9M","56.5M","56.3M","56.3M","55.6M","54.8M","53.9M","53.9M","53.6M","53.1M","52.7M","52.3M","52.2M","51.4M","51M","50.7M","50.6M","50.6M","49.6M","49.6M","49.2M","49M","48.M","48.7M","47.2M","47M","46.6M","46.5M","45.8M","45.8M","45.8M","45.4M","45.4M","44.9M","44.7M","44.6M","44.6M","44.3M","44.1M","44M","43.9M","43.7M","43.1M","43.1M","42.9M","42.8M","42.2M","41.9M","41.6M","41.4M","41.2M","40.7M","40.5M","40.5M","40M","39.9M","39.5M","39.5M","39.4M","39.4M","AA.6M","38.4M","38.2M","38.1M","78M","37.6M","37.4M","37M","36.7M","A6.6M","A6.1M","35.1M","35M","34.9M","34.7M","34.6M","34.3M","34.2M","34.1M","33.9M","33.4M","33.2M"],"okList":["70.5M","69.35M","68.850006M","68.0M","67.350006M","65.65M","64.1M","62.5M","61.25M","60.75M","60.550003M","60.2M","59.95M","59.1M","58.55M","57.6M","57.05M","56.6M","56.4M","55.949997M","55.55M","54.75M","54.35M","53.75M","53.5M","53.15M","52.699997M","52.45M","51.85M","51.6M","51.050003M","50.8M","50.65M","50.1M","50.1M","49.4M","49.3M","48.6M","48.85M","47.6M","47.85M","46.9M","46.75M","46.199997M","46.15M","45.8M","45.6M","45.6M","45.15M","45.050003M","44.75M","44.65M","44.449997M","44.35M","44.15M","44.0M","43.85M","43.5M","43.4M","43.0M","42.949997M","42.550003M","42.35M","41.9M","41.65M","41.4M","41.050003M","40.85M","40.6M","40.25M","40.2M","39.75M","39.7M","39.45M","39.45M","38.9M","38.25M","58.1M","37.85M","57.7M","37.3M","37.050003M","35.0M","34.85M","34.75M","34.5M","34.4M","34.199997M","34.050003M","33.75M","33.550003M","33.2M"],"nokList":["N0.6M","71.6M","39.4M","38.4M","36.7M","A6.6M","A6.1M","35.1M"]}