{"time":1755514467995,"server":1011,"cpList":["76.4M","75.3M","74.5M","73.4M","72.4M","71.8M","71.7M","71.6M","71.6M","69.4M","69.3M","69.2M","68.7M","66.8M","66.6M","66.4M","64.9M","646M","64M","63.7M","63.6M","62.6M","62.6M","62M","61.5M","61.5M","60.5M","60.2M","60M","59.8M","59.6M","59.2M","59M","58.9M","58M","57.8M","57M","56.5M","56.2M","55.7M","55.3M","54.8M","53.7M","53.2M","53.1M","52.1M","51.7M","51.3M","57M","50.6M","50.2M","50.1M","50.1M","49.8M","49.7M","49.5M","48.9M","48.8M","48.8M","48.7M","48.6M","48.4M","48.3M","47.8M","47.7M","47.5M","47M","46.9M","468M","46.5M","46.5M","46.4M","46.4M","45.7M","45.1M","45M","44.9M","44.7M","44.7M","44.7M","446M","442M","441M","43.6M","42.7M","42.4M","42.1M","42.1M","41.9M","41.8M","41.8M","41.5M","41.5M","41.5M","41.4M","41.2M","41.1M","41.1M","41M","41M"],"okList":["76.4M","75.3M","74.5M","73.4M","72.4M","71.8M","71.7M","71.6M","71.6M","69.4M","69.3M","69.2M","68.7M","66.8M","66.6M","66.4M","64.9M","64.6M","64.0M","63.7M","63.6M","62.6M","62.6M","62.0M","61.5M","61.5M","60.5M","60.2M","60.0M","59.8M","59.6M","59.2M","59.0M","58.9M","58.0M","57.8M","57.0M","56.5M","56.2M","55.7M","55.3M","54.8M","53.7M","53.2M","0.531M","0.00521M","5.17E-5M","5.13E-7M","5.6999999999999994E-8M","5.06E-9M","5.0200000000000004E-9M","5.01E-9M","5.01E-9M","4.979999999999999E-9M","4.970000000000001E-9M","4.949999999999999E-9M","4.89E-9M","4.8800000000000005E-9M","4.8800000000000005E-9M","4.870000000000001E-9M","4.86E-9M","4.839999999999999E-9M","4.83E-9M","4.779999999999999E-9M","4.770000000000001E-9M","4.7499999999999995E-9M","4.699999999999999E-9M","4.689999999999999E-9M","4.6799999999999996E-8M","4.65E-9M","4.65E-9M","4.6400000000000005E-9M","4.6400000000000005E-9M","4.57E-9M","4.51E-9M","4.500000000000001E-9M","4.49E-9M","4.4700000000000005E-9M","4.4700000000000005E-9M","4.4700000000000005E-9M","4.4599999999999996E-8M","4.419999999999999E-8M","4.4100000000000004E-8M","4.360000000000001E-9M","4.27E-9M","4.24E-9M","4.21E-9M","4.21E-9M","4.190000000000001E-9M","4.18E-9M","4.18E-9M","4.15E-9M","4.15E-9M","4.15E-9M","4.139999999999999E-9M","4.120000000000001E-9M","4.109999999999999E-9M","4.109999999999999E-9M","4.0999999999999995E-9M","4.0999999999999995E-9M"],"nokList":[]}