{"server":1020,"total":4722.7993,"average":47.227993,"cpValues":[],"cpList":["81.1M","76.5M","69.6M","69.4M","67.6M","67.2M","67M","61M","60.8M","58.9M","58.9M","57.8M","57.7M","57.5M","56.5M","55.9M","55.8M","55M","54.8M","54.4M","54.2M","52.9M","52.6M","52.5M","52.3M","51.7M","50.9M","50.7M","50.4M","50.4M","50.4M","49.8M","49.7M","49.1M","48.6M","48.4M","48.1M","48M","47.M","47.4M","47.4M","47.3M","47.2M","47M","46.7M","46.6M","46M","46M","45.9M","45.5M","45.4M","45.3M","44.7M","44.3M","44.1M","44M","43.6M","43.3M","43M","42.8M","42.5M","42.3M","42.2M","41.9M","41.6M","41.6M","41.5M","41.4M","40.9M","40.9M","40.8M","40.7M","40.6M","40.4M","39.8M","39.8M","39.6M","39.5M","39.5M","39.4M","39.2M","39.1M","39M","38.9M","38.8M","38.2M","37.8M","37.7M","37.7M","37.6M","37.6M","37.6M","37.M","37.3M","37.1M","32M","36.9M","36.5M","36.4M","36.4M"],"okList":["81.1M","75.35M","72.95M","68.6M","68.3M","67.3M","64.1M","63.9M","59.95M","59.85M","58.35M","58.300003M","57.65M","57.1M","56.7M","56.15M","55.45M","55.3M","54.7M","54.5M","53.65M","53.4M","52.7M","52.449997M","52.1M","51.6M","51.2M","50.65M","50.550003M","50.4M","50.1M","50.050003M","49.449997M","49.15M","48.75M","48.35M","48.2M","47.55M","47.7M","47.4M","47.35M","47.300003M","47.15M","46.95M","46.8M","46.35M","46.3M","45.95M","45.75M","45.65M","45.4M","45.050003M","44.8M","44.4M","44.15M","43.85M","43.65M","43.3M","43.05M","42.75M","42.55M","42.35M","42.1M","41.9M","41.75M","41.55M","41.5M","41.2M","41.15M","40.85M","40.800003M","40.699997M","40.550003M","40.199997M","40.1M","39.699997M","39.65M","39.55M","39.45M","39.35M","39.25M","39.1M","39.0M","38.9M","38.550003M","38.3M","37.95M","37.75M","37.65M","37.65M","37.6M","37.3M","37.449997M","37.05M","34.65M","37.0M","34.25M","36.65M","36.45M","36.4M"],"nokList":[]}