{"server":1029,"total":3116.2998,"average":34.245052,"cpValues":[],"cpList":["67.5M","60.4M","60.1M","59.2M","58.6M","5AM","57.7M","55.2M","53.6M","52.1M","51.5M","50.9M","49.7M","49.5M","46.6M","46.4M","45.7M","44.6M","44.5M","43.7M","41M","40.1M","39.7M","AA.6M","38.3M","37.6M","37.5M","37.5M","37.3M","37.2M","36.8M","36.7M","A6M","35.3M","35.3M","33.9M","33.1M","32.9M","32.7M","32.6M","32.2M","32M","32M","31.7M","31.6M","31.1M","31.1M","30.8M","30.5M","30.1M","30M","29.7M","29.5M","29.4M","29.4M","29.4M","29.3M","29.1M","29M","29M","29M","28.9M","28.8M","29.7M","28.6M","28.3M","27.9M","27.9M","27.7M","27.6M","27.6M","27.6M","27.5M","27.4M","27.3M","27.1M","26.9M","26.8M","26.7M","26.6M","26.5M","26.4M","26.4M","26.1M","25.QM","25.8M","25.8M","25.5M","25.4M","25.4M","25.4M","25.1M","25.1M","24.9M","24.8M","24.7M","24.6M","24.6M","24.3M","24.3M"],"okList":["67.5M","63.8M","59.800003M","59.35M","58.15M","55.65M","53.65M","52.55M","51.5M","50.6M","50.2M","48.15M","47.95M","46.15M","45.5M","45.1M","44.15M","42.75M","41.9M","40.35M","39.0M","37.9M","37.55M","37.4M","37.35M","37.05M","36.95M","36.0M","34.6M","34.199997M","33.4M","32.9M","32.75M","32.45M","32.3M","32.1M","31.85M","31.8M","31.400002M","31.35M","30.95M","30.8M","30.45M","30.25M","29.900002M","29.75M","29.55M","29.45M","29.4M","29.349998M","29.25M","29.15M","29.05M","29.0M","28.95M","28.9M","29.3M","28.7M","29.0M","28.25M","28.099998M","27.8M","27.75M","27.650002M","27.6M","27.55M","27.5M","27.4M","27.25M","27.099998M","26.95M","26.8M","26.7M","26.6M","26.5M","26.45M","26.25M","25.65M","25.599998M","25.45M","25.4M","25.25M","25.25M","25.0M","24.95M","24.8M","24.7M","24.650002M","24.45M","24.45M","24.3M"],"nokList":["58.6M","57.7M","39.7M","38.3M","36.7M","35.3M","26.1M","25.QM","25.8M"]}