{"server":1032,"total":3754.999,"average":37.54999,"cpValues":[],"cpList":["65.9M","65.7M","65.4M","65.3M","58.7M","57.4M","56.4M","56.1M","55.1M","54.2M","52.8M","52.5M","52M","51.2M","50.9M","50.1M","49.7M","49.3M","49.1M","48.7M","48.1M","47.9M","47.M","47.6M","47.6M","47.5M","47.2M","47M","46.8M","46.7M","46.4M","46.4M","44.2M","42.6M","42.5M","42.3M","40.5M","40.3M","39.7M","39.5M","38.7M","38.5M","37.7M","37.5M","37M","36.8M","36.7M","35.6M","35.6M","35.5M","35.4M","35.3M","34.9M","34.7M","33.9M","33.3M","32.8M","32.6M","31.7M","31.5M","31.3M","30.3M","30.1M","30.1M","30M","30M","29.5M","29.2M","28.8M","29.7M","29.7M","28.6M","28.6M","28.5M","28.4M","28.3M","28M","27.1M","26.9M","26.8M","25.7M","25.5M","25.4M","25.1M","24.6M","24.6M","23.7M","23.3M","23.1M","22.8M","22.8M","22.6M","22.6M","22.6M","22.3M","22.3M","21.7M","21.5M","21.4M","20.9M"],"okList":["65.9M","65.65M","65.5M","62.050003M","61.350002M","57.550003M","56.75M","55.75M","55.15M","53.949997M","53.35M","52.4M","51.85M","51.45M","50.65M","50.300003M","49.699997M","49.4M","49.0M","48.6M","48.300003M","47.55M","47.75M","47.6M","47.55M","47.4M","47.25M","47.0M","46.85M","46.6M","46.550003M","45.300003M","44.5M","43.35M","42.449997M","41.5M","41.3M","40.1M","39.9M","39.2M","39.0M","38.2M","38.0M","37.35M","37.15M","36.85M","36.199997M","36.15M","35.55M","35.5M","35.4M","35.15M","35.0M","34.4M","34.0M","33.35M","32.949997M","32.25M","32.05M","31.5M","30.9M","30.7M","30.2M","30.05M","30.05M","29.75M","29.6M","29.15M","29.45M","29.7M","29.150002M","29.150002M","28.55M","28.5M","28.4M","28.2M","27.7M","27.45M","26.95M","26.3M","26.15M","25.55M","25.3M","25.0M","24.85M","24.150002M","23.95M","23.400002M","23.05M","22.95M","22.7M","22.7M","22.6M","22.45M","22.45M","22.0M","21.9M","21.55M","21.2M","20.9M"],"nokList":[]}