{"time":1755514600477,"server":1033,"cpList":["70M","67.5M","66.7M","66.6M","65.7M","64.9M","64.8M","64.5M","58.5M","57.2M","56.7M","56.3M","56M","55.5M","55.3M","54.4M","542M","53.1M","53M","52.7M","51.3M","57M","50.9M","50.8M","50.5M","50.4M","50.1M","49.3M","48.8M","48.7M","48.7M","47.4M","47.3M","47.1M","46.4M","46M","45.3M","45M","44.5M","43.8M","43.1M","42.9M","42.9M","42.8M","41.5M","41.4M","40.9M","40.8M","40.4M","40M","39.8M","39.8M","39.1M","38.9M","38.8M","38.6M","38.5M","38M","37.8M","37.3M","37M","36.7M","36.7M","36.3M","35.8M","35.6M","35.4M","35.4M","35.2M","35M","34.9M","346M","342M","342M","34M","33.9M","33.9M","33.8M","33.1M","32.8M","32.7M","32.7M","32.7M","32.6M","32.5M","32.2M","32M","32M","31.9M","31.9M","31.8M","31.5M","31.5M","31.5M","31.3M","31.3M","31.2M","31.2M","31.2M","31.2M"],"okList":["70.0M","67.5M","66.7M","66.6M","65.7M","64.9M","64.8M","64.5M","58.5M","57.2M","56.7M","56.3M","56.0M","55.5M","55.3M","54.4M","54.2M","0.531M","0.0053M","5.270000000000001E-5M","5.13E-7M","5.6999999999999994E-8M","5.0900000000000004E-9M","5.080000000000001E-9M","5.0500000000000006E-9M","5.040000000000001E-9M","5.01E-9M","4.930000000000001E-9M","4.8800000000000005E-9M","4.870000000000001E-9M","4.870000000000001E-9M","4.739999999999999E-9M","4.73E-9M","4.7100000000000005E-9M","4.6400000000000005E-9M","4.6E-9M","4.529999999999999E-9M","4.500000000000001E-9M","4.45E-9M","4.379999999999999E-9M","4.31E-9M","4.289999999999999E-9M","4.289999999999999E-9M","4.279999999999999E-9M","4.15E-9M","4.139999999999999E-9M","4.09E-9M","4.079999999999999E-9M","4.039999999999999E-9M","4.0E-9M","3.98E-9M","3.98E-9M","3.91E-9M","3.8900000000000004E-9M","3.879999999999999E-9M","3.86E-9M","3.8500000000000006E-9M","3.8E-9M","3.78E-9M","3.729999999999999E-9M","3.7000000000000005E-9M","3.6700000000000004E-9M","3.6700000000000004E-9M","3.63E-9M","3.5799999999999996E-9M","3.5600000000000005E-9M","3.54E-9M","3.54E-9M","3.5200000000000007E-9M","3.5E-9M","3.4899999999999997E-9M","3.46E-8M","3.42E-8M","3.42E-8M","3.4E-9M","3.3899999999999997E-9M","3.3899999999999997E-9M","3.3799999999999995E-9M","3.31E-9M","3.28E-9M","3.27E-9M","3.27E-9M","3.27E-9M","3.2600000000000007E-9M","3.2500000000000006E-9M","3.2200000000000005E-9M","3.2E-9M","3.2E-9M","3.1900000000000004E-9M","3.1900000000000004E-9M","3.18E-9M","3.15E-9M","3.15E-9M","3.15E-9M","3.13E-9M","3.13E-9M","3.12E-9M","3.12E-9M","3.12E-9M","3.12E-9M"],"nokList":[]}