{"time":1755514626703,"server":1035,"cpList":["120M","779M","115M","114M","771M","107M","104M","101M","101M","100M","99.9M","98.9M","97.5M","95.2M","95.2M","94.8M","94.7M","93.9M","92.7M","916M","91.1M","90.8M","90.7M","90.1M","89.5M","89.5M","89.2M","88.8M","88.2M","87.9M","87.8M","87.8M","87.8M","87.6M","87.6M","87.5M","87.4M","87.2M","87.2M","87.2M","87.1M","86.3M","85.8M","85.7M","85.4M","85.4M","85.3M","84.9M","84.7M","84.7M","846M","84.5M","84.4M","84.4M","84M","84M","82.8M","82.7M","82.6M","82.2M","81.8M","81.7M","81.6M","81.5M","81.5M","81.5M","81.4M","81.4M","81.4M","81.4M","81.3M","81.3M","81.2M","81.1M","81M","80.9M","80.3M","80.2M","80.2M","80.1M","80M","79.5M","79.3M","79.2M","79.1M","79M","79M","78.7M","78.7M","78.6M","78.5M","78.4M","78.2M","78.1M","78M","77.8M","77.7M","77.7M","77.6M","77.6M"],"okList":["1.1999999999999999E-5M","1.7899999999999998E-6M","1.15E-7M","1.1399999999999999E-7M","1.7100000000000004E-7M","1.0699999999999999E-7M","1.0400000000000002E-7M","1.0099999999999998E-7M","1.0099999999999998E-7M","1.0000000000000001E-7M","9.990000000000001E-8M","9.890000000000001E-9M","9.75E-9M","9.52E-9M","9.52E-9M","9.479999999999998E-9M","9.470000000000001E-9M","9.39E-9M","9.270000000000001E-9M","9.16E-8M","9.11E-9M","9.080000000000001E-9M","9.07E-9M","9.01E-9M","8.949999999999999E-9M","8.949999999999999E-9M","8.920000000000001E-9M","8.88E-9M","8.82E-9M","8.79E-9M","8.779999999999998E-9M","8.779999999999998E-9M","8.779999999999998E-9M","8.759999999999999E-9M","8.759999999999999E-9M","8.75E-9M","8.740000000000001E-9M","8.720000000000001E-9M","8.720000000000001E-9M","8.720000000000001E-9M","8.71E-9M","8.630000000000002E-9M","8.579999999999998E-9M","8.57E-9M","8.54E-9M","8.54E-9M","8.530000000000001E-9M","8.49E-9M","8.47E-9M","8.47E-9M","8.46E-8M","8.45E-9M","8.440000000000001E-9M","8.440000000000001E-9M","8.4E-9M","8.4E-9M","8.279999999999999E-9M","8.270000000000002E-9M","8.260000000000001E-9M","8.219999999999998E-9M","8.18E-9M","8.170000000000001E-9M","8.159999999999998E-9M","8.149999999999999E-9M","8.149999999999999E-9M","8.149999999999999E-9M","8.140000000000002E-9M","8.140000000000002E-9M","8.140000000000002E-9M","8.140000000000002E-9M","8.13E-9M","8.13E-9M","8.120000000000001E-9M","8.11E-9M","8.100000000000001E-9M","8.09E-9M","8.029999999999998E-9M","8.020000000000002E-9M","8.020000000000002E-9M","8.009999999999999E-9M","8.0E-9M","7.950000000000002E-9M","7.929999999999999E-9M","7.92E-9M","7.909999999999998E-9M","7.900000000000001E-9M","7.900000000000001E-9M","7.87E-9M","7.87E-9M","7.859999999999999E-9M","7.85E-9M","7.84E-9M","7.82E-9M","7.809999999999998E-9M","7.799999999999999E-9M","7.780000000000001E-9M","7.770000000000001E-9M","7.770000000000001E-9M","7.759999999999998E-9M","7.759999999999998E-9M"],"nokList":[]}