{"time":1756141529259,"server":1035,"cpList":["120M","119M","115M","MT4M","MTM","108M","104M","101M","101M","101M","100M","98.9M","97.6M","95.5M","95.2M","95.2M","94.9M","94.1M","92.7M","91.8M","912M","90.8M","90.8M","90.1M","89.9M","89.5M","89.2M","88.9M","88.4M","88.3M","87.9M","87.9M","87.9M","87.6M","87.6M","87.6M","87.4M","87.4M","87.2M","87.2M","87.1M","86.5M","85.8M","85.8M","85.5M","85.4M","85.3M","85M","85M","84.9M","84.8M","84.7M","84.6M","84.4M","84.4M","84.2M","82.8M","82.7M","82.6M","82.2M","82.1M","81.8M","81.7M","81.6M","81.5M","81.5M","81.5M","81.5M","81.5M","81.4M","81.4M","81.3M","812M","812M","81M","80.5M","80.3M","80.2M","80.1M","79.9M","79.6M","79.5M","79.5M","79.4M","79.3M","79M","79M","78.9M","78.8M","78.6M","78.5M","78.4M","78.3M","78.1M","77.9M","77.8M","77.8M","77.7M","777M","77.5M"],"okList":["120.0M","119.0M","115.0M","74.0M","7.0M","10.8M","10.4M","10.1M","10.1M","10.1M","10.0M","9.89M","9.76M","9.55M","9.52M","9.52M","9.49M","9.41M","9.27M","9.18M","9.120000000000001M","9.08M","9.08M","9.01M","8.99M","8.95M","8.92M","8.89M","8.84M","8.83M","8.790000000000001M","8.790000000000001M","8.790000000000001M","8.76M","8.76M","8.76M","8.74M","8.74M","8.72M","8.72M","8.709999999999999M","8.65M","8.58M","8.58M","8.55M","8.540000000000001M","8.53M","8.5M","8.5M","8.49M","8.48M","8.47M","8.459999999999999M","8.440000000000001M","8.440000000000001M","8.42M","8.28M","8.27M","8.26M","8.22M","8.209999999999999M","8.18M","8.17M","8.16M","8.15M","8.15M","8.15M","8.15M","8.15M","8.14M","8.14M","8.129999999999999M","8.120000000000001M","8.120000000000001M","8.1M","8.05M","8.03M","8.02M","8.01M","7.99M","7.959999999999999M","7.95M","7.95M","7.94M","7.93M","7.9M","7.9M","7.890000000000001M","7.88M","7.859999999999999M","7.85M","7.840000000000001M","7.83M","7.81M","7.790000000000001M","7.779999999999999M","7.779999999999999M","7.7700000000000005M","7.7700000000000005M","7.75M"],"nokList":[]}