{"time":1755514706438,"server":1052,"cpList":["81.3M","78.2M","76.3M","75.4M","73.4M","71.4M","68.6M","68M","66.7M","65.5M","64.5M","64.4M","64.3M","63.9M","63.9M","63.8M","62.9M","62.6M","62.4M","62.3M","61.8M","61.4M","61.4M","61.1M","61.1M","60.6M","60M","58.6M","58.2M","58.2M","58M","57.7M","57.5M","57.4M","57.3M","57.1M","57.1M","57M","56.4M","56.4M","55.9M","55.8M","55.8M","55.5M","55.5M","55.1M","55M","54.9M","54.6M","54.4M","543M","542M","542M","54M","53.9M","53.9M","53.9M","53.1M","53.1M","52.9M","52.5M","52.4M","52.3M","52.3M","52.1M","52M","51.9M","51.8M","51.7M","51.7M","51.6M","51.6M","51.6M","51.3M","57M","50.9M","50.5M","50.3M","50M","48.5M","48.4M","48.3M","47.9M","47M","46.9M","468M","46.6M","46.4M","462M","461M","45.6M","45.6M","45.5M","45.4M","45.1M","45M","45M","45M","45M","44.9M"],"okList":["81.3M","78.2M","76.3M","75.4M","73.4M","71.4M","68.6M","68.0M","66.7M","65.5M","64.5M","64.4M","64.3M","63.9M","63.9M","63.8M","62.9M","62.6M","62.4M","62.3M","61.8M","61.4M","61.4M","61.1M","61.1M","60.6M","60.0M","58.6M","58.2M","58.2M","58.0M","57.7M","57.5M","57.4M","57.3M","57.1M","57.1M","57.0M","56.4M","56.4M","55.9M","55.8M","55.8M","55.5M","55.5M","55.1M","55.0M","54.9M","54.6M","54.4M","54.3M","54.2M","54.2M","54.0M","53.9M","53.9M","53.9M","53.1M","53.1M","52.9M","52.5M","52.4M","52.3M","52.3M","52.1M","52.0M","51.9M","51.8M","51.7M","51.7M","0.516M","0.0051600000000000005M","5.160000000000001E-5M","5.13E-7M","5.6999999999999994E-8M","5.0900000000000004E-9M","5.0500000000000006E-9M","5.03E-9M","5.0E-9M","4.8500000000000004E-9M","4.839999999999999E-9M","4.83E-9M","4.79E-9M","4.699999999999999E-9M","4.689999999999999E-9M","4.6799999999999996E-8M","4.66E-9M","4.6400000000000005E-9M","4.62E-8M","4.610000000000001E-8M","4.559999999999999E-9M","4.559999999999999E-9M","4.55E-9M","4.5400000000000005E-9M","4.51E-9M","4.500000000000001E-9M","4.500000000000001E-9M","4.500000000000001E-9M","4.500000000000001E-9M","4.49E-9M"],"nokList":[]}