{"time":1755514732710,"server":1054,"cpList":["78.2M","766M","75.2M","74.8M","74M","73M","71.8M","69M","67.7M","67.4M","67.3M","66.9M","66.7M","66.7M","66.5M","66M","65.7M","65.1M","65.1M","64.9M","63.9M","63.8M","63.7M","63.6M","63.5M","63.1M","63M","62.8M","62.8M","62.1M","61.5M","61.3M","60.6M","60.4M","60.1M","60M","60M","59.3M","58.9M","58.9M","58.8M","58.4M","58.2M","58.1M","57.7M","57.5M","57.5M","57.4M","57.1M","56.7M","56.3M","56.1M","56.1M","56M","55.7M","55.7M","55.5M","55.5M","55.4M","55.3M","55.3M","55.2M","55.2M","55.2M","55.2M","55.1M","54.7M","54.6M","54.6M","54.5M","54.5M","54.4M","543M","53.8M","53.7M","53.6M","53.5M","53.5M","53.5M","53.3M","53.2M","53.1M","53.1M","53M","52.9M","52.8M","52.7M","52.6M","52.6M","52.5M","52.5M","52.5M","52.4M","52.4M","52.3M","52.3M","52.2M","52.1M","52.1M","52M"],"okList":["0.00782M","1.66E-5M","7.520000000000001E-8M","7.48E-9M","7.400000000000001E-9M","7.3E-9M","7.18E-9M","6.9E-9M","6.77E-9M","6.74E-9M","6.73E-9M","6.69E-9M","6.670000000000001E-9M","6.670000000000001E-9M","6.65E-9M","6.6E-9M","6.57E-9M","6.51E-9M","6.51E-9M","6.4900000000000005E-9M","6.39E-9M","6.380000000000001E-9M","6.37E-9M","6.36E-9M","6.35E-9M","6.31E-9M","6.3E-9M","6.28E-9M","6.28E-9M","6.210000000000001E-9M","6.1500000000000005E-9M","6.13E-9M","6.06E-9M","6.040000000000001E-9M","6.01E-9M","6.0E-9M","6.0E-9M","5.93E-9M","5.89E-9M","5.89E-9M","5.88E-9M","5.84E-9M","5.820000000000001E-9M","5.8099999999999996E-9M","5.7700000000000005E-9M","5.75E-9M","5.75E-9M","5.74E-9M","5.71E-9M","5.6700000000000005E-9M","5.63E-9M","5.61E-9M","5.61E-9M","5.6000000000000005E-9M","5.57E-9M","5.57E-9M","5.55E-9M","5.55E-9M","5.54E-9M","5.53E-9M","5.53E-9M","5.520000000000001E-9M","5.520000000000001E-9M","5.520000000000001E-9M","5.520000000000001E-9M","5.51E-9M","5.47E-9M","5.4600000000000006E-9M","5.4600000000000006E-9M","5.45E-9M","5.45E-9M","5.44E-9M","5.4299999999999997E-8M","5.38E-9M","5.37E-9M","5.3600000000000005E-9M","5.350000000000001E-9M","5.350000000000001E-9M","5.350000000000001E-9M","5.329999999999999E-9M","5.32E-9M","5.310000000000001E-9M","5.310000000000001E-9M","5.3E-9M","5.2900000000000006E-9M","5.280000000000001E-9M","5.270000000000001E-9M","5.2600000000000004E-9M","5.2600000000000004E-9M","5.250000000000001E-9M","5.250000000000001E-9M","5.250000000000001E-9M","5.24E-9M","5.24E-9M","5.23E-9M","5.23E-9M","5.22E-9M","5.21E-9M","5.21E-9M","5.2E-9M"],"nokList":[]}