{"server":1061,"total":5246.5005,"average":52.465004,"cpValues":[],"cpList":["75.2M","73.8M","73.2M","71.7M","70.6M","68.8M","66.9M","66.5M","66.4M","66.1M","65.1M","65M","64.9M","64.8M","64.2M","64.1M","63.1M","63M","62.7M","62.4M","62.2M","60.8M","60.2M","59.1M","58.2M","57.7M","57.3M","57.3M","57M","56.7M","56.7M","56.5M","56.4M","56M","55.9M","55.9M","55.8M","55.6M","55.5M","55M","54.7M","54M","53.9M","53.8M","53.8M","53.6M","53.4M","52.9M","52.9M","52.5M","52.4M","51.5M","51.4M","51.4M","50.9M","49.5M","49.5M","49.2M","49.2M","49.2M","49M","48.7M","48.6M","47.5M","47M","45.9M","45.8M","45.8M","45.6M","45.5M","45.3M","45.1M","44.7M","44.7M","44.2M","44.1M","43.8M","43.7M","43.6M","43.2M","42.9M","42.9M","42.6M","42.3M","42.1M","41.9M","41.6M","40.8M","40.5M","40.5M","40.2M","39.9M","39.6M","39.5M","39.4M","39.3M","38.9M","38.8M","38.3M","38.1M"],"okList":["75.2M","74.2M","72.75M","71.899994M","70.25M","68.75M","67.65M","66.65M","66.3M","65.75M","65.55M","65.0M","64.9M","64.55M","64.45M","63.649998M","63.55M","62.9M","62.7M","62.45M","61.6M","61.2M","59.949997M","59.2M","58.4M","57.75M","57.5M","57.15M","57.0M","56.85M","56.6M","56.550003M","56.25M","56.15M","55.95M","55.85M","55.75M","55.65M","55.3M","55.1M","54.5M","54.300003M","53.9M","53.85M","53.699997M","53.6M","53.25M","53.15M","52.7M","52.65M","52.0M","51.9M","51.45M","51.15M","50.45M","50.2M","49.35M","49.35M","49.2M","49.1M","48.95M","48.8M","48.1M","47.8M","46.7M","46.4M","45.85M","45.699997M","45.65M","45.449997M","45.3M","45.0M","44.9M","44.45M","44.4M","44.0M","43.9M","43.699997M","43.45M","43.25M","43.050003M","42.75M","42.6M","42.35M","42.1M","41.85M","41.35M","41.05M","40.65M","40.35M","40.2M","39.9M","39.7M","39.5M","39.4M","39.15M","39.05M","38.6M","38.449997M","38.1M"],"nokList":[]}