{"server":1070,"total":4853.4995,"average":50.557285,"cpValues":[],"cpList":["89.4M","78.2M","76.7M","75.4M","73.6M","72.8M","72.6M","71.7M","6A.6M","6AM","67.4M","65M","63.8M","60.9M","60.8M","60.8M","60.7M","60.5M","57.8M","57.3M","57.3M","57M","57M","56.9M","56.6M","56.5M","56.2M","56.1M","55.7M","55.3M","54.7M","54.5M","54.4M","54.4M","54.2M","53.4M","52.7M","52M","51.3M","50.9M","50.7M","50.5M","50.3M","50.2M","50.2M","50.2M","50.1M","49.5M","49.5M","49.1M","48.4M","48.2M","47.9M","47.1M","47M","46.4M","46M","45.9M","45.8M","45.5M","45.1M","45M","45M","44.9M","44.8M","44.7M","44.6M","44.6M","44.5M","44.4M","44.4M","44M","44M","44M","43.7M","43.6M","43.3M","43.1M","42.9M","42.8M","42.2M","42.2M","41.5M","40.9M","40.7M","40.5M","40.3M","39.7M","39.2M","38.4M","78M","37.8M","37.M","31.M","37.7M","37.5M","37.5M","37.1M","36.4M","36.3M"],"okList":["89.4M","83.05M","76.8M","75.149994M","74.100006M","73.1M","72.25M","65.6M","62.95M","62.3M","60.85M","60.75M","60.65M","59.25M","58.9M","57.55M","57.15M","57.15M","56.95M","56.8M","56.7M","56.4M","56.3M","55.95M","55.699997M","55.2M","54.9M","54.550003M","54.45M","54.300003M","53.9M","53.45M","52.7M","52.0M","51.45M","51.0M","50.7M","50.5M","50.35M","50.25M","50.2M","50.15M","49.85M","49.8M","49.3M","48.95M","48.65M","48.15M","47.65M","47.45M","46.75M","46.5M","46.15M","45.9M","45.7M","45.449997M","45.25M","45.05M","44.95M","44.9M","44.800003M","44.699997M","44.65M","44.55M","44.5M","44.45M","44.2M","44.2M","44.0M","43.85M","43.8M","43.5M","43.35M","43.1M","42.949997M","42.550003M","42.5M","41.85M","41.550003M","41.1M","40.7M","40.5M","40.1M","39.75M","39.050003M","58.6M","38.1M","57.5M","34.4M","37.35M","34.25M","37.6M","37.3M","36.95M","36.699997M","36.3M"],"nokList":["71.7M","6A.6M","6AM","67.4M"]}