{"time":1755514838556,"server":1073,"cpList":["942M","77M","70M","69.5M","68.2M","67.6M","66.8M","65.9M","65.3M","62.4M","62.3M","62M","60.8M","59.3M","58.4M","58.4M","56.8M","55.6M","55.1M","54.8M","54.6M","53.4M","53.4M","53.2M","52.6M","52.3M","52M","51.4M","51.4M","57M","50.6M","50.3M","47.4M","47.4M","47.2M","47.2M","45.9M","45.7M","45.7M","44.4M","442M","43.8M","43.6M","43.3M","43.2M","42.9M","42.3M","422M","41.9M","41.5M","412M","412M","40.3M","39.8M","39.6M","39.5M","39.4M","38.9M","38M","37.8M","37.7M","37.1M","35.4M","35.2M","34.7M","34.7M","346M","346M","34.1M","33.9M","33.4M","32.9M","32.3M","32.1M","31.9M","31.7M","31.7M","31.5M","31.1M","30.4M","30.3M","30.3M","30.1M","29.5M","29.2M","28.4M","27.7M","27.4M","25.9M","25.9M","25.8M","25.7M","24.9M","24.9M","24.8M","24.8M","24.8M","24.8M","247M","24.4M"],"okList":["94.2M","77.0M","70.0M","69.5M","68.2M","67.6M","66.8M","65.9M","65.3M","62.4M","62.3M","62.0M","60.8M","59.3M","58.4M","58.4M","56.8M","55.6M","55.1M","54.8M","54.6M","53.4M","53.4M","53.2M","52.6M","0.523M","0.0052M","5.14E-5M","5.140000000000001E-7M","5.6999999999999994E-8M","5.06E-9M","5.03E-9M","4.739999999999999E-9M","4.739999999999999E-9M","4.72E-9M","4.72E-9M","4.59E-9M","4.57E-9M","4.57E-9M","4.44E-9M","4.419999999999999E-8M","4.379999999999999E-9M","4.360000000000001E-9M","4.33E-9M","4.320000000000001E-9M","4.289999999999999E-9M","4.2300000000000005E-9M","4.2199999999999994E-8M","4.190000000000001E-9M","4.15E-9M","4.12E-8M","4.12E-8M","4.03E-9M","3.98E-9M","3.96E-9M","3.950000000000001E-9M","3.94E-9M","3.8900000000000004E-9M","3.8E-9M","3.78E-9M","3.77E-9M","3.7100000000000002E-9M","3.54E-9M","3.5200000000000007E-9M","3.4700000000000002E-9M","3.4700000000000002E-9M","3.46E-8M","3.46E-8M","3.41E-9M","3.3899999999999997E-9M","3.34E-9M","3.2899999999999996E-9M","3.229999999999999E-9M","3.2100000000000003E-9M","3.1900000000000004E-9M","3.17E-9M","3.17E-9M","3.15E-9M","3.11E-9M","3.04E-9M","3.03E-9M","3.03E-9M","3.01E-9M","2.95E-9M","2.92E-9M","2.8399999999999993E-9M","2.77E-9M","2.74E-9M","2.5900000000000004E-9M","2.5900000000000004E-9M","2.5800000000000006E-9M","2.5700000000000004E-9M","2.4899999999999995E-9M","2.4899999999999995E-9M","2.48E-9M","2.48E-9M","2.48E-9M","2.48E-9M","2.4700000000000006E-8M","2.4400000000000003E-9M"],"nokList":[]}