{"time":1755514865132,"server":1083,"cpList":["125M","120M","113M","104M","94.5M","91.1M","89.6M","87.4M","86.7M","86M","84M","83.3M","82.9M","82.7M","82.4M","81.8M","81.4M","81.2M","80.6M","80.5M","80.3M","79.8M","79.4M","79M","78.8M","77.4M","77.2M","77.1M","76.3M","76.1M","75.9M","75.7M","75.3M","74.9M","74.5M","742M","73.5M","73.2M","73.1M","73M","72.9M","72.2M","72.2M","72.1M","71.7M","71.6M","71.3M","71.2M","77M","70.9M","70.7M","70.5M","70.3M","70.3M","69.9M","69.7M","69.6M","69.4M","69.3M","69.2M","69.1M","68.8M","68.6M","68.5M","68.4M","68.3M","68M","68M","67.9M","67.9M","67.8M","67.8M","67.7M","67.7M","67.4M","67.3M","67.3M","67.2M","67.1M","67M","66.9M","66.8M","66.8M","66.8M","66.8M","66.7M","66.6M","66.6M","66.5M","66.5M","66.5M","66.5M","66.5M","66.4M","66.4M","66.4M","66.3M","66.2M","661M","66.1M"],"okList":["125.0M","120.0M","113.0M","104.0M","94.5M","91.1M","89.6M","87.4M","86.7M","86.0M","84.0M","83.3M","82.9M","82.7M","82.4M","81.8M","81.4M","81.2M","80.6M","80.5M","80.3M","79.8M","79.4M","79.0M","78.8M","77.4M","77.2M","77.1M","76.3M","76.1M","75.9M","0.757M","0.00753M","7.49E-5M","7.45E-6M","1.4199999999999997E-7M","7.35E-8M","7.32E-9M","7.31E-9M","7.3E-9M","7.290000000000001E-9M","7.2199999999999995E-9M","7.2199999999999995E-9M","7.21E-9M","7.170000000000001E-9M","7.159999999999999E-9M","7.13E-9M","7.120000000000001E-9M","7.700000000000001E-9M","7.09E-9M","7.070000000000001E-9M","7.0499999999999994E-9M","7.03E-9M","7.03E-9M","6.99E-9M","6.97E-9M","6.96E-9M","6.9400000000000004E-9M","6.929999999999999E-9M","6.92E-9M","6.91E-9M","6.879999999999999E-9M","6.86E-9M","6.85E-9M","6.840000000000001E-9M","6.83E-9M","6.8E-9M","6.8E-9M","6.790000000000001E-9M","6.790000000000001E-9M","6.779999999999999E-9M","6.779999999999999E-9M","6.77E-9M","6.77E-9M","6.74E-9M","6.73E-9M","6.73E-9M","6.720000000000001E-9M","6.709999999999999E-9M","6.7000000000000004E-9M","6.69E-9M","6.68E-9M","6.68E-9M","6.68E-9M","6.68E-9M","6.670000000000001E-9M","6.66E-9M","6.66E-9M","6.65E-9M","6.65E-9M","6.65E-9M","6.65E-9M","6.65E-9M","6.64E-9M","6.64E-9M","6.64E-9M","6.63E-9M","6.62E-9M","6.61E-8M","6.609999999999999E-9M"],"nokList":[]}