{"time":1755514917972,"server":1095,"cpList":["85.8M","74.5M","73.2M","69.4M","67.5M","67.3M","66.6M","65M","64.3M","64.1M","63.4M","62.5M","62.4M","62M","62M","61.9M","61.5M","61M","60.8M","60.7M","60.6M","60.2M","59.6M","59.1M","58.4M","58.2M","57.7M","57.6M","57.4M","57.2M","56.9M","56.5M","56.3M","56.1M","56M","56M","55.6M","55.4M","55.4M","55.3M","55.2M","54.4M","543M","54.1M","53.9M","53.8M","53.5M","53.4M","52.8M","52.7M","52.7M","52.7M","52.6M","52.5M","52M","51.7M","51.2M","57M","50.8M","50.8M","50.8M","50.7M","50.7M","50.5M","50M","49.8M","49.7M","49.2M","49.2M","49M","49M","48.9M","48.8M","48.8M","48.7M","48.6M","48.5M","48.4M","48.2M","48M","48M","48M","47.8M","47.7M","47.6M","47.6M","47.4M","47.3M","47.3M","46.9M","468M","468M","46.7M","46.7M","46.5M","46.5M","46.5M","46.4M","463M","46.3M"],"okList":["85.8M","74.5M","73.2M","69.4M","67.5M","67.3M","66.6M","65.0M","64.3M","64.1M","63.4M","62.5M","62.4M","62.0M","62.0M","61.9M","61.5M","61.0M","60.8M","60.7M","60.6M","60.2M","59.6M","59.1M","58.4M","58.2M","57.7M","57.6M","57.4M","57.2M","56.9M","56.5M","56.3M","56.1M","56.0M","56.0M","55.6M","55.4M","55.4M","55.3M","55.2M","54.4M","54.3M","54.1M","53.9M","53.8M","53.5M","53.4M","52.8M","52.7M","52.7M","52.7M","52.6M","0.525M","0.0052M","5.17E-5M","5.12E-7M","5.6999999999999994E-8M","5.080000000000001E-9M","5.080000000000001E-9M","5.080000000000001E-9M","5.07E-9M","5.07E-9M","5.0500000000000006E-9M","5.0E-9M","4.979999999999999E-9M","4.970000000000001E-9M","4.920000000000001E-9M","4.920000000000001E-9M","4.9E-9M","4.9E-9M","4.89E-9M","4.8800000000000005E-9M","4.8800000000000005E-9M","4.870000000000001E-9M","4.86E-9M","4.8500000000000004E-9M","4.839999999999999E-9M","4.820000000000001E-9M","4.8E-9M","4.8E-9M","4.8E-9M","4.779999999999999E-9M","4.770000000000001E-9M","4.76E-9M","4.76E-9M","4.739999999999999E-9M","4.73E-9M","4.73E-9M","4.689999999999999E-9M","4.6799999999999996E-8M","4.6799999999999996E-8M","4.670000000000001E-9M","4.670000000000001E-9M","4.65E-9M","4.65E-9M","4.65E-9M","4.6400000000000005E-9M","4.6300000000000004E-8M","4.629999999999999E-9M"],"nokList":[]}