{"server":1095,"total":3433.4,"average":34.334,"cpValues":[],"cpList":["62M","60.3M","59.1M","58.9M","58.4M","56.3M","55.6M","55.1M","51.2M","50.5M","49.1M","49M","48.6M","48M","46.3M","45M","44.4M","44M","42.9M","41.7M","41.3M","40.7M","40.4M","40.4M","40.1M","39.2M","38.9M","38.8M","38.5M","38.3M","38.2M","37.2M","37.1M","36.5M","36.2M","35.5M","35.3M","35.2M","35M","34.1M","34M","34M","33.1M","32.9M","32.8M","32.7M","32.2M","32.2M","31.5M","31.5M","31.4M","31M","30.8M","30.7M","30.6M","30.6M","30.4M","30.3M","30.2M","29.7M","29.4M","29.2M","29.2M","29.7M","29.7M","28.2M","28.1M","26.7M","26.6M","26.5M","26.1M","26M","25.8M","25.7M","25.7M","25.7M","25.6M","25.6M","25.5M","25.5M","25.3M","25.3M","24.8M","24.7M","24.4M","24.3M","24.1M","24M","23.7M","23.7M","23.6M","23.5M","23.5M","23.5M","23.4M","23.3M","23M","22.8M","22.7M","22.6M"],"okList":["62.0M","60.55M","59.6M","58.75M","57.6M","57.0M","55.699997M","53.4M","52.8M","50.15M","49.75M","48.85M","48.5M","47.449997M","46.5M","45.35M","44.5M","43.65M","42.85M","42.1M","41.2M","40.85M","40.550003M","40.25M","39.800003M","39.5M","39.0M","38.7M","38.55M","38.35M","37.75M","37.65M","36.85M","36.65M","36.0M","35.75M","35.35M","35.15M","34.65M","34.5M","34.05M","33.55M","33.45M","32.949997M","32.800003M","32.5M","32.45M","31.85M","31.85M","31.45M","31.25M","31.099998M","30.85M","30.7M","30.650002M","30.5M","30.45M","30.3M","30.0M","29.8M","29.45M","29.3M","29.2M","29.7M","28.95M","28.900002M","27.45M","27.35M","26.6M","26.35M","26.25M","25.95M","25.85M","25.75M","25.7M","25.650002M","25.650002M","25.55M","25.55M","25.4M","25.4M","25.05M","25.0M","24.599998M","24.5M","24.25M","24.15M","23.900002M","23.85M","23.650002M","23.6M","23.55M","23.5M","23.45M","23.4M","23.2M","23.05M","22.85M","22.7M","22.6M"],"nokList":[]}