{"server":1096,"total":6587.6006,"average":70.08086,"cpValues":[],"cpList":["106M","97.8M","24.5M","89.4M","87.5M","85.9M","82.6M","82.5M","81.9M","81.7M","81.5M","80.6M","80.6M","80.5M","79.8M","79.8M","79.4M","78.5M","78.3M","7AM","77.9M","77.3M","77.2M","76.8M","76.7M","75.8M","75.7M","75.3M","75.2M","74.9M","74.7M","74.7M","74.6M","74.6M","74.1M","73.9M","73.9M","73.8M","73.6M","73.3M","72.8M","71.8M","71M","70.9M","70.7M","70.2M","69.7M","69.7M","69.7M","69.6M","69.4M","69.2M","69.1M","68.9M","6A.6M","6A.6M","68.5M","68.5M","68.4M","68.2M","67.9M","67.8M","67.8M","67.8M","67.8M","67.6M","67.6M","67.6M","67.5M","67.5M","67.4M","67.2M","67.1M","67.1M","67M","67M","66.8M","66.7M","66.4M","66.3M","66.1M","6M","6M","65.9M","65.8M","65.8M","65.7M","65.6M","65.2M","65.2M","65.2M","65.2M","65M","64.8M","64.6M","64.6M","64.4M","64.3M","64.3M","64.2M"],"okList":["106.0M","65.25M","93.600006M","56.0M","87.65M","85.05M","84.2M","82.25M","82.1M","81.7M","81.149994M","81.05M","80.55M","80.2M","80.15M","79.600006M","79.15M","78.850006M","78.100006M","77.55M","77.05M","76.95M","76.3M","76.2M","75.55M","75.45M","75.100006M","74.95M","74.8M","74.649994M","74.649994M","74.35M","74.25M","74.0M","73.850006M","73.75M","73.55M","73.2M","72.55M","71.9M","71.350006M","70.85M","70.55M","70.2M","69.95M","69.7M","69.649994M","69.55M","69.399994M","69.25M","69.05M","68.45M","68.35M","68.15M","68.0M","67.850006M","67.8M","67.8M","67.7M","67.7M","67.6M","67.55M","67.55M","67.45M","67.35M","67.25M","67.149994M","67.05M","67.05M","66.9M","66.85M","66.600006M","66.5M","66.25M","36.15M","36.05M","6.0M","35.9M","65.850006M","65.75M","65.7M","65.45M","65.399994M","65.2M","65.2M","65.1M","65.0M","64.8M","64.7M","64.5M","64.45M","64.350006M","64.25M","64.2M"],"nokList":["78.3M","77.9M","68.9M","6A.6M","6A.6M","68.5M"]}