{"server":1107,"total":3329.0994,"average":34.67812,"cpValues":[],"cpList":["60.5M","57.7M","55.6M","55.4M","54.6M","53.8M","48.7M","46.5M","46.4M","45.5M","45.5M","44.7M","44.7M","44.4M","44.1M","44.1M","44M","44M","43.3M","42.5M","41.9M","40.8M","40.8M","40.1M","40M","39.8M","39.2M","38.8M","AA.6M","37.7M","37.6M","37.4M","37.3M","37.2M","36.7M","36.5M","35.6M","34.8M","34.7M","34.6M","34M","33.9M","33.9M","A3.6M","33.3M","33.1M","33M","32.9M","32.7M","32.4M","32M","31.9M","31.6M","31.6M","31.1M","31.1M","31M","30.8M","30.8M","30.6M","30.5M","29.8M","29.6M","29.3M","29.2M","29.1M","29M","28.8M","28.6M","28.4M","28.3M","28.2M","28.2M","28.2M","28.2M","28.2M","28.1M","28.1M","28.1M","27.9M","27.7M","27.6M","27.6M","27.5M","27.2M","27.1M","27M","26.8M","26.8M","26.4M","26.4M","26.3M","26.1M","25.8M","25.8M","25.7M","25.5M","24.6M","24.5M","24.3M"],"okList":["60.5M","58.05M","56.550003M","55.1M","54.6M","51.65M","50.15M","47.550003M","46.0M","45.95M","45.1M","45.1M","44.550003M","44.4M","44.25M","44.05M","44.05M","43.65M","43.25M","42.6M","41.65M","41.35M","40.449997M","40.4M","39.949997M","39.6M","39.3M","38.25M","37.550003M","37.449997M","37.300003M","37.0M","36.85M","36.15M","35.65M","35.15M","34.699997M","34.35M","34.25M","33.95M","33.6M","33.15M","33.0M","32.85M","32.65M","32.35M","32.15M","31.8M","31.75M","31.35M","31.35M","31.05M","30.95M","30.9M","30.7M","30.65M","30.2M","30.05M","29.55M","29.400002M","29.2M","29.1M","28.95M","28.8M","28.599998M","28.45M","28.3M","28.25M","28.2M","28.2M","28.2M","28.150002M","28.150002M","28.1M","28.0M","27.900002M","27.75M","27.650002M","27.55M","27.400002M","27.3M","27.1M","26.95M","26.9M","26.599998M","26.599998M","26.349998M","26.25M","26.05M","25.95M","25.75M","25.65M","25.150002M","25.0M","24.45M","24.3M"],"nokList":["38.8M","37.7M","33.9M","33.3M"]}