{"server":111,"total":5728.7993,"average":62.95384,"cpValues":[],"cpList":["103M","102M","29.1M","N8.2M","22.8M","89.1M","87.2M","83.1M","82.2M","81.7M","81.2M","79.2M","78.3M","76.9M","76.9M","76.6M","75.4M","74.4M","72.9M","72.5M","71.1M","70.7M","70.6M","70M","70M","69.8M","69.8M","68.7M","68.1M","6AM","67.6M","67M","67M","67M","66.3M","66.2M","66.1M","6M","65.7M","65.5M","65.4M","65M","64.8M","64.3M","63.6M","62.9M","62.8M","62.8M","62.1M","61.9M","61.3M","61.3M","60.6M","60.2M","60.2M","59.3M","59.2M","58.9M","58.7M","58.6M","58.3M","58.2M","58.1M","58.1M","57.QM","57.QM","57.8M","57.6M","57.6M","57.5M","57.3M","56.9M","56.7M","56.5M","56.4M","56.2M","56.2M","55.7M","55.6M","55.6M","55.6M","55.6M","55.5M","55.4M","55.3M","55.3M","55.2M","55.2M","55M","54.9M","54.9M","54.7M","54.6M","54.4M","54.3M","54.2M","54.1M","54M","53.9M","53.6M"],"okList":["103.0M","66.05M","55.0M","86.1M","84.7M","82.399994M","81.7M","80.45M","79.75M","78.05M","77.600006M","76.75M","76.15M","75.5M","74.15M","73.45M","72.0M","71.6M","70.85M","70.35M","70.3M","69.9M","69.9M","69.25M","68.95M","67.85M","67.3M","67.0M","66.65M","66.6M","66.2M","36.1M","65.899994M","35.75M","65.55M","65.25M","65.100006M","64.65M","64.2M","63.600002M","63.199997M","62.85M","62.449997M","62.35M","61.699997M","61.6M","60.949997M","60.75M","60.4M","59.75M","59.7M","59.1M","58.95M","58.75M","58.5M","58.4M","58.199997M","58.15M","57.699997M","57.55M","57.449997M","57.2M","57.0M","56.7M","56.550003M","56.35M","56.300003M","55.95M","55.9M","55.65M","55.6M","55.6M","55.55M","55.5M","55.4M","55.35M","55.25M","55.25M","55.1M","55.050003M","54.95M","54.800003M","54.75M","54.550003M","54.449997M","54.300003M","54.199997M","54.1M","54.0M","53.8M","53.6M"],"nokList":["29.1M","N8.2M","22.8M","68.1M","67.6M","58.1M","57.QM","57.QM","57.8M"]}