{"server":1117,"total":3086.0493,"average":31.4903,"cpValues":[],"cpList":["66.7M","63.6M","62.1M","56.5M","56M","54.9M","53.4M","53M","52M","51.8M","51.1M","50.1M","49.9M","49.6M","49.5M","47.5M","46.9M","46M","45M","44.8M","43.4M","43.1M","41.1M","40.6M","40.5M","40.2M","39.9M","38.8M","37.1M","A6.9M","36.5M","35.3M","35.2M","33.8M","33.7M","33.4M","32.4M","31.7M","31.5M","31.1M","30.6M","30.2M","30.2M","29.7M","28.5M","28.3M","28.2M","28.1M","27.7M","27.4M","26.4M","26.1M","25.4M","24.9M","24M","23.8M","23.8M","23.5M","23.5M","23.4M","23.3M","23.2M","23.1M","22.8M","22.8M","22.7M","22.7M","22.4M","22.4M","22.2M","22M","22M","21.8M","21.7M","21.6M","21.6M","21.2M","21.1M","20.9M","20.8M","20.8M","20.6M","20.6M","20.5M","20.5M","20.3M","20.3M","20.2M","20.1M","19.8M","19.7M","19.6M","19.6M","19.4M","19.4M","19.2M","18.9M","18.9M","18.8M","18.7M"],"okList":["66.7M","64.399994M","60.05M","59.05M","55.7M","54.7M","53.95M","52.7M","52.4M","51.55M","50.949997M","50.5M","49.85M","49.7M","48.55M","48.2M","46.75M","45.95M","45.4M","44.2M","43.949997M","42.25M","41.85M","40.8M","40.4M","40.2M","39.5M","38.5M","36.8M","35.85M","34.55M","34.45M","33.6M","33.050003M","32.550003M","31.95M","31.400002M","31.05M","30.650002M","30.400002M","29.95M","29.35M","29.0M","28.35M","28.2M","27.95M","27.75M","27.05M","26.75M","25.9M","25.5M","24.7M","24.349998M","23.9M","23.65M","23.65M","23.45M","23.4M","23.3M","23.2M","23.0M","22.95M","22.75M","22.75M","22.55M","22.55M","22.3M","22.2M","22.1M","21.9M","21.85M","21.7M","21.650002M","21.400002M","21.35M","21.05M","20.95M","20.849998M","20.7M","20.7M","20.55M","20.55M","20.4M","20.4M","20.25M","20.2M","20.0M","19.900002M","19.7M","19.650002M","19.5M","19.5M","19.3M","19.15M","19.05M","18.849998M","18.8M","18.7M"],"nokList":["37.1M","36.5M"]}