{"server":1120,"total":3244.7,"average":36.052223,"cpValues":[],"cpList":["63.3M","60.7M","59.1M","58.7M","58.4M","55.2M","54.8M","53M","52.3M","51.5M","50.5M","50.2M","49.5M","49.3M","49.2M","48.4M","48.4M","48.1M","47.9M","45.6M","45.5M","45.4M","42.7M","42.6M","41.5M","41.4M","40.8M","40.8M","40.1M","39.9M","39.7M","39.4M","38.8M","AA.6M","38.5M","38.2M","37.9M","37.9M","37.8M","37.7M","37.1M","A6.9M","36.8M","A6.1M","35.8M","35.7M","35.6M","35.5M","34.7M","33.9M","A3.6M","32.7M","32.2M","32.1M","31.7M","29.9M","29.9M","29.8M","29.5M","29.4M","29.2M","29.2M","29M","29.7M","28.4M","28.3M","28.2M","28M","27.9M","27.9M","27.9M","27.8M","27.3M","27M","26.7M","26.5M","26M","26M","26M","25.QM","25.7M","25.3M","25.3M","25.3M","25.3M","25.1M","25M","24.9M","24.8M","24.7M","24.6M","24.6M","24.6M","24.5M","24.3M","24.3M","24.2M","23.9M","23.8M","23.7M"],"okList":["63.3M","61.199997M","59.7M","58.75M","56.95M","56.6M","54.1M","53.55M","52.25M","51.4M","50.85M","50.0M","49.75M","49.35M","48.85M","48.800003M","48.25M","48.15M","46.85M","46.7M","45.5M","44.1M","44.0M","42.1M","42.0M","41.15M","41.1M","40.449997M","40.35M","39.9M","39.65M","39.25M","38.65M","38.2M","38.050003M","37.85M","37.800003M","37.449997M","36.949997M","36.3M","35.699997M","35.6M","35.15M","34.7M","33.300003M","32.4M","31.95M","31.0M","30.8M","29.849998M","29.7M","29.599998M","29.35M","29.3M","29.1M","29.45M","28.7M","29.0M","28.3M","28.15M","28.05M","27.95M","27.9M","27.849998M","27.599998M","27.4M","27.0M","26.75M","26.35M","26.25M","26.0M","25.5M","25.3M","25.3M","25.2M","25.15M","25.0M","24.9M","24.8M","24.7M","24.650002M","24.6M","24.55M","24.45M","24.4M","24.25M","24.099998M","24.0M","23.8M","23.7M"],"nokList":["38.8M","38.5M","37.1M","36.8M","35.8M","33.9M","32.7M","26M","25.QM","25.7M"]}