{"time":1755514997265,"server":1120,"cpList":["98.9M","79.2M","71.6M","77M","70.7M","66.3M","65.4M","65.4M","65.3M","64M","63.4M","63.1M","61.8M","61.6M","61.4M","61.1M","60.4M","60.3M","60.2M","60M","59.6M","58.7M","58.7M","58.5M","58.2M","58.1M","58.1M","58.1M","57.9M","57.7M","57.3M","57.1M","57.1M","57.1M","56.3M","56.2M","56M","55.6M","55.3M","55M","55M","54.8M","54.7M","54.6M","54.5M","543M","543M","54.1M","54M","53.6M","53.5M","53.4M","53.1M","53M","52.8M","52.7M","52.6M","52.3M","52.3M","52.3M","52.3M","52.1M","52.1M","52M","51.5M","51.5M","51.3M","51.1M","57M","50.9M","50.9M","50.6M","50.6M","50.6M","50.3M","50.2M","50.2M","50.2M","49.8M","49.7M","49.5M","49.4M","49.3M","49.3M","49M","48.9M","48.5M","48.4M","48.3M","48.2M","47.9M","47.9M","47.6M","47.5M","47.3M","47.3M","47.3M","47.2M","472M","47.2M"],"okList":["0.009890000000000001M","7.92E-5M","7.159999999999999E-7M","7.699999999999999E-8M","7.070000000000001E-9M","6.63E-9M","6.54E-9M","6.54E-9M","6.53E-9M","6.4E-9M","6.34E-9M","6.31E-9M","6.18E-9M","6.159999999999999E-9M","6.14E-9M","6.11E-9M","6.040000000000001E-9M","6.03E-9M","6.02E-9M","6.0E-9M","5.96E-9M","5.870000000000001E-9M","5.870000000000001E-9M","5.8499999999999994E-9M","5.820000000000001E-9M","5.8099999999999996E-9M","5.8099999999999996E-9M","5.8099999999999996E-9M","5.79E-9M","5.7700000000000005E-9M","5.73E-9M","5.71E-9M","5.71E-9M","5.71E-9M","5.63E-9M","5.620000000000001E-9M","5.6000000000000005E-9M","5.560000000000001E-9M","5.53E-9M","5.500000000000001E-9M","5.500000000000001E-9M","5.48E-9M","5.47E-9M","5.4600000000000006E-9M","5.45E-9M","5.4299999999999997E-8M","5.4299999999999997E-8M","5.410000000000001E-9M","5.4E-9M","5.3600000000000005E-9M","5.350000000000001E-9M","5.34E-9M","5.310000000000001E-9M","5.3E-9M","5.280000000000001E-9M","5.270000000000001E-9M","5.2600000000000004E-9M","5.23E-9M","5.23E-9M","5.23E-9M","5.23E-9M","5.21E-9M","5.21E-9M","5.2E-9M","5.15E-9M","5.15E-9M","5.13E-9M","5.110000000000001E-9M","5.7E-9M","5.0900000000000004E-9M","5.0900000000000004E-9M","5.06E-9M","5.06E-9M","5.06E-9M","5.03E-9M","5.0200000000000004E-9M","5.0200000000000004E-9M","5.0200000000000004E-9M","4.979999999999999E-9M","4.970000000000001E-9M","4.949999999999999E-9M","4.940000000000001E-9M","4.930000000000001E-9M","4.930000000000001E-9M","4.9E-9M","4.89E-9M","4.8500000000000004E-9M","4.839999999999999E-9M","4.83E-9M","4.820000000000001E-9M","4.79E-9M","4.79E-9M","4.76E-9M","4.7499999999999995E-9M","4.73E-9M","4.73E-9M","4.73E-9M","4.72E-9M","4.72E-8M","4.72E-9M"],"nokList":[]}