{"server":1124,"total":3482.3508,"average":35.53419,"cpValues":[],"cpList":["73.3M","68.5M","65M","63.2M","62.9M","62.6M","60.6M","55.9M","55M","55M","52.6M","52.2M","51.6M","49.8M","48.8M","48.3M","48.1M","48.1M","46.8M","45.7M","45.7M","44.6M","44.5M","43.3M","42.5M","42.3M","41.9M","41.5M","41.5M","41.3M","41M","40.6M","40.6M","40.3M","39.5M","38.9M","38.8M","38.8M","38.8M","AA.6M","38.5M","38.3M","37.7M","36.7M","36.5M","33.8M","32.7M","32.2M","32M","31.4M","31.4M","31.3M","31.2M","30.9M","30.7M","30.7M","30.1M","29.4M","29.2M","28.8M","28.5M","28.4M","27.9M","27.5M","26.8M","26.7M","26.4M","26.2M","25.7M","25.6M","25.5M","25.4M","25.4M","25.1M","24.9M","24.6M","24.5M","24.3M","24.2M","24.2M","24.1M","24M","23.9M","23.6M","23.2M","23.2M","23.1M","22.7M","22.5M","22.1M","22.1M","22M","22M","21.6M","21.5M","21.4M","21.3M","20.9M","20.8M","20.8M"],"okList":["73.3M","69.15M","65.85M","63.95M","62.9M","61.75M","59.25M","57.8M","55.45M","53.8M","53.6M","52.1M","51.0M","50.199997M","49.05M","48.449997M","48.199997M","47.449997M","46.9M","46.25M","45.15M","45.1M","43.949997M","43.5M","42.8M","42.2M","41.9M","41.7M","41.4M","41.25M","40.949997M","40.8M","40.449997M","40.05M","39.6M","39.15M","38.85M","38.8M","38.65M","38.1M","37.5M","37.1M","35.25M","34.6M","33.0M","32.35M","31.8M","31.7M","31.349998M","31.3M","31.099998M","30.95M","30.8M","30.400002M","30.05M","29.650002M","29.099998M","28.85M","28.599998M","28.2M","27.95M","27.349998M","27.1M","26.599998M","26.45M","26.05M","25.900002M","25.6M","25.5M","25.45M","25.25M","25.15M","24.85M","24.7M","24.45M","24.35M","24.25M","24.150002M","24.1M","24.0M","23.8M","23.55M","23.400002M","23.150002M","22.95M","22.8M","22.400002M","22.3M","22.05M","22.05M","21.8M","21.75M","21.5M","21.4M","21.15M","21.05M","20.849998M","20.8M"],"nokList":["38.8M","38.5M"]}