{"server":1138,"total":2574.6501,"average":28.607224,"cpValues":[],"cpList":["58.7M","57.3M","54M","53.5M","48.M","48.7M","48.1M","47.9M","45.7M","45.4M","43.4M","42.7M","41.8M","40.3M","39.8M","39.1M","37.7M","36.5M","36.2M","A6M","35.8M","34.6M","A3.6M","33.1M","33.1M","32M","32M","31.6M","31.1M","30.8M","30.6M","30M","29.7M","29.5M","29.3M","28.5M","28.4M","28M","27.9M","27.8M","27.4M","27.2M","26M","25.QM","25.7M","25.3M","25.2M","24M","23.9M","23.6M","23.5M","23.5M","23.5M","23.2M","22.7M","22.5M","22.4M","22.2M","22.2M","22.1M","22M","22M","21.9M","21.8M","21.7M","21.5M","21.1M","21.1M","21.1M","20.8M","20.6M","20.3M","20.2M","20.1M","20.1M","19.9M","19.9M","19.6M","19.6M","19.5M","19.5M","19.2M","19.2M","19.2M","19M","18.9M","81.8M","18.7M","18.7M","18.4M","18.4M","18.1M","18M","17.9M","17.8M","1].7M","17.5M","17.4M","17.3M","17M"],"okList":["58.7M","56.35M","55.4M","51.0M","51.1M","48.05M","48.300003M","46.9M","46.65M","44.550003M","44.050003M","42.6M","41.5M","40.8M","39.699997M","38.75M","37.8M","36.95M","36.0M","33.85M","32.55M","32.55M","31.8M","31.55M","31.2M","30.85M","30.4M","30.150002M","29.75M","29.5M","29.0M","28.849998M","28.25M","28.15M","27.9M","27.65M","27.5M","26.7M","25.45M","24.65M","24.55M","23.8M","23.7M","23.55M","23.5M","23.35M","23.1M","22.85M","22.55M","22.35M","22.3M","22.150002M","22.1M","22.05M","21.95M","21.9M","21.8M","21.65M","21.400002M","21.3M","21.1M","20.95M","20.85M","20.55M","20.400002M","20.2M","20.150002M","20.0M","20.0M","19.75M","19.75M","19.55M","19.55M","19.35M","19.35M","19.2M","19.1M","19.05M","50.4M","18.8M","50.25M","18.55M","18.55M","18.25M","18.2M","18.0M","17.9M","17.4M","17.2M","17.0M"],"nokList":["36.2M","35.8M","34.6M","33.1M","26M","25.QM","25.7M","17.8M","1].7M","17.5M"]}