{"server":1145,"total":3983.2998,"average":43.296738,"cpValues":[],"cpList":["62.5M","59.6M","58.5M","55.2M","54.1M","52.6M","50.8M","50.7M","50.7M","49.2M","49.2M","48.M","48.5M","48.2M","48M","47.6M","46.9M","46.9M","46.9M","46.7M","46.1M","45.9M","45.7M","45.5M","45.3M","45.2M","45.2M","44.7M","43.8M","43.8M","43.7M","43.7M","43.5M","43.2M","43.1M","42.9M","42.8M","42.6M","42.6M","42.6M","42.5M","42.1M","42.1M","42.1M","41.9M","41.9M","41.7M","41.6M","41.6M","41.3M","41.2M","41M","41M","40.9M","40.7M","40.6M","40.5M","40.5M","40.4M","40.4M","40.3M","40.2M","40M","39.8M","39.6M","39.2M","38.8M","38.8M","38.7M","38.7M","38.3M","38.3M","38.2M","38.1M","78M","37.8M","37.7M","37.6M","37.6M","37.6M","37.5M","37.5M","37.4M","37.3M","37.1M","A6.9M","A6.9M","36.7M","36.7M","36.7M","A6.6M","A6.6M","36.6M","36.5M","36.3M","36.2M","36.2M","36.1M","36.1M","36.1M"],"okList":["62.5M","60.5M","57.4M","56.3M","53.9M","52.449997M","51.65M","50.75M","49.95M","49.95M","48.6M","48.85M","48.1M","48.25M","47.9M","47.45M","47.25M","46.9M","46.800003M","46.5M","46.300003M","45.9M","45.7M","45.5M","45.35M","45.25M","44.95M","44.5M","44.25M","43.75M","43.75M","43.6M","43.45M","43.3M","43.050003M","42.949997M","42.75M","42.699997M","42.6M","42.55M","42.35M","42.3M","42.1M","42.0M","42.0M","41.800003M","41.75M","41.65M","41.449997M","41.4M","41.15M","41.1M","40.95M","40.85M","40.75M","40.6M","40.55M","40.45M","40.45M","40.35M","40.300003M","40.15M","40.0M","39.8M","39.5M","39.199997M","39.0M","38.75M","38.75M","38.5M","38.5M","38.25M","38.199997M","58.1M","37.949997M","57.85M","37.699997M","37.65M","37.6M","37.55M","37.55M","37.45M","37.4M","37.25M","36.7M","36.449997M","36.35M","36.25M","36.15M","36.15M","36.1M","36.1M"],"nokList":["37.1M","A6.9M","A6.9M","36.7M","36.7M","A6.6M","A6.6M","36.6M"]}