{"server":1172,"total":4875.101,"average":49.74593,"cpValues":[],"cpList":["80.9M","79.6M","74.7M","73.4M","68.8M","66.9M","66.9M","66.8M","64.9M","64.7M","63.9M","63.7M","63.5M","63.5M","62.6M","61.4M","60.6M","60.2M","59.3M","57.8M","57.7M","57.1M","56.7M","56.7M","56.3M","56.3M","56.3M","55.4M","54.7M","54.6M","54M","53.5M","53.1M","53M","52.8M","52.6M","52.5M","52.1M","51.9M","51.3M","51.1M","50.9M","49.6M","49.4M","48.3M","48.2M","48.1M","48.1M","48.1M","48.1M","47.6M","46.9M","46.6M","45.9M","45.7M","45.4M","45.2M","44.6M","44.5M","43.7M","43.7M","43.5M","43.4M","43M","42.8M","42.6M","42.4M","42M","41.8M","41.3M","41.1M","41.1M","41M","40.9M","40.8M","40.7M","40.6M","40.5M","40.3M","40.2M","40.1M","40M","39.9M","39.8M","39.8M","39.5M","39.4M","38.9M","38.7M","AA.6M","38.3M","37.8M","37.M","31.6M","37.3M","31.3M","37.3M","37.3M","36.7M","36.7M"],"okList":["80.9M","77.8M","76.5M","71.75M","70.15M","67.850006M","66.850006M","65.9M","65.75M","64.4M","64.2M","63.7M","63.6M","63.05M","62.45M","61.6M","60.800003M","59.949997M","59.0M","58.5M","57.449997M","57.2M","56.9M","56.5M","56.5M","56.3M","55.85M","55.5M","55.0M","54.35M","54.05M","53.55M","53.25M","52.949997M","52.8M","52.65M","52.35M","52.2M","51.699997M","51.5M","51.1M","50.35M","50.15M","48.949997M","48.800003M","48.199997M","48.15M","48.1M","48.1M","47.85M","47.5M","47.1M","46.4M","46.15M","45.65M","45.45M","45.0M","44.85M","44.15M","44.1M","43.6M","43.550003M","43.25M","43.1M","42.8M","42.6M","42.3M","42.1M","41.65M","41.449997M","41.199997M","41.05M","41.0M","40.9M","40.800003M","40.699997M","40.6M","40.449997M","40.35M","40.199997M","40.1M","40.0M","39.9M","39.85M","39.65M","39.6M","39.2M","39.050003M","38.5M","37.65M","34.7M","37.15M","31.45M","37.3M","37.3M","37.0M","37.0M","36.7M"],"nokList":["38.7M","38.3M"]}