{"time":1755515208871,"server":1173,"cpList":["107M","91.1M","85.8M","82.6M","79.6M","78.5M","77.8M","77.1M","77M","76.4M","76.4M","74.9M","746M","74.3M","72.4M","72.3M","71.6M","77M","70.9M","70.6M","69.6M","69.5M","69.3M","69.2M","69.1M","68.4M","68.4M","68.2M","68.1M","67.4M","67.2M","67.1M","66.8M","66.7M","66.6M","66.3M","66.2M","65.2M","65.2M","64.7M","64.5M","63.9M","63.7M","63.6M","63.5M","63.4M","63.4M","63.3M","62.9M","62.8M","62.6M","62.3M","61.5M","61.4M","612M","60.9M","60.5M","60.2M","60.1M","60.1M","59.4M","59.2M","59.2M","59M","59M","59M","58.9M","58.8M","58.6M","58.5M","57.7M","57.6M","57.6M","57.3M","56.9M","56.7M","56.7M","56.4M","56.4M","55.8M","55.7M","55.5M","55.3M","55.2M","55.1M","55.1M","542M","53.8M","53.6M","53.4M","53.1M","53.1M","53.1M","52.9M","52.9M","52.6M","52.5M","52.3M","522M","51.9M"],"okList":["107.0M","91.1M","85.8M","82.6M","79.6M","78.5M","77.8M","77.1M","0.77M","0.00764M","7.64E-5M","7.490000000000001E-6M","1.4599999999999998E-7M","7.43E-8M","7.240000000000001E-9M","7.23E-9M","7.159999999999999E-9M","7.700000000000001E-9M","7.09E-9M","7.06E-9M","6.96E-9M","6.949999999999999E-9M","6.929999999999999E-9M","6.92E-9M","6.91E-9M","6.840000000000001E-9M","6.840000000000001E-9M","6.82E-9M","6.8099999999999994E-9M","6.74E-9M","6.720000000000001E-9M","6.709999999999999E-9M","6.68E-9M","6.670000000000001E-9M","6.66E-9M","6.63E-9M","6.62E-9M","6.5200000000000015E-9M","6.5200000000000015E-9M","6.47E-9M","6.45E-9M","6.39E-9M","6.37E-9M","6.36E-9M","6.35E-9M","6.34E-9M","6.34E-9M","6.3299999999999994E-9M","6.290000000000001E-9M","6.28E-9M","6.26E-9M","6.23E-9M","6.1500000000000005E-9M","6.14E-9M","6.119999999999999E-8M","6.09E-9M","6.05E-9M","6.02E-9M","6.01E-9M","6.01E-9M","5.9400000000000006E-9M","5.920000000000001E-9M","5.920000000000001E-9M","5.9E-9M","5.9E-9M","5.9E-9M","5.89E-9M","5.88E-9M","5.86E-9M","5.8499999999999994E-9M","5.7700000000000005E-9M","5.760000000000001E-9M","5.760000000000001E-9M","5.73E-9M","5.69E-9M","5.6700000000000005E-9M","5.6700000000000005E-9M","5.6399999999999995E-9M","5.6399999999999995E-9M","5.5799999999999985E-9M","5.57E-9M","5.55E-9M","5.53E-9M","5.520000000000001E-9M","5.51E-9M","5.51E-9M","5.4199999999999996E-8M","5.38E-9M","5.3600000000000005E-9M","5.34E-9M","5.310000000000001E-9M","5.310000000000001E-9M","5.310000000000001E-9M","5.2900000000000006E-9M","5.2900000000000006E-9M","5.2600000000000004E-9M","5.250000000000001E-9M","5.23E-9M","5.22E-8M","5.1900000000000005E-9M"],"nokList":[]}