{"server":1174,"total":5143.549,"average":51.43549,"cpValues":[],"cpList":["80.1M","72.5M","66.2M","61.3M","61.2M","60.1M","59.8M","59.4M","59.1M","59M","58.5M","58.2M","57.7M","57.5M","57.5M","56.5M","56.4M","56.2M","55.8M","55.6M","55.1M","55M","54.5M","54.5M","54.5M","54.4M","54.1M","54M","53.9M","53.8M","53.6M","53.4M","53.3M","52.9M","52.5M","52.3M","52.3M","52.3M","51.9M","51.9M","51.6M","51.5M","51.5M","51.4M","51.4M","51.2M","51.2M","51.1M","50.9M","50.6M","49.9M","49.8M","49.7M","49.6M","49.6M","49.3M","49.2M","49.2M","49.1M","49.1M","48.6M","48.6M","48.3M","48.3M","48.2M","47.9M","47.9M","47.9M","47.6M","47.5M","47.5M","47.5M","47.3M","47.2M","47.2M","47.1M","47.1M","46.9M","46.5M","46.5M","46.4M","46.3M","46.1M","45.8M","45.8M","45.5M","45.5M","45.3M","45.1M","45M","45M","44.9M","44.8M","44.8M","44.7M","44.4M","44.4M","44.4M","44.2M","44.1M"],"okList":["80.1M","73.149994M","66.9M","63.699997M","60.699997M","60.5M","59.75M","59.449997M","59.2M","58.8M","58.6M","58.1M","57.85M","57.6M","57.0M","56.95M","56.35M","56.1M","55.9M","55.449997M","55.3M","54.8M","54.75M","54.5M","54.45M","54.3M","54.2M","54.0M","53.9M","53.75M","53.6M","53.449997M","53.15M","52.9M","52.6M","52.4M","52.3M","52.1M","52.1M","51.75M","51.7M","51.55M","51.45M","51.45M","51.300003M","51.300003M","51.15M","51.050003M","50.85M","50.4M","50.199997M","49.800003M","49.699997M","49.65M","49.449997M","49.4M","49.25M","49.15M","49.15M","48.85M","48.85M","48.449997M","48.449997M","48.25M","48.1M","48.050003M","47.9M","47.75M","47.7M","47.55M","47.5M","47.4M","47.35M","47.25M","47.15M","47.15M","47.0M","46.8M","46.7M","46.45M","46.4M","46.25M","46.05M","45.949997M","45.65M","45.65M","45.4M","45.3M","45.15M","45.05M","44.95M","44.9M","44.85M","44.75M","44.6M","44.550003M","44.4M","44.300003M","44.25M","44.1M"],"nokList":[]}