{"time":1755515288483,"server":1208,"cpList":["74.9M","68.9M","65.9M","65.9M","65M","642M","63.7M","63.5M","63.3M","58.9M","58.8M","58.3M","58.1M","57.6M","57.4M","57M","56.9M","56.6M","55.8M","55.8M","55.5M","55.4M","55.4M","55.3M","55.2M","55.1M","54.7M","54.5M","543M","543M","53.8M","53.8M","53.6M","53.5M","53.3M","53M","52.9M","52.7M","52.6M","52.3M","52.1M","51.6M","51.5M","51.4M","51.4M","51.4M","51.3M","51.2M","51.2M","51.1M","57M","50.9M","50.8M","50.7M","50.7M","50M","49.9M","49.8M","49.6M","49.5M","49.5M","49.3M","49.3M","48.9M","48.9M","48.9M","48.8M","48.7M","48.7M","48.6M","48.4M","48.3M","48.2M","47.9M","47.8M","47.7M","47.1M","47M","468M","468M","46.7M","46.7M","46.6M","46.6M","46.5M","46.5M","46.4M","46.4M","46.3M","462M","46M","45.9M","45.7M","45.7M","45.6M","45.6M","45.6M","45.5M","45.5M","45.4M"],"okList":["74.9M","68.9M","65.9M","65.9M","65.0M","64.2M","63.7M","63.5M","63.3M","58.9M","58.8M","58.3M","58.1M","57.6M","57.4M","57.0M","56.9M","56.6M","55.8M","55.8M","55.5M","55.4M","55.4M","55.3M","55.2M","55.1M","54.7M","54.5M","54.3M","54.3M","53.8M","53.8M","53.6M","53.5M","53.3M","53.0M","52.9M","52.7M","52.6M","52.3M","52.1M","51.6M","51.5M","51.4M","51.4M","51.4M","0.513M","0.00512M","5.1200000000000004E-5M","5.110000000000001E-7M","5.6999999999999994E-8M","5.0900000000000004E-9M","5.080000000000001E-9M","5.07E-9M","5.07E-9M","5.0E-9M","4.989999999999999E-9M","4.979999999999999E-9M","4.96E-9M","4.949999999999999E-9M","4.949999999999999E-9M","4.930000000000001E-9M","4.930000000000001E-9M","4.89E-9M","4.89E-9M","4.89E-9M","4.8800000000000005E-9M","4.870000000000001E-9M","4.870000000000001E-9M","4.86E-9M","4.839999999999999E-9M","4.83E-9M","4.820000000000001E-9M","4.79E-9M","4.779999999999999E-9M","4.770000000000001E-9M","4.7100000000000005E-9M","4.699999999999999E-9M","4.6799999999999996E-8M","4.6799999999999996E-8M","4.670000000000001E-9M","4.670000000000001E-9M","4.66E-9M","4.66E-9M","4.65E-9M","4.65E-9M","4.6400000000000005E-9M","4.6400000000000005E-9M","4.629999999999999E-9M","4.62E-8M","4.6E-9M","4.59E-9M","4.57E-9M","4.57E-9M","4.559999999999999E-9M","4.559999999999999E-9M","4.559999999999999E-9M","4.55E-9M","4.55E-9M","4.5400000000000005E-9M"],"nokList":[]}