{"time":1755515367694,"server":1226,"cpList":["69.1M","66.1M","646M","56.9M","56.3M","55.6M","55.2M","54.8M","54.4M","54.1M","53.8M","53.4M","52.8M","52.8M","51.8M","51.5M","51.5M","57M","57M","49.6M","49.3M","46.9M","45.9M","45.8M","45.4M","442M","43.9M","43.4M","43.3M","42.3M","41.9M","41.9M","41.7M","41.4M","40.6M","40.5M","40.3M","40.3M","40M","40M","39.6M","39.5M","39.3M","39.1M","39M","39M","38.9M","38.6M","38.6M","38.5M","38.4M","38.2M","38.1M","37.9M","37.6M","37.5M","37.5M","37.3M","37.1M","36.6M","36.2M","36.1M","35.5M","35M","34.8M","34.7M","34.5M","342M","33.9M","33.9M","33.9M","33.8M","33.8M","33.5M","32.4M","32.3M","32.3M","32.2M","31.9M","31.7M","31.7M","31.7M","31.5M","31.4M","31.3M","31.2M","31.2M","31.1M","31M","30.9M","30.9M","30.5M","30.5M","30.1M","29.9M","29.8M","29.7M","29.4M","28.7M","28.7M"],"okList":["69.1M","66.1M","64.6M","56.9M","56.3M","55.6M","55.2M","54.8M","54.4M","54.1M","53.8M","53.4M","52.8M","0.528M","0.005180000000000001M","5.15E-5M","5.149999999999999E-7M","5.6999999999999994E-8M","5.7E-9M","4.96E-9M","4.930000000000001E-9M","4.689999999999999E-9M","4.59E-9M","4.58E-9M","4.5400000000000005E-9M","4.419999999999999E-8M","4.389999999999999E-9M","4.34E-9M","4.33E-9M","4.2300000000000005E-9M","4.190000000000001E-9M","4.190000000000001E-9M","4.17E-9M","4.139999999999999E-9M","4.0600000000000005E-9M","4.050000000000001E-9M","4.03E-9M","4.03E-9M","4.0E-9M","4.0E-9M","3.96E-9M","3.950000000000001E-9M","3.9299999999999995E-9M","3.91E-9M","3.899999999999999E-9M","3.899999999999999E-9M","3.8900000000000004E-9M","3.86E-9M","3.86E-9M","3.8500000000000006E-9M","3.84E-9M","3.8200000000000005E-9M","3.81E-9M","3.7899999999999995E-9M","3.7599999999999994E-9M","3.75E-9M","3.75E-9M","3.729999999999999E-9M","3.7100000000000002E-9M","3.66E-9M","3.6200000000000003E-9M","3.6099999999999997E-9M","3.5499999999999995E-9M","3.5E-9M","3.48E-9M","3.4700000000000002E-9M","3.45E-9M","3.42E-8M","3.3899999999999997E-9M","3.3899999999999997E-9M","3.3899999999999997E-9M","3.3799999999999995E-9M","3.3799999999999995E-9M","3.3500000000000002E-9M","3.24E-9M","3.229999999999999E-9M","3.229999999999999E-9M","3.2200000000000005E-9M","3.1900000000000004E-9M","3.17E-9M","3.17E-9M","3.17E-9M","3.15E-9M","3.14E-9M","3.13E-9M","3.12E-9M","3.12E-9M","3.11E-9M","3.1E-9M","3.09E-9M","3.09E-9M","3.049999999999999E-9M","3.049999999999999E-9M","3.01E-9M","2.9900000000000002E-9M","2.98E-9M","2.9700000000000003E-9M","2.94E-9M","2.87E-9M","2.87E-9M"],"nokList":[]}