{"time":1755515446918,"server":1241,"cpList":["90.1M","87.1M","73.3M","72M","66.4M","65.8M","65.2M","60.5M","59.9M","59.5M","57.2M","51.7M","57M","50.8M","50.2M","48.9M","48.1M","47M","45.5M","44.9M","44.4M","44M","43.7M","42.9M","42.3M","42M","41M","38.6M","38.5M","37.5M","37.2M","36.9M","35.6M","35.6M","35.1M","34.5M","34.5M","34.4M","32.9M","32.7M","32.6M","32.1M","31.8M","31.2M","29.4M","28.3M","27.6M","27.6M","27.5M","261M","25.6M","25.6M","25.5M","24.9M","24.9M","24.4M","23.7M","23.4M","23.3M","23.1M","22.2M","22.1M","21.9M","21.6M","21.4M","21.4M","21M","20M","19.7M","19.7M","19.3M","19.1M","18.7M","18.7M","18.4M","18.2M","18M","17.8M","17.8M","17.8M","17.7M","17.6M","17.1M","16.8M","16.7M","16.6M","16.6M","16.4M","16.4M","16.4M","162M","161M","16M","15.8M","15.8M","15.8M","15.7M","15.6M","15.5M","15.4M"],"okList":["90.1M","87.1M","73.3M","72.0M","66.4M","65.8M","65.2M","60.5M","0.599M","0.0059499999999999996M","5.72E-5M","5.17E-7M","5.6999999999999994E-8M","5.080000000000001E-9M","5.0200000000000004E-9M","4.89E-9M","4.8100000000000006E-9M","4.699999999999999E-9M","4.55E-9M","4.49E-9M","4.44E-9M","4.4000000000000005E-9M","4.3700000000000004E-9M","4.289999999999999E-9M","4.2300000000000005E-9M","4.2E-9M","4.0999999999999995E-9M","3.86E-9M","3.8500000000000006E-9M","3.75E-9M","3.7200000000000012E-9M","3.6900000000000003E-9M","3.5600000000000005E-9M","3.5600000000000005E-9M","3.5100000000000005E-9M","3.45E-9M","3.45E-9M","3.4399999999999997E-9M","3.2899999999999996E-9M","3.27E-9M","3.2600000000000007E-9M","3.2100000000000003E-9M","3.18E-9M","3.12E-9M","2.94E-9M","2.8300000000000004E-9M","2.7600000000000004E-9M","2.7600000000000004E-9M","2.7500000000000006E-9M","2.61E-8M","2.5600000000000003E-9M","2.5600000000000003E-9M","2.5500000000000005E-9M","2.4899999999999995E-9M","2.4899999999999995E-9M","2.4400000000000003E-9M","2.3699999999999995E-9M","2.34E-9M","2.33E-9M","2.31E-9M","2.22E-9M","2.21E-9M","2.1899999999999997E-9M","2.1600000000000004E-9M","2.1399999999999996E-9M","2.1399999999999996E-9M","2.1E-9M","2.0E-9M","1.97E-9M","1.97E-9M","1.93E-9M","1.9100000000000002E-9M","1.87E-9M","1.87E-9M","1.84E-9M","1.82E-9M","1.8E-9M","1.7800000000000003E-9M","1.7800000000000003E-9M","1.7800000000000003E-9M","1.77E-9M","1.7600000000000003E-9M","1.7100000000000003E-9M","1.6800000000000002E-9M","1.67E-9M","1.66E-9M","1.66E-9M","1.64E-9M","1.64E-9M","1.64E-9M","1.6200000000000003E-8M","1.6100000000000002E-8M","1.6E-9M","1.5800000000000001E-9M","1.5800000000000001E-9M","1.5800000000000001E-9M","1.57E-9M","1.56E-9M","1.55E-9M","1.5399999999999999E-9M"],"nokList":[]}