{"server":1241,"total":3084.2488,"average":31.471926,"cpValues":[],"cpList":["88.7M","71.4M","71M","68.9M","65.4M","63.7M","58.5M","57.6M","56.8M","56.4M","53M","51.7M","51.3M","49.8M","49.4M","48M","45.8M","45.7M","44.9M","44.7M","44.4M","43.7M","42.9M","42.6M","42.3M","41M","40.6M","38.5M","37.5M","37.4M","37.2M","A6.9M","35.6M","35.6M","34.6M","34.5M","34.4M","32.9M","32.7M","32.3M","32.1M","31.8M","31.2M","29.4M","29.3M","28.3M","27.6M","27.6M","27.5M","25.8M","25.6M","25.6M","25.5M","24.9M","24.9M","24.4M","23.7M","23.4M","23.3M","23.1M","22.1M","21.9M","21.6M","21.4M","21.4M","21M","20M","19.7M","19.7M","19.3M","19.1M","18.7M","18.7M","18.4M","18.2M","18M","17.8M","17.8M","17.8M","17.7M","17.6M","17.1M","16.8M","16.7M","16.6M","16.6M","16.4M","16.4M","16.4M","16.2M","16.1M","16M","15.8M","15.8M","15.8M","15.2M","15.6M","15.5M","15.4M","15.4M"],"okList":["88.7M","79.85M","70.15M","68.2M","66.3M","61.95M","60.65M","57.65M","57.0M","54.9M","54.050003M","52.15M","50.75M","50.35M","48.9M","47.6M","46.85M","45.35M","45.2M","44.65M","44.2M","43.65M","43.15M","42.6M","41.8M","41.449997M","39.75M","39.05M","37.95M","37.35M","36.4M","35.1M","35.05M","34.5M","33.7M","33.550003M","32.6M","32.4M","32.05M","31.65M","30.599998M","30.25M","28.849998M","28.45M","27.95M","27.55M","26.7M","26.55M","25.7M","25.55M","25.25M","25.2M","24.65M","24.3M","23.9M","23.5M","23.25M","22.7M","22.5M","21.85M","21.65M","21.5M","21.2M","20.7M","20.35M","19.85M","19.5M","19.400002M","19.0M","18.900002M","18.55M","18.45M","18.2M","18.0M","17.9M","17.8M","17.75M","17.7M","17.400002M","17.2M","16.900002M","16.7M","16.650002M","16.5M","16.5M","16.4M","16.3M","16.25M","16.1M","15.950001M","15.9M","15.8M","15.5M","15.700001M","15.35M","15.5M","15.45M","15.4M"],"nokList":["37.2M","35.6M"]}