{"server":1244,"total":6094.7007,"average":64.15475,"cpValues":[],"cpList":["131M","94.3M","N3M","81.4M","79.9M","78.5M","78.4M","73.2M","73.2M","72.7M","72.5M","71.8M","70.9M","70.9M","70.8M","70.5M","70.1M","69.7M","69.7M","68.3M","68.3M","67.8M","67.3M","67.3M","67.3M","67.2M","66.9M","66.8M","66.6M","66.5M","66.5M","6M","65.8M","65.7M","65.6M","65.3M","64.9M","64.9M","64.9M","64.7M","64.7M","64.6M","64.5M","64.4M","64.4M","64.1M","64M","63.6M","63.3M","63.3M","63.1M","62.9M","62.9M","62.8M","62.7M","62.6M","62.5M","62.4M","62.3M","62M","62M","61.8M","61.8M","61.7M","61.1M","60.8M","60.8M","60.7M","60.7M","60.7M","60.5M","60.4M","60.2M","60.1M","60M","59.8M","59.6M","59.6M","59.6M","59.6M","59.2M","59.1M","59.1M","59.1M","59M","58.9M","58.8M","58.8M","58.7M","58.7M","58.7M","58.6M","58.5M","58.4M","58.4M","58.4M","58.3M","5A.3M","58.3M","5A.3M"],"okList":["131.0M","79.95M","79.15M","75.85M","75.8M","72.95M","72.85M","72.25M","71.7M","71.350006M","70.850006M","70.7M","70.45M","70.1M","69.899994M","69.0M","69.0M","68.05M","67.8M","67.55M","67.3M","67.25M","67.100006M","67.0M","66.75M","66.65M","66.55M","36.25M","66.15M","35.85M","65.7M","65.5M","65.25M","65.100006M","64.9M","64.8M","64.8M","64.649994M","64.6M","64.5M","64.45M","64.25M","64.2M","63.85M","63.65M","63.449997M","63.199997M","63.1M","63.0M","62.85M","62.800003M","62.699997M","62.6M","62.5M","62.4M","62.2M","62.15M","61.9M","61.9M","61.75M","61.449997M","61.25M","60.949997M","60.75M","60.75M","60.7M","60.6M","60.550003M","60.35M","60.25M","60.1M","59.949997M","59.8M","59.699997M","59.6M","59.6M","59.4M","59.35M","59.15M","59.1M","59.05M","59.0M","58.9M","58.85M","58.75M","58.75M","58.7M","58.65M","58.6M","58.5M","58.45M","58.4M","58.35M","58.3M","58.3M"],"nokList":["94.3M","N3M","81.4M","58.3M","58.3M"]}