{"server":1248,"total":5923.901,"average":64.39023,"cpValues":[],"cpList":["22.4M","2O.9M","87M","84.6M","83.9M","80.4M","78.5M","78.3M","78.3M","75.2M","74.3M","74.3M","72M","71.7M","71M","71M","70.8M","70.8M","70.5M","70.4M","70.2M","69.8M","69.3M","6A.6M","6A.6M","68.4M","68.2M","6AM","67.9M","67.8M","67.2M","66.9M","66.8M","66.8M","66.7M","66.7M","66.4M","66.3M","66.3M","66.2M","66.2M","66.2M","6M","65.5M","65.4M","65.4M","65.2M","65.1M","65M","64.6M","64.6M","64.5M","64.4M","64.4M","64M","64M","63.9M","63.8M","63.6M","63.6M","63.6M","63.4M","63.3M","63.2M","63.2M","62.7M","62.7M","62.6M","62.3M","62.3M","62.1M","62.1M","62.1M","62.1M","62M","61.6M","61.4M","61.3M","61M","61M","60.9M","60.7M","60.7M","60.6M","60.4M","60.4M","60.1M","60M","60M","60M","60M","59.9M","59.9M","59.8M","59.7M","59.7M","59.7M","59.6M","59.5M","59.4M"],"okList":["22.4M","85.45M","82.5M","81.2M","79.350006M","78.4M","76.75M","76.3M","74.75M","73.15M","73.0M","71.5M","71.35M","70.9M","70.9M","70.65M","70.600006M","70.35M","70.100006M","69.75M","68.05M","67.55M","67.350006M","67.0M","66.850006M","66.75M","66.75M","66.55M","66.5M","66.350006M","66.25M","66.25M","66.2M","36.1M","65.85M","35.7M","65.45M","65.3M","65.25M","65.1M","64.85M","64.8M","64.55M","64.5M","64.45M","64.2M","64.2M","63.95M","63.9M","63.75M","63.699997M","63.6M","63.5M","63.449997M","63.300003M","63.25M","62.95M","62.95M","62.65M","62.5M","62.449997M","62.199997M","62.199997M","62.1M","62.1M","62.05M","61.85M","61.7M","61.449997M","61.2M","61.15M","60.95M","60.85M","60.800003M","60.65M","60.550003M","60.5M","60.25M","60.2M","60.05M","60.0M","60.0M","59.95M","59.95M","59.85M","59.800003M","59.75M","59.7M","59.65M","59.6M","59.5M","59.4M"],"nokList":["2O.9M","87M","69.3M","6A.6M","6A.6M","68.4M","68.2M","67.9M"]}