{"server":1251,"total":4519.9,"average":47.08229,"cpValues":[],"cpList":["69.4M","69.2M","6A.6M","68.3M","67.9M","65M","64.9M","64.1M","63.4M","63.4M","62.2M","62.1M","60.9M","60.7M","60.6M","60.4M","60.3M","59.6M","59.4M","59.3M","58.8M","58.1M","57.7M","57.1M","56.9M","56.8M","56.5M","54.1M","53.6M","53.6M","53.3M","52.9M","52.5M","52.3M","51.8M","51.8M","51.5M","50.6M","50.1M","49M","48.7M","48.6M","48.4M","48.3M","48.2M","47.M","47.5M","47.5M","47.4M","47.4M","46.9M","46.3M","45.3M","45.2M","44.4M","44M","41.7M","41.6M","41.4M","40.2M","40M","39.8M","39.7M","39.7M","39.4M","39.2M","39.2M","38.7M","38.5M","38.5M","38.4M","78M","37.8M","37.6M","37.4M","37.2M","37M","A6.1M","35.8M","35.6M","35.2M","34.8M","34.7M","34.3M","34.2M","34.1M","34.1M","34M","34M","32.7M","32.6M","32.6M","32.4M","32M","32M","31.9M","31.7M","31.6M","31.2M","31M"],"okList":["69.4M","68.75M","66.65M","66.4M","64.55M","64.15M","63.75M","62.800003M","62.75M","61.550003M","61.4M","60.75M","60.550003M","60.449997M","60.0M","59.85M","59.449997M","59.1M","58.699997M","58.25M","57.6M","57.300003M","56.949997M","56.7M","55.449997M","55.05M","53.85M","53.449997M","53.25M","52.9M","52.6M","52.15M","52.05M","51.65M","51.199997M","50.8M","49.8M","49.4M","48.8M","48.550003M","48.449997M","48.300003M","47.65M","47.85M","47.5M","47.45M","47.45M","47.15M","46.85M","46.1M","45.75M","44.85M","44.6M","43.050003M","42.8M","41.550003M","40.9M","40.7M","40.0M","39.85M","39.75M","39.550003M","39.45M","39.300003M","38.95M","38.85M","38.6M","38.45M","58.25M","38.1M","57.8M","37.6M","37.4M","37.2M","36.4M","35.5M","35.199997M","34.95M","34.55M","34.45M","34.199997M","34.15M","34.05M","34.05M","33.35M","33.3M","32.65M","32.5M","32.3M","32.2M","31.95M","31.85M","31.75M","31.45M","31.3M","31.0M"],"nokList":["69.2M","68.3M","37M","35.8M"]}