{"server":1255,"total":4965.2,"average":51.18763,"cpValues":[],"cpList":["69.4M","65M","64.6M","62.6M","62.5M","61.6M","61M","60.3M","60.3M","59.8M","59.2M","59.2M","58.5M","58.2M","57.5M","56.5M","56.4M","56.2M","55.7M","55.6M","55.4M","55.3M","55.3M","55.2M","54.9M","54.9M","54.8M","54.6M","54.4M","54M","54M","53.9M","53.8M","53.6M","53.6M","53.2M","53.1M","53M","52.8M","52.6M","52.6M","52.6M","52.5M","52.5M","52.2M","52.1M","52M","52M","51.6M","51.6M","50.8M","50.7M","50.7M","50.6M","50.2M","49.7M","49.6M","49.6M","49.5M","49.5M","49M","49M","48.5M","48.4M","48.2M","48M","47.9M","47.M","47.3M","47M","47M","46.9M","46.7M","46.6M","46.1M","46M","45.9M","45.9M","45.7M","45.4M","45.1M","45.1M","44.7M","44.7M","44.7M","43.7M","43.5M","43.2M","42.9M","42.9M","42.9M","42.7M","42.7M","#2.6M","42.4M","42.3M","42.3M","42.2M","+1.3M","41.2M"],"okList":["69.4M","67.0M","63.8M","63.55M","62.1M","61.75M","60.949997M","60.65M","60.05M","59.75M","59.5M","58.85M","58.7M","58.0M","57.35M","56.95M","56.35M","56.050003M","55.9M","55.550003M","55.449997M","55.35M","55.25M","55.1M","55.050003M","54.85M","54.75M","54.6M","54.3M","54.2M","53.95M","53.9M","53.75M","53.699997M","53.4M","53.35M","53.1M","52.949997M","52.8M","52.699997M","52.6M","52.55M","52.55M","52.35M","52.3M","52.1M","52.05M","51.8M","51.8M","51.199997M","51.15M","50.75M","50.65M","50.45M","50.15M","49.9M","49.65M","49.55M","49.55M","49.25M","49.25M","48.75M","48.7M","48.35M","48.2M","48.050003M","47.5M","47.6M","47.0M","47.15M","46.95M","46.85M","46.75M","46.4M","46.3M","46.0M","45.95M","45.800003M","45.65M","45.4M","45.25M","44.9M","44.9M","44.7M","44.2M","44.1M","43.45M","43.2M","43.050003M","42.9M","42.800003M","42.800003M","42.35M","42.25M","21.8M","41.7M","41.2M"],"nokList":["42.7M","#2.6M","42.4M"]}