{"time":1755515579269,"server":1257,"cpList":["99M","95.6M","95.4M","94.5M","93.2M","93M","92M","89M","88.7M","87.4M","87.1M","843M","84M","83M","82.7M","82.4M","81.9M","81.6M","81.4M","80.9M","80.6M","80.4M","79.2M","79.1M","79M","78.8M","78.3M","78.1M","77.8M","77.5M","77.5M","77.1M","77M","762M","762M","76.1M","76M","75.7M","75.6M","75.6M","75.3M","75M","74.9M","74.9M","74.4M","742M","742M","74.1M","74M","73.7M","73.5M","73.5M","73.4M","73.3M","72.8M","72.5M","72.4M","72.2M","72M","71.8M","71.5M","71.3M","71.1M","71.1M","70.8M","70.6M","70.4M","70.1M","69.8M","69.6M","68.9M","68.9M","68.9M","68.8M","68.7M","68.7M","68.4M","68.3M","68.2M","68.2M","68.2M","68M","67.9M","67.8M","67.5M","67.5M","67.4M","67.4M","67.3M","67.2M","67.1M","67.1M","67M","66.8M","66.7M","66.7M","66.5M","66.5M","66.4M","66.2M"],"okList":["99.0M","95.6M","95.4M","94.5M","93.2M","93.0M","92.0M","89.0M","88.7M","87.4M","87.1M","84.3M","84.0M","83.0M","82.7M","82.4M","81.9M","81.6M","81.4M","80.9M","80.6M","80.4M","79.2M","79.1M","79.0M","78.8M","78.3M","78.1M","77.8M","77.5M","77.5M","77.1M","0.77M","0.0016200000000000001M","1.62E-5M","7.61E-8M","7.6E-9M","7.570000000000001E-9M","7.56E-9M","7.56E-9M","7.53E-9M","7.5E-9M","7.490000000000001E-9M","7.490000000000001E-9M","7.4400000000000024E-9M","1.4199999999999998E-8M","1.4199999999999998E-8M","7.41E-9M","7.400000000000001E-9M","7.37E-9M","7.35E-9M","7.35E-9M","7.340000000000001E-9M","7.329999999999999E-9M","7.28E-9M","7.25E-9M","7.240000000000001E-9M","7.2199999999999995E-9M","7.2E-9M","7.18E-9M","7.15E-9M","7.13E-9M","7.11E-9M","7.11E-9M","7.08E-9M","7.06E-9M","7.040000000000001E-9M","7.0099999999999996E-9M","6.9799999999999995E-9M","6.96E-9M","6.890000000000001E-9M","6.890000000000001E-9M","6.890000000000001E-9M","6.879999999999999E-9M","6.8700000000000005E-9M","6.8700000000000005E-9M","6.840000000000001E-9M","6.83E-9M","6.82E-9M","6.82E-9M","6.82E-9M","6.8E-9M","6.790000000000001E-9M","6.779999999999999E-9M","6.750000000000001E-9M","6.750000000000001E-9M","6.74E-9M","6.74E-9M","6.73E-9M","6.720000000000001E-9M","6.709999999999999E-9M","6.709999999999999E-9M","6.7000000000000004E-9M","6.68E-9M","6.670000000000001E-9M","6.670000000000001E-9M","6.65E-9M","6.65E-9M","6.64E-9M","6.62E-9M"],"nokList":[]}