{"server":1258,"total":5009.6504,"average":51.64588,"cpValues":[],"cpList":["88.3M","84.7M","80.1M","73.4M","69M","66.9M","65.3M","63.9M","63.9M","63.7M","63.1M","63M","62.6M","61.6M","61.2M","60.9M","60.2M","59.8M","59.7M","58.2M","58.1M","57.QM","57.4M","57.2M","57M","56.8M","56.8M","56.6M","56.3M","55.7M","55.3M","54.2M","53M","52.9M","52.5M","51.8M","51.3M","51.2M","50.7M","50M","49.8M","49.5M","49.3M","49.2M","49.2M","49.1M","49.1M","49M","48.7M","48.5M","48.5M","48.4M","48.3M","48.3M","48.2M","48.2M","47.9M","47.8M","47.M","47.M","47.5M","47.5M","47.2M","47M","46.8M","46.8M","46.8M","46.7M","46.6M","46.1M","46M","45.8M","45.7M","45.7M","45.3M","45.3M","45M","44.9M","44.9M","44.7M","44.6M","44.5M","44.5M","44.5M","44.2M","43.9M","43.8M","43.6M","43.5M","43.4M","43.4M","43.4M","43M","43M","42.7M","42.6M","41.9M","41.8M","41.7M","41.7M"],"okList":["88.3M","84.2M","79.05M","74.55M","70.15M","67.15M","65.4M","64.600006M","63.800003M","63.5M","63.35M","62.85M","62.3M","61.9M","61.25M","60.7M","60.35M","59.95M","59.0M","58.9M","57.2M","57.0M","56.9M","56.699997M","56.55M","56.15M","55.8M","54.95M","54.15M","53.550003M","52.75M","52.35M","51.9M","51.5M","51.0M","50.6M","50.25M","49.75M","49.55M","49.35M","49.25M","49.15M","49.15M","49.05M","48.9M","48.75M","48.6M","48.45M","48.4M","48.35M","48.25M","48.25M","48.050003M","48.0M","47.45M","47.4M","47.0M","47.5M","47.35M","47.25M","47.0M","46.9M","46.8M","46.75M","46.699997M","46.4M","46.3M","45.949997M","45.85M","45.75M","45.5M","45.5M","45.15M","45.1M","44.95M","44.800003M","44.75M","44.6M","44.55M","44.5M","44.35M","44.2M","44.0M","43.75M","43.65M","43.5M","43.45M","43.4M","43.2M","43.2M","42.85M","42.8M","42.300003M","42.199997M","41.800003M","41.75M","41.7M"],"nokList":["58.1M","57.QM","57.4M"]}