{"server":126,"total":6031.1514,"average":65.55599,"cpValues":[],"cpList":["110M","105M","102M","71.6M","20.3M","86.4M","86.2M","86.2M","84M","83.4M","83.4M","82M","81.8M","80M","80M","79.4M","7AM","77.3M","76.2M","76.2M","74.6M","72.8M","72.8M","71.7M","71M","70.8M","70.6M","70.6M","70.5M","70M","69.3M","68.7M","6A.6M","6A.6M","67.8M","67.5M","67M","6M","65.9M","65.6M","65.5M","65M","64.5M","64.4M","64M","63.9M","63.9M","63.8M","63.8M","63.5M","63.3M","63.3M","63.3M","63.2M","62.9M","62.6M","62.4M","62.1M","61.9M","61.9M","61.5M","61.3M","61.3M","61.1M","60.9M","60.8M","60.8M","60.6M","60.6M","60.6M","60.3M","59.8M","59.8M","59.7M","59.5M","59.5M","58.6M","58.5M","58.4M","58.4M","58.3M","58.1M","5AM","57.7M","57.5M","57.5M","57.5M","57.5M","57.4M","57.2M","57.1M","57M","56.8M","56.8M","56.7M","56.6M","56.5M","56.5M","56.4M","56.4M"],"okList":["110.0M","106.0M","88.3M","61.15M","79.0M","53.25M","86.3M","85.1M","84.8M","83.7M","82.7M","82.600006M","81.0M","80.9M","79.7M","78.350006M","76.75M","75.399994M","74.5M","73.7M","72.25M","71.9M","71.25M","70.8M","70.7M","70.55M","70.3M","69.9M","69.35M","67.4M","36.75M","66.45M","35.8M","65.7M","65.3M","65.0M","64.7M","64.25M","64.15M","63.95M","63.85M","63.85M","63.65M","63.55M","63.4M","63.3M","63.25M","63.1M","62.9M","62.65M","62.35M","62.15M","62.0M","61.7M","61.6M","61.4M","61.199997M","61.1M","60.949997M","60.85M","60.699997M","60.699997M","60.6M","60.449997M","60.199997M","60.05M","59.75M","59.65M","59.6M","59.05M","59.0M","58.5M","58.45M","58.35M","58.25M","57.9M","57.6M","57.5M","57.5M","57.45M","57.35M","57.25M","57.1M","56.949997M","56.9M","56.75M","56.699997M","56.6M","56.55M","56.45M","56.45M","56.4M"],"nokList":["79.4M","77.3M","68.7M","6A.6M","6A.6M","67.8M","58.1M","57.7M"]}