{"time":1755515605863,"server":1265,"cpList":["102M","98M","93.1M","88.4M","87M","86.4M","82.2M","78.8M","78.6M","78M","77.9M","76.7M","766M","75.6M","75.2M","73.6M","73.2M","72.3M","71.1M","70M","69.5M","69.4M","68.9M","68.4M","67.9M","67.3M","66.7M","66.6M","66.5M","66.3M","66.2M","65.9M","65.8M","65.7M","64.9M","64.9M","64.5M","64.3M","63.6M","63.5M","63.5M","63M","62.6M","61.7M","61.5M","61.4M","61.4M","61M","60.8M","60.7M","60.2M","60.1M","60M","59.7M","59.3M","59.1M","59M","58.8M","58.5M","58.5M","58.2M","58.2M","58.1M","57.5M","57.5M","57.4M","57.4M","57.2M","57.2M","57.1M","56.9M","56.6M","56.5M","56.3M","56.2M","56.1M","56M","55.8M","55.6M","55.5M","55.4M","55.1M","55M","54.9M","54M","54M","54M","53.5M","53.4M","53.3M","53.1M","53.1M","52.9M","52.9M","52.6M","52.2M","51.8M","51.7M","51.2M","51.1M"],"okList":["102.0M","98.0M","93.1M","88.4M","87.0M","86.4M","82.2M","78.8M","78.6M","78.0M","0.779M","0.00767M","1.66E-5M","7.56E-8M","7.519999999999999E-9M","7.36E-9M","7.32E-9M","7.23E-9M","7.11E-9M","7.0E-9M","6.949999999999999E-9M","6.9400000000000004E-9M","6.890000000000001E-9M","6.840000000000001E-9M","6.790000000000001E-9M","6.73E-9M","6.670000000000001E-9M","6.66E-9M","6.65E-9M","6.63E-9M","6.62E-9M","6.590000000000001E-9M","6.579999999999999E-9M","6.57E-9M","6.4900000000000005E-9M","6.4900000000000005E-9M","6.45E-9M","6.43E-9M","6.36E-9M","6.35E-9M","6.35E-9M","6.3E-9M","6.26E-9M","6.17E-9M","6.1500000000000005E-9M","6.14E-9M","6.14E-9M","6.099999999999998E-9M","6.08E-9M","6.07E-9M","6.02E-9M","6.01E-9M","6.0E-9M","5.97E-9M","5.93E-9M","5.91E-9M","5.9E-9M","5.88E-9M","5.8499999999999994E-9M","5.8499999999999994E-9M","5.820000000000001E-9M","5.820000000000001E-9M","5.8099999999999996E-9M","5.75E-9M","5.75E-9M","5.74E-9M","5.74E-9M","5.72E-9M","5.72E-9M","5.71E-9M","5.69E-9M","5.660000000000001E-9M","5.65E-9M","5.63E-9M","5.620000000000001E-9M","5.61E-9M","5.6000000000000005E-9M","5.5799999999999985E-9M","5.560000000000001E-9M","5.55E-9M","5.54E-9M","5.51E-9M","5.500000000000001E-9M","5.49E-9M","5.4E-9M","5.4E-9M","5.4E-9M","5.350000000000001E-9M","5.34E-9M","5.329999999999999E-9M","5.310000000000001E-9M","5.310000000000001E-9M","5.2900000000000006E-9M","5.2900000000000006E-9M","5.2600000000000004E-9M","5.22E-9M","5.180000000000001E-9M","5.17E-9M","5.1200000000000005E-9M","5.110000000000001E-9M"],"nokList":[]}