{"server":1272,"total":3588.8494,"average":37.777363,"cpValues":[],"cpList":["66.9M","60.3M","56.9M","55.5M","55.4M","53.9M","53.4M","52.4M","52.4M","52.1M","51.3M","50.3M","50M","48.M","48.2M","47.M","46.7M","45.7M","44.6M","44.5M","44.2M","44.2M","43.6M","43.3M","42.7M","42.3M","41.6M","41.4M","41M","40.9M","40.7M","39.9M","39.5M","39.2M","39.1M","39M","AA.6M","38.1M","37.9M","37.7M","37.5M","37.4M","37.2M","37M","36.5M","35.9M","35.8M","35.5M","35.4M","35M","34.9M","34.8M","34.8M","34.3M","34.1M","34M","33.9M","33.2M","32.9M","32.7M","32.7M","32.7M","32.6M","32.6M","32.4M","32.4M","32.1M","31.9M","31.8M","31.4M","31.3M","31M","30.8M","30.6M","30.5M","30.5M","30.1M","30.1M","30M","29.8M","29.5M","29.5M","29.3M","29.1M","29.7M","29.7M","28.6M","28.5M","28.5M","28.5M","28.4M","28.3M","28.2M","28.1M","Z8M","21.2M","27.7M","27.5M","27.3M","27.M"],"okList":["66.9M","61.9M","57.9M","56.15M","54.7M","54.4M","53.15M","52.9M","52.25M","51.85M","51.199997M","50.65M","49.15M","49.1M","47.5M","47.45M","46.35M","45.65M","45.1M","44.4M","44.35M","43.9M","43.75M","43.15M","42.8M","42.15M","41.85M","41.3M","41.15M","40.85M","40.4M","40.1M","39.550003M","39.3M","39.1M","38.55M","37.9M","37.7M","37.550003M","37.35M","37.2M","36.85M","36.45M","36.15M","35.7M","35.6M","35.25M","35.15M","34.9M","34.85M","34.55M","34.449997M","34.15M","34.0M","33.6M","33.4M","32.95M","32.800003M","32.7M","32.65M","32.65M","32.5M","32.5M","32.25M","32.15M","31.949999M","31.65M","31.55M","31.2M","31.05M","30.8M","30.65M","30.55M","30.3M","30.3M","30.05M","29.95M","29.75M","29.65M","29.4M","29.3M","29.5M","29.7M","29.150002M","29.1M","28.55M","28.5M","28.45M","28.4M","28.3M","28.2M","24.35M","27.5M","27.25M","27.0M"],"nokList":["39M","38.1M","28.1M","Z8M","21.2M"]}