{"server":1281,"total":6760.0,"average":71.1579,"cpValues":[],"cpList":["130M","120M","115M","105M","100M","29.9M","25.5M","24.2M","N3M","92.7M","20.4M","20.3M","88.2M","87.4M","86.7M","86M","86M","85.8M","84.9M","84.6M","83.5M","83.4M","82.6M","82M","81.7M","81.6M","80.9M","80.6M","80.5M","80.1M","79.5M","78.4M","78.2M","7AM","75.9M","75.5M","75.5M","75.3M","75.3M","75.1M","74.6M","74.5M","74M","74M","73.1M","73M","72.9M","72.6M","12.4M","12.4M","72.2M","71.6M","71.5M","71.2M","70.4M","70.4M","70.1M","69.6M","69.6M","69.4M","69.4M","69.3M","69.3M","69.2M","69.2M","69M","68.5M","68.4M","68.3M","68.1M","67.8M","67.7M","67.6M","67M","67M","66.8M","66.7M","66.7M","66.7M","66.3M","65.8M","65.8M","65.3M","65.2M","65.2M","65.1M","65.1M","65M","64.4M","64.4M","64.4M","64M","63.8M","63.8M","63.7M","63.6M","63.3M","63M","62.9M","62.8M"],"okList":["130.0M","122.5M","112.5M","107.5M","67.45M","62.75M","27.05M","56.5M","54.3M","53.85M","87.45M","86.7M","86.35M","85.9M","85.45M","85.2M","84.2M","84.0M","83.05M","82.7M","82.149994M","81.8M","81.3M","81.1M","80.7M","80.35M","80.0M","79.25M","78.85M","77.05M","75.7M","75.4M","75.4M","75.2M","74.95M","74.8M","74.3M","74.25M","73.55M","73.5M","73.0M","72.8M","42.65M","42.5M","12.4M","42.0M","71.85M","71.399994M","70.95M","70.8M","70.25M","70.0M","69.85M","69.5M","69.5M","69.350006M","69.350006M","69.25M","69.25M","69.1M","68.85M","68.7M","68.4M","68.25M","68.05M","67.899994M","67.7M","67.35M","67.3M","66.9M","66.85M","66.75M","66.7M","66.5M","66.25M","66.05M","65.55M","65.5M","65.25M","65.149994M","65.149994M","65.05M","64.75M","64.7M","64.4M","64.2M","64.1M","63.9M","63.75M","63.699997M","63.5M","63.3M","63.1M","62.9M","62.8M"],"nokList":["24.2M","N3M","92.7M","78.2M","75.9M"]}