{"server":1282,"total":3658.7498,"average":37.334183,"cpValues":[],"cpList":["67.5M","62.7M","60.7M","58.2M","58.2M","57.6M","56.5M","56M","55.6M","53.4M","52.8M","52.7M","52M","51M","50.5M","49.3M","48.4M","48M","47.4M","46.7M","46.5M","46.3M","45.1M","44.7M","43.5M","42.6M","42.5M","41.9M","41.7M","41M","40.6M","40.6M","40.2M","40M","39.5M","39.4M","38.9M","38.7M","AA.6M","78M","37.9M","37M","36.8M","36.8M","36.4M","36.3M","35.9M","35.5M","35.5M","35.5M","33.8M","33.4M","33.1M","32.8M","31.9M","31.6M","31.5M","31.3M","31M","30.7M","30.7M","30.7M","30.4M","30M","29.8M","29M","29.7M","28.4M","28.3M","28.2M","28.2M","28.1M","28.1M","27.8M","27.6M","27.6M","27.5M","27.4M","27.2M","27.2M","26.9M","26.9M","26.8M","26.7M","26.7M","26.6M","26.5M","26.3M","26.1M","26.1M","26M","26M","25.8M","25.8M","25.7M","25.5M","25.3M","25.3M","25.2M","25.1M"],"okList":["67.5M","64.1M","60.45M","59.45M","57.9M","57.35M","56.8M","56.05M","54.7M","54.199997M","53.050003M","52.4M","51.85M","51.25M","50.15M","49.45M","48.65M","47.9M","47.35M","46.95M","46.5M","45.8M","45.5M","44.3M","43.65M","43.0M","42.25M","42.1M","41.45M","41.15M","40.8M","40.4M","40.3M","39.85M","39.7M","39.2M","39.050003M","58.35M","57.5M","37.35M","36.9M","36.6M","36.55M","36.15M","35.9M","35.7M","35.5M","34.65M","34.45M","33.449997M","33.1M","32.5M","32.2M","31.7M","31.45M","31.25M","31.0M","30.85M","30.7M","30.55M","30.35M","30.099998M","29.5M","29.75M","28.7M","29.0M","28.3M","28.25M","28.150002M","28.150002M","27.95M","27.85M","27.7M","27.55M","27.5M","27.35M","27.3M","27.05M","27.05M","26.849998M","26.8M","26.75M","26.650002M","26.6M","26.45M","26.3M","26.2M","26.05M","26.05M","25.9M","25.9M","25.75M","25.65M","25.5M","25.4M","25.25M","25.2M","25.1M"],"nokList":["38.7M","78M"]}