{"time":1755515685159,"server":1302,"cpList":["96.9M","84.5M","81.6M","81.6M","79.8M","79.1M","78.9M","78.4M","762M","75.6M","74.9M","73.1M","73.1M","72.8M","72.2M","72M","71.5M","71.4M","71.4M","70.9M","70.7M","69.9M","69.6M","69.1M","68.8M","68.7M","67.5M","67.4M","67M","66.3M","65.8M","65.8M","65.7M","65.7M","65.4M","64.4M","64M","63.6M","63.4M","63M","62.8M","62.3M","62M","61.9M","61.5M","61.1M","61M","60.9M","60.8M","60.5M","60.4M","60M","60M","59.5M","59.2M","59.1M","59.1M","58.7M","58.6M","58.1M","57.8M","57.7M","57.7M","57.5M","57.5M","57.3M","57.1M","57.1M","57.1M","57.1M","57M","56.8M","56.8M","56.6M","56.5M","56.5M","56.4M","56M","56M","55.9M","55.8M","55.7M","55.6M","55.3M","55.3M","55.1M","55M","54.9M","54.9M","54.9M","54.7M","54.7M","54.5M","54.3M","54.1M","54M","53.9M","53.9M","53.7M","53.7M"],"okList":["96.9M","84.5M","81.6M","81.6M","79.8M","79.1M","0.789M","0.00784M","1.62E-5M","7.56E-8M","7.490000000000001E-9M","7.31E-9M","7.31E-9M","7.28E-9M","7.2199999999999995E-9M","7.2E-9M","7.15E-9M","7.14E-9M","7.14E-9M","7.09E-9M","7.070000000000001E-9M","6.99E-9M","6.96E-9M","6.91E-9M","6.879999999999999E-9M","6.8700000000000005E-9M","6.750000000000001E-9M","6.74E-9M","6.7000000000000004E-9M","6.63E-9M","6.579999999999999E-9M","6.579999999999999E-9M","6.57E-9M","6.57E-9M","6.54E-9M","6.440000000000001E-9M","6.4E-9M","6.36E-9M","6.34E-9M","6.3E-9M","6.28E-9M","6.23E-9M","6.2E-9M","6.19E-9M","6.1500000000000005E-9M","6.11E-9M","6.099999999999998E-9M","6.09E-9M","6.08E-9M","6.05E-9M","6.040000000000001E-9M","6.0E-9M","6.0E-9M","5.9499999999999995E-9M","5.920000000000001E-9M","5.91E-9M","5.91E-9M","5.870000000000001E-9M","5.86E-9M","5.8099999999999996E-9M","5.7799999999999995E-9M","5.7700000000000005E-9M","5.7700000000000005E-9M","5.75E-9M","5.75E-9M","5.73E-9M","5.71E-9M","5.71E-9M","5.71E-9M","5.71E-9M","5.7E-9M","5.6799999999999986E-9M","5.6799999999999986E-9M","5.660000000000001E-9M","5.65E-9M","5.65E-9M","5.6399999999999995E-9M","5.6000000000000005E-9M","5.6000000000000005E-9M","5.59E-9M","5.5799999999999985E-9M","5.57E-9M","5.560000000000001E-9M","5.53E-9M","5.53E-9M","5.51E-9M","5.500000000000001E-9M","5.49E-9M","5.49E-9M","5.49E-9M","5.47E-9M","5.47E-9M","5.45E-9M","5.43E-9M","5.410000000000001E-9M","5.4E-9M","5.390000000000001E-9M","5.390000000000001E-9M","5.37E-9M","5.37E-9M"],"nokList":[]}