{"server":1304,"total":5127.699,"average":55.735863,"cpValues":[],"cpList":["84.7M","81.5M","77.8M","77.3M","71.4M","69.9M","68.9M","68.9M","6A.6M","66.5M","65.8M","65.3M","64.8M","64.7M","64.6M","62.6M","62.6M","62.5M","61.9M","61.2M","61.2M","60.8M","60.2M","59.7M","59.4M","59.2M","58.9M","58.8M","58.1M","5AM","57.QM","57.QM","57.QM","57.8M","57.8M","57.8M","57.3M","57M","57M","56.7M","56.5M","56.2M","55.8M","55.6M","55.3M","55.2M","55M","55M","54.7M","54.5M","54.3M","54M","53.9M","53.8M","53.5M","53.2M","53M","52.9M","52.9M","52.8M","52.8M","52.8M","52.6M","52.2M","52.2M","52M","52M","51.9M","51.7M","51.6M","51.5M","51.5M","51.5M","51.2M","50.8M","50.7M","49.9M","49.7M","49.6M","49.5M","49.4M","49.3M","49.2M","49.2M","49.1M","49.1M","48.5M","48.5M","48.3M","48.1M","48.1M","48M","47.8M","41.8M","47.7M","41.M","47.7M","47.6M","47.6M","47.4M"],"okList":["84.7M","81.25M","79.4M","74.600006M","73.600006M","70.15M","69.4M","67.7M","65.9M","65.3M","65.0M","64.7M","63.649998M","63.6M","62.55M","62.25M","61.85M","61.550003M","61.0M","60.7M","60.25M","59.800003M","59.45M","59.15M","59.0M","58.5M","57.8M","57.55M","57.4M","57.15M","56.85M","56.75M","56.45M","56.15M","55.9M","55.55M","55.4M","55.15M","55.1M","54.85M","54.75M","54.5M","54.25M","54.1M","53.9M","53.7M","53.5M","53.25M","53.050003M","52.95M","52.85M","52.85M","52.8M","52.699997M","52.5M","52.4M","52.1M","52.1M","51.95M","51.85M","51.75M","51.6M","51.55M","51.5M","51.35M","51.15M","50.95M","50.35M","50.2M","49.75M","49.6M","49.5M","49.4M","49.300003M","49.25M","49.15M","49.15M","48.8M","48.8M","48.4M","48.3M","48.199997M","48.05M","47.949997M","44.9M","47.75M","41.4M","47.7M","44.3M","47.65M","47.5M","47.4M"],"nokList":["68.9M","66.5M","58.1M","5AM","57.QM","57.QM","57.QM","57.8M"]}