{"time":1756255246341,"server":1313,"cpList":["143M","141M","136M","122M","M6M","112M","108M","105M","105M","105M","102M","102M","101M","99.7M","98.7M","97.5M","97M","96.5M","96.3M","95.9M","94.5M","94.4M","94.3M","92.4M","92.3M","92.3M","91.9M","91.6M","912M","90.5M","90.4M","89.4M","89.4M","89.1M","88.6M","88.5M","88.3M","86.4M","86.4M","86M","86M","85.5M","85.1M","84.6M","84.3M","84.3M","83.6M","83.5M","83.1M","83M","82.7M","82.4M","82.4M","82.1M","82M","81.8M","81.3M","81.3M","81.3M","80.7M","80.5M","80.5M","80.4M","80.4M","80.2M","80.1M","79.9M","79.9M","79.6M","79.5M","79.5M","79.2M","79.2M","79.1M","79M","78.8M","78.8M","78.1M","78.1M","78.1M","78M","77.7M","77.6M","77.4M","77.4M","77.4M","77.3M","77.1M","77.1M","77M","76.9M","76.8M","76.8M","76.7M","76.7M","76.7M","76.4M","76.3M","762M","76M"],"okList":["143.0M","141.0M","136.0M","122.0M","6.0M","11.2M","10.8M","10.5M","10.5M","10.5M","10.2M","10.2M","10.1M","9.97M","9.870000000000001M","9.75M","9.7M","9.65M","9.629999999999999M","9.59M","9.45M","9.440000000000001M","9.43M","9.24M","9.23M","9.23M","9.190000000000001M","9.16M","9.120000000000001M","9.05M","9.040000000000001M","8.940000000000001M","8.940000000000001M","8.91M","8.86M","8.85M","8.83M","8.64M","8.64M","8.6M","8.6M","8.55M","8.51M","8.459999999999999M","8.43M","8.43M","8.36M","8.35M","8.309999999999999M","8.3M","8.27M","8.24M","8.24M","8.209999999999999M","8.2M","8.18M","8.129999999999999M","8.129999999999999M","8.129999999999999M","8.07M","8.05M","8.05M","8.040000000000001M","8.040000000000001M","8.02M","8.01M","7.99M","7.99M","7.959999999999999M","7.95M","7.95M","7.92M","7.92M","7.909999999999999M","7.9M","7.88M","7.88M","7.81M","7.81M","7.81M","7.8M","7.7700000000000005M","7.76M","7.74M","7.74M","7.74M","7.7299999999999995M","7.709999999999999M","7.709999999999999M","7.7M","7.69M","7.68M","7.68M","7.67M","7.67M","7.67M","7.640000000000001M","7.63M","7.62M","7.6M"],"nokList":[]}