{"time":1755515737995,"server":1313,"cpList":["144M","141M","136M","122M","176M","112M","107M","105M","105M","105M","105M","102M","101M","99.6M","99M","97.5M","96.9M","968M","96.5M","94.4M","942M","94M","94M","92.5M","92.3M","92M","916M","91.3M","91M","90.5M","90.1M","89.4M","89.3M","89.1M","88.4M","88.3M","88.2M","86.4M","86.3M","86M","85.8M","85.3M","848M","848M","84.5M","84.4M","842M","82.6M","82.6M","82.6M","82.4M","82.2M","82.1M","81.9M","81.6M","81.3M","81.2M","81.1M","80.6M","80.4M","80.4M","80.2M","80.1M","80.1M","79.9M","79.9M","79.8M","79.6M","79.5M","79.2M","79.1M","79.1M","78.9M","78.8M","78.8M","78.7M","78.1M","78.1M","78.1M","78.1M","77.7M","77.5M","77.4M","77.1M","77.1M","76.9M","76.9M","76.8M","76.8M","76.7M","766M","76.4M","76.4M","76.4M","76.2M","76.2M","76.1M","76M","76M","75.7M"],"okList":["14.4M","0.141M","0.00136M","1.22E-5M","1.7600000000000003E-6M","1.12E-7M","1.0699999999999999E-7M","1.05E-7M","1.05E-7M","1.05E-7M","1.05E-7M","1.0199999999999999E-7M","1.0099999999999998E-7M","9.959999999999999E-8M","9.899999999999998E-9M","9.75E-9M","9.690000000000001E-9M","9.68E-8M","9.649999999999999E-9M","9.44E-9M","9.42E-8M","9.399999999999998E-9M","9.399999999999998E-9M","9.250000000000002E-9M","9.229999999999997E-9M","9.2E-9M","9.16E-8M","9.13E-9M","9.1E-9M","9.05E-9M","9.01E-9M","8.940000000000001E-9M","8.930000000000001E-9M","8.91E-9M","8.84E-9M","8.83E-9M","8.82E-9M","8.640000000000002E-9M","8.630000000000002E-9M","8.600000000000001E-9M","8.579999999999998E-9M","8.530000000000001E-9M","8.48E-8M","8.48E-8M","8.45E-9M","8.440000000000001E-9M","8.419999999999999E-8M","8.260000000000001E-9M","8.260000000000001E-9M","8.260000000000001E-9M","8.240000000000001E-9M","8.219999999999998E-9M","8.21E-9M","8.190000000000001E-9M","8.159999999999998E-9M","8.13E-9M","8.120000000000001E-9M","8.11E-9M","8.06E-9M","8.040000000000001E-9M","8.040000000000001E-9M","8.020000000000002E-9M","8.009999999999999E-9M","8.009999999999999E-9M","7.99E-9M","7.99E-9M","7.98E-9M","7.96E-9M","7.950000000000002E-9M","7.92E-9M","7.909999999999998E-9M","7.909999999999998E-9M","7.890000000000001E-9M","7.88E-9M","7.88E-9M","7.87E-9M","7.809999999999998E-9M","7.809999999999998E-9M","7.809999999999998E-9M","7.809999999999998E-9M","7.770000000000001E-9M","7.75E-9M","7.74E-9M","7.71E-9M","7.71E-9M","7.69E-9M","7.69E-9M","7.68E-9M","7.68E-9M","7.669999999999999E-9M","1.66E-8M","7.640000000000001E-9M","7.640000000000001E-9M","7.640000000000001E-9M","7.62E-9M","7.62E-9M","7.609999999999998E-9M","7.6E-9M","7.6E-9M","7.570000000000001E-9M"],"nokList":[]}