{"server":1324,"total":3810.7507,"average":40.5399,"cpValues":[],"cpList":["73.4M","70.5M","67.7M","66.3M","58.9M","58.3M","57.8M","57.8M","56.5M","55.4M","55.1M","53.7M","52.5M","52.4M","52M","51.2M","51.1M","50.2M","49.2M","49.2M","48.2M","47.2M","46.8M","46.3M","45.8M","45.4M","43.6M","43.3M","42.9M","42.8M","42.7M","41.8M","41.4M","41.3M","40.7M","40.6M","40.5M","39.7M","39.6M","39.4M","39.3M","39.1M","39.1M","38.9M","38.9M","38.8M","78M","37.7M","A6.9M","A6.9M","A6.6M","36.4M","A6M","35.7M","35.6M","35.6M","35.6M","35.4M","35.3M","35.3M","35.3M","35.2M","35.2M","34.2M","34.2M","33.9M","33.9M","33.9M","33.8M","33.5M","33.2M","33M","33M","33M","32.7M","32.7M","32.1M","31.9M","31.9M","31.8M","31.5M","31.2M","31.2M","30.9M","30.6M","30.3M","30.1M","30.1M","30.1M","30M","29.9M","29.7M","29.7M","29.7M","29.6M","29.6M","29.4M","29.2M","29.1M","29M"],"okList":["73.4M","70.55M","68.4M","63.3M","62.300003M","58.35M","58.05M","57.15M","56.6M","55.8M","54.550003M","53.8M","53.050003M","52.25M","51.800003M","51.55M","50.7M","50.15M","49.7M","48.7M","48.2M","47.5M","46.75M","46.3M","45.85M","44.699997M","44.35M","43.25M","43.05M","42.800003M","42.3M","42.050003M","41.55M","41.050003M","40.949997M","40.6M","40.15M","40.05M","39.550003M","39.449997M","39.25M","39.199997M","39.0M","39.0M","38.85M","58.45M","38.25M","36.050003M","35.65M","35.6M","35.5M","35.449997M","35.35M","35.3M","35.25M","35.25M","34.7M","34.7M","34.050003M","34.050003M","33.9M","33.85M","33.7M","33.5M","33.25M","33.1M","33.0M","32.85M","32.85M","32.4M","32.3M","32.0M","31.849998M","31.7M","31.5M","31.35M","31.05M","30.900002M","30.599998M","30.35M","30.2M","30.1M","30.05M","30.0M","29.85M","29.8M","29.7M","29.650002M","29.650002M","29.5M","29.400002M","29.25M","29.1M","29.0M"],"nokList":["37.7M","A6.9M","A6.9M","A6.6M","36.4M","35.7M"]}