{"time":1755515790733,"server":1329,"cpList":["104M","103M","98.8M","98.1M","92.2M","91.5M","91.4M","912M","88.2M","85.7M","85.3M","82.9M","82.4M","79.8M","79.3M","79.1M","76.3M","76.3M","76.3M","75.9M","75.7M","75.5M","75.5M","746M","74.4M","74M","73.5M","73.2M","72.7M","72.2M","72M","70.9M","70.5M","70.5M","70.3M","70.3M","70.3M","69.8M","69.5M","69.4M","69.2M","68.6M","68.6M","68.5M","67.9M","67.8M","67.5M","67M","67M","66.8M","66.4M","66.2M","66M","65.6M","65.5M","65.3M","65.3M","65.2M","65.1M","65M","64.9M","64.8M","64.7M","64.5M","642M","63.8M","63.4M","63.4M","63.2M","63.2M","63.1M","62.7M","62.7M","62.2M","62.1M","61.6M","61.6M","60.7M","60.4M","60.1M","60M","59.8M","59.8M","59.6M","59.5M","59.4M","59.2M","59.2M","59M","58.8M","58.8M","58.6M","58.6M","58.4M","58.3M","58.1M","58M","57.9M","57.8M","57.7M"],"okList":["104.0M","103.0M","98.8M","98.1M","92.2M","91.5M","91.4M","91.2M","88.2M","85.7M","85.3M","82.9M","82.4M","79.8M","79.3M","79.1M","76.3M","76.3M","76.3M","0.759M","0.00757M","7.55E-5M","7.5500000000000006E-6M","1.4599999999999998E-7M","7.44E-8M","7.400000000000001E-9M","7.35E-9M","7.32E-9M","7.269999999999999E-9M","7.2199999999999995E-9M","7.2E-9M","7.09E-9M","7.0499999999999994E-9M","7.0499999999999994E-9M","7.03E-9M","7.03E-9M","7.03E-9M","6.9799999999999995E-9M","6.949999999999999E-9M","6.9400000000000004E-9M","6.92E-9M","6.86E-9M","6.86E-9M","6.85E-9M","6.790000000000001E-9M","6.779999999999999E-9M","6.750000000000001E-9M","6.7000000000000004E-9M","6.7000000000000004E-9M","6.68E-9M","6.64E-9M","6.62E-9M","6.6E-9M","6.56E-9M","6.550000000000001E-9M","6.53E-9M","6.53E-9M","6.5200000000000015E-9M","6.51E-9M","6.500000000000001E-9M","6.4900000000000005E-9M","6.48E-9M","6.47E-9M","6.45E-9M","6.419999999999999E-8M","6.380000000000001E-9M","6.34E-9M","6.34E-9M","6.3200000000000005E-9M","6.3200000000000005E-9M","6.31E-9M","6.270000000000001E-9M","6.270000000000001E-9M","6.22E-9M","6.210000000000001E-9M","6.159999999999999E-9M","6.159999999999999E-9M","6.07E-9M","6.040000000000001E-9M","6.01E-9M","6.0E-9M","5.9800000000000004E-9M","5.9800000000000004E-9M","5.96E-9M","5.9499999999999995E-9M","5.9400000000000006E-9M","5.920000000000001E-9M","5.920000000000001E-9M","5.9E-9M","5.88E-9M","5.88E-9M","5.86E-9M","5.86E-9M","5.84E-9M","5.83E-9M","5.8099999999999996E-9M","5.8E-9M","5.79E-9M","5.7799999999999995E-9M","5.7700000000000005E-9M"],"nokList":[]}