{"time":1755515843677,"server":1332,"cpList":["846M","82.4M","80.9M","78.2M","77.9M","76.8M","74.4M","742M","73.4M","73M","72.9M","72.4M","70M","69.9M","69.2M","68.5M","67.4M","67.2M","66M","64.8M","64.7M","64.7M","64.5M","64.3M","64.1M","63.8M","63.6M","63.6M","63.4M","63.2M","63.2M","63M","62.8M","62.6M","62M","61.9M","61.8M","61.6M","60.6M","60.4M","60.4M","60.1M","59.9M","59.6M","59.3M","59.3M","59.1M","58.2M","58.1M","58M","57.7M","57.4M","57.3M","57.3M","57.2M","56.9M","56.7M","56.6M","56.4M","56.4M","56.4M","56.3M","56.3M","56.3M","56.1M","56.1M","56M","55.9M","55.9M","55.5M","55.4M","55.3M","55.2M","55M","54.9M","54.8M","54.7M","54.6M","54.5M","54.5M","542M","542M","53.9M","53.8M","53.7M","53.7M","53.6M","53.5M","53.4M","53.4M","53.3M","53.3M","53.3M","53M","52.9M","52.9M","52.7M","52.5M","523M","52.1M"],"okList":["84.6M","82.4M","80.9M","0.782M","0.00779M","7.68E-5M","7.440000000000001E-6M","1.4199999999999997E-7M","7.340000000000001E-8M","7.3E-9M","7.290000000000001E-9M","7.240000000000001E-9M","7.0E-9M","6.99E-9M","6.92E-9M","6.85E-9M","6.74E-9M","6.720000000000001E-9M","6.6E-9M","6.48E-9M","6.47E-9M","6.47E-9M","6.45E-9M","6.43E-9M","6.409999999999999E-9M","6.380000000000001E-9M","6.36E-9M","6.36E-9M","6.34E-9M","6.3200000000000005E-9M","6.3200000000000005E-9M","6.3E-9M","6.28E-9M","6.26E-9M","6.2E-9M","6.19E-9M","6.18E-9M","6.159999999999999E-9M","6.06E-9M","6.040000000000001E-9M","6.040000000000001E-9M","6.01E-9M","5.99E-9M","5.96E-9M","5.93E-9M","5.93E-9M","5.91E-9M","5.820000000000001E-9M","5.8099999999999996E-9M","5.8E-9M","5.7700000000000005E-9M","5.74E-9M","5.73E-9M","5.73E-9M","5.72E-9M","5.69E-9M","5.6700000000000005E-9M","5.660000000000001E-9M","5.6399999999999995E-9M","5.6399999999999995E-9M","5.6399999999999995E-9M","5.63E-9M","5.63E-9M","5.63E-9M","5.61E-9M","5.61E-9M","5.6000000000000005E-9M","5.59E-9M","5.59E-9M","5.55E-9M","5.54E-9M","5.53E-9M","5.520000000000001E-9M","5.500000000000001E-9M","5.49E-9M","5.48E-9M","5.47E-9M","5.4600000000000006E-9M","5.45E-9M","5.45E-9M","5.4199999999999996E-8M","5.4199999999999996E-8M","5.390000000000001E-9M","5.38E-9M","5.37E-9M","5.37E-9M","5.3600000000000005E-9M","5.350000000000001E-9M","5.34E-9M","5.34E-9M","5.329999999999999E-9M","5.329999999999999E-9M","5.329999999999999E-9M","5.3E-9M","5.2900000000000006E-9M","5.2900000000000006E-9M","5.270000000000001E-9M","5.250000000000001E-9M","5.23E-8M","5.21E-9M"],"nokList":[]}