{"server":1332,"total":6747.8003,"average":67.478004,"cpValues":[],"cpList":["89.2M","86.7M","86.6M","84.9M","84.6M","82.7M","82.4M","80.6M","80.1M","77.9M","77.8M","76.8M","76.1M","76.1M","75.9M","75.6M","75.5M","75.1M","74.7M","74.6M","74.5M","74.2M","73.6M","73.6M","73.2M","73.1M","73.1M","73.1M","73M","73M","72.5M","72.5M","12.4M","72.3M","72.2M","70.8M","70.7M","70.6M","70.3M","69.7M","69.5M","69.4M","69.2M","69.2M","69.2M","68.5M","68.4M","68.2M","68.2M","68.2M","68.1M","68.1M","67.9M","67.9M","67.9M","67.2M","66.8M","66.6M","66.4M","66.3M","66.3M","6M","6M","65.9M","65.8M","65.5M","65.4M","64.7M","64.7M","64.5M","64.5M","64.5M","64.5M","64.4M","64.3M","64.3M","63.8M","63.7M","63.6M","63.6M","63.6M","63.5M","63.3M","63.2M","63.2M","63.2M","63.1M","63.1M","63M","63M","62.8M","62.8M","62.7M","62.7M","62.6M","62.5M","62.3M","62.3M","62.2M","62M"],"okList":["89.2M","87.899994M","85.8M","85.6M","83.8M","83.5M","81.649994M","81.25M","79.25M","78.95M","77.350006M","76.95M","76.45M","76.0M","75.85M","75.7M","75.35M","75.1M","74.85M","74.6M","74.399994M","74.05M","73.899994M","73.399994M","73.35M","73.149994M","73.1M","73.05M","73.05M","72.75M","72.75M","42.45M","72.4M","42.3M","71.55M","71.45M","70.7M","70.5M","70.149994M","69.9M","69.55M","69.35M","69.3M","69.2M","68.85M","68.8M","68.35M","68.3M","68.2M","68.149994M","68.149994M","68.0M","68.0M","67.9M","67.55M","67.350006M","66.899994M","66.600006M","66.45M","66.350006M","36.15M","36.15M","6.0M","35.9M","65.7M","65.600006M","65.1M","65.05M","64.6M","64.6M","64.5M","64.5M","64.45M","64.4M","64.350006M","64.05M","64.0M","63.699997M","63.65M","63.6M","63.55M","63.449997M","63.35M","63.25M","63.2M","63.15M","63.15M","63.05M","63.05M","62.9M","62.9M","62.75M","62.75M","62.65M","62.6M","62.449997M","62.4M","62.25M","62.15M","62.0M"],"nokList":[]}