{"server":1333,"total":2873.75,"average":30.571808,"cpValues":[],"cpList":["55.1M","51.5M","49.8M","48.M","48.8M","47.M","45.1M","44.1M","43.6M","43.2M","42.2M","41.8M","40.5M","40M","39.8M","38.2M","37.9M","37.8M","37.3M","36.3M","35.7M","35.6M","35.5M","35.2M","35.1M","35M","35M","34.9M","34.4M","A3.6M","33.2M","32.4M","32.4M","32.2M","31.5M","30.9M","30.9M","30.8M","30.7M","30.5M","30M","30M","29.9M","29.8M","29.7M","29.5M","29M","29.7M","28.3M","28.3M","28M","27.8M","27.7M","27.5M","26.9M","26.5M","26.5M","26.5M","26.5M","26.2M","26.2M","26.1M","26M","25.QM","25.QM","25.7M","25.7M","25.6M","25.6M","25.5M","24.9M","24.8M","24.4M","24.4M","24.2M","24M","23.9M","23.5M","23.4M","23.2M","23.1M","23M","22.9M","22.7M","22.6M","22.6M","22.5M","22.5M","22.5M","22.3M","22.3M","22.2M","22.1M","22.1M","22.1M","22.1M","21.8M","21.6M","21.6M","21.5M"],"okList":["55.1M","52.449997M","49.75M","49.3M","47.5M","46.949997M","45.55M","44.35M","43.65M","42.9M","42.5M","41.35M","40.9M","40.15M","39.1M","38.85M","38.0M","37.6M","37.05M","36.5M","35.949997M","35.6M","35.4M","35.3M","35.1M","35.05M","34.95M","34.7M","33.800003M","32.800003M","32.300003M","31.95M","31.55M","31.2M","30.849998M","30.8M","30.65M","30.35M","30.25M","29.95M","29.9M","29.8M","29.65M","29.35M","29.6M","28.65M","29.0M","28.15M","28.05M","27.85M","27.65M","27.3M","27.0M","26.7M","26.5M","26.5M","26.35M","26.35M","26.150002M","26.1M","25.650002M","25.650002M","25.55M","25.25M","25.15M","24.65M","24.599998M","24.3M","24.2M","24.05M","23.75M","23.65M","23.35M","23.25M","23.1M","23.0M","22.85M","22.75M","22.650002M","22.55M","22.55M","22.5M","22.4M","22.4M","22.25M","22.2M","22.150002M","22.1M","22.1M","21.95M","21.85M","21.7M","21.55M","21.5M"],"nokList":["34.4M","33.2M","26M","25.QM","25.QM","25.7M"]}