{"server":1334,"total":4753.5005,"average":49.00516,"cpValues":[],"cpList":["67.9M","64.4M","62.5M","61.6M","60.6M","58.9M","58.1M","57.6M","57.1M","57M","56.2M","56.1M","56.1M","56M","55.9M","55.7M","55.1M","54.8M","54.6M","54.6M","54.5M","54.2M","54.1M","53.6M","53.1M","52.8M","52.3M","52.3M","52.1M","52M","51.7M","51.5M","51.4M","51.3M","51.3M","50.9M","50.6M","50.6M","50.4M","50.2M","50.2M","50.2M","50.1M","49.8M","49.7M","49.6M","49.4M","49.4M","48.2M","48M","47.M","47.5M","47.3M","47.2M","47.2M","47.1M","47M","47M","46.8M","46.6M","46.6M","46.4M","46.1M","45.6M","45.5M","45M","45M","44.5M","44.4M","44.4M","44.4M","44.1M","44.1M","44M","43.8M","42.9M","42.8M","42.7M","42.4M","42.3M","42.2M","42.2M","42M","42M","41.7M","41.6M","41.6M","41.2M","41.1M","41M","40.9M","40.6M","40.5M","#0.4M","40.3M","40.1M","40M","40M","39.9M","39.7M"],"okList":["67.9M","65.2M","63.0M","61.55M","60.25M","59.35M","58.25M","57.6M","57.3M","56.65M","56.55M","56.15M","56.05M","56.0M","55.85M","55.5M","55.25M","54.85M","54.699997M","54.55M","54.4M","54.3M","53.9M","53.6M","53.199997M","52.699997M","52.55M","52.199997M","52.15M","51.9M","51.75M","51.550003M","51.4M","51.35M","51.1M","50.949997M","50.75M","50.5M","50.4M","50.300003M","50.2M","50.15M","50.0M","49.9M","49.699997M","49.550003M","49.5M","48.800003M","48.7M","47.6M","47.75M","47.15M","47.35M","47.25M","47.15M","47.1M","47.05M","46.9M","46.8M","46.699997M","46.5M","46.35M","46.0M","45.8M","45.3M","45.25M","44.75M","44.7M","44.45M","44.4M","44.25M","44.25M","44.05M","43.949997M","43.45M","43.3M","42.800003M","42.6M","42.5M","42.300003M","42.25M","42.1M","42.1M","41.85M","41.8M","41.65M","41.4M","41.35M","41.1M","41.0M","40.8M","40.7M","40.15M","40.05M","39.95M","39.85M","39.7M"],"nokList":["40.5M","#0.4M","40.3M"]}