{"server":1336,"total":4965.45,"average":51.19021,"cpValues":[],"cpList":["87.9M","70.2M","69.9M","66.7M","65.7M","65.3M","65.1M","65M","63.4M","61.6M","61.3M","61.1M","61.1M","60.5M","58.7M","58.6M","56.8M","56.7M","56.4M","56.4M","56.2M","56.1M","55.9M","55.8M","55.6M","55.5M","54.8M","54.7M","54.7M","54.7M","54.4M","54.4M","54.3M","54.1M","54M","53.4M","53.1M","52.4M","52.4M","52.2M","52M","51.8M","51.7M","51.6M","51.5M","51.4M","51M","51M","51M","50.1M","49.9M","49.6M","49.4M","49.3M","49.3M","49.2M","49M","48.3M","48M","47.8M","47.5M","47.5M","46M","45.8M","45.5M","45.5M","45.4M","45.3M","45.2M","44.9M","44.4M","44.1M","44.1M","44.1M","44.1M","43.9M","43.8M","43.4M","43.2M","43.1M","42.8M","42.6M","42.4M","42.1M","41.8M","41.3M","41.2M","41.2M","41.1M","41.1M","40.9M","40.8M","40.7M","#0.7M","40.7M","40.5M","40.4M","40.2M","39.9M","39.6M"],"okList":["87.9M","78.9M","68.45M","67.8M","66.0M","65.399994M","65.15M","64.25M","63.3M","62.35M","61.35M","61.199997M","60.8M","59.9M","59.55M","57.75M","57.65M","56.6M","56.550003M","56.300003M","56.25M","56.050003M","55.949997M","55.75M","55.65M","55.199997M","55.1M","54.75M","54.7M","54.550003M","54.550003M","54.35M","54.25M","54.15M","53.75M","53.55M","52.9M","52.75M","52.300003M","52.2M","52.0M","51.85M","51.699997M","51.6M","51.5M","51.25M","51.2M","51.0M","50.55M","50.45M","49.85M","49.65M","49.449997M","49.35M","49.25M","49.15M","48.75M","48.5M","48.05M","47.75M","47.65M","46.75M","46.65M","45.75M","45.65M","45.45M","45.4M","45.300003M","45.1M","44.800003M","44.5M","44.25M","44.1M","44.1M","44.0M","43.949997M","43.65M","43.5M","43.25M","43.0M","42.85M","42.6M","42.35M","42.1M","41.699997M","41.5M","41.25M","41.15M","41.15M","41.0M","40.949997M","40.800003M","40.550003M","40.35M","40.15M","39.9M","39.6M"],"nokList":["40.7M","#0.7M","40.7M"]}