{"time":1755515870286,"server":1336,"cpList":["93.9M","746M","73.4M","68.9M","68.4M","66.7M","65.5M","64.5M","642M","63.5M","62M","61.6M","61.1M","60.9M","59.4M","58.9M","58.6M","57.8M","57.7M","57.1M","57M","56.9M","56.9M","56.6M","56.4M","56.3M","55.5M","54.5M","54.4M","54.1M","54M","53.4M","53.3M","53.2M","52.7M","52.4M","52.3M","52.2M","52M","52M","51.9M","51.7M","51.4M","51.3M","57M","50.2M","50.1M","50M","49.7M","49M","48.7M","47.8M","47.5M","47.5M","46.9M","45.8M","45.7M","45.5M","45.5M","45.5M","45.5M","45.2M","45.2M","448M","44.4M","442M","441M","441M","441M","44M","43.9M","43.4M","43.1M","42.8M","42.7M","42.5M","42.1M","41.9M","41.8M","41.7M","41.7M","41.7M","41.5M","412M","41M","40.8M","40.7M","40.7M","40.7M","40.6M","40.5M","40.3M","39.5M","39.4M","39.4M","39.4M","39.4M","39.1M","38.9M","38.7M"],"okList":["9.390000000000002E-6M","1.4599999999999998E-7M","7.340000000000001E-8M","6.890000000000001E-9M","6.840000000000001E-9M","6.670000000000001E-9M","6.550000000000001E-9M","6.45E-9M","6.419999999999999E-8M","6.35E-9M","6.2E-9M","6.159999999999999E-9M","6.11E-9M","6.09E-9M","5.9400000000000006E-9M","5.89E-9M","5.86E-9M","5.7799999999999995E-9M","5.7700000000000005E-9M","5.71E-9M","5.7E-9M","5.69E-9M","5.69E-9M","5.660000000000001E-9M","5.6399999999999995E-9M","5.63E-9M","5.55E-9M","5.45E-9M","5.44E-9M","5.410000000000001E-9M","5.4E-9M","5.34E-9M","5.329999999999999E-9M","5.32E-9M","5.270000000000001E-9M","5.24E-9M","5.23E-9M","5.22E-9M","5.2E-9M","5.2E-9M","5.1900000000000005E-9M","5.17E-9M","5.140000000000001E-9M","5.13E-9M","5.7E-9M","5.0200000000000004E-9M","5.01E-9M","5.0E-9M","4.970000000000001E-9M","4.9E-9M","4.870000000000001E-9M","4.779999999999999E-9M","4.7499999999999995E-9M","4.7499999999999995E-9M","4.689999999999999E-9M","4.58E-9M","4.57E-9M","4.55E-9M","4.55E-9M","4.55E-9M","4.55E-9M","4.519999999999999E-9M","4.519999999999999E-9M","4.4800000000000004E-8M","4.44E-9M","4.419999999999999E-8M","4.4100000000000004E-8M","4.4100000000000004E-8M","4.4100000000000004E-8M","4.4000000000000005E-9M","4.389999999999999E-9M","4.34E-9M","4.31E-9M","4.279999999999999E-9M","4.27E-9M","4.25E-9M","4.21E-9M","4.190000000000001E-9M","4.18E-9M","4.17E-9M","4.17E-9M","4.17E-9M","4.15E-9M","4.12E-8M","4.0999999999999995E-9M","4.079999999999999E-9M","4.070000000000001E-9M","4.070000000000001E-9M","4.070000000000001E-9M","4.0600000000000005E-9M","4.050000000000001E-9M","4.03E-9M","3.950000000000001E-9M","3.94E-9M","3.94E-9M","3.94E-9M","3.94E-9M","3.91E-9M","3.8900000000000004E-9M","3.87E-9M"],"nokList":[]}