{"server":1337,"total":5481.9995,"average":58.94623,"cpValues":[],"cpList":["123M","106M","104M","101M","83.8M","77.9M","71.4M","71.1M","70.5M","69.5M","69.4M","6AM","67.8M","67.4M","66.4M","66.2M","65.9M","65M","64.8M","64.8M","64.3M","63.2M","63.2M","62.8M","62.6M","61.9M","61.7M","61.7M","61M","60.9M","60.2M","60M","59.8M","59.4M","59.4M","59.3M","59.1M","59.1M","58.8M","58.5M","58.2M","58.1M","57.QM","57.QM","57.QM","57.6M","57.1M","57M","57M","56.4M","55.6M","55.6M","55.3M","55.3M","55.2M","55M","55M","54.6M","54.6M","54.5M","54.3M","53.8M","53.7M","53.6M","53.5M","53.4M","53.1M","52.9M","52.8M","52.7M","52.6M","52M","51.9M","51.6M","51.4M","51.4M","51.4M","51.2M","50.8M","50.7M","50M","49.9M","49.8M","49.7M","49.5M","49.4M","49M","48.8M","48.7M","48.6M","48.4M","48.4M","48.3M","48.3M","47.7M","41.M","47.4M","47.3M","47M","46.7M"],"okList":["123.0M","113.5M","103.5M","93.9M","89.45M","77.600006M","74.5M","70.95M","70.3M","69.95M","68.600006M","67.100006M","66.8M","66.15M","65.6M","65.350006M","64.9M","64.55M","64.0M","63.75M","63.0M","62.9M","62.35M","62.15M","61.800003M","61.35M","61.300003M","60.6M","60.45M","60.0M","59.7M","59.6M","59.35M","59.25M","59.199997M","58.949997M","58.8M","58.5M","58.3M","57.3M","57.05M","56.7M","56.3M","56.0M","55.449997M","55.449997M","55.25M","55.15M","55.1M","54.8M","54.8M","54.55M","54.449997M","54.15M","54.0M","53.699997M","53.6M","53.5M","53.3M","53.15M","52.949997M","52.800003M","52.699997M","52.35M","52.25M","51.8M","51.65M","51.5M","51.4M","51.300003M","51.1M","50.95M","50.4M","50.300003M","49.9M","49.800003M","49.65M","49.550003M","49.25M","49.1M","48.85M","48.699997M","48.550003M","48.5M","48.35M","48.35M","48.0M","44.65M","47.550003M","44.15M","47.2M","47.0M","46.7M"],"nokList":["69.4M","67.8M","58.1M","57.QM","57.QM","57.QM","57.6M"]}