{"server":1341,"total":4592.1504,"average":47.8349,"cpValues":[],"cpList":["N2M","73.5M","72M","71.4M","67.5M","67.1M","66.7M","66.4M","6M","64.5M","62.4M","62.2M","61.8M","61.7M","61.5M","61.3M","60.5M","60.2M","60.2M","59.2M","59M","58.5M","57.6M","57.1M","56.9M","56.8M","56.7M","56.5M","56.4M","55.9M","55.2M","53.6M","53.5M","53.2M","53.1M","52.9M","52.8M","52.4M","51M","50.8M","50.4M","50.2M","49.9M","49.9M","49.6M","49.2M","49.1M","49M","48.M","48.5M","48.3M","48.2M","47.9M","46.8M","46.7M","46.1M","46M","45.8M","44.6M","44M","43.9M","43.8M","43.6M","43.6M","43.5M","42.8M","41.9M","41.6M","41M","40.7M","40.5M","40.4M","40.1M","38.8M","38.4M","37.9M","37.4M","37.3M","37.3M","37.2M","37M","37M","36.4M","36.4M","36.3M","A6.1M","35.7M","35.5M","35.3M","35.2M","35M","34.7M","34.3M","34.3M","34M","33.9M","33.9M","33.4M","33.4M","33.3M"],"okList":["72.45M","69.75M","69.25M","67.1M","66.75M","36.35M","65.45M","34.2M","63.35M","62.1M","61.95M","61.65M","61.5M","61.0M","60.75M","60.35M","59.7M","59.6M","58.85M","58.3M","57.8M","57.25M","56.949997M","56.800003M","56.65M","56.550003M","56.2M","55.800003M","54.75M","54.35M","53.4M","53.3M","53.050003M","52.949997M","52.65M","51.9M","51.6M","50.7M","50.5M","50.15M","50.050003M","49.75M","49.550003M","49.35M","49.1M","48.55M","48.75M","48.15M","48.35M","48.1M","47.5M","47.300003M","46.449997M","46.35M","45.949997M","45.3M","44.9M","44.25M","43.9M","43.75M","43.699997M","43.55M","43.199997M","42.7M","42.199997M","41.45M","41.15M","40.75M","40.550003M","40.3M","39.6M","39.25M","38.35M","37.9M","37.6M","37.35M","37.25M","37.15M","37.1M","36.7M","36.7M","36.35M","36.0M","35.5M","35.35M","35.15M","34.95M","34.65M","34.5M","34.15M","34.1M","33.95M","33.65M","33.65M","33.35M","33.3M"],"nokList":["N2M","73.5M","36.3M","35.7M"]}