{"time":1755515896497,"server":1341,"cpList":["92.7M","746M","74.3M","72.7M","69.5M","69.2M","68.9M","68.6M","68.2M","66M","64.8M","64.7M","64.5M","64.1M","63.6M","63.4M","62.7M","62.2M","61.7M","61.4M","60.9M","60.8M","60.1M","59.7M","59.6M","59M","58.8M","58.4M","58.4M","58M","55.2M","54.9M","54.9M","54M","53.5M","53.3M","53.1M","52.9M","52.8M","52.2M","51.6M","51.5M","50.9M","50.7M","50.2M","49.2M","49.2M","49.2M","49M","48.5M","48.3M","48.2M","47.9M","47.3M","46.9M","468M","46.7M","45.8M","45.8M","45M","45M","44M","43.9M","43.8M","43.5M","42.9M","42.8M","41.9M","41.6M","41.1M","41M","40.9M","40.9M","40.1M","39M","38.8M","38.7M","38.6M","38.4M","38.1M","37.9M","37.3M","37.3M","37.2M","37M","37M","36.4M","35.8M","35.7M","35.2M","35.2M","34.7M","34.7M","34.3M","34.3M","33.9M","33.9M","33.8M","33.7M","33.6M"],"okList":["9.27E-6M","1.4599999999999998E-7M","7.43E-8M","7.269999999999999E-9M","6.949999999999999E-9M","6.92E-9M","6.890000000000001E-9M","6.86E-9M","6.82E-9M","6.6E-9M","6.48E-9M","6.47E-9M","6.45E-9M","6.409999999999999E-9M","6.36E-9M","6.34E-9M","6.270000000000001E-9M","6.22E-9M","6.17E-9M","6.14E-9M","6.09E-9M","6.08E-9M","6.01E-9M","5.97E-9M","5.96E-9M","5.9E-9M","5.88E-9M","5.84E-9M","5.84E-9M","5.8E-9M","5.520000000000001E-9M","5.49E-9M","5.49E-9M","5.4E-9M","5.350000000000001E-9M","5.329999999999999E-9M","5.310000000000001E-9M","5.2900000000000006E-9M","5.280000000000001E-9M","5.22E-9M","5.160000000000001E-9M","5.15E-9M","5.0900000000000004E-9M","5.07E-9M","5.0200000000000004E-9M","4.920000000000001E-9M","4.920000000000001E-9M","4.920000000000001E-9M","4.9E-9M","4.8500000000000004E-9M","4.83E-9M","4.820000000000001E-9M","4.79E-9M","4.73E-9M","4.689999999999999E-9M","4.6799999999999996E-8M","4.670000000000001E-9M","4.58E-9M","4.58E-9M","4.500000000000001E-9M","4.500000000000001E-9M","4.4000000000000005E-9M","4.389999999999999E-9M","4.379999999999999E-9M","4.35E-9M","4.289999999999999E-9M","4.279999999999999E-9M","4.190000000000001E-9M","4.1600000000000005E-9M","4.109999999999999E-9M","4.0999999999999995E-9M","4.09E-9M","4.09E-9M","4.010000000000001E-9M","3.899999999999999E-9M","3.879999999999999E-9M","3.87E-9M","3.86E-9M","3.84E-9M","3.81E-9M","3.7899999999999995E-9M","3.729999999999999E-9M","3.729999999999999E-9M","3.7200000000000012E-9M","3.7000000000000005E-9M","3.7000000000000005E-9M","3.64E-9M","3.5799999999999996E-9M","3.57E-9M","3.5200000000000007E-9M","3.5200000000000007E-9M","3.4700000000000002E-9M","3.4700000000000002E-9M","3.43E-9M","3.43E-9M","3.3899999999999997E-9M","3.3899999999999997E-9M","3.3799999999999995E-9M","3.37E-9M","3.3600000000000004E-9M"],"nokList":[]}