{"time":1755515923414,"server":1343,"cpList":["74.7M","71.6M","67.8M","67.7M","63.9M","60M","57.5M","56.6M","56.5M","55.3M","54.6M","53.9M","53.6M","53.5M","53.2M","52.3M","52.2M","52.1M","51.6M","51.6M","51.2M","51.2M","51.1M","51.1M","57M","50.9M","50.2M","50.1M","49.6M","49.4M","49.2M","49.2M","48.8M","48.7M","48.6M","47.2M","47.1M","47M","46.9M","46.7M","46.5M","45.4M","45.1M","446M","43.9M","43.5M","43.3M","43.3M","43.1M","42.8M","42.7M","42.4M","42.4M","42M","41.9M","41.4M","41.3M","412M","41.1M","41M","41M","40.9M","40.7M","40.5M","40.5M","40.4M","40.2M","40.2M","40.2M","40.1M","39.9M","39.7M","39.4M","39.1M","39.1M","39M","39M","38.9M","38.7M","38.6M","38.4M","38.4M","38.2M","38.2M","37.9M","37.6M","37.6M","36.8M","36.5M","36.5M","36.2M","36M","35.9M","35.9M","35.8M","35.7M","35.5M","35.5M","35.4M","35.4M"],"okList":["74.7M","71.6M","67.8M","67.7M","63.9M","60.0M","57.5M","56.6M","56.5M","55.3M","54.6M","53.9M","53.6M","53.5M","53.2M","52.3M","52.2M","52.1M","51.6M","51.6M","0.512M","0.00512M","5.11E-5M","5.110000000000001E-7M","5.6999999999999994E-8M","5.0900000000000004E-9M","5.0200000000000004E-9M","5.01E-9M","4.96E-9M","4.940000000000001E-9M","4.920000000000001E-9M","4.920000000000001E-9M","4.8800000000000005E-9M","4.870000000000001E-9M","4.86E-9M","4.72E-9M","4.7100000000000005E-9M","4.699999999999999E-9M","4.689999999999999E-9M","4.670000000000001E-9M","4.65E-9M","4.5400000000000005E-9M","4.51E-9M","4.4599999999999996E-8M","4.389999999999999E-9M","4.35E-9M","4.33E-9M","4.33E-9M","4.31E-9M","4.279999999999999E-9M","4.27E-9M","4.24E-9M","4.24E-9M","4.2E-9M","4.190000000000001E-9M","4.139999999999999E-9M","4.1300000000000004E-9M","4.12E-8M","4.109999999999999E-9M","4.0999999999999995E-9M","4.0999999999999995E-9M","4.09E-9M","4.070000000000001E-9M","4.050000000000001E-9M","4.050000000000001E-9M","4.039999999999999E-9M","4.020000000000001E-9M","4.020000000000001E-9M","4.020000000000001E-9M","4.010000000000001E-9M","3.99E-9M","3.97E-9M","3.94E-9M","3.91E-9M","3.91E-9M","3.899999999999999E-9M","3.899999999999999E-9M","3.8900000000000004E-9M","3.87E-9M","3.86E-9M","3.84E-9M","3.84E-9M","3.8200000000000005E-9M","3.8200000000000005E-9M","3.7899999999999995E-9M","3.7599999999999994E-9M","3.7599999999999994E-9M","3.68E-9M","3.65E-9M","3.65E-9M","3.6200000000000003E-9M","3.6E-9M","3.59E-9M","3.59E-9M","3.5799999999999996E-9M","3.57E-9M","3.5499999999999995E-9M","3.5499999999999995E-9M","3.54E-9M","3.54E-9M"],"nokList":[]}