{"time":1755509852126,"server":135,"cpList":["75.1M","742M","71.2M","65.2M","642M","63.6M","63.2M","63.1M","62.9M","62.7M","61.7M","61.3M","61.1M","60.8M","60.7M","60.6M","60.6M","60.6M","60.3M","60M","59.6M","59.6M","59.1M","58.9M","58.2M","58.1M","58.1M","58M","57.9M","57.1M","56.9M","56.9M","56.6M","56.4M","55.7M","55.7M","54.6M","54.4M","54.4M","543M","54M","54M","54M","53.4M","53.4M","53.2M","53M","52.4M","51.9M","51.9M","51.8M","51.7M","51.6M","51.6M","51.6M","51.5M","57M","50.7M","50.5M","49.8M","49.6M","49.2M","49.1M","49.1M","49M","49M","48.6M","48.5M","48.5M","48.4M","47.2M","47.2M","47.2M","47.2M","47M","47M","46.7M","46.6M","46.5M","46.4M","46.3M","461M","45.9M","45.8M","45.7M","45.1M","45M","44.9M","443M","442M","43.9M","43.9M","43.9M","43.7M","43.6M","43.6M","43.3M","43.1M","42.9M","42.8M"],"okList":["7.51E-6M","1.4199999999999997E-7M","7.12E-8M","6.5200000000000015E-9M","6.419999999999999E-8M","6.36E-9M","6.3200000000000005E-9M","6.31E-9M","6.290000000000001E-9M","6.270000000000001E-9M","6.17E-9M","6.13E-9M","6.11E-9M","6.08E-9M","6.07E-9M","6.06E-9M","6.06E-9M","6.06E-9M","6.03E-9M","6.0E-9M","5.96E-9M","5.96E-9M","5.91E-9M","5.89E-9M","5.820000000000001E-9M","5.8099999999999996E-9M","5.8099999999999996E-9M","5.8E-9M","5.79E-9M","5.71E-9M","5.69E-9M","5.69E-9M","5.660000000000001E-9M","5.6399999999999995E-9M","5.57E-9M","5.57E-9M","5.4600000000000006E-9M","5.44E-9M","5.44E-9M","5.4299999999999997E-8M","5.4E-9M","5.4E-9M","5.4E-9M","5.34E-9M","5.34E-9M","5.32E-9M","5.3E-9M","5.24E-9M","5.1900000000000005E-9M","5.1900000000000005E-9M","5.180000000000001E-9M","5.17E-9M","5.160000000000001E-9M","5.160000000000001E-9M","5.160000000000001E-9M","5.15E-9M","5.7E-9M","5.07E-9M","5.0500000000000006E-9M","4.979999999999999E-9M","4.96E-9M","4.920000000000001E-9M","4.910000000000001E-9M","4.910000000000001E-9M","4.9E-9M","4.9E-9M","4.86E-9M","4.8500000000000004E-9M","4.8500000000000004E-9M","4.839999999999999E-9M","4.72E-9M","4.72E-9M","4.72E-9M","4.72E-9M","4.699999999999999E-9M","4.699999999999999E-9M","4.670000000000001E-9M","4.66E-9M","4.65E-9M","4.6400000000000005E-9M","4.629999999999999E-9M","4.610000000000001E-8M","4.59E-9M","4.58E-9M","4.57E-9M","4.51E-9M","4.500000000000001E-9M","4.49E-9M","4.43E-8M","4.419999999999999E-8M","4.389999999999999E-9M","4.389999999999999E-9M","4.389999999999999E-9M","4.3700000000000004E-9M","4.360000000000001E-9M","4.360000000000001E-9M","4.33E-9M","4.31E-9M","4.289999999999999E-9M","4.279999999999999E-9M"],"nokList":[]}