{"server":1353,"total":3227.7502,"average":33.275776,"cpValues":[],"cpList":["53.7M","50.9M","50.5M","50M","49.2M","49.1M","49.1M","48.7M","48.2M","47.M","47.1M","46.5M","44.7M","44M","43.6M","43M","42.5M","42.1M","41.4M","40.8M","40.4M","40.3M","39.8M","38.3M","38.1M","78M","37.8M","37.5M","37.1M","37M","35.6M","35.4M","35.1M","35.1M","34.8M","34.8M","34.8M","34.7M","34.7M","34.1M","33.9M","33.8M","33.1M","32.6M","31.3M","31.2M","31M","30.6M","30.6M","30.3M","29.9M","29.8M","29.8M","29.2M","29.2M","28.9M","28.8M","29.7M","28M","27.7M","27.6M","27.5M","27.4M","27.1M","27M","27M","27M","26.9M","26.2M","25.QM","25.8M","25.7M","25.5M","25.4M","25.2M","25.1M","25M","24.7M","24.6M","24.6M","24.4M","24.3M","24.3M","24.2M","24.2M","24.2M","24M","23.7M","23.7M","23.5M","23.4M","22.9M","22.9M","22.9M","22.8M","22.8M","22.8M","22.8M","22.7M","22.2M"],"okList":["53.7M","52.1M","50.45M","49.85M","49.55M","49.15M","48.9M","48.65M","47.85M","47.65M","46.75M","45.9M","45.25M","44.15M","43.5M","43.05M","42.55M","41.95M","41.449997M","40.9M","40.55M","40.1M","39.3M","38.949997M","58.15M","37.949997M","57.75M","37.449997M","37.25M","36.35M","36.2M","35.35M","35.25M","34.949997M","34.949997M","34.8M","34.75M","34.75M","34.4M","34.300003M","33.949997M","33.5M","33.199997M","32.199997M","31.9M","31.15M","30.900002M","30.8M","30.45M","30.25M","30.05M","29.849998M","29.5M","29.5M","29.05M","29.0M","29.3M","28.4M","28.7M","27.8M","27.6M","27.5M","27.3M","27.2M","27.05M","27.0M","26.95M","26.6M","25.65M","25.55M","25.35M","25.25M","25.1M","24.900002M","24.8M","24.650002M","24.5M","24.45M","24.349998M","24.25M","24.25M","24.2M","24.1M","23.95M","23.85M","23.6M","23.55M","23.2M","23.15M","22.9M","22.849998M","22.849998M","22.8M","22.8M","22.75M","22.5M","22.2M"],"nokList":["26.2M","25.QM","25.8M"]}