{"server":1357,"total":4913.5005,"average":50.654644,"cpValues":[],"cpList":["81.8M","80.6M","74.8M","72.8M","70M","67.2M","65.3M","64.7M","64.3M","64.2M","63.7M","63.1M","61.8M","61.6M","61.1M","60.5M","60.4M","60.1M","59.6M","58.8M","56.1M","55.5M","54.1M","54.1M","53.8M","53.7M","53.6M","52.6M","52.2M","52.2M","52.1M","51.9M","51.7M","51.6M","51.6M","51M","50.9M","50.7M","50.7M","50.4M","50.1M","49.8M","49.8M","49.8M","49M","48.M","48.8M","48.7M","48.4M","48.3M","48M","47.8M","47.M","47.1M","47.1M","47M","46.5M","46.5M","46M","45.7M","45.4M","45.3M","45.1M","44.6M","44.6M","44.5M","44.2M","44.2M","43.9M","43.9M","43.7M","43.5M","43.5M","43.2M","42.9M","42.9M","42.8M","42.8M","42.8M","42.7M","42.5M","42.5M","42.3M","42.1M","42.1M","42M","41.9M","41.8M","41.8M","41.8M","41.8M","41.7M","41.5M","#1.5M","41.0","41.3M","41.3M","41.2M","41.1M","41M"],"okList":["81.8M","78.3M","76.7M","72.4M","70.0M","67.65M","65.95M","64.8M","64.45M","64.0M","63.649998M","62.75M","62.35M","61.449997M","61.05M","60.75M","60.3M","60.0M","59.449997M","57.85M","57.15M","55.1M","54.8M","53.949997M","53.9M","53.699997M","53.15M","52.9M","52.4M","52.15M","52.050003M","51.9M","51.75M","51.65M","51.3M","51.25M","50.85M","50.800003M","50.550003M","50.4M","50.1M","49.949997M","49.8M","49.4M","48.9M","48.9M","48.35M","48.6M","48.5M","48.2M","48.05M","47.5M","47.449997M","47.1M","47.05M","46.8M","46.75M","46.25M","46.1M","45.7M","45.5M","45.25M","44.949997M","44.85M","44.55M","44.4M","44.35M","44.050003M","44.050003M","43.800003M","43.7M","43.6M","43.35M","43.2M","43.050003M","42.85M","42.85M","42.8M","42.75M","42.65M","42.6M","42.4M","42.3M","42.199997M","42.05M","42.0M","41.9M","41.85M","41.8M","41.8M","41.75M","41.65M","41.3M","41.25M","41.199997M","41.1M","41.0M"],"nokList":["41.5M","#1.5M","41.0"]}