{"server":1363,"total":5140.1504,"average":54.106846,"cpValues":[],"cpList":["135M","19M","88.1M","87.3M","85.6M","84.6M","83.3M","81.6M","81.6M","77.4M","76.9M","76.3M","75M","74.8M","70.7M","69.7M","68.8M","67.8M","67.2M","66.5M","64.1M","63.7M","62.7M","62.6M","62.5M","62.2M","61M","60.9M","59.3M","57.QM","57.2M","55.8M","55.8M","55.2M","54.6M","53.8M","53.5M","53.4M","53.4M","53.1M","52.8M","52.7M","51.5M","51.4M","51.1M","50.8M","50.7M","50.3M","49.8M","49.6M","49.5M","49.2M","49.1M","48.3M","48M","47.9M","47.6M","47.1M","47M","46M","45.6M","45M","44.9M","44.9M","43.9M","43.6M","43.6M","43.6M","43.4M","42.8M","42.5M","42.1M","41.9M","41.3M","41.2M","41.1M","41M","40.9M","40.8M","39.6M","39.4M","39.4M","38.9M","38.7M","AA.6M","38.5M","38.4M","78M","37.9M","37.7M","37.7M","37.6M","37.M","37.1M","36.7M","36.4M","36M","35.5M","35.5M","35.1M"],"okList":["135.0M","111.55M","53.15M","86.85M","85.95M","84.45M","83.1M","82.45M","79.5M","79.25M","76.850006M","75.95M","75.55M","72.85M","72.25M","69.75M","68.75M","68.0M","67.15M","65.649994M","65.1M","63.4M","63.15M","62.6M","62.4M","61.75M","61.550003M","60.15M","56.5M","55.5M","55.199997M","54.5M","54.05M","53.6M","53.45M","53.25M","53.1M","52.9M","52.15M","52.050003M","51.3M","51.1M","50.9M","50.55M","50.25M","49.949997M","49.65M","49.4M","49.3M","48.75M","48.55M","48.1M","47.8M","47.5M","47.3M","46.55M","46.3M","45.5M","45.25M","44.95M","44.4M","44.25M","43.75M","43.6M","43.5M","43.199997M","42.95M","42.449997M","42.2M","41.699997M","41.550003M","41.199997M","41.1M","41.0M","40.9M","40.25M","40.1M","39.5M","39.15M","39.050003M","38.6M","58.25M","38.15M","57.85M","37.800003M","37.65M","37.35M","37.35M","36.85M","36.75M","36.35M","35.95M","35.75M","35.3M","35.1M"],"nokList":["59.3M","57.QM","57.2M","38.7M","38.5M"]}