{"time":1755516002586,"server":1366,"cpList":["91.5M","79.6M","78.1M","76.8M","76.5M","73.3M","71.6M","77M","67.3M","65.3M","63.6M","63.1M","63M","62M","61.9M","60.9M","59.3M","58.3M","57.6M","57.3M","56.8M","56.3M","54.7M","53.3M","53.3M","52.9M","52.5M","51.2M","57M","50.5M","49.2M","48.4M","48M","47.8M","47.7M","47.1M","468M","46.5M","45.8M","45.6M","45.4M","45.2M","45M","44.5M","44.4M","443M","43.7M","43.5M","43.3M","43.3M","43M","41.7M","41.7M","41.6M","41.5M","41.4M","412M","40.9M","40.6M","40.5M","40.2M","40.1M","39.9M","39M","38.7M","37.9M","37.8M","37.6M","36.7M","36.6M","36.6M","35.6M","35.5M","35M","346M","34.3M","342M","33.9M","33.6M","33.6M","32.3M","32.2M","32.2M","31.6M","31.3M","30.8M","30.6M","30.3M","29.6M","29.4M","29.2M","29.2M","29.1M","29.1M","29M","29M","29M","28.9M","28.8M","28.7M"],"okList":["91.5M","79.6M","78.1M","0.768M","0.0076500000000000005M","7.329999999999999E-5M","7.159999999999999E-7M","7.699999999999999E-8M","6.73E-9M","6.53E-9M","6.36E-9M","6.31E-9M","6.3E-9M","6.2E-9M","6.19E-9M","6.09E-9M","5.93E-9M","5.83E-9M","5.760000000000001E-9M","5.73E-9M","5.6799999999999986E-9M","5.63E-9M","5.47E-9M","5.329999999999999E-9M","5.329999999999999E-9M","5.2900000000000006E-9M","5.250000000000001E-9M","5.1200000000000005E-9M","5.7E-9M","5.0500000000000006E-9M","4.920000000000001E-9M","4.839999999999999E-9M","4.8E-9M","4.779999999999999E-9M","4.770000000000001E-9M","4.7100000000000005E-9M","4.6799999999999996E-8M","4.65E-9M","4.58E-9M","4.559999999999999E-9M","4.5400000000000005E-9M","4.519999999999999E-9M","4.500000000000001E-9M","4.45E-9M","4.44E-9M","4.43E-8M","4.3700000000000004E-9M","4.35E-9M","4.33E-9M","4.33E-9M","4.3000000000000005E-9M","4.17E-9M","4.17E-9M","4.1600000000000005E-9M","4.15E-9M","4.139999999999999E-9M","4.12E-8M","4.09E-9M","4.0600000000000005E-9M","4.050000000000001E-9M","4.020000000000001E-9M","4.010000000000001E-9M","3.99E-9M","3.899999999999999E-9M","3.87E-9M","3.7899999999999995E-9M","3.78E-9M","3.7599999999999994E-9M","3.6700000000000004E-9M","3.66E-9M","3.66E-9M","3.5600000000000005E-9M","3.5499999999999995E-9M","3.5E-9M","3.46E-8M","3.43E-9M","3.42E-8M","3.3899999999999997E-9M","3.3600000000000004E-9M","3.3600000000000004E-9M","3.229999999999999E-9M","3.2200000000000005E-9M","3.2200000000000005E-9M","3.1600000000000003E-9M","3.13E-9M","3.0799999999999997E-9M","3.0599999999999998E-9M","3.03E-9M","2.9600000000000005E-9M","2.94E-9M","2.92E-9M","2.92E-9M","2.9100000000000005E-9M","2.9100000000000005E-9M","2.9E-9M","2.9E-9M","2.9E-9M","2.8899999999999997E-9M","2.8800000000000004E-9M","2.87E-9M"],"nokList":[]}