{"server":1366,"total":4125.2505,"average":45.836117,"cpValues":[],"cpList":["88.9M","74.4M","74.4M","74.3M","74.1M","71.7M","69.7M","69.3M","63.6M","63.6M","62.8M","61.9M","60.1M","59.2M","59.1M","58.5M","57M","56.6M","56.4M","56.2M","54.7M","54.6M","54M","52.9M","51.3M","50.6M","49.7M","49.2M","48.6M","48.1M","47.M","47.6M","47.5M","46.8M","46.8M","46.5M","46.2M","46M","45.7M","45.6M","44.4M","44.3M","43.7M","43.7M","43.3M","43.3M","43M","41.7M","41.7M","41.4M","41.4M","41.3M","41.2M","40.9M","40.9M","40.7M","40.6M","40.3M","40.2M","40.1M","39.9M","39.7M","39.6M","39M","38.2M","37.8M","37.6M","36.8M","36.7M","A6.6M","A6.6M","35.6M","35.5M","35M","34.3M","33.9M","33.9M","A3.6M","A3.6M","33.4M","32.3M","32.2M","31.5M","31.3M","31.1M","30.6M","30.4M","30.3M","29.6M","29.4M","29.2M","29.2M","29.1M","29.1M","29M","29M","29M","2A.8M","28.7M","2A.7M"],"okList":["88.9M","81.65M","74.350006M","74.25M","73.0M","71.899994M","70.5M","66.649994M","66.45M","63.199997M","62.75M","61.449997M","60.550003M","59.6M","58.85M","58.05M","57.55M","56.7M","56.4M","55.550003M","55.4M","54.35M","53.75M","52.65M","51.75M","50.5M","49.9M","49.15M","48.65M","47.8M","47.85M","47.25M","47.199997M","47.15M","46.65M","46.5M","46.25M","45.95M","45.8M","45.050003M","44.949997M","44.050003M","44.0M","43.5M","43.5M","43.15M","42.5M","42.35M","41.550003M","41.550003M","41.35M","41.300003M","41.1M","41.050003M","40.800003M","40.75M","40.5M","40.4M","40.199997M","40.050003M","39.9M","39.75M","39.35M","38.9M","38.4M","37.9M","37.3M","37.15M","35.3M","34.9M","34.45M","34.1M","32.800003M","31.9M","31.75M","31.3M","30.95M","30.75M","30.45M","30.0M","29.849998M","29.400002M","29.3M","29.150002M","29.150002M","29.05M","29.05M","29.0M","28.85M","28.7M"],"nokList":["36.7M","A6.6M","A6.6M","35.6M","33.9M","A3.6M","A3.6M","33.4M","29M","28.7M"]}