{"server":1368,"total":4062.3503,"average":43.681187,"cpValues":[],"cpList":["6AM","67.6M","63.2M","60.9M","57.8M","57.6M","56.9M","56.4M","56.2M","55.8M","54.7M","54.6M","54.3M","53.6M","53.1M","52.4M","52.4M","52M","50.3M","50.3M","50.3M","49.4M","48.M","48.4M","48.4M","48.2M","48.1M","47.6M","47.4M","47.3M","47.2M","47.1M","46.6M","46.2M","45.9M","45.6M","45.4M","45.1M","45.1M","44.9M","44.5M","44.1M","44M","43.7M","43.1M","42.8M","42.2M","42.1M","42M","41.9M","41.8M","41.8M","41.7M","41.6M","41.5M","41.4M","41M","40.8M","40.7M","40.6M","40.3M","40M","40M","39.6M","39.3M","AA.6M","38.5M","38.4M","38.1M","38.1M","37.9M","37.9M","37.4M","37.3M","37M","36.8M","A6.6M","36.5M","36.4M","36.4M","36.3M","36.2M","35.1M","34.8M","34.8M","34.5M","34.5M","34.2M","33.9M","A3.6M","33.5M","33.2M","33.1M","32.9M","32.5M","32M","31.7M","31.6M","31.4M","31.3M"],"okList":["68.0M","64.25M","60.5M","59.25M","57.35M","57.0M","56.550003M","56.1M","55.45M","55.199997M","54.5M","54.1M","53.699997M","53.0M","52.75M","52.2M","51.35M","51.15M","50.3M","49.85M","49.15M","48.9M","48.4M","48.300003M","48.25M","47.9M","47.75M","47.449997M","47.300003M","47.199997M","46.9M","46.65M","46.25M","45.9M","45.65M","45.35M","45.25M","45.0M","44.8M","44.5M","44.25M","43.9M","43.55M","43.25M","42.65M","42.449997M","42.1M","42.0M","41.9M","41.85M","41.75M","41.699997M","41.6M","41.5M","41.25M","41.1M","40.85M","40.699997M","40.5M","40.3M","40.15M","39.8M","39.65M","38.9M","38.3M","38.25M","38.0M","38.0M","37.65M","37.6M","37.2M","37.05M","36.65M","36.45M","36.35M","36.300003M","35.699997M","35.5M","34.949997M","34.65M","34.65M","34.35M","34.2M","33.7M","33.3M","33.050003M","32.8M","32.45M","32.1M","31.8M","31.55M","31.45M","31.3M"],"nokList":["67.6M","39.3M","38.5M","36.8M","36.5M","33.9M","33.5M"]}