{"server":1371,"total":2525.9,"average":32.803894,"cpValues":[],"cpList":["95.7M","65M","58.6M","52.1M","51.5M","51.4M","50.6M","48.9M","47.6M","44.6M","44.4M","44.3M","44.1M","43.8M","42.6M","40.7M","40.6M","40.4M","39.7M","38.4M","37.#M","37.4M","37.4M","37.3M","36.7M","35.9M","35.7M","35.3M","35.2M","34.5M","34.1M","34.1M","33.6M","33.1M","33.1M","33.1M","32M","31.1M","31M","30.2M","30.7M","30.7M","29.6M","29.2M","28.7M","28.5M","28.3M","21.4M","27M","27M","26.7M","26.4M","26.3M","26.1M","25.2M","24.#M","24.8M","24.4M","24.4M","24.2M","24.1M","23.#M","23.#M","23.7M","23.7M","23.6M","23M","22.#M","22.7M","22.4M","22.3M","22.2M","22.2M","22.1M","21.#M","21.#M","21.8M","21.8M","21.M","21.M","21.6M","21.5M","21.4M","21.4M","21.3M","21.3M","21.1M","21M","Z0.9M","Z0.4M","Z0.4M","Z0.2M","20.1M","20.1M","20.1M","20M","20M","20M","19.7M","19.7M"],"okList":["95.7M","77.149994M","58.55M","55.05M","51.75M","51.05M","50.15M","49.1M","46.75M","46.0M","44.449997M","44.25M","44.05M","43.35M","42.25M","41.6M","40.550003M","40.15M","39.4M","37.35M","37.050003M","36.6M","36.2M","35.6M","35.45M","34.9M","34.65M","34.3M","33.85M","33.6M","33.35M","33.1M","32.55M","32.1M","31.5M","30.650002M","30.85M","30.7M","30.150002M","29.95M","29.150002M","28.85M","28.5M","24.95M","27.65M","27.0M","26.85M","26.7M","26.5M","26.25M","25.75M","24.599998M","24.3M","24.25M","23.650002M","23.35M","22.5M","22.3M","22.25M","22.150002M","21.4M","21.4M","21.0M","21.25M","21.5M","21.45M","21.349998M","21.349998M","21.2M","21.15M","20.1M","20.05M","20.05M","20.0M","19.85M","19.85M","19.7M"],"nokList":["38.4M","37.#M","37.4M","25.2M","24.#M","24.8M","24.1M","23.#M","23.#M","23.7M","23M","22.#M","22.7M","22.1M","21.#M","21.#M","21.8M","21M","Z0.9M","Z0.4M","Z0.4M","Z0.2M","20.1M"]}