{"time":1755516055511,"server":1373,"cpList":["75.9M","72.8M","72.4M","72.1M","70.3M","69.6M","67.3M","67.3M","67M","66.6M","66.5M","65.7M","65.5M","65.1M","64.7M","63.6M","63.4M","63.3M","63.3M","63M","62.9M","61.9M","612M","61.1M","61.1M","60.8M","60.8M","60.7M","60.5M","60M","60M","59.6M","59.1M","58.6M","58.4M","57.9M","57.8M","57.8M","57.6M","57.6M","57.1M","57M","56.9M","56.7M","56.5M","56.3M","56.2M","55.9M","55.6M","55.6M","55.5M","55.3M","55.2M","55M","54.6M","54.4M","543M","54.1M","53.9M","53.9M","53.8M","53.5M","53.4M","53.3M","53.2M","53M","52.8M","52.6M","52.6M","52.6M","52.3M","52.3M","52.2M","52M","51.3M","57M","50.8M","50.8M","50.8M","50.7M","50.2M","50.1M","49.6M","49.6M","49.5M","49.5M","49.4M","49.4M","49.4M","49.1M","49M","49M","48.8M","48.4M","48.3M","48.1M","48.1M","48M","48M","47.9M"],"okList":["75.9M","72.8M","72.4M","72.1M","70.3M","69.6M","67.3M","67.3M","67.0M","66.6M","66.5M","65.7M","65.5M","65.1M","64.7M","63.6M","63.4M","63.3M","63.3M","63.0M","62.9M","61.9M","61.2M","61.1M","61.1M","60.8M","60.8M","60.7M","60.5M","60.0M","60.0M","59.6M","59.1M","58.6M","58.4M","57.9M","57.8M","57.8M","57.6M","57.6M","57.1M","57.0M","56.9M","56.7M","56.5M","56.3M","56.2M","55.9M","55.6M","55.6M","55.5M","55.3M","55.2M","55.0M","54.6M","54.4M","54.3M","54.1M","53.9M","53.9M","53.8M","53.5M","53.4M","53.3M","53.2M","53.0M","52.8M","52.6M","52.6M","52.6M","52.3M","0.523M","0.00522M","5.2E-5M","5.13E-7M","5.6999999999999994E-8M","5.080000000000001E-9M","5.080000000000001E-9M","5.080000000000001E-9M","5.07E-9M","5.0200000000000004E-9M","5.01E-9M","4.96E-9M","4.96E-9M","4.949999999999999E-9M","4.949999999999999E-9M","4.940000000000001E-9M","4.940000000000001E-9M","4.940000000000001E-9M","4.910000000000001E-9M","4.9E-9M","4.9E-9M","4.8800000000000005E-9M","4.839999999999999E-9M","4.83E-9M","4.8100000000000006E-9M","4.8100000000000006E-9M","4.8E-9M","4.8E-9M","4.79E-9M"],"nokList":[]}