{"time":1755516082236,"server":1374,"cpList":["71.3M","68.4M","60.4M","59.2M","56.8M","55.9M","55.7M","54.8M","54.7M","543M","543M","543M","542M","51.7M","51.4M","51.4M","51.1M","51.1M","57M","50.8M","50M","49.1M","48.6M","48.4M","48.1M","48M","47.3M","462M","45.6M","45.3M","45.2M","45M","443M","43.5M","43.5M","43.2M","43.1M","42.7M","42.5M","41.5M","41.3M","39.8M","39.8M","38.9M","38.7M","38.4M","38M","37.7M","37.7M","37.5M","37.3M","37.2M","36.9M","36.8M","36.6M","36.4M","36.1M","35.9M","35.2M","34.7M","346M","346M","346M","342M","34.1M","33.8M","33.5M","33.2M","31.7M","31.6M","31.5M","30.5M","30.5M","30M","29.6M","29.5M","29.1M","29M","28.9M","28.8M","28.6M","28.6M","28.5M","28.4M","28.4M","28.3M","28.3M","28.3M","28.1M","28.1M","28M","27.7M","27.7M","27.4M","27.4M","27.4M","27.3M","27.2M","27.1M","27M"],"okList":["71.3M","68.4M","60.4M","59.2M","56.8M","55.9M","55.7M","54.8M","54.7M","54.3M","54.3M","54.3M","54.2M","51.7M","0.514M","0.0051400000000000005M","5.11E-5M","5.110000000000001E-7M","5.6999999999999994E-8M","5.080000000000001E-9M","5.0E-9M","4.910000000000001E-9M","4.86E-9M","4.839999999999999E-9M","4.8100000000000006E-9M","4.8E-9M","4.73E-9M","4.62E-8M","4.559999999999999E-9M","4.529999999999999E-9M","4.519999999999999E-9M","4.500000000000001E-9M","4.43E-8M","4.35E-9M","4.35E-9M","4.320000000000001E-9M","4.31E-9M","4.27E-9M","4.25E-9M","4.15E-9M","4.1300000000000004E-9M","3.98E-9M","3.98E-9M","3.8900000000000004E-9M","3.87E-9M","3.84E-9M","3.8E-9M","3.77E-9M","3.77E-9M","3.75E-9M","3.729999999999999E-9M","3.7200000000000012E-9M","3.6900000000000003E-9M","3.68E-9M","3.66E-9M","3.64E-9M","3.6099999999999997E-9M","3.59E-9M","3.5200000000000007E-9M","3.4700000000000002E-9M","3.46E-8M","3.46E-8M","3.46E-8M","3.42E-8M","3.41E-9M","3.3799999999999995E-9M","3.3500000000000002E-9M","3.32E-9M","3.17E-9M","3.1600000000000003E-9M","3.15E-9M","3.049999999999999E-9M","3.049999999999999E-9M","3.0E-9M","2.9600000000000005E-9M","2.95E-9M","2.9100000000000005E-9M","2.9E-9M","2.8899999999999997E-9M","2.8800000000000004E-9M","2.86E-9M","2.86E-9M","2.85E-9M","2.8399999999999993E-9M","2.8399999999999993E-9M","2.8300000000000004E-9M","2.8300000000000004E-9M","2.8300000000000004E-9M","2.8100000000000004E-9M","2.8100000000000004E-9M","2.8000000000000003E-9M","2.77E-9M","2.77E-9M","2.74E-9M","2.74E-9M","2.74E-9M","2.7300000000000003E-9M","2.72E-9M","2.7100000000000004E-9M","2.7E-9M"],"nokList":[]}