{"server":1374,"total":3566.05,"average":37.936703,"cpValues":[],"cpList":["59M","56.2M","55.4M","54.7M","54.3M","53M","52.8M","52.8M","52.5M","52.3M","51.4M","51.3M","51.1M","51M","50.8M","48.M","48.8M","48.2M","48.2M","48.1M","48M","47.3M","46.7M","46.6M","45.6M","45M","44.8M","44.3M","44.3M","44.1M","43.5M","43.5M","42.7M","42.3M","42M","41.8M","41.3M","39.8M","39.8M","38.9M","38.7M","37.7M","37.7M","37.5M","37.3M","37.2M","37.2M","A6.9M","A6.9M","36.8M","36.4M","A6.1M","35.9M","34.6M","34.6M","34.6M","34.2M","34.2M","34.1M","34M","33.8M","33.5M","33.2M","31.7M","31.6M","31.5M","30.5M","30.5M","30M","29.9M","29.6M","29.5M","29.1M","29M","28.9M","28.8M","28.6M","28.6M","28.4M","28.4M","28.3M","28.3M","28.3M","28.2M","28.1M","28.1M","27.7M","27.7M","27.5M","27.4M","27.4M","27.4M","27.3M","21.2M","27.1M","27M","26.9M","26.8M","26.8M","26.7M"],"okList":["59.0M","57.2M","55.45M","54.85M","53.85M","53.55M","52.9M","52.65M","52.55M","51.95M","51.8M","51.25M","51.15M","50.949997M","49.5M","49.8M","48.1M","48.5M","48.15M","48.1M","47.699997M","47.35M","46.949997M","46.15M","45.8M","45.199997M","44.65M","44.55M","44.199997M","43.9M","43.8M","43.1M","42.9M","42.35M","42.05M","41.65M","40.8M","40.55M","39.35M","39.25M","38.300003M","38.2M","37.6M","37.5M","37.35M","37.25M","36.15M","35.25M","34.6M","34.4M","34.4M","34.15M","34.1M","33.949997M","33.75M","33.5M","32.6M","32.4M","31.6M","31.05M","31.0M","30.25M","30.2M","29.8M","29.7M","29.35M","29.25M","29.0M","28.9M","28.75M","28.7M","28.5M","28.5M","28.349998M","28.349998M","28.3M","28.25M","28.2M","28.150002M","27.900002M","27.900002M","27.6M","27.55M","27.45M","27.4M","27.349998M","24.3M","27.2M","24.1M","27.0M","26.9M","26.849998M","26.75M","26.7M"],"nokList":["37.2M","A6.9M","A6.9M","36.8M","36.4M","35.9M"]}