{"time":1755516108429,"server":1378,"cpList":["122M","113M","966M","93.7M","87.5M","86.5M","82.4M","81.4M","80.7M","80.5M","80.3M","78.4M","78.1M","77.3M","75.5M","742M","73.9M","73.4M","72.7M","71.7M","71.4M","70.8M","70.2M","70.1M","69.6M","69.4M","69M","68.6M","68.6M","68.6M","68.6M","67.6M","67.4M","67.2M","67M","66.9M","66.8M","66.7M","66.5M","66M","65.9M","65.8M","64.9M","64.9M","64.8M","64.7M","64.5M","64.3M","64.3M","642M","63.9M","63.8M","63.7M","63.6M","63.6M","63M","62.8M","62.8M","62.7M","62.4M","62.1M","62.1M","62.1M","61.3M","61.3M","612M","60.7M","60.6M","59.9M","59.6M","59.2M","58.9M","58.9M","58.7M","58.4M","58.1M","57.9M","57.6M","57.4M","57.2M","57.1M","57.1M","57M","56.9M","56.8M","56.5M","56.5M","56.3M","56.3M","56.1M","56M","55.9M","55.5M","55.5M","55.4M","55.4M","55.4M","55.1M","55.1M","54.9M"],"okList":["122.0M","113.0M","96.6M","93.7M","87.5M","86.5M","82.4M","81.4M","80.7M","80.5M","80.3M","0.784M","0.007809999999999999M","7.73E-5M","7.5500000000000006E-6M","1.4199999999999997E-7M","7.39E-8M","7.340000000000001E-9M","7.269999999999999E-9M","7.170000000000001E-9M","7.14E-9M","7.08E-9M","7.020000000000001E-9M","7.0099999999999996E-9M","6.96E-9M","6.9400000000000004E-9M","6.9E-9M","6.86E-9M","6.86E-9M","6.86E-9M","6.86E-9M","6.759999999999999E-9M","6.74E-9M","6.720000000000001E-9M","6.7000000000000004E-9M","6.69E-9M","6.68E-9M","6.670000000000001E-9M","6.65E-9M","6.6E-9M","6.590000000000001E-9M","6.579999999999999E-9M","6.4900000000000005E-9M","6.4900000000000005E-9M","6.48E-9M","6.47E-9M","6.45E-9M","6.43E-9M","6.43E-9M","6.419999999999999E-8M","6.39E-9M","6.380000000000001E-9M","6.37E-9M","6.36E-9M","6.36E-9M","6.3E-9M","6.28E-9M","6.28E-9M","6.270000000000001E-9M","6.24E-9M","6.210000000000001E-9M","6.210000000000001E-9M","6.210000000000001E-9M","6.13E-9M","6.13E-9M","6.119999999999999E-8M","6.07E-9M","6.06E-9M","5.99E-9M","5.96E-9M","5.920000000000001E-9M","5.89E-9M","5.89E-9M","5.870000000000001E-9M","5.84E-9M","5.8099999999999996E-9M","5.79E-9M","5.760000000000001E-9M","5.74E-9M","5.72E-9M","5.71E-9M","5.71E-9M","5.7E-9M","5.69E-9M","5.6799999999999986E-9M","5.65E-9M","5.65E-9M","5.63E-9M","5.63E-9M","5.61E-9M","5.6000000000000005E-9M","5.59E-9M","5.55E-9M","5.55E-9M","5.54E-9M","5.54E-9M","5.54E-9M","5.51E-9M","5.51E-9M","5.49E-9M"],"nokList":[]}