{"time":1755516134986,"server":1379,"cpList":["94.9M","942M","868M","84.5M","82.6M","81.9M","80.6M","80.6M","80.4M","79.7M","78.7M","76.7M","762M","74.8M","72.2M","71.3M","71.2M","70.8M","70.5M","70.4M","70.1M","69.8M","69.5M","68.1M","67.8M","67.4M","67M","66.8M","66.5M","66.5M","66.4M","66.3M","66.2M","65.9M","65.7M","65.4M","65.2M","65.1M","64.8M","64.7M","64.3M","64M","63.8M","63.6M","63.5M","63.5M","63.3M","63M","62.9M","62.8M","62.6M","62.5M","62.4M","62M","62M","62M","61.8M","61.5M","60.9M","60.7M","60.5M","60.5M","60.3M","60.2M","60.1M","60.1M","59.5M","59.4M","58.9M","58.3M","58.1M","57.9M","57.9M","57.8M","57.7M","57.4M","57.4M","57.4M","57.3M","57.1M","57M","56.9M","56.9M","56.8M","56.6M","56.5M","56.5M","56.5M","56.5M","56M","55.9M","55.7M","55.6M","55.6M","55.4M","55.3M","55M","54.8M","54.8M","54.7M"],"okList":["94.9M","94.2M","86.8M","84.5M","82.6M","81.9M","80.6M","80.6M","80.4M","79.7M","0.787M","0.00767M","1.62E-5M","7.48E-8M","7.2199999999999995E-9M","7.13E-9M","7.120000000000001E-9M","7.08E-9M","7.0499999999999994E-9M","7.040000000000001E-9M","7.0099999999999996E-9M","6.9799999999999995E-9M","6.949999999999999E-9M","6.8099999999999994E-9M","6.779999999999999E-9M","6.74E-9M","6.7000000000000004E-9M","6.68E-9M","6.65E-9M","6.65E-9M","6.64E-9M","6.63E-9M","6.62E-9M","6.590000000000001E-9M","6.57E-9M","6.54E-9M","6.5200000000000015E-9M","6.51E-9M","6.48E-9M","6.47E-9M","6.43E-9M","6.4E-9M","6.380000000000001E-9M","6.36E-9M","6.35E-9M","6.35E-9M","6.3299999999999994E-9M","6.3E-9M","6.290000000000001E-9M","6.28E-9M","6.26E-9M","6.2500000000000005E-9M","6.24E-9M","6.2E-9M","6.2E-9M","6.2E-9M","6.18E-9M","6.1500000000000005E-9M","6.09E-9M","6.07E-9M","6.05E-9M","6.05E-9M","6.03E-9M","6.02E-9M","6.01E-9M","6.01E-9M","5.9499999999999995E-9M","5.9400000000000006E-9M","5.89E-9M","5.83E-9M","5.8099999999999996E-9M","5.79E-9M","5.79E-9M","5.7799999999999995E-9M","5.7700000000000005E-9M","5.74E-9M","5.74E-9M","5.74E-9M","5.73E-9M","5.71E-9M","5.7E-9M","5.69E-9M","5.69E-9M","5.6799999999999986E-9M","5.660000000000001E-9M","5.65E-9M","5.65E-9M","5.65E-9M","5.65E-9M","5.6000000000000005E-9M","5.59E-9M","5.57E-9M","5.560000000000001E-9M","5.560000000000001E-9M","5.54E-9M","5.53E-9M","5.500000000000001E-9M","5.48E-9M","5.48E-9M","5.47E-9M"],"nokList":[]}