{"server":1381,"total":4909.3013,"average":52.22661,"cpValues":[],"cpList":["N2.6M","88.2M","86.9M","81.3M","79.9M","79.9M","78.7M","77.6M","76.4M","75.1M","73.5M","72.5M","71.7M","70.6M","70M","6A.6M","68.1M","67.6M","6M","65.3M","63.6M","62M","61.9M","61.9M","61.2M","61M","60.9M","60.2M","59.7M","58.8M","58.8M","58.2M","57.8M","57.8M","57.5M","55.7M","55.7M","55.5M","55.1M","54.9M","54.9M","54.9M","54.8M","54.8M","54.7M","54.2M","53.9M","51.9M","51.9M","51.8M","51.8M","51.4M","51.3M","51.2M","50.9M","48.6M","47.M","47.M","47.M","47.5M","46.8M","46.8M","46.4M","46.4M","46.4M","46.3M","45.6M","45.4M","45.1M","44.1M","43.8M","43.5M","43.3M","43M","42.9M","42.9M","42.5M","42.4M","42.3M","42.3M","42M","41.9M","41M","40.5M","40.2M","39.4M","39.4M","39.3M","39.2M","37.8M","A6.9M","36.4M","35.8M","35.4M","35.2M","35M","35M","34.7M","34.6M","34M"],"okList":["84.75M","83.4M","80.600006M","79.3M","78.75M","77.55M","76.35M","74.95M","73.8M","72.6M","71.55M","70.85M","69.05M","37.05M","66.45M","34.8M","63.65M","62.75M","61.95M","61.550003M","61.45M","61.050003M","60.6M","60.300003M","59.5M","59.25M","58.5M","58.3M","58.0M","57.65M","56.75M","56.6M","55.6M","55.4M","55.2M","55.0M","54.9M","54.85M","54.85M","54.75M","54.5M","54.300003M","53.050003M","52.9M","51.85M","51.85M","51.6M","51.55M","51.300003M","51.1M","49.9M","48.95M","47.8M","47.0M","47.0M","46.9M","47.15M","46.6M","46.6M","46.4M","46.35M","46.0M","45.85M","45.35M","44.75M","44.449997M","43.8M","43.55M","43.25M","43.1M","42.95M","42.7M","42.65M","42.4M","42.35M","42.15M","42.1M","41.5M","41.2M","40.6M","39.95M","39.800003M","39.35M","39.300003M","38.55M","37.1M","35.9M","35.5M","35.2M","35.1M","34.85M","34.8M","34.35M","34.0M"],"nokList":["N2.6M","88.2M","70M","68.1M","37.8M","36.4M"]}