{"time":1755516161453,"server":1381,"cpList":["93.2M","88.8M","88.7M","86.2M","82.7M","81.8M","80.4M","79.4M","766M","76.4M","74.9M","74.7M","74.4M","73.3M","72.1M","71.7M","70.5M","70.5M","68.9M","66.9M","66.8M","65.1M","64.5M","642M","63.7M","62.3M","61.7M","60.9M","60.7M","60.4M","59.9M","59.7M","59.5M","59.2M","58.8M","58.5M","58.4M","57.7M","57.2M","56.5M","56.3M","56.3M","55.7M","55.5M","54.9M","54.9M","543M","53.1M","52.4M","52.2M","52M","51.9M","51.8M","51.8M","51.6M","51.4M","51.2M","50M","49.3M","49.3M","49.1M","48.1M","468M","468M","46.4M","46.4M","461M","45.8M","45.4M","45.2M","45.1M","448M","441M","43.9M","43.8M","43.5M","43.4M","43.3M","43M","43M","42.4M","42.3M","42M","41.9M","41.4M","40.2M","39.4M","39.4M","39.2M","39M","37.8M","37.7M","36.9M","35.3M","35.2M","35M","35M","34.7M","34.6M","34.1M"],"okList":["93.2M","88.8M","88.7M","86.2M","82.7M","81.8M","0.804M","0.007940000000000001M","1.66E-5M","7.640000000000001E-8M","7.490000000000001E-9M","7.47E-9M","7.4400000000000024E-9M","7.329999999999999E-9M","7.21E-9M","7.170000000000001E-9M","7.0499999999999994E-9M","7.0499999999999994E-9M","6.890000000000001E-9M","6.69E-9M","6.68E-9M","6.51E-9M","6.45E-9M","6.419999999999999E-8M","6.37E-9M","6.23E-9M","6.17E-9M","6.09E-9M","6.07E-9M","6.040000000000001E-9M","5.99E-9M","5.97E-9M","5.9499999999999995E-9M","5.920000000000001E-9M","5.88E-9M","5.8499999999999994E-9M","5.84E-9M","5.7700000000000005E-9M","5.72E-9M","5.65E-9M","5.63E-9M","5.63E-9M","5.57E-9M","5.55E-9M","5.49E-9M","5.49E-9M","5.4299999999999997E-8M","5.310000000000001E-9M","5.24E-9M","5.22E-9M","5.2E-9M","5.1900000000000005E-9M","5.180000000000001E-9M","5.180000000000001E-9M","5.160000000000001E-9M","5.140000000000001E-9M","5.1200000000000005E-9M","5.0E-9M","4.930000000000001E-9M","4.930000000000001E-9M","4.910000000000001E-9M","4.8100000000000006E-9M","4.6799999999999996E-8M","4.6799999999999996E-8M","4.6400000000000005E-9M","4.6400000000000005E-9M","4.610000000000001E-8M","4.58E-9M","4.5400000000000005E-9M","4.519999999999999E-9M","4.51E-9M","4.4800000000000004E-8M","4.4100000000000004E-8M","4.389999999999999E-9M","4.379999999999999E-9M","4.35E-9M","4.34E-9M","4.33E-9M","4.3000000000000005E-9M","4.3000000000000005E-9M","4.24E-9M","4.2300000000000005E-9M","4.2E-9M","4.190000000000001E-9M","4.139999999999999E-9M","4.020000000000001E-9M","3.94E-9M","3.94E-9M","3.92E-9M","3.899999999999999E-9M","3.78E-9M","3.77E-9M","3.6900000000000003E-9M","3.53E-9M","3.5200000000000007E-9M","3.5E-9M","3.5E-9M","3.4700000000000002E-9M","3.46E-9M","3.41E-9M"],"nokList":[]}