{"server":1387,"total":3845.2505,"average":39.23725,"cpValues":[],"cpList":["84.8M","74.9M","67.6M","57.5M","56.2M","55.7M","54.7M","54.2M","52.9M","51.6M","51.6M","51.5M","50.7M","50.1M","49.6M","49.3M","49.1M","48.7M","48.4M","47.9M","46.5M","45.5M","45.1M","45.1M","44.5M","44M","43.7M","43.3M","42.2M","42.1M","42M","41.4M","41.2M","41.2M","41.1M","40.9M","40.9M","40.7M","40.6M","40.4M","39.5M","39.1M","39M","38.8M","38.7M","38.3M","37.7M","37.4M","A6.6M","36.4M","36.4M","36.2M","35.6M","35.5M","35.4M","35.4M","34.7M","34.7M","34.6M","34.4M","34.3M","34.2M","34M","33.9M","33.8M","33.4M","33M","32.9M","32.3M","31.8M","31.7M","31.5M","31.5M","30.9M","30.8M","30.7M","30.7M","30.5M","30.5M","30.3M","30M","29.9M","29.8M","29.8M","29.7M","29.7M","29.4M","29.3M","29.2M","29M","28.9M","28.8M","28.6M","28.3M","28.1M","27.9M","27.8M","27.8M","27.8M","27.7M"],"okList":["84.8M","76.2M","66.2M","61.9M","56.6M","55.45M","54.95M","53.800003M","52.9M","52.25M","51.55M","51.15M","50.8M","50.15M","49.699997M","49.35M","49.0M","48.75M","48.300003M","47.45M","46.7M","45.8M","45.3M","44.8M","44.55M","44.1M","43.65M","42.95M","42.699997M","42.1M","41.75M","41.6M","41.300003M","41.15M","41.050003M","41.0M","40.800003M","40.75M","40.550003M","40.05M","39.75M","39.25M","38.949997M","38.85M","38.55M","38.2M","37.85M","36.9M","36.300003M","36.0M","35.85M","35.5M","35.45M","35.050003M","35.050003M","34.65M","34.550003M","34.449997M","34.300003M","34.15M","34.050003M","33.9M","33.65M","33.4M","33.15M","32.65M","32.35M","32.0M","31.65M","31.6M","31.2M","31.15M","30.8M","30.75M","30.6M","30.6M","30.4M","30.25M","30.099998M","29.9M","29.849998M","29.75M","29.75M","29.55M","29.5M","29.3M","29.15M","29.05M","28.9M","28.75M","28.55M","28.35M","28.099998M","27.95M","27.849998M","27.8M","27.75M","27.7M"],"nokList":["37.4M","36.4M"]}