{"server":1389,"total":6657.9995,"average":67.938774,"cpValues":[],"cpList":["113M","105M","101M","20.2M","88.7M","88.4M","87.7M","85.8M","83.9M","83.9M","83.6M","83.4M","82.3M","81.2M","80.9M","79.9M","79.3M","78.5M","77.8M","77.6M","77.4M","76.6M","75.7M","75.6M","74.9M","74.8M","74.7M","74.6M","74.4M","73.6M","73.4M","12.4M","72.3M","72.3M","72.3M","72M","72M","70.1M","70.1M","69.5M","69M","68.9M","68.3M","6AM","66.3M","66.1M","65.6M","65.2M","65.2M","65M","65M","64.7M","63.8M","63.4M","63.3M","62.7M","62.6M","62.6M","62.3M","62.2M","62.2M","62M","62M","62M","62M","61.6M","61.2M","61.1M","61.1M","61M","60.7M","60.5M","60.5M","60.3M","60.3M","60.2M","60.1M","59.9M","59.8M","59.7M","59.7M","59.5M","59.5M","59.5M","59.3M","59.2M","58.9M","58.8M","58.7M","58.6M","58.6M","58.5M","58.5M","58.3M","58.1M","57.9M","57.3M","57.3M","57.3M","57M"],"okList":["113.0M","107.0M","62.6M","94.85M","54.300003M","88.2M","87.100006M","85.8M","84.850006M","83.75M","83.65M","82.95M","82.3M","81.600006M","80.55M","80.100006M","79.2M","78.55M","78.05M","77.600006M","77.1M","76.55M","76.1M","75.3M","75.2M","74.8M","74.7M","74.55M","74.1M","73.9M","43.0M","72.850006M","72.3M","72.3M","72.15M","72.15M","71.05M","71.05M","69.8M","69.55M","69.2M","68.65M","67.3M","65.95M","65.649994M","65.399994M","65.1M","65.1M","64.85M","64.4M","64.05M","63.55M","63.050003M","62.949997M","62.65M","62.449997M","62.4M","62.25M","62.1M","62.1M","62.0M","62.0M","61.8M","61.6M","61.35M","61.15M","61.05M","60.9M","60.75M","60.6M","60.4M","60.4M","60.25M","60.199997M","60.050003M","59.949997M","59.800003M","59.75M","59.6M","59.6M","59.5M","59.4M","59.35M","59.1M","59.0M","58.800003M","58.699997M","58.65M","58.55M","58.55M","58.4M","58.3M","58.1M","57.699997M","57.6M","57.3M","57.15M","57.0M"],"nokList":["68.3M","66.3M"]}