{"time":1755516293747,"server":1397,"cpList":["132M","771M","102M","101M","100M","100M","98.3M","98.1M","96.2M","95.2M","94.5M","92.9M","92.9M","92.1M","91.4M","912M","90.4M","89.5M","88.6M","88.4M","88.1M","88.1M","87.8M","86.4M","85.4M","84.9M","84.9M","848M","84.4M","842M","83.9M","83.6M","83.5M","83.4M","83.4M","83.2M","82.9M","82.9M","82.7M","82.4M","82.3M","82.2M","82M","81.9M","81.7M","81.5M","80.9M","80.7M","80.2M","80M","79.8M","79.3M","79.2M","78.9M","78.6M","78.4M","78M","78M","77.8M","77.7M","77.4M","77.1M","766M","76.3M","762M","76M","75.8M","75.6M","75.4M","75.3M","75.3M","75.2M","75.2M","75.1M","75M","75M","74.9M","74.8M","74.7M","74.3M","74M","73.9M","73.8M","73.7M","73.6M","73.5M","73.2M","73.2M","73.1M","73M","72.9M","72.7M","72.6M","72.6M","72.5M","72.4M","72.1M","72.1M","71.7M","71.7M"],"okList":["1.32E-5M","1.7100000000000001E-6M","1.0199999999999999E-7M","1.0099999999999998E-7M","1.0000000000000001E-7M","1.0000000000000001E-7M","9.829999999999999E-8M","9.81E-9M","9.620000000000001E-9M","9.52E-9M","9.45E-9M","9.289999999999999E-9M","9.289999999999999E-9M","9.209999999999998E-9M","9.14E-9M","9.12E-8M","9.039999999999999E-9M","8.949999999999999E-9M","8.86E-9M","8.84E-9M","8.809999999999999E-9M","8.809999999999999E-9M","8.779999999999998E-9M","8.640000000000002E-9M","8.54E-9M","8.49E-9M","8.49E-9M","8.48E-8M","8.440000000000001E-9M","8.419999999999999E-8M","8.390000000000003E-9M","8.36E-9M","8.349999999999999E-9M","8.34E-9M","8.34E-9M","8.320000000000001E-9M","8.290000000000002E-9M","8.290000000000002E-9M","8.270000000000002E-9M","8.240000000000001E-9M","8.23E-9M","8.219999999999998E-9M","8.199999999999999E-9M","8.190000000000001E-9M","8.170000000000001E-9M","8.149999999999999E-9M","8.09E-9M","8.07E-9M","8.020000000000002E-9M","8.0E-9M","7.98E-9M","7.929999999999999E-9M","7.92E-9M","7.890000000000001E-9M","7.859999999999999E-9M","7.84E-9M","7.799999999999999E-9M","7.799999999999999E-9M","7.780000000000001E-9M","7.770000000000001E-9M","7.74E-9M","7.71E-9M","1.66E-8M","7.630000000000001E-9M","1.6200000000000003E-8M","7.6E-9M","7.579999999999999E-9M","7.56E-9M","7.54E-9M","7.53E-9M","7.53E-9M","7.519999999999999E-9M","7.519999999999999E-9M","7.509999999999999E-9M","7.5E-9M","7.5E-9M","7.490000000000001E-9M","7.48E-9M","7.47E-9M","7.43E-9M","7.400000000000001E-9M","7.39E-9M","7.3800000000000006E-9M","7.37E-9M","7.36E-9M","7.35E-9M","7.32E-9M","7.32E-9M","7.31E-9M","7.3E-9M","7.290000000000001E-9M","7.269999999999999E-9M","7.26E-9M","7.26E-9M","7.25E-9M","7.240000000000001E-9M","7.21E-9M","7.21E-9M","7.170000000000001E-9M","7.170000000000001E-9M"],"nokList":[]}