{"time":1756253832840,"server":1397,"cpList":["132M","MTM","102M","101M","100M","100M","98.5M","98.1M","96.3M","95.9M","94.8M","93M","92.1M","91.5M","912M","90.7M","90.4M","89.7M","88.7M","88.6M","88.4M","88.2M","88M","86.5M","85.4M","85M","85M","84.8M","84.4M","84.2M","84M","83.8M","83.7M","83.6M","83.5M","83.5M","83.4M","83M","82.9M","82.3M","82.3M","82M","81.9M","81.8M","81.5M","80.9M","80.7M","80.2M","80M","79.8M","79.5M","79.4M","79.3M","79.2M","78.7M","78.7M","78.1M","77.8M","77.6M","77.1M","77.1M","76.6M","76.5M","762M","762M","76M","75.6M","75.5M","75.3M","75.3M","75.1M","75.1M","75M","75M","75M","74.8M","74.8M","74.5M","74.1M","74M","74M","73.9M","73.9M","73.6M","73.5M","73.5M","73.2M","73.2M","73.2M","73M","73M","72.9M","72.8M","72.6M","72.6M","72.5M","72.4M","72.2M","721M","71.7M"],"okList":["132.0M","7.0M","10.2M","10.1M","10.0M","10.0M","9.85M","9.809999999999999M","9.629999999999999M","9.59M","9.48M","9.3M","9.209999999999999M","9.15M","9.120000000000001M","9.07M","9.040000000000001M","8.97M","8.870000000000001M","8.86M","8.84M","8.82M","8.8M","8.65M","8.540000000000001M","8.5M","8.5M","8.48M","8.440000000000001M","8.42M","8.4M","8.379999999999999M","8.370000000000001M","8.36M","8.35M","8.35M","8.34M","8.3M","8.290000000000001M","8.23M","8.23M","8.2M","8.190000000000001M","8.18M","8.15M","8.09M","8.07M","8.02M","8.0M","7.9799999999999995M","7.95M","7.94M","7.93M","7.92M","7.87M","7.87M","7.81M","7.779999999999999M","7.76M","7.709999999999999M","7.709999999999999M","7.659999999999999M","7.65M","7.62M","7.62M","7.6M","7.56M","7.55M","7.529999999999999M","7.529999999999999M","7.51M","7.51M","7.5M","7.5M","7.5M","7.4799999999999995M","7.4799999999999995M","7.45M","7.409999999999999M","7.4M","7.4M","7.390000000000001M","7.390000000000001M","7.359999999999999M","7.35M","7.35M","7.32M","7.32M","7.32M","7.3M","7.3M","7.290000000000001M","7.279999999999999M","7.26M","7.26M","7.25M","7.24M","7.220000000000001M","7.209999999999999M","7.17M"],"nokList":[]}