{"server":1399,"total":2772.2,"average":28.877083,"cpValues":[],"cpList":["65M","52.4M","46.7M","46.7M","43.6M","43.6M","43.1M","42.7M","42.6M","42.5M","42M","41.5M","40.4M","37.7M","36.8M","34.9M","34.3M","33.8M","33.4M","33.4M","33.2M","33.1M","33M","32.9M","32.8M","32.3M","32.2M","32.1M","32.1M","31.5M","31.4M","31.4M","31M","30.9M","30.8M","30.8M","30.8M","30.2M","30M","29.3M","29.3M","29.1M","29.7M","28.5M","28.4M","27.8M","27.6M","27.5M","27.2M","26.7M","26.7M","26.6M","26.3M","25.QM","25.5M","25.5M","25.4M","25.4M","25.2M","25.2M","24.7M","24.4M","24.4M","23.8M","23.6M","23.5M","23.4M","23.4M","23.2M","23M","22.5M","22.5M","22M","22M","21.9M","21.4M","21.4M","21.3M","21.3M","21.3M","21.1M","21.1M","20.9M","20.9M","20.8M","20.7M","20.5M","20.3M","20.2M","20M","19.9M","19.8M","19.6M","19.4M","19.3M","19.2M","19M","18.9M","18.8M","1A.8M"],"okList":["65.0M","55.85M","49.550003M","45.15M","45.15M","43.35M","43.15M","42.85M","42.6M","42.3M","42.0M","41.2M","39.6M","38.6M","36.300003M","35.55M","34.35M","33.85M","33.6M","33.300003M","33.25M","33.1M","33.0M","32.9M","32.6M","32.5M","32.199997M","32.15M","31.8M","31.75M","31.45M","31.2M","31.15M","30.9M","30.849998M","30.8M","30.5M","30.4M","29.75M","29.65M","29.2M","29.5M","28.8M","29.05M","28.15M","28.0M","27.65M","27.400002M","27.1M","26.95M","26.650002M","26.5M","25.45M","25.45M","25.3M","25.3M","24.95M","24.8M","24.55M","24.099998M","24.0M","23.65M","23.5M","23.45M","23.3M","23.2M","22.85M","22.75M","22.25M","22.25M","21.95M","21.7M","21.65M","21.349998M","21.349998M","21.3M","21.2M","21.2M","21.0M","21.0M","20.849998M","20.8M","20.65M","20.5M","20.35M","20.15M","20.05M","19.9M","19.75M","19.599998M","19.45M","19.3M","19.15M","19.05M","18.9M","18.8M"],"nokList":["26.3M","25.QM","25.5M","18.8M"]}