{"server":1400,"total":4507.45,"average":46.46856,"cpValues":[],"cpList":["76.6M","68.7M","68.4M","67M","64.9M","63.5M","61.9M","60.9M","60.5M","60.2M","60M","58.1M","57.8M","56.4M","55.6M","55.4M","54.9M","54.9M","54.5M","54.3M","54.1M","53.2M","53.1M","53.1M","53.1M","53M","51.3M","51.2M","51M","50.8M","49.6M","49.6M","49.2M","48.8M","48.6M","48.4M","48M","47.5M","47.2M","47.2M","46.6M","46.5M","46.1M","45.3M","45M","45M","44.8M","44.8M","44.7M","44.5M","44.2M","43.9M","43.3M","43.3M","43.3M","43.2M","42.7M","42.7M","42.7M","42.6M","42.6M","42.4M","42M","41.3M","41.1M","41.1M","39.8M","39.5M","39.4M","39.2M","39.1M","39M","38.8M","38.7M","38.7M","38.4M","38.2M","37.8M","37.3M","37.3M","37.2M","37.2M","37.1M","37M","37M","A6.6M","36.3M","A6.1M","35.9M","35.6M","35.3M","35.2M","35.2M","35M","34.9M","34.6M","34.4M","34.3M","34.1M","34.1M"],"okList":["76.6M","72.5M","67.85M","66.65M","65.25M","63.4M","62.2M","61.2M","60.550003M","60.25M","59.15M","58.9M","57.25M","56.699997M","55.9M","55.25M","55.15M","54.7M","54.6M","54.3M","53.75M","53.6M","53.15M","53.1M","53.05M","52.199997M","52.1M","51.15M","51.0M","50.3M","50.199997M","49.4M","49.199997M","48.9M","48.6M","48.3M","47.95M","47.6M","47.35M","46.9M","46.85M","46.35M","45.9M","45.55M","45.15M","44.9M","44.9M","44.75M","44.65M","44.45M","44.2M","43.75M","43.6M","43.3M","43.25M","43.0M","42.95M","42.7M","42.65M","42.65M","42.5M","42.3M","41.85M","41.55M","41.199997M","40.449997M","40.3M","39.6M","39.35M","39.25M","39.1M","38.949997M","38.85M","38.75M","38.550003M","38.45M","38.1M","37.75M","37.55M","37.25M","37.25M","37.15M","37.1M","37.05M","36.65M","36.1M","35.6M","35.4M","35.25M","35.1M","35.050003M","34.8M","34.65M","34.449997M","34.25M","34.199997M","34.1M"],"nokList":["37M","36.3M","35.9M"]}