{"time":1755516346701,"server":1400,"cpList":["79M","766M","74.4M","71.2M","69.3M","67.6M","66.5M","64.9M","62.9M","60.9M","60.8M","60.7M","60.5M","60M","59.7M","58.6M","57.8M","57.3M","56.1M","55.8M","55.1M","55.1M","55M","54.8M","54.1M","54.1M","53.1M","53.1M","53M","51.6M","51.3M","51.2M","50.9M","50M","49.6M","49M","48.9M","48.6M","48.4M","48M","47.5M","47.2M","46.6M","46.5M","461M","45.9M","45.9M","45.5M","45.3M","45M","45M","448M","448M","44.4M","44M","43.9M","43.3M","43.3M","43.2M","43.1M","42.7M","42.7M","42.7M","426M","422M","42M","42M","41.1M","41M","40.9M","40M","39.5M","39.2M","39.1M","39M","38.8M","38.8M","38.6M","38.6M","38.4M","38.2M","37.8M","37.6M","37.3M","37.3M","37.2M","37.2M","37M","36.6M","36.1M","35.9M","35.8M","35.7M","35.6M","35.6M","35.3M","35M","34.9M","34.6M","34.4M"],"okList":["0.0079M","1.66E-5M","7.44E-8M","7.120000000000001E-9M","6.929999999999999E-9M","6.759999999999999E-9M","6.65E-9M","6.4900000000000005E-9M","6.290000000000001E-9M","6.09E-9M","6.08E-9M","6.07E-9M","6.05E-9M","6.0E-9M","5.97E-9M","5.86E-9M","5.7799999999999995E-9M","5.73E-9M","5.61E-9M","5.5799999999999985E-9M","5.51E-9M","5.51E-9M","5.500000000000001E-9M","5.48E-9M","5.410000000000001E-9M","5.410000000000001E-9M","5.310000000000001E-9M","5.310000000000001E-9M","5.3E-9M","5.160000000000001E-9M","5.13E-9M","5.1200000000000005E-9M","5.0900000000000004E-9M","5.0E-9M","4.96E-9M","4.9E-9M","4.89E-9M","4.86E-9M","4.839999999999999E-9M","4.8E-9M","4.7499999999999995E-9M","4.72E-9M","4.66E-9M","4.65E-9M","4.610000000000001E-8M","4.59E-9M","4.59E-9M","4.55E-9M","4.529999999999999E-9M","4.500000000000001E-9M","4.500000000000001E-9M","4.4800000000000004E-8M","4.4800000000000004E-8M","4.44E-9M","4.4000000000000005E-9M","4.389999999999999E-9M","4.33E-9M","4.33E-9M","4.320000000000001E-9M","4.31E-9M","4.27E-9M","4.27E-9M","4.27E-9M","4.26E-8M","4.2199999999999994E-8M","4.2E-9M","4.2E-9M","4.109999999999999E-9M","4.0999999999999995E-9M","4.09E-9M","4.0E-9M","3.950000000000001E-9M","3.92E-9M","3.91E-9M","3.899999999999999E-9M","3.879999999999999E-9M","3.879999999999999E-9M","3.86E-9M","3.86E-9M","3.84E-9M","3.8200000000000005E-9M","3.78E-9M","3.7599999999999994E-9M","3.729999999999999E-9M","3.729999999999999E-9M","3.7200000000000012E-9M","3.7200000000000012E-9M","3.7000000000000005E-9M","3.66E-9M","3.6099999999999997E-9M","3.59E-9M","3.5799999999999996E-9M","3.57E-9M","3.5600000000000005E-9M","3.5600000000000005E-9M","3.53E-9M","3.5E-9M","3.4899999999999997E-9M","3.46E-9M","3.4399999999999997E-9M"],"nokList":[]}