{"time":1755516373015,"server":1404,"cpList":["102M","90.6M","90.2M","848M","81M","81M","79.3M","77.4M","77.3M","77.1M","77M","76.1M","75.6M","74.7M","73.4M","73.4M","73M","72.2M","71.5M","71.4M","70.7M","67.4M","66.1M","65.1M","64.9M","63.1M","63M","62.6M","62.6M","62M","61.9M","61.6M","60.8M","60.6M","60.2M","59.7M","59.6M","58.8M","58.8M","58.7M","57.8M","57.8M","57.6M","57M","56.8M","56.7M","56.6M","56.5M","56.4M","56.4M","55.8M","55.4M","55M","55M","54.4M","54.1M","53.8M","53.4M","53.3M","53.3M","53.2M","53M","52.2M","52.1M","52.1M","52M","52M","52M","51.9M","51.8M","51.8M","51.5M","51.2M","57M","57M","57M","57M","50.9M","50.7M","50.6M","50.1M","49.9M","49.8M","49.4M","49.3M","49.1M","48.9M","48.8M","48.6M","47.7M","47.7M","47.5M","47.2M","47.2M","47.2M","47.1M","46.9M","46.8M","462M","46.2M"],"okList":["102.0M","90.6M","90.2M","84.8M","81.0M","81.0M","79.3M","77.4M","77.3M","77.1M","77.0M","76.1M","75.6M","74.7M","73.4M","73.4M","73.0M","72.2M","71.5M","71.4M","70.7M","67.4M","66.1M","65.1M","64.9M","63.1M","63.0M","62.6M","62.6M","62.0M","61.9M","61.6M","60.8M","60.6M","60.2M","59.7M","59.6M","58.8M","58.8M","58.7M","57.8M","57.8M","57.6M","57.0M","56.8M","56.7M","56.6M","56.5M","56.4M","56.4M","55.8M","55.4M","55.0M","55.0M","54.4M","54.1M","53.8M","53.4M","53.3M","53.3M","53.2M","53.0M","52.2M","52.1M","52.1M","52.0M","52.0M","52.0M","51.9M","0.518M","0.005180000000000001M","5.15E-5M","5.12E-7M","5.6999999999999994E-8M","5.7E-9M","5.7E-9M","5.7E-9M","5.0900000000000004E-9M","5.07E-9M","5.06E-9M","5.01E-9M","4.989999999999999E-9M","4.979999999999999E-9M","4.940000000000001E-9M","4.930000000000001E-9M","4.910000000000001E-9M","4.89E-9M","4.8800000000000005E-9M","4.86E-9M","4.770000000000001E-9M","4.770000000000001E-9M","4.7499999999999995E-9M","4.72E-9M","4.72E-9M","4.72E-9M","4.7100000000000005E-9M","4.689999999999999E-9M","4.68E-9M","4.62E-8M","4.62E-9M"],"nokList":[]}