{"server":1406,"total":3502.0486,"average":35.73519,"cpValues":[],"cpList":["69.7M","63M","59M","58.8M","58.7M","57.3M","55.6M","55.6M","54.3M","53.9M","53.5M","52.4M","52.3M","51.8M","51.7M","50.9M","50.9M","49.2M","47.9M","47.6M","47.3M","46.8M","46.7M","46.6M","46.4M","46.3M","45.8M","44.9M","44.7M","44.7M","42.9M","40.8M","39.9M","39.9M","39.8M","39.4M","39.1M","39.1M","AA.6M","36.3M","36.3M","35.7M","35.5M","35M","34.1M","34.1M","33.8M","32.8M","31.6M","31.5M","31.4M","31M","31M","30.7M","30.7M","30.4M","30.3M","29.9M","29.1M","29M","28.9M","28.6M","28.6M","28.1M","27.3M","27.3M","27.2M","26.8M","26.2M","26.1M","25.8M","25.7M","25.7M","25.1M","25.1M","25M","24.8M","24.8M","24.7M","24M","23.9M","23.9M","23.5M","23.5M","23.4M","23M","22.9M","22.8M","22.8M","22.7M","22.6M","22.6M","22.5M","22.3M","22.3M","22.3M","22.2M","22.2M","21.9M","21.9M"],"okList":["69.7M","64.35M","60.9M","58.85M","58.05M","57.15M","56.449997M","54.949997M","54.75M","53.9M","53.15M","52.9M","52.1M","52.0M","51.35M","51.300003M","50.050003M","49.4M","48.4M","47.6M","47.199997M","47.0M","46.699997M","46.550003M","46.449997M","46.1M","45.6M","45.25M","44.800003M","43.800003M","42.75M","41.4M","40.35M","39.85M","39.65M","39.449997M","39.25M","37.699997M","36.0M","35.9M","35.35M","34.8M","34.55M","33.949997M","33.449997M","32.7M","32.15M","31.5M","31.25M","31.2M","30.85M","30.85M","30.55M","30.5M","30.15M","29.7M","29.45M","29.0M","28.8M","28.75M","28.35M","27.95M","27.7M","27.25M","27.05M","26.7M","26.45M","26.0M","25.900002M","25.75M","25.400002M","25.400002M","25.05M","24.95M","24.9M","24.75M","24.4M","24.3M","23.95M","23.7M","23.7M","23.45M","23.25M","23.15M","22.9M","22.849998M","22.75M","22.7M","22.650002M","22.55M","22.45M","22.4M","22.3M","22.25M","22.25M","22.05M","22.05M","21.9M"],"nokList":["39.1M","36.3M"]}