{"server":1408,"total":5088.298,"average":54.13083,"cpValues":[],"cpList":["78.9M","75.1M","74.9M","72.9M","71.4M","70.2M","68.2M","66.7M","66.3M","66.3M","65.6M","62.8M","62.8M","62.7M","62.5M","62.2M","61M","60.9M","60.9M","60.8M","60.3M","60M","59.6M","59.2M","58.5M","58.5M","58.4M","57.QM","57.7M","57.1M","56.9M","56.9M","56.6M","55.9M","55.8M","55.3M","55.3M","55.2M","55.1M","55M","54.7M","54.2M","53.8M","53.5M","53.3M","52.9M","52.7M","52.6M","52.3M","52.3M","51.9M","51.7M","51.6M","51.1M","50.9M","50.9M","50.7M","50.6M","50.2M","49.9M","49.8M","49.6M","49.5M","49.5M","49.3M","49.3M","49.2M","48.M","48.6M","48M","48M","47.9M","47.9M","47.M","47.6M","47.6M","47.5M","47.2M","47.1M","46.9M","46.9M","46.7M","46.7M","46.1M","46.1M","46.1M","46M","46M","46M","45.8M","45.3M","45.1M","45.1M","#5.1M","44.9M","44.4M","44.4M","44.2M","44.1M","44.1M"],"okList":["78.9M","76.9M","74.0M","73.15M","71.55M","69.8M","68.45M","67.25M","66.5M","65.95M","64.55M","64.2M","62.75M","62.65M","62.45M","61.75M","61.550003M","60.95M","60.85M","60.6M","60.4M","59.949997M","59.6M","59.05M","58.85M","58.45M","57.300003M","57.0M","56.75M","56.4M","56.199997M","55.6M","55.55M","55.25M","55.199997M","55.1M","54.9M","54.6M","54.25M","53.85M","53.55M","53.2M","53.0M","52.75M","52.5M","52.449997M","52.1M","52.0M","51.75M","51.4M","51.25M","51.0M","50.800003M","50.75M","50.45M","50.25M","50.0M","49.75M","49.65M","49.55M","49.4M","49.4M","49.25M","48.65M","48.9M","48.0M","48.3M","47.95M","47.95M","47.45M","47.75M","47.6M","47.55M","47.4M","47.3M","47.050003M","47.0M","46.800003M","46.800003M","46.4M","46.4M","46.1M","46.05M","46.05M","46.0M","45.9M","45.65M","45.449997M","45.199997M","44.65M","44.300003M","44.25M","44.15M","44.1M"],"nokList":["58.4M","57.QM","57.7M","45.1M","#5.1M","44.9M"]}