{"time":1755516399929,"server":1408,"cpList":["82.9M","77.5M","77.1M","75.5M","74.4M","742M","73.3M","72M","69.1M","68.4M","68.2M","67.4M","65.3M","65M","65M","63.6M","62.8M","62.4M","612M","61.1M","60.8M","60.8M","60.8M","60.5M","60.4M","60.3M","60.1M","59.8M","59.6M","59.4M","59.3M","59.3M","58.8M","58.7M","57.7M","57.2M","57.1M","56.4M","55.5M","55.3M","55.2M","55.1M","55M","54.6M","54.4M","54.4M","54.4M","543M","53.9M","53.9M","53.8M","53.8M","53.8M","53.7M","53.4M","52.9M","52.6M","52.3M","51.9M","51.8M","51.7M","51.3M","51.3M","51.1M","50.6M","50.2M","50.1M","50.1M","49.9M","49.8M","49.7M","49.5M","49.5M","48.6M","48.2M","48M","48M","47.7M","47.7M","47.6M","47.6M","47.5M","47.2M","47.1M","47M","47M","46.9M","46.9M","46.7M","46.7M","46.4M","462M","46.1M","46M","46M","46M","45.9M","45.1M","45.1M","44.9M"],"okList":["82.9M","0.775M","0.007709999999999999M","7.55E-5M","7.440000000000001E-6M","1.4199999999999997E-7M","7.33E-8M","7.2E-9M","6.91E-9M","6.840000000000001E-9M","6.82E-9M","6.74E-9M","6.53E-9M","6.500000000000001E-9M","6.500000000000001E-9M","6.36E-9M","6.28E-9M","6.24E-9M","6.119999999999999E-8M","6.11E-9M","6.08E-9M","6.08E-9M","6.08E-9M","6.05E-9M","6.040000000000001E-9M","6.03E-9M","6.01E-9M","5.9800000000000004E-9M","5.96E-9M","5.9400000000000006E-9M","5.93E-9M","5.93E-9M","5.88E-9M","5.870000000000001E-9M","5.7700000000000005E-9M","5.72E-9M","5.71E-9M","5.6399999999999995E-9M","5.55E-9M","5.53E-9M","5.520000000000001E-9M","5.51E-9M","5.500000000000001E-9M","5.4600000000000006E-9M","5.44E-9M","5.44E-9M","5.44E-9M","5.4299999999999997E-8M","5.390000000000001E-9M","5.390000000000001E-9M","5.38E-9M","5.38E-9M","5.38E-9M","5.37E-9M","5.34E-9M","5.2900000000000006E-9M","5.2600000000000004E-9M","5.23E-9M","5.1900000000000005E-9M","5.180000000000001E-9M","5.17E-9M","5.13E-9M","5.13E-9M","5.110000000000001E-9M","5.06E-9M","5.0200000000000004E-9M","5.01E-9M","5.01E-9M","4.989999999999999E-9M","4.979999999999999E-9M","4.970000000000001E-9M","4.949999999999999E-9M","4.949999999999999E-9M","4.86E-9M","4.820000000000001E-9M","4.8E-9M","4.8E-9M","4.770000000000001E-9M","4.770000000000001E-9M","4.76E-9M","4.76E-9M","4.7499999999999995E-9M","4.72E-9M","4.7100000000000005E-9M","4.699999999999999E-9M","4.699999999999999E-9M","4.689999999999999E-9M","4.689999999999999E-9M","4.670000000000001E-9M","4.670000000000001E-9M","4.6400000000000005E-9M","4.62E-8M","4.6100000000000004E-9M","4.6E-9M","4.6E-9M","4.6E-9M","4.59E-9M","4.51E-9M","4.51E-9M","4.49E-9M"],"nokList":[]}