{"server":1412,"total":4126.3,"average":42.98229,"cpValues":[],"cpList":["75.7M","72.3M","70.5M","64.6M","55.7M","55.2M","54.6M","54.2M","53.5M","53.4M","53M","52.9M","52.9M","52.7M","52.6M","52.2M","52M","51.6M","50.8M","50.8M","50.7M","50.3M","49.9M","49.7M","49.5M","49.5M","49.2M","49.1M","48.7M","48.5M","48.5M","48.4M","48.2M","48M","46.5M","46.4M","45.3M","45M","44.9M","44.3M","44.2M","43.5M","43.5M","43.5M","43.3M","43.1M","42.8M","42.3M","41.4M","41.4M","41.2M","40.5M","40.4M","40.3M","40.3M","39.9M","39.4M","39M","38.9M","AA.6M","38.2M","38.1M","37.4M","37.4M","37.2M","36.8M","36.2M","35.6M","35.3M","35.2M","35M","35M","35M","34.9M","34.8M","34.7M","34.6M","33.9M","33.7M","A3.6M","33.2M","33.1M","32.8M","32.7M","32.6M","32.5M","32.5M","31.9M","31.9M","31.9M","31.8M","31.8M","31.7M","31.6M","31.6M","31.2M","31.1M","30.8M","30.2M","30.1M"],"okList":["75.7M","73.1M","68.45M","63.1M","59.9M","55.15M","54.7M","54.05M","53.800003M","53.25M","53.15M","52.95M","52.800003M","52.75M","52.45M","52.3M","51.9M","51.4M","51.199997M","50.75M","50.55M","50.300003M","50.0M","49.7M","49.6M","49.35M","49.3M","48.95M","48.8M","48.6M","48.45M","48.35M","48.2M","47.35M","47.2M","45.9M","45.7M","45.1M","44.65M","44.550003M","43.9M","43.85M","43.5M","43.4M","43.3M","43.05M","42.699997M","42.1M","41.85M","41.300003M","40.95M","40.800003M","40.4M","40.35M","40.1M","39.85M","39.45M","39.15M","38.550003M","37.800003M","37.75M","37.300003M","37.1M","36.7M","36.199997M","35.75M","35.4M","35.15M","35.1M","35.0M","34.95M","34.9M","34.800003M","34.699997M","34.300003M","34.15M","33.45M","33.0M","32.9M","32.699997M","32.6M","32.55M","32.2M","32.2M","31.9M","31.849998M","31.849998M","31.75M","31.7M","31.650002M","31.400002M","31.35M","31.0M","30.650002M","30.45M","30.1M"],"nokList":["38.9M","38.2M","33.7M","33.2M"]}