{"time":1755516479276,"server":1414,"cpList":["95.1M","94.1M","84M","79.6M","79.3M","77.7M","76M","73.3M","72.2M","71.7M","71.7M","71.5M","71.5M","71.3M","77M","70.9M","70.5M","69.9M","68.3M","67.9M","67.1M","65.6M","65.4M","65.3M","646M","64.4M","63.2M","63.1M","63M","62.7M","61.8M","61.4M","60M","59.5M","59.3M","58.8M","58.1M","58.1M","57.5M","56.9M","56.6M","56.5M","56M","55.4M","55.3M","543M","54.1M","54M","52.2M","52.1M","51.1M","50.8M","50.5M","50.5M","50.3M","50.1M","50.1M","50M","50M","49.2M","49.2M","49.1M","49.1M","49M","48.9M","48.4M","47.8M","47.5M","468M","46.5M","45.6M","45.4M","45.2M","45.1M","44.5M","44.5M","44.4M","442M","441M","43.8M","43.8M","43.5M","43.5M","43.5M","43.3M","43.2M","43M","42M","40.9M","40.8M","40.6M","40.6M","39.9M","39.2M","39.2M","39M","39M","38.9M","38M","37.9M"],"okList":["95.1M","94.1M","84.0M","79.6M","79.3M","77.7M","76.0M","73.3M","72.2M","71.7M","0.7170000000000001M","0.00715M","7.15E-5M","7.13E-7M","7.699999999999999E-8M","7.09E-9M","7.0499999999999994E-9M","6.99E-9M","6.83E-9M","6.790000000000001E-9M","6.709999999999999E-9M","6.56E-9M","6.54E-9M","6.53E-9M","6.460000000000001E-8M","6.440000000000001E-9M","6.3200000000000005E-9M","6.31E-9M","6.3E-9M","6.270000000000001E-9M","6.18E-9M","6.14E-9M","6.0E-9M","5.9499999999999995E-9M","5.93E-9M","5.88E-9M","5.8099999999999996E-9M","5.8099999999999996E-9M","5.75E-9M","5.69E-9M","5.660000000000001E-9M","5.65E-9M","5.6000000000000005E-9M","5.54E-9M","5.53E-9M","5.4299999999999997E-8M","5.410000000000001E-9M","5.4E-9M","5.22E-9M","5.21E-9M","5.110000000000001E-9M","5.080000000000001E-9M","5.0500000000000006E-9M","5.0500000000000006E-9M","5.03E-9M","5.01E-9M","5.01E-9M","5.0E-9M","5.0E-9M","4.920000000000001E-9M","4.920000000000001E-9M","4.910000000000001E-9M","4.910000000000001E-9M","4.9E-9M","4.89E-9M","4.839999999999999E-9M","4.779999999999999E-9M","4.7499999999999995E-9M","4.6799999999999996E-8M","4.65E-9M","4.559999999999999E-9M","4.5400000000000005E-9M","4.519999999999999E-9M","4.51E-9M","4.45E-9M","4.45E-9M","4.44E-9M","4.419999999999999E-8M","4.4100000000000004E-8M","4.379999999999999E-9M","4.379999999999999E-9M","4.35E-9M","4.35E-9M","4.35E-9M","4.33E-9M","4.320000000000001E-9M","4.3000000000000005E-9M","4.2E-9M","4.09E-9M","4.079999999999999E-9M","4.0600000000000005E-9M","4.0600000000000005E-9M","3.99E-9M","3.92E-9M","3.92E-9M","3.899999999999999E-9M","3.899999999999999E-9M","3.8900000000000004E-9M","3.8E-9M","3.7899999999999995E-9M"],"nokList":[]}