{"time":1755516505900,"server":1417,"cpList":["67.1M","66.7M","66.1M","63.8M","60.7M","60M","60M","59.8M","58.8M","58.1M","57.8M","57M","56.1M","55.8M","55.3M","54.6M","543M","54M","52.9M","52.3M","57M","50.6M","50M","49.6M","49.3M","49.3M","49.3M","48.9M","48.6M","48.5M","48.4M","48.3M","48.3M","47.9M","47.6M","46.5M","46.5M","461M","45.8M","45.5M","45.4M","45.4M","443M","441M","441M","43.9M","43.8M","43.8M","43.7M","43.7M","43.4M","43.3M","43M","42M","41.6M","41.6M","41.5M","41.4M","41.4M","41.3M","412M","41.1M","40.4M","39.9M","39.7M","39.6M","39.6M","39.4M","39.4M","39.4M","39.3M","39.1M","39.1M","39M","38.9M","38.8M","38.7M","38.1M","38M","37.8M","37.5M","37.5M","37.5M","37.2M","37.2M","37.1M","37M","36.8M","36.8M","36.5M","36.3M","36M","35.7M","35.6M","35.6M","35.4M","35.3M","35.1M","35.1M","35M"],"okList":["67.1M","66.7M","66.1M","63.8M","60.7M","60.0M","60.0M","59.8M","58.8M","58.1M","57.8M","57.0M","56.1M","55.8M","55.3M","54.6M","0.5429999999999999M","0.0054M","5.2900000000000005E-5M","5.23E-7M","5.6999999999999994E-8M","5.06E-9M","5.0E-9M","4.96E-9M","4.930000000000001E-9M","4.930000000000001E-9M","4.930000000000001E-9M","4.89E-9M","4.86E-9M","4.8500000000000004E-9M","4.839999999999999E-9M","4.83E-9M","4.83E-9M","4.79E-9M","4.76E-9M","4.65E-9M","4.65E-9M","4.610000000000001E-8M","4.58E-9M","4.55E-9M","4.5400000000000005E-9M","4.5400000000000005E-9M","4.43E-8M","4.4100000000000004E-8M","4.4100000000000004E-8M","4.389999999999999E-9M","4.379999999999999E-9M","4.379999999999999E-9M","4.3700000000000004E-9M","4.3700000000000004E-9M","4.34E-9M","4.33E-9M","4.3000000000000005E-9M","4.2E-9M","4.1600000000000005E-9M","4.1600000000000005E-9M","4.15E-9M","4.139999999999999E-9M","4.139999999999999E-9M","4.1300000000000004E-9M","4.12E-8M","4.109999999999999E-9M","4.039999999999999E-9M","3.99E-9M","3.97E-9M","3.96E-9M","3.96E-9M","3.94E-9M","3.94E-9M","3.94E-9M","3.9299999999999995E-9M","3.91E-9M","3.91E-9M","3.899999999999999E-9M","3.8900000000000004E-9M","3.879999999999999E-9M","3.87E-9M","3.81E-9M","3.8E-9M","3.78E-9M","3.75E-9M","3.75E-9M","3.75E-9M","3.7200000000000012E-9M","3.7200000000000012E-9M","3.7100000000000002E-9M","3.7000000000000005E-9M","3.68E-9M","3.68E-9M","3.65E-9M","3.63E-9M","3.6E-9M","3.57E-9M","3.5600000000000005E-9M","3.5600000000000005E-9M","3.54E-9M","3.53E-9M","3.5100000000000005E-9M","3.5100000000000005E-9M","3.5E-9M"],"nokList":[]}