{"server":1421,"total":5772.1006,"average":62.740223,"cpValues":[],"cpList":["107M","N6M","89.8M","87.7M","87M","84.1M","80.7M","80.2M","80M","76.8M","76.6M","75.2M","74.7M","73.9M","73.6M","72.6M","72M","71.2M","70.9M","70.2M","69.2M","68.7M","6A.6M","68.5M","68.2M","66.8M","66.7M","65.5M","65.4M","65.2M","64.5M","64.2M","63.5M","63.3M","63.1M","62.9M","62.6M","62.6M","62.3M","62.3M","62.2M","62.1M","62M","61.5M","61.1M","61M","60.9M","60.6M","60.3M","60.2M","60M","59.8M","59.8M","59.6M","59.6M","59.6M","59.4M","59.4M","59.3M","59.2M","58.9M","58.6M","58.1M","57.QM","57.QM","57.5M","57.5M","57.3M","57.1M","57M","56.8M","56.4M","56.4M","56.4M","56.3M","56.2M","56.1M","56M","55.7M","55.7M","55.5M","55M","54.9M","54.7M","54.7M","54.6M","54.1M","53.9M","53.8M","53.7M","53.6M","53.6M","53.6M","53.3M","53.2M","52.9M","52.8M","52.2M","52M","52M"],"okList":["107.0M","88.4M","85.899994M","83.85M","82.149994M","80.35M","78.5M","78.3M","76.0M","75.649994M","74.55M","74.149994M","73.25M","72.8M","71.899994M","71.45M","70.7M","70.05M","69.45M","68.6M","67.65M","67.45M","66.15M","66.05M","65.35M","64.95M","64.7M","64.0M","63.75M","63.3M","63.1M","62.85M","62.75M","62.449997M","62.449997M","62.25M","62.199997M","62.1M","61.8M","61.55M","61.25M","61.0M","60.8M","60.6M","60.4M","60.15M","60.0M","59.9M","59.699997M","59.699997M","59.6M","59.5M","59.5M","59.35M","59.300003M","59.1M","58.9M","58.5M","57.4M","57.3M","57.15M","56.949997M","56.7M","56.6M","56.4M","56.35M","56.300003M","56.199997M","56.1M","55.9M","55.85M","55.6M","55.35M","55.2M","54.85M","54.800003M","54.65M","54.4M","54.25M","53.949997M","53.800003M","53.699997M","53.65M","53.6M","53.449997M","53.4M","53.1M","53.0M","52.550003M","52.4M","52.1M","52.0M"],"nokList":["N6M","89.8M","68.7M","68.5M","58.1M","57.QM","57.QM","57.5M"]}