{"time":1755516585226,"server":1425,"cpList":["115M","108M","56.3M","55.4M","57M","50.1M","49.8M","49.1M","47.1M","46.9M","468M","46.5M","46M","46M","42.1M","41.7M","41.6M","41.1M","40.4M","40.1M","39.8M","39.2M","38.6M","34.4M","34M","33.3M","32.8M","32.6M","32M","31.5M","31.5M","31.5M","31.4M","31.2M","30.8M","30.7M","30.7M","30.7M","30M","29.3M","29.2M","29.2M","28.5M","28.4M","27.9M","27.9M","27.7M","27.4M","27.1M","26.9M","26.7M","26.5M","26.3M","26.3M","261M","261M","261M","25.7M","25.6M","25.3M","25.1M","25.1M","24.5M","24.5M","242M","242M","242M","23.8M","23.7M","23.7M","23.5M","23.4M","22.8M","22.7M","22.5M","22.4M","22M","21.6M","21.6M","21.3M","21.2M","21.1M","20.9M","20.7M","20.6M","20.5M","20.3M","20.2M","20.1M","20.1M","20.1M","20.1M","19.7M","19.5M","19.5M","19.3M","19M","18.9M","18.8M","18.7M"],"okList":["1.15M","0.0108M","5.629999999999999E-5M","5.54E-7M","5.6999999999999994E-8M","5.01E-9M","4.979999999999999E-9M","4.910000000000001E-9M","4.7100000000000005E-9M","4.689999999999999E-9M","4.6799999999999996E-8M","4.65E-9M","4.6E-9M","4.6E-9M","4.21E-9M","4.17E-9M","4.1600000000000005E-9M","4.109999999999999E-9M","4.039999999999999E-9M","4.010000000000001E-9M","3.98E-9M","3.92E-9M","3.86E-9M","3.4399999999999997E-9M","3.4E-9M","3.33E-9M","3.28E-9M","3.2600000000000007E-9M","3.2E-9M","3.15E-9M","3.15E-9M","3.15E-9M","3.14E-9M","3.12E-9M","3.0799999999999997E-9M","3.07E-9M","3.07E-9M","3.07E-9M","3.0E-9M","2.93E-9M","2.92E-9M","2.92E-9M","2.85E-9M","2.8399999999999993E-9M","2.7899999999999993E-9M","2.7899999999999993E-9M","2.77E-9M","2.74E-9M","2.7100000000000004E-9M","2.69E-9M","2.67E-9M","2.65E-9M","2.6300000000000002E-9M","2.6300000000000002E-9M","2.61E-8M","2.61E-8M","2.61E-8M","2.5700000000000004E-9M","2.5600000000000003E-9M","2.53E-9M","2.5100000000000002E-9M","2.5100000000000002E-9M","2.45E-9M","2.45E-9M","2.42E-8M","2.42E-8M","2.42E-8M","2.38E-9M","2.3699999999999995E-9M","2.3699999999999995E-9M","2.3499999999999995E-9M","2.34E-9M","2.2799999999999996E-9M","2.2700000000000002E-9M","2.2500000000000003E-9M","2.24E-9M","2.2000000000000003E-9M","2.1600000000000004E-9M","2.1600000000000004E-9M","2.13E-9M","2.12E-9M","2.1100000000000004E-9M","2.09E-9M","2.0699999999999997E-9M","2.0600000000000003E-9M","2.0499999999999997E-9M","2.0300000000000002E-9M","2.0199999999999996E-9M","2.0100000000000003E-9M","2.0100000000000003E-9M","2.0100000000000003E-9M","2.0100000000000003E-9M","1.97E-9M","1.9499999999999997E-9M","1.9499999999999997E-9M","1.93E-9M","1.9E-9M","1.89E-9M","1.8799999999999997E-9M","1.87E-9M"],"nokList":[]}