{"server":1427,"total":6825.4497,"average":70.36546,"cpValues":[],"cpList":["N3M","N2.9M","89.4M","87.9M","87.4M","87M","86.3M","83.7M","82.8M","81.9M","81.8M","81.6M","81.6M","81.3M","80.6M","80.6M","79.1M","77.9M","77.5M","77.4M","76.6M","76.4M","76.3M","76.2M","74.9M","74.8M","74.8M","74.7M","74.5M","74.4M","74.3M","74.3M","74M","73.9M","73.5M","73.3M","73.1M","72.3M","71.8M","71.6M","71.5M","71M","71M","70.8M","70.7M","70.2M","70M","70M","69.9M","69.9M","69.5M","69.3M","69.2M","68.9M","68.9M","68.9M","68.8M","68.3M","68.2M","67.5M","67.4M","67.1M","66.9M","66.9M","66.7M","66.7M","66.5M","66.3M","66.1M","6M","65.8M","65.8M","65.6M","65.5M","65.4M","65.3M","65.1M","65M","64.8M","64.7M","64.6M","64.3M","63.8M","63.8M","63.8M","63.6M","63.5M","63.3M","63.1M","62.7M","62.7M","62.6M","62.6M","62.6M","62.5M","62.3M","62.3M","62.3M","62.1M","62.1M"],"okList":["88.4M","87.45M","86.850006M","85.35M","84.55M","82.8M","82.3M","81.75M","81.7M","81.45M","81.1M","80.95M","79.85M","79.25M","78.3M","77.65M","77.05M","76.9M","76.45M","76.3M","75.600006M","75.5M","74.850006M","74.75M","74.65M","74.55M","74.4M","74.350006M","74.15M","74.100006M","73.75M","73.600006M","73.3M","72.8M","72.45M","71.95M","71.65M","71.3M","71.25M","70.9M","70.85M","70.5M","70.35M","70.1M","69.95M","69.95M","69.7M","69.600006M","69.35M","69.100006M","69.05M","68.9M","68.850006M","68.600006M","68.5M","67.9M","67.8M","67.3M","67.15M","67.0M","66.8M","66.8M","66.6M","66.5M","66.3M","36.15M","65.95M","65.8M","65.7M","65.65M","65.5M","65.4M","65.25M","65.15M","64.95M","64.85M","64.7M","64.5M","64.2M","64.05M","63.8M","63.699997M","63.65M","63.449997M","63.3M","63.0M","62.9M","62.65M","62.65M","62.6M","62.55M","62.449997M","62.4M","62.3M","62.199997M","62.199997M","62.1M"],"nokList":["N3M","N2.9M","89.4M"]}