{"server":1434,"total":4574.65,"average":46.6801,"cpValues":[],"cpList":["108M","74.6M","73.3M","62M","61.1M","59.8M","57.6M","56.5M","56.3M","53.7M","53.3M","53.1M","52.9M","52.7M","52.4M","52.3M","51.8M","51.8M","51.6M","50.5M","50.3M","50M","50M","49.8M","49.5M","49.2M","49.2M","48.7M","48.6M","48.3M","48M","48M","47.6M","47.5M","47.4M","47.2M","46.9M","46.7M","46.4M","45.7M","45.4M","45.3M","45.3M","45.3M","44.7M","44.1M","43.9M","43.7M","43.7M","43.5M","43.2M","42.9M","42.8M","42.1M","42M","41.9M","41.6M","41.4M","40.6M","40.6M","40.1M","40M","39.8M","39.8M","39.7M","39.5M","39.3M","39.1M","38.8M","38.7M","38.4M","78M","78M","78M","37.8M","37.8M","37.6M","37.6M","37.5M","37M","A6.6M","36.4M","36.4M","36.2M","36.2M","36.2M","35.6M","35.6M","35.4M","35.1M","35M","34.9M","34.9M","34.6M","34.4M","34.4M","34.4M","34.2M","34.2M","34.2M"],"okList":["108.0M","90.65M","68.3M","67.2M","60.9M","59.35M","58.15M","56.949997M","55.1M","54.8M","53.4M","53.1M","52.9M","52.65M","52.5M","52.1M","52.05M","51.699997M","51.15M","50.949997M","50.25M","50.15M","49.9M","49.75M","49.5M","49.35M","48.95M","48.9M","48.5M","48.3M","48.15M","47.8M","47.75M","47.5M","47.35M","47.15M","46.95M","46.65M","46.2M","45.9M","45.5M","45.35M","45.3M","45.0M","44.699997M","44.300003M","43.9M","43.800003M","43.6M","43.45M","43.2M","43.0M","42.5M","42.4M","42.0M","41.8M","41.65M","41.1M","41.0M","40.35M","40.3M","39.949997M","39.9M","39.75M","39.65M","39.5M","39.3M","39.05M","38.9M","38.6M","58.35M","78.0M","78.0M","57.9M","57.9M","37.699997M","37.699997M","37.55M","37.3M","36.7M","36.300003M","36.300003M","36.2M","35.9M","35.9M","35.5M","35.35M","35.2M","35.0M","34.95M","34.75M","34.65M","34.5M","34.4M","34.300003M","34.300003M","34.2M","34.2M"],"nokList":["37M","36.4M"]}