{"server":1438,"total":2916.5493,"average":29.460094,"cpValues":[],"cpList":["58.2M","58.1M","46.5M","45.9M","45.5M","45.4M","45.3M","45.1M","44.5M","43.9M","42.2M","42M","39.7M","39M","38.5M","38.3M","36.8M","36.7M","35.4M","34.1M","33.9M","33.8M","33.5M","33.5M","33.1M","32.8M","32.8M","32.6M","32.5M","32.4M","32.3M","32.2M","31.8M","31.5M","31.4M","31.2M","31M","30.9M","30.4M","29.8M","29.7M","29.7M","29M","28.8M","28.8M","28.6M","28.6M","28.2M","28.2M","27.4M","27.2M","27.1M","26.9M","26.9M","26.8M","26.8M","26.7M","26.4M","26.2M","25.6M","25.5M","24.9M","24.8M","24.8M","24.5M","24.4M","24.4M","24.3M","24.2M","24.2M","23.8M","23.7M","23.5M","23.2M","23M","23M","22.8M","22.4M","22.1M","22.1M","22M","21.5M","21.4M","21.3M","21.1M","21M","20.6M","20.3M","20.1M","19.8M","19.8M","19.7M","19.5M","19.4M","19.3M","19.3M","19.1M","19.1M","1 9M","18.7M"],"okList":["58.2M","52.35M","52.0M","46.0M","45.65M","45.4M","45.25M","44.9M","44.5M","43.35M","42.95M","40.95M","40.5M","39.1M","38.65M","37.65M","37.5M","36.1M","35.4M","34.65M","33.949997M","33.7M","33.65M","33.3M","33.15M","32.949997M","32.699997M","32.65M","32.5M","32.4M","32.300003M","32.05M","31.85M","31.599998M","31.35M","31.2M","31.05M","30.7M","30.349998M","30.05M","29.75M","29.35M","29.25M","28.9M","28.7M","28.7M","28.400002M","28.400002M","27.8M","27.7M","27.25M","27.05M","27.0M","26.849998M","26.849998M","26.75M","26.599998M","26.45M","26.0M","25.85M","25.25M","25.15M","24.849998M","24.65M","24.599998M","24.45M","24.349998M","24.3M","24.25M","24.0M","23.95M","23.65M","23.45M","23.25M","23.1M","22.9M","22.7M","22.45M","22.25M","22.05M","21.8M","21.7M","21.4M","21.25M","21.15M","20.85M","20.65M","20.35M","20.05M","19.95M","19.75M","19.65M","19.55M","19.4M","19.349998M","19.2M","19.2M","18.900002M","18.7M"],"nokList":["19.1M"]}