{"server":1439,"total":4432.75,"average":45.232143,"cpValues":[],"cpList":["69.5M","58.2M","57.2M","57.1M","56.9M","56.4M","56.3M","56.3M","55.3M","54.9M","54.4M","53.4M","53.2M","53.2M","53M","52.9M","52.8M","52.4M","52.3M","51.8M","50.4M","50.4M","50M","50M","49.9M","49.8M","49.1M","49M","48.4M","47.M","47.5M","47.2M","47.1M","46.9M","46.8M","46.6M","46.3M","46.2M","45.8M","45.7M","45.6M","44.9M","44.8M","44.4M","44.4M","44.3M","44.1M","43.5M","43.4M","43.4M","43.3M","43.1M","42.8M","42.3M","41.9M","41.7M","41.5M","41.4M","41.1M","40.9M","40.8M","40.7M","40.5M","40.3M","40.2M","40.1M","40M","39.9M","39.6M","39.5M","39.5M","39.2M","39.2M","39.2M","39.1M","39M","38.8M","38.8M","AA.6M","38.5M","38.3M","78M","37.8M","37.8M","37.7M","37.6M","37.6M","37.6M","37.4M","37.2M","37.2M","37.1M","36.9M","36.6M","36.4M","36.3M","36.3M","36.3M","36.2M","36.1M"],"okList":["69.5M","63.35M","57.65M","57.050003M","56.75M","56.6M","56.35M","55.8M","55.6M","54.85M","54.15M","53.800003M","53.300003M","53.1M","53.050003M","52.9M","52.65M","52.55M","52.1M","51.35M","51.1M","50.2M","50.2M","49.95M","49.9M","49.5M","49.4M","48.75M","48.0M","47.95M","47.1M","47.3M","47.050003M","46.949997M","46.75M","46.55M","46.4M","46.05M","45.95M","45.699997M","45.300003M","45.199997M","44.65M","44.6M","44.35M","44.25M","43.9M","43.75M","43.45M","43.35M","43.25M","43.05M","42.699997M","42.35M","42.0M","41.7M","41.550003M","41.3M","41.15M","40.949997M","40.800003M","40.65M","40.5M","40.35M","40.199997M","40.1M","40.0M","39.8M","39.7M","39.55M","39.35M","39.35M","39.2M","39.15M","39.1M","38.949997M","38.9M","38.65M","58.25M","38.05M","57.9M","37.75M","37.699997M","37.65M","37.6M","37.5M","37.4M","37.300003M","37.15M","37.050003M","36.85M","36.65M","36.449997M","36.35M","36.3M","36.25M","36.199997M","36.1M"],"nokList":["38.8M","38.5M"]}