{"server":1444,"total":5224.851,"average":54.998432,"cpValues":[],"cpList":["83.5M","76.7M","73.5M","73.3M","71.5M","70.1M","69.6M","67.2M","66.4M","6M","65.8M","65.8M","65.4M","65.1M","64.9M","64.8M","64.2M","64.1M","63.7M","63.4M","63.1M","61.6M","61.6M","61.5M","61.1M","61M","60.5M","60.3M","60.2M","59.8M","59.6M","59.6M","59.4M","57.QM","57.6M","57.4M","57.2M","57.2M","57M","56.7M","56.5M","56.3M","56.2M","56M","55.5M","55.1M","54.4M","54.4M","54.4M","54.3M","54M","53.5M","53.4M","53.4M","53.2M","52.2M","52M","51.9M","51.8M","51.5M","51.3M","51.3M","51M","50.4M","50.1M","50.1M","49.9M","49.6M","49.5M","49.4M","49.2M","48.7M","48.6M","48.5M","48.4M","48.4M","48.3M","47.8M","47.M","46.8M","46.7M","46.6M","46.5M","46.4M","46.3M","45.9M","44.9M","44.8M","44.8M","44.7M","44.6M","44.5M","44.3M","43.9M","43.8M","43M","42.7M","42.6M","#2.6M","42.5M"],"okList":["83.5M","78.5M","75.0M","72.5M","71.7M","70.55M","68.649994M","68.0M","36.6M","66.100006M","65.8M","65.600006M","65.45M","65.15M","64.95M","64.55M","64.45M","63.949997M","63.75M","63.4M","62.5M","62.35M","61.55M","61.35M","61.25M","60.8M","60.65M","60.35M","60.05M","59.9M","59.699997M","59.5M","57.4M","57.300003M","57.1M","56.95M","56.75M","56.5M","56.35M","56.15M","55.85M","55.55M","54.95M","54.75M","54.4M","54.35M","54.2M","53.9M","53.7M","53.45M","53.300003M","52.800003M","52.6M","52.050003M","51.9M","51.7M","51.55M","51.4M","51.15M","50.85M","50.55M","50.25M","50.0M","49.85M","49.7M","49.5M","49.35M","49.050003M","48.9M","48.6M","48.5M","48.45M","48.35M","48.1M","47.65M","47.3M","46.85M","46.699997M","46.6M","46.5M","46.4M","46.15M","45.6M","45.35M","44.85M","44.75M","44.699997M","44.6M","44.449997M","44.2M","44.05M","43.45M","43.25M","42.8M","42.5M"],"nokList":["59.4M","57.QM","57.6M","42.6M","#2.6M"]}