{"server":1446,"total":4979.7007,"average":50.81327,"cpValues":[],"cpList":["85.6M","85.4M","73.7M","73.2M","72.8M","72.5M","70.6M","69.4M","65.9M","65M","64.6M","64.5M","62.6M","62.2M","60.8M","60.2M","59.5M","58.6M","58.4M","58.3M","58.2M","5AM","56.4M","56.2M","55M","54.6M","54.6M","54.6M","53.9M","53.7M","53.7M","53.7M","53.6M","53.4M","53.2M","52.5M","52.1M","51.3M","51M","50.9M","50.7M","50.3M","50.1M","50M","49.3M","49.2M","49.2M","49M","48.7M","48.4M","48.2M","48.2M","48.1M","47.9M","47.4M","47.3M","47.1M","47M","47M","46.9M","46.7M","46.4M","46.4M","46.3M","46.2M","46.1M","46M","45.7M","45.3M","44.9M","44.8M","44.4M","44.3M","44M","43.6M","43.4M","43.1M","43M","42.8M","42.4M","42.2M","41.8M","41.8M","41.6M","41.6M","41.4M","41.1M","40.9M","40.9M","40.4M","39.9M","39.8M","39.7M","39.6M","39.4M","39M","38.8M","38.4M","38.4M","38.1M"],"okList":["85.6M","79.649994M","79.3M","73.25M","72.85M","71.7M","70.95M","68.25M","67.2M","65.25M","64.75M","63.6M","63.35M","61.699997M","61.2M","60.15M","59.4M","58.95M","58.449997M","58.300003M","57.300003M","55.7M","55.4M","54.8M","54.6M","54.25M","54.15M","53.800003M","53.7M","53.65M","53.550003M","53.4M","52.95M","52.65M","51.9M","51.55M","51.1M","50.85M","50.6M","50.4M","50.15M","49.699997M","49.6M","49.25M","49.1M","48.95M","48.7M","48.45M","48.300003M","48.15M","48.050003M","47.75M","47.6M","47.25M","47.15M","47.05M","46.95M","46.85M","46.65M","46.550003M","46.35M","46.300003M","46.199997M","46.1M","45.9M","45.65M","45.300003M","45.05M","44.65M","44.55M","44.2M","43.949997M","43.7M","43.35M","43.2M","42.949997M","42.7M","42.5M","42.1M","42.0M","41.699997M","41.699997M","41.5M","41.35M","41.15M","41.0M","40.65M","40.4M","40.1M","39.800003M","39.699997M","39.550003M","39.3M","39.1M","38.7M","38.6M","38.25M","38.1M"],"nokList":["58.2M","56.4M"]}