{"time":1755516743852,"server":1446,"cpList":["93.1M","85.4M","76.5M","75.6M","75.2M","75.2M","75M","72.2M","68.7M","68M","67.3M","66.5M","66.4M","64.3M","63.4M","61.9M","61.7M","61.6M","612M","59.7M","59.3M","58.7M","58.4M","58.3M","58M","56.4M","56.3M","56.2M","56.1M","55.5M","55M","55M","54.7M","54.6M","53.9M","53.4M","53.2M","52.1M","57M","50.9M","50.7M","50.6M","50.5M","50.3M","50.1M","50M","49.6M","49.4M","49.3M","49.3M","49.2M","49.2M","49.2M","49.1M","48.9M","48.8M","48.7M","48.7M","48.2M","48M","47.9M","47.3M","47.2M","47.1M","47M","46.7M","46.4M","46.4M","46M","45.3M","448M","44.4M","443M","44M","43.7M","43.6M","43.6M","43.5M","43.1M","43M","42.8M","42.4M","422M","42M","41.8M","41.8M","41.6M","41.4M","41.1M","40.5M","40.4M","40.4M","40M","40M","39.9M","39.8M","39.7M","39.7M","39.6M","39.1M"],"okList":["93.1M","85.4M","76.5M","75.6M","75.2M","75.2M","75.0M","72.2M","68.7M","68.0M","67.3M","66.5M","66.4M","64.3M","63.4M","61.9M","61.7M","61.6M","61.2M","59.7M","59.3M","58.7M","58.4M","58.3M","58.0M","56.4M","56.3M","56.2M","56.1M","55.5M","55.0M","55.0M","54.7M","54.6M","0.539M","0.00534M","5.32E-5M","5.21E-7M","5.6999999999999994E-8M","5.0900000000000004E-9M","5.07E-9M","5.06E-9M","5.0500000000000006E-9M","5.03E-9M","5.01E-9M","5.0E-9M","4.96E-9M","4.940000000000001E-9M","4.930000000000001E-9M","4.930000000000001E-9M","4.920000000000001E-9M","4.920000000000001E-9M","4.920000000000001E-9M","4.910000000000001E-9M","4.89E-9M","4.8800000000000005E-9M","4.870000000000001E-9M","4.870000000000001E-9M","4.820000000000001E-9M","4.8E-9M","4.79E-9M","4.73E-9M","4.72E-9M","4.7100000000000005E-9M","4.699999999999999E-9M","4.670000000000001E-9M","4.6400000000000005E-9M","4.6400000000000005E-9M","4.6E-9M","4.529999999999999E-9M","4.4800000000000004E-8M","4.44E-9M","4.43E-8M","4.4000000000000005E-9M","4.3700000000000004E-9M","4.360000000000001E-9M","4.360000000000001E-9M","4.35E-9M","4.31E-9M","4.3000000000000005E-9M","4.279999999999999E-9M","4.24E-9M","4.2199999999999994E-8M","4.2E-9M","4.18E-9M","4.18E-9M","4.1600000000000005E-9M","4.139999999999999E-9M","4.109999999999999E-9M","4.050000000000001E-9M","4.039999999999999E-9M","4.039999999999999E-9M","4.0E-9M","4.0E-9M","3.99E-9M","3.98E-9M","3.97E-9M","3.97E-9M","3.96E-9M","3.91E-9M"],"nokList":[]}