{"server":1449,"total":3672.0999,"average":39.06489,"cpValues":[],"cpList":["59.5M","57.7M","54.3M","53M","52.8M","52.5M","52.5M","52.3M","52.1M","52M","51.8M","50.4M","49.7M","47.9M","47.8M","47.5M","47.3M","47.2M","47.2M","47.1M","45.6M","44.9M","44.7M","44.6M","44.1M","44.1M","43.5M","43.4M","43.2M","43M","42.6M","42.4M","42.2M","42.2M","42M","41.9M","41.9M","41.7M","41.7M","41.6M","40.1M","39.4M","39.2M","39M","38.8M","38.3M","38.2M","37.8M","37.6M","37.3M","36.7M","36.3M","36.2M","A6M","35.4M","35.1M","34.8M","34.7M","34.5M","34.5M","34.4M","34.1M","33.9M","33.8M","33.8M","A3.6M","33.4M","33.3M","33M","32.8M","32.5M","32.1M","32.1M","32M","31.7M","31.7M","31.7M","31.4M","31.3M","31M","30.8M","30.3M","30.1M","30M","30M","30M","29.9M","29.9M","29.7M","29.5M","29.4M","29.3M","29.3M","29.1M","29.1M","29.1M","29M","2A.8M","28.6M","28.4M"],"okList":["59.5M","56.9M","55.35M","53.55M","52.75M","52.65M","52.4M","52.3M","52.15M","51.949997M","51.2M","50.75M","49.15M","48.75M","47.7M","47.55M","47.35M","47.25M","47.15M","46.4M","46.0M","45.15M","44.75M","44.4M","44.35M","43.8M","43.75M","43.35M","43.2M","42.9M","42.7M","42.4M","42.300003M","42.1M","42.050003M","41.95M","41.800003M","41.800003M","41.65M","40.9M","40.5M","39.65M","39.2M","39.0M","38.65M","38.5M","38.05M","37.9M","37.55M","37.15M","36.8M","36.45M","35.800003M","35.1M","34.9M","34.65M","34.6M","34.45M","34.3M","34.15M","33.949997M","33.85M","33.6M","33.2M","33.05M","32.75M","32.449997M","32.3M","32.05M","31.9M","31.85M","31.7M","31.55M","31.5M","31.2M","31.05M","30.65M","30.45M","30.15M","30.05M","30.0M","29.95M","29.95M","29.8M","29.7M","29.55M","29.4M","29.349998M","29.2M","29.2M","29.1M","29.05M","28.8M","28.4M"],"nokList":["36.2M","35.4M","33.8M","33.4M","29M","28.6M"]}