{
    "server": 1453,
    "total": 4180.049,
    "average": 44.000515,
    "cpValues": [],
    "cpList": [
        "82.4M",
        "6AM",
        "65.8M",
        "64.7M",
        "64.7M",
        "64M",
        "60.8M",
        "59.1M",
        "57.2M",
        "55.2M",
        "54.6M",
        "54.4M",
        "53.3M",
        "53M",
        "51.9M",
        "51.4M",
        "50.8M",
        "49.8M",
        "49.6M",
        "49.3M",
        "49.3M",
        "49.1M",
        "48.8M",
        "48.3M",
        "48.2M",
        "47.5M",
        "47.4M",
        "47.4M",
        "47M",
        "46.9M",
        "46.9M",
        "46.9M",
        "46.7M",
        "46.3M",
        "45.9M",
        "45.9M",
        "45.3M",
        "45.1M",
        "44.8M",
        "44.4M",
        "44.1M",
        "43.6M",
        "43.5M",
        "43.4M",
        "43.2M",
        "43.1M",
        "43M",
        "42.6M",
        "41.9M",
        "41.8M",
        "41M",
        "41M",
        "41M",
        "40.9M",
        "40.5M",
        "40.5M",
        "40.4M",
        "40.4M",
        "40.3M",
        "40M",
        "40M",
        "39.8M",
        "39.8M",
        "39.7M",
        "39.7M",
        "39.4M",
        "39.1M",
        "38.9M",
        "38.8M",
        "38.5M",
        "38.5M",
        "38.2M",
        "38.1M",
        "37.6M",
        "37.3M",
        "37.3M",
        "36.7M",
        "36.7M",
        "36.7M",
        "A6M",
        "35.5M",
        "35.4M",
        "35.4M",
        "35.2M",
        "34.9M",
        "34.7M",
        "34.6M",
        "34.5M",
        "34.3M",
        "33.7M",
        "A3.6M",
        "33.4M",
        "33.1M",
        "32.9M",
        "32.9M",
        "32.9M",
        "32.8M",
        "32.7M",
        "32.7M",
        "32.4M"
    ],
    "okList": [
        "82.4M",
        "74.100006M",
        "65.8M",
        "65.25M",
        "64.35M",
        "62.75M",
        "61.55M",
        "59.0M",
        "57.15M",
        "55.9M",
        "54.800003M",
        "53.949997M",
        "53.7M",
        "52.6M",
        "52.2M",
        "51.35M",
        "50.6M",
        "50.199997M",
        "49.55M",
        "49.449997M",
        "49.199997M",
        "49.05M",
        "48.699997M",
        "48.5M",
        "47.9M",
        "47.800003M",
        "47.45M",
        "47.2M",
        "47.15M",
        "46.95M",
        "46.9M",
        "46.800003M",
        "46.6M",
        "46.300003M",
        "46.1M",
        "45.6M",
        "45.5M",
        "45.05M",
        "44.75M",
        "44.449997M",
        "44.0M",
        "43.8M",
        "43.5M",
        "43.35M",
        "43.25M",
        "43.1M",
        "42.85M",
        "42.45M",
        "42.199997M",
        "41.45M",
        "41.4M",
        "41.0M",
        "40.95M",
        "40.75M",
        "40.7M",
        "40.45M",
        "40.45M",
        "40.35M",
        "40.2M",
        "40.15M",
        "39.9M",
        "39.9M",
        "39.75M",
        "39.75M",
        "39.550003M",
        "39.4M",
        "39.15M",
        "38.949997M",
        "38.7M",
        "38.65M",
        "38.35M",
        "38.3M",
        "37.9M",
        "37.699997M",
        "37.449997M",
        "37.0M",
        "37.0M",
        "36.7M",
        "36.7M",
        "36.1M",
        "35.45M",
        "35.300003M",
        "35.5M",
        "35.15M",
        "34.95M",
        "34.75M",
        "34.6M",
        "34.449997M",
        "34.1M",
        "33.7M",
        "33.550003M",
        "33.4M",
        "33.15M",
        "33.0M",
        "32.9M",
        "32.85M",
        "32.800003M",
        "32.75M",
        "32.550003M",
        "32.4M"
    ],
    "nokList": [
        
    ]
}