{"server":1459,"total":3152.4504,"average":35.027225,"cpValues":[],"cpList":["69.8M","61.3M","57.4M","56M","55.3M","53.8M","53.4M","52M","51.9M","50.9M","47M","46.7M","46.7M","45.8M","45.8M","45.7M","45.3M","44.6M","43.2M","42.8M","42.4M","42.4M","39.7M","39.7M","39M","38.4M","37.2M","37.2M","A6.9M","36.8M","A6.6M","36.4M","36.2M","36.2M","A6.1M","A6M","A6M","35.9M","35.9M","35.5M","35.3M","35.2M","34.7M","34.6M","34.4M","33.7M","33.7M","A3.6M","33.3M","33.3M","33.3M","33.2M","33.2M","33.2M","32.9M","32.7M","32.5M","31.5M","31.1M","31.1M","31M","30.9M","30.6M","30.4M","30M","29.7M","29.7M","29.4M","29M","28.9M","28.4M","28.3M","28.1M","27.9M","27.7M","27.6M","27.6M","27.5M","26.7M","26.6M","26.3M","26.3M","25.8M","25.8M","25.7M","25.4M","25.4M","25.3M","25.1M","24.7M","24.7M","24.6M","24.4M","24.3M","24.2M","24.1M","24.1M","23.9M","23.9M","23.5M"],"okList":["69.8M","63.600002M","58.65M","56.35M","54.9M","54.35M","52.9M","52.65M","51.45M","49.45M","48.800003M","46.85M","46.25M","46.25M","45.75M","45.55M","45.15M","44.25M","43.699997M","42.800003M","42.6M","41.050003M","41.050003M","39.35M","39.050003M","38.1M","37.800003M","37.0M","36.6M","36.300003M","35.7M","35.6M","35.35M","35.0M","34.9M","34.550003M","34.15M","34.050003M","33.5M","33.3M","33.25M","33.25M","33.2M","33.050003M","32.95M","32.7M","32.1M","31.8M","31.3M","31.05M","31.0M","30.8M","30.65M","30.3M","30.05M","29.85M","29.55M","29.35M","29.15M","28.7M","28.599998M","28.25M","28.099998M","27.900002M","27.75M","27.650002M","27.55M","27.150002M","27.05M","26.5M","26.45M","26.05M","26.05M","25.75M","25.599998M","25.55M","25.349998M","25.25M","25.0M","24.900002M","24.650002M","24.55M","24.45M","24.3M","24.2M","24.150002M","24.0M","24.0M","23.7M","23.5M"],"nokList":["37.2M","36.8M","36.4M","36.2M","A6.1M","A6M","A6M","35.9M","33.7M","33.3M"]}