{"server":1465,"total":5774.351,"average":57.74351,"cpValues":[],"cpList":["86.5M","82.8M","75.7M","75.3M","73.6M","72.5M","71.1M","68.3M","68.2M","68.1M","67.6M","67.5M","66.8M","65.9M","65.7M","65.6M","64.4M","64M","63.7M","63.5M","63.3M","62.5M","62.5M","62.3M","62M","62M","61.8M","61.2M","60.9M","60.7M","59.7M","59.6M","59.5M","59.3M","59.2M","59M","59M","58.7M","58.4M","58.4M","58.4M","58.3M","58.3M","58.3M","57.7M","57.7M","57.5M","57.5M","57.4M","57.2M","56.9M","56.5M","56.5M","56.5M","56.4M","56.4M","56.3M","56.3M","56M","55.7M","55.6M","55.3M","54.7M","54.7M","53.8M","53.7M","53.7M","53.5M","53.4M","53.3M","53M","52.9M","52.3M","52.2M","52.1M","51.7M","51.5M","51.2M","50.9M","50.6M","50.4M","50M","49.3M","49.3M","49.1M","48.M","48.8M","48.8M","48.7M","48.5M","48.2M","47.6M","47.3M","47.3M","47.2M","47.1M","47.1M","47.1M","47.1M","46.7M"],"okList":["86.5M","81.1M","79.05M","74.649994M","73.9M","72.35M","70.4M","69.649994M","68.2M","67.899994M","67.8M","67.2M","66.7M","66.25M","65.75M","65.05M","64.8M","64.05M","63.75M","63.5M","63.0M","62.9M","62.4M","62.25M","62.15M","61.9M","61.6M","61.35M","60.95M","60.300003M","60.15M","59.6M","59.449997M","59.35M","59.15M","59.1M","58.85M","58.7M","58.550003M","58.4M","58.35M","58.35M","58.3M","58.0M","58.0M","57.6M","57.6M","57.45M","57.35M","57.15M","56.85M","56.7M","56.5M","56.45M","56.45M","56.35M","56.35M","56.15M","56.0M","55.8M","55.5M","55.15M","55.0M","54.25M","54.2M","53.75M","53.6M","53.550003M","53.4M","53.2M","53.1M","52.65M","52.550003M","52.199997M","51.95M","51.8M","51.45M","51.2M","50.9M","50.65M","50.3M","49.85M","49.65M","49.199997M","48.65M","48.949997M","48.8M","48.75M","48.65M","48.45M","48.05M","47.75M","47.449997M","47.25M","47.199997M","47.15M","47.1M","47.1M","46.9M","46.7M"],"nokList":[]}