{"time":1755516929674,"server":1473,"cpList":["102M","100M","96M","91.5M","90M","87M","86.9M","843M","83.4M","83.3M","82.7M","82M","81.8M","81.4M","81.1M","79.7M","78.3M","77.4M","77.1M","77.1M","766M","762M","76.1M","75.5M","75.4M","75.3M","74.7M","74.4M","742M","742M","74M","73.2M","73.2M","73M","73M","72.9M","72.8M","72.8M","72.2M","72.1M","72M","71.8M","71.6M","71.5M","71.5M","71.3M","71.1M","71.1M","71.1M","70.9M","70.9M","69.9M","69.7M","69.5M","69.4M","69.4M","69M","68.9M","68.7M","68.5M","68.4M","68M","68M","68M","68M","68M","68M","67.8M","67.4M","67.3M","67.1M","67.1M","66.9M","66.9M","66.7M","66.7M","66.5M","66.4M","66.1M","66M","65.9M","65.9M","65.7M","65.6M","65.6M","65.6M","65.1M","64.9M","64.7M","64.5M","64.5M","64.5M","64.3M","64.1M","64M","63.9M","63.9M","63.8M","63.8M","63.7M"],"okList":["102.0M","100.0M","96.0M","91.5M","90.0M","87.0M","86.9M","84.3M","83.4M","83.3M","82.7M","82.0M","81.8M","81.4M","81.1M","79.7M","78.3M","77.4M","77.1M","0.7709999999999999M","0.00166M","1.62E-5M","7.61E-8M","7.550000000000001E-9M","7.54E-9M","7.53E-9M","7.47E-9M","7.4400000000000024E-9M","1.4199999999999998E-8M","1.4199999999999998E-8M","7.400000000000001E-9M","7.32E-9M","7.32E-9M","7.3E-9M","7.3E-9M","7.290000000000001E-9M","7.28E-9M","7.28E-9M","7.2199999999999995E-9M","7.21E-9M","7.2E-9M","7.18E-9M","7.159999999999999E-9M","7.15E-9M","7.15E-9M","7.13E-9M","7.11E-9M","7.11E-9M","7.11E-9M","7.09E-9M","7.09E-9M","6.99E-9M","6.97E-9M","6.949999999999999E-9M","6.9400000000000004E-9M","6.9400000000000004E-9M","6.9E-9M","6.890000000000001E-9M","6.8700000000000005E-9M","6.85E-9M","6.840000000000001E-9M","6.8E-9M","6.8E-9M","6.8E-9M","6.8E-9M","6.8E-9M","6.8E-9M","6.779999999999999E-9M","6.74E-9M","6.73E-9M","6.709999999999999E-9M","6.709999999999999E-9M","6.69E-9M","6.69E-9M","6.670000000000001E-9M","6.670000000000001E-9M","6.65E-9M","6.64E-9M","6.609999999999999E-9M","6.6E-9M","6.590000000000001E-9M","6.590000000000001E-9M","6.57E-9M","6.56E-9M","6.56E-9M","6.56E-9M","6.51E-9M","6.4900000000000005E-9M","6.47E-9M","6.45E-9M","6.45E-9M","6.45E-9M","6.43E-9M","6.409999999999999E-9M","6.4E-9M","6.39E-9M","6.39E-9M","6.380000000000001E-9M","6.380000000000001E-9M","6.37E-9M"],"nokList":[]}