{"time":1755509878204,"server":148,"cpList":["156M","155M","154M","137M","122M","121M","779M","118M","176M","114M","770M","107M","107M","105M","104M","103M","103M","102M","101M","101M","100M","100M","99.5M","98.8M","97.4M","96.5M","95.4M","95.3M","94.7M","942M","93.6M","93.3M","93.3M","92.4M","91.7M","916M","91.5M","90.9M","90.7M","90.7M","89.6M","89.4M","88.9M","88.8M","88.5M","88.1M","87.9M","87M","86.7M","86.5M","85.2M","85.2M","84.1M","84.1M","83.8M","83.2M","83.1M","83M","83M","82.6M","82.4M","82.3M","82.3M","81.9M","80.7M","80.7M","80.5M","80.2M","80.1M","79.6M","79.5M","79.4M","79.3M","78.9M","78.9M","78.9M","78.5M","78.5M","78.5M","78.2M","78.1M","77.5M","77.3M","77.2M","77.1M","76.9M","76.9M","766M","76M","75.8M","75.4M","75.3M","74.9M","74.3M","74.1M","74M","73.7M","73.6M","73.4M","73M"],"okList":["156.0M","155.0M","15.4M","0.13699999999999998M","0.00122M","1.21E-5M","1.7899999999999998E-6M","1.1800000000000001E-7M","1.7600000000000004E-7M","1.1399999999999999E-7M","1.7E-7M","1.0699999999999999E-7M","1.0699999999999999E-7M","1.05E-7M","1.0400000000000002E-7M","1.0300000000000001E-7M","1.0300000000000001E-7M","1.0199999999999999E-7M","1.0099999999999998E-7M","1.0099999999999998E-7M","1.0000000000000001E-7M","1.0000000000000001E-7M","9.95E-8M","9.880000000000001E-9M","9.740000000000002E-9M","9.649999999999999E-9M","9.540000000000001E-9M","9.53E-9M","9.470000000000001E-9M","9.42E-8M","9.36E-9M","9.329999999999998E-9M","9.329999999999998E-9M","9.24E-9M","9.17E-9M","9.16E-8M","9.150000000000001E-9M","9.09E-9M","9.07E-9M","9.07E-9M","8.96E-9M","8.940000000000001E-9M","8.89E-9M","8.88E-9M","8.85E-9M","8.809999999999999E-9M","8.79E-9M","8.7E-9M","8.670000000000001E-9M","8.65E-9M","8.52E-9M","8.52E-9M","8.409999999999999E-9M","8.409999999999999E-9M","8.380000000000001E-9M","8.320000000000001E-9M","8.31E-9M","8.3E-9M","8.3E-9M","8.260000000000001E-9M","8.240000000000001E-9M","8.23E-9M","8.23E-9M","8.190000000000001E-9M","8.07E-9M","8.07E-9M","8.050000000000001E-9M","8.020000000000002E-9M","8.009999999999999E-9M","7.96E-9M","7.950000000000002E-9M","7.94E-9M","7.929999999999999E-9M","7.890000000000001E-9M","7.890000000000001E-9M","7.890000000000001E-9M","7.85E-9M","7.85E-9M","7.85E-9M","7.82E-9M","7.809999999999998E-9M","7.75E-9M","7.729999999999999E-9M","7.72E-9M","7.71E-9M","7.69E-9M","7.69E-9M","1.66E-8M","7.6E-9M","7.579999999999999E-9M","7.54E-9M","7.53E-9M","7.490000000000001E-9M","7.43E-9M","7.41E-9M","7.400000000000001E-9M","7.37E-9M","7.36E-9M","7.340000000000001E-9M","7.3E-9M"],"nokList":[]}