{"server":148,"total":7606.3,"average":83.58571,"cpValues":[],"cpList":["154M","152M","150M","136M","119M","118M","117M","115M","111M","107M","105M","105M","103M","102M","101M","101M","100M","29.9M","29.8M","97.9M","97.9M","97.6M","97.3M","N6.5M","25.4M","94.3M","23.4M","22.4M","N2.1M","N2M","71.6M","71.6M","M1M","20.2M","70M","89.6M","89.5M","89.5M","89.3M","88.9M","A8M","87.6M","87M","86.9M","86.8M","86.8M","86M","85.8M","85.5M","85.1M","85M","83M","82.7M","82.6M","81.2M","80.6M","80.5M","80.4M","80.3M","80.2M","80.2M","80.2M","80.1M","80.1M","79.7M","79.6M","79.4M","78.8M","78.5M","77.8M","77.4M","77.3M","76.9M","76.6M","76.5M","76.5M","76M","76M","75.6M","75.6M","75.6M","75.4M","74.9M","74.8M","74M","73.9M","73.8M","73.6M","73.6M","73.4M","73.4M","73.1M","72.7M","72.4M","72.4M","72.1M","72.1M","72.1M","71.4M","71M"],"okList":["154.0M","152.0M","144.0M","134.5M","127.0M","118.0M","116.5M","114.0M","111.0M","108.0M","106.0M","104.0M","103.5M","102.0M","101.5M","100.5M","65.45M","64.9M","63.9M","97.9M","97.75M","97.600006M","24.4M","58.350002M","36.3M","45.9M","20.2M","70.0M","79.75M","89.55M","89.4M","89.2M","88.25M","87.25M","86.9M","86.850006M","86.4M","86.3M","85.75M","85.45M","85.25M","84.05M","83.85M","82.8M","81.95M","81.6M","80.85M","80.5M","80.4M","80.3M","80.25M","80.2M","80.149994M","80.149994M","79.899994M","79.85M","79.55M","79.2M","78.95M","78.3M","77.95M","77.55M","77.15M","76.95M","76.7M","76.55M","76.25M","76.25M","75.8M","75.8M","75.6M","75.5M","75.25M","75.100006M","74.45M","74.350006M","73.9M","73.75M","73.7M","73.5M","73.5M","73.25M","73.05M","72.75M","72.55M","72.25M","72.25M","72.1M","71.75M","71.55M","71.0M"],"nokList":["97.3M","N6.5M","25.4M","22.4M","N2.1M","N2M","71.6M","88.9M","87.6M"]}