{"server":1484,"total":3431.5996,"average":39.443672,"cpValues":[],"cpList":["71.5M","67.4M","60.8M","5AM","57.QM","57.3M","56.1M","55.3M","54.8M","54.8M","54.3M","53.8M","53.6M","53.1M","52.5M","52.4M","52.3M","50.6M","49.5M","48.7M","48.5M","48.5M","48.5M","46.2M","45.2M","44.6M","44.2M","44.2M","43.2M","42.9M","42.8M","42.8M","42.7M","41.8M","41.2M","41.1M","41.1M","40.5M","40.3M","39.8M","39.5M","39.3M","38.9M","38.4M","38.2M","38.2M","37.6M","A6.9M","36.8M","36.2M","A6.1M","A6.1M","A6M","A6M","35.9M","35.9M","35.8M","35.5M","35.5M","35.3M","35.2M","35.2M","34.7M","34.6M","34.5M","34.2M","33.9M","33.7M","33.4M","33.4M","33.3M","32.8M","32.7M","32.7M","32.3M","32.3M","32.2M","31.8M","31.7M","31.7M","31.3M","31.2M","31M","30.7M","30.7M","30.6M","30.6M","30.4M","29.8M","29.6M","29.5M","29.3M","29.2M","29.1M","29.1M","29.1M","29M","29M","28.7M","2A.7M"],"okList":["71.5M","66.15M","56.3M","55.449997M","55.05M","54.55M","54.3M","53.949997M","53.449997M","53.05M","52.75M","52.4M","51.5M","50.9M","49.65M","49.0M","48.6M","48.5M","47.35M","46.85M","45.4M","44.7M","44.4M","43.7M","43.550003M","43.0M","42.85M","42.75M","42.3M","41.95M","41.449997M","41.15M","40.8M","40.699997M","40.15M","39.9M","39.55M","39.2M","38.85M","38.550003M","38.300003M","37.9M","37.199997M","35.85M","35.7M","35.65M","35.4M","35.35M","35.25M","34.95M","34.9M","34.6M","34.4M","34.2M","33.95M","33.65M","33.550003M","33.35M","33.1M","33.0M","32.75M","32.5M","32.5M","32.25M","32.05M","31.95M","31.75M","31.5M","31.45M","31.15M","30.95M","30.85M","30.650002M","30.650002M","30.5M","30.2M","30.0M","29.65M","29.45M","29.35M","29.2M","29.150002M","29.1M","29.05M","29.05M","28.85M","28.7M"],"nokList":["60.8M","5AM","57.QM","57.3M","37.6M","36.8M","36.2M","A6.1M","A6.1M","A6M","A6M","35.9M","28.7M"]}