{"time":1755516982593,"server":1487,"cpList":["102M","95.5M","88.3M","85.1M","80.3M","79M","78.9M","78.4M","77M","73M","72.6M","72.3M","71.1M","77M","70.5M","70.5M","69.4M","69.4M","69.2M","69M","66.5M","65.7M","65.1M","64.8M","646M","64.5M","63.9M","63.6M","63.5M","63.3M","63.1M","62.8M","62.8M","62.4M","62.4M","62.3M","62.1M","62M","60.9M","60M","59.6M","59.6M","59.4M","59.3M","59.1M","59M","58.6M","58.4M","58.2M","58.1M","58M","57.6M","57.4M","57.3M","57M","56.8M","56.7M","55.8M","55.5M","55M","54.7M","54.6M","54.4M","543M","542M","54.1M","54M","53.7M","53.6M","53.3M","53.3M","53.2M","53.1M","52.9M","52.6M","52.4M","52.2M","52M","51.9M","51.9M","51.8M","51.4M","51.2M","50.9M","50.7M","50.6M","50.2M","50.2M","50.1M","49.8M","49.7M","49.6M","49.5M","49.1M","48.7M","48.7M","48.6M","48.3M","48.3M","48.1M"],"okList":["102.0M","95.5M","88.3M","85.1M","80.3M","79.0M","78.9M","78.4M","77.0M","0.73M","0.00726M","7.23E-5M","7.11E-7M","7.699999999999999E-8M","7.0499999999999994E-9M","7.0499999999999994E-9M","6.9400000000000004E-9M","6.9400000000000004E-9M","6.92E-9M","6.9E-9M","6.65E-9M","6.57E-9M","6.51E-9M","6.48E-9M","6.460000000000001E-8M","6.45E-9M","6.39E-9M","6.36E-9M","6.35E-9M","6.3299999999999994E-9M","6.31E-9M","6.28E-9M","6.28E-9M","6.24E-9M","6.24E-9M","6.23E-9M","6.210000000000001E-9M","6.2E-9M","6.09E-9M","6.0E-9M","5.96E-9M","5.96E-9M","5.9400000000000006E-9M","5.93E-9M","5.91E-9M","5.9E-9M","5.86E-9M","5.84E-9M","5.820000000000001E-9M","5.8099999999999996E-9M","5.8E-9M","5.760000000000001E-9M","5.74E-9M","5.73E-9M","5.7E-9M","5.6799999999999986E-9M","5.6700000000000005E-9M","5.5799999999999985E-9M","5.55E-9M","5.500000000000001E-9M","5.47E-9M","5.4600000000000006E-9M","5.44E-9M","5.4299999999999997E-8M","5.4199999999999996E-8M","5.410000000000001E-9M","5.4E-9M","5.37E-9M","5.3600000000000005E-9M","5.329999999999999E-9M","5.329999999999999E-9M","5.32E-9M","5.310000000000001E-9M","5.2900000000000006E-9M","5.2600000000000004E-9M","5.24E-9M","5.22E-9M","5.2E-9M","5.1900000000000005E-9M","5.1900000000000005E-9M","5.180000000000001E-9M","5.140000000000001E-9M","5.1200000000000005E-9M","5.0900000000000004E-9M","5.07E-9M","5.06E-9M","5.0200000000000004E-9M","5.0200000000000004E-9M","5.01E-9M","4.979999999999999E-9M","4.970000000000001E-9M","4.96E-9M","4.949999999999999E-9M","4.910000000000001E-9M","4.870000000000001E-9M","4.870000000000001E-9M","4.86E-9M","4.83E-9M","4.83E-9M","4.8100000000000006E-9M"],"nokList":[]}