{"server":1487,"total":5638.2505,"average":58.126293,"cpValues":[],"cpList":["100M","88.4M","83.7M","82.8M","77.5M","75.9M","75.8M","74M","73.8M","71.3M","70.8M","68.5M","68.4M","67.9M","67.8M","67.1M","67M","66.8M","66.5M","6M","64.6M","63.6M","63.5M","63.3M","62.4M","61.8M","61.7M","61.7M","61.7M","61.5M","61.1M","61M","60.3M","60M","59.9M","59.8M","59.5M","59.3M","59.1M","58.8M","58.4M","58.4M","58.4M","58.2M","57.QM","57.8M","57.4M","57M","56.8M","56.7M","55.9M","55.8M","55.7M","55.6M","54.8M","54.7M","54.4M","54.3M","54.2M","54.1M","53.8M","53.6M","53.6M","53.3M","53.3M","53.2M","52.9M","52.9M","52.8M","52.6M","52.6M","52.2M","52M","51.9M","51.9M","51.8M","51.6M","51.5M","50.9M","50.8M","50.7M","50.6M","50.4M","50.4M","50.2M","50.1M","50.1M","49.8M","49.8M","49.6M","49.5M","49.5M","49.4M","48.7M","48.6M","48M","47.9M","47.8M","47.5M","47.4M"],"okList":["100.0M","91.85M","85.600006M","80.6M","79.350006M","76.65M","74.95M","74.8M","72.65M","72.3M","69.9M","69.600006M","68.2M","68.100006M","67.5M","67.4M","66.95M","66.75M","36.4M","65.55M","34.8M","64.05M","63.449997M","62.95M","62.55M","62.050003M","61.75M","61.7M","61.6M","61.4M","61.25M","60.699997M","60.5M","60.1M","59.9M","59.7M","59.55M","59.3M","59.05M","58.75M","58.6M","58.4M","58.300003M","57.4M","57.1M","56.85M","56.35M","56.25M","55.800003M","55.699997M","55.25M","55.15M","54.6M","54.5M","54.300003M","54.199997M","54.0M","53.85M","53.699997M","53.449997M","53.449997M","53.25M","53.1M","53.050003M","52.85M","52.75M","52.699997M","52.4M","52.3M","52.050003M","51.95M","51.85M","51.75M","51.65M","51.25M","51.15M","50.800003M","50.699997M","50.550003M","50.5M","50.300003M","50.25M","50.15M","49.949997M","49.949997M","49.699997M","49.65M","49.55M","49.45M","49.1M","49.0M","48.35M","48.25M","47.9M","47.7M","47.6M","47.4M"],"nokList":["58.2M","57.QM","57.8M"]}