{"time":1755517035614,"server":1494,"cpList":["94.7M","88.1M","85.7M","83.2M","80.8M","78.2M","76.3M","73.7M","73.3M","72.6M","72.5M","72M","71.2M","70.9M","69.8M","68.8M","68.5M","67.1M","67.1M","67.1M","66.8M","66.6M","66.3M","66.1M","65.6M","65.4M","65.2M","64.8M","64.5M","64.5M","64.3M","642M","62.6M","62.5M","62.1M","62M","61.8M","612M","612M","60.8M","60.5M","60.5M","60.1M","60.1M","59.4M","59.4M","59.3M","59.3M","58.8M","58.8M","58.8M","58.2M","58M","58M","57.5M","57.5M","57.1M","56.5M","56.4M","56.2M","56.1M","55.9M","55.8M","55.5M","55.5M","55.5M","55.4M","55.3M","55M","54.7M","54.6M","54.5M","53.9M","53.5M","53.3M","53.3M","52.8M","52.4M","52.3M","51.8M","51.2M","51.2M","51.1M","57M","50.6M","50.4M","50.4M","50.3M","50M","50M","50M","49.8M","49.1M","49.1M","48.7M","48M","48M","47.6M","47.4M","46.9M"],"okList":["94.7M","88.1M","85.7M","83.2M","80.8M","78.2M","76.3M","73.7M","73.3M","72.6M","72.5M","72.0M","71.2M","70.9M","69.8M","68.8M","68.5M","67.1M","67.1M","67.1M","66.8M","66.6M","66.3M","66.1M","65.6M","65.4M","65.2M","64.8M","64.5M","64.5M","64.3M","64.2M","62.6M","62.5M","62.1M","62.0M","61.8M","61.2M","61.2M","60.8M","60.5M","60.5M","60.1M","60.1M","59.4M","59.4M","59.3M","59.3M","58.8M","58.8M","58.8M","58.2M","58.0M","58.0M","57.5M","57.5M","57.1M","56.5M","56.4M","56.2M","56.1M","55.9M","55.8M","55.5M","55.5M","55.5M","55.4M","55.3M","55.0M","54.7M","54.6M","54.5M","53.9M","53.5M","53.3M","53.3M","52.8M","52.4M","52.3M","0.518M","0.00512M","5.1200000000000004E-5M","5.110000000000001E-7M","5.6999999999999994E-8M","5.06E-9M","5.040000000000001E-9M","5.040000000000001E-9M","5.03E-9M","5.0E-9M","5.0E-9M","5.0E-9M","4.979999999999999E-9M","4.910000000000001E-9M","4.910000000000001E-9M","4.870000000000001E-9M","4.8E-9M","4.8E-9M","4.76E-9M","4.739999999999999E-9M","4.689999999999999E-9M"],"nokList":[]}