{"server":1496,"total":6755.349,"average":67.55349,"cpValues":[],"cpList":["25.9M","22.4M","21.8M","20.5M","89.7M","89.1M","88.5M","87.8M","85.6M","85.5M","84.4M","83.1M","80.8M","80M","80M","79.9M","79.1M","78.9M","78.5M","77.8M","77.5M","77M","76.3M","76.2M","75.9M","75.1M","74.9M","74.6M","74M","74M","73M","73M","72.8M","72.8M","12.4M","72.3M","72.3M","72.1M","72.1M","72.1M","71.7M","71.2M","70.8M","70.2M","69.6M","69.5M","69.4M","69.4M","69.3M","69M","68.8M","68.4M","68.1M","67.9M","67.2M","67.2M","67.2M","67.2M","66.9M","66.9M","66.9M","66.5M","66.3M","66.1M","66.1M","6M","65.7M","65.3M","65.3M","65.2M","65.1M","65.1M","65.1M","64.9M","64.9M","64.8M","64.8M","64.6M","64.4M","64.2M","64.1M","64.1M","64.1M","63.9M","63.8M","63.7M","63.7M","63.6M","63.4M","63M","62.8M","62.7M","62.4M","62.4M","62.4M","62.2M","62.2M","62.2M","62.1M","62M"],"okList":["25.9M","23.849998M","21.45M","55.75M","54.8M","89.1M","88.45M","87.05M","86.65M","85.0M","84.3M","82.600006M","81.55M","80.4M","79.95M","79.55M","79.4M","78.8M","78.350006M","78.0M","77.4M","76.9M","76.6M","76.100006M","75.649994M","75.4M","74.85M","74.45M","74.3M","73.5M","73.5M","72.9M","72.9M","42.600002M","72.55M","72.3M","72.2M","72.2M","72.1M","71.899994M","71.649994M","71.25M","70.7M","70.2M","69.85M","69.5M","69.45M","69.350006M","69.2M","69.05M","68.7M","68.45M","68.15M","67.649994M","67.55M","67.2M","67.2M","67.05M","67.05M","66.9M","66.7M","66.600006M","66.3M","66.2M","36.05M","65.899994M","35.65M","65.5M","65.25M","65.2M","65.149994M","65.1M","65.0M","65.0M","64.850006M","64.850006M","64.7M","64.600006M","64.399994M","64.25M","64.149994M","64.1M","64.0M","63.949997M","63.800003M","63.75M","63.65M","63.550003M","63.3M","63.1M","62.85M","62.6M","62.550003M","62.4M","62.300003M","62.300003M","62.2M","62.15M","62.1M","62.0M"],"nokList":[]}