{"time":1755517061869,"server":1496,"cpList":["115M","99.8M","961M","95.7M","95.1M","93.8M","93.6M","93.5M","93M","92.6M","91.8M","90.7M","89.6M","88.8M","87.8M","85.6M","85M","83.1M","82.4M","82.4M","82.3M","81.7M","80.6M","80.5M","80.4M","79.6M","79.4M","78.9M","78.4M","78.1M","78M","77.8M","77.4M","77.1M","77.1M","76.7M","76.5M","76.4M","76.3M","76.1M","76M","75.9M","75.8M","75.7M","75M","74.9M","742M","742M","74M","73.7M","73.7M","73.4M","73M","72.6M","71.8M","71.7M","71.7M","71.5M","71.2M","71.1M","70.9M","70.7M","70.7M","70.4M","69.9M","69.6M","69.5M","69.5M","69.4M","69.4M","69.2M","69M","69M","68.8M","68.6M","68.6M","68.6M","68.4M","68.4M","68.3M","68.3M","67.9M","67.7M","67.6M","67.5M","67.3M","67.2M","67.2M","67.1M","66.9M","66.8M","66.5M","66.4M","66.4M","66.4M","66.3M","66.2M","66.1M","661M","66.1M"],"okList":["115.0M","99.8M","96.1M","95.7M","95.1M","93.8M","93.6M","93.5M","93.0M","92.6M","91.8M","90.7M","89.6M","88.8M","87.8M","85.6M","85.0M","83.1M","82.4M","82.4M","82.3M","81.7M","80.6M","80.5M","80.4M","79.6M","79.4M","78.9M","78.4M","78.1M","78.0M","77.8M","77.4M","77.1M","77.1M","76.7M","76.5M","76.4M","76.3M","76.1M","76.0M","75.9M","0.758M","0.00757M","7.5E-5M","7.490000000000001E-6M","1.4199999999999997E-7M","1.4199999999999997E-7M","7.400000000000001E-8M","7.37E-9M","7.37E-9M","7.340000000000001E-9M","7.3E-9M","7.26E-9M","7.18E-9M","7.170000000000001E-9M","7.170000000000001E-9M","7.15E-9M","7.120000000000001E-9M","7.11E-9M","7.09E-9M","7.070000000000001E-9M","7.070000000000001E-9M","7.040000000000001E-9M","6.99E-9M","6.96E-9M","6.949999999999999E-9M","6.949999999999999E-9M","6.9400000000000004E-9M","6.9400000000000004E-9M","6.92E-9M","6.9E-9M","6.9E-9M","6.879999999999999E-9M","6.86E-9M","6.86E-9M","6.86E-9M","6.840000000000001E-9M","6.840000000000001E-9M","6.83E-9M","6.83E-9M","6.790000000000001E-9M","6.77E-9M","6.759999999999999E-9M","6.750000000000001E-9M","6.73E-9M","6.720000000000001E-9M","6.720000000000001E-9M","6.709999999999999E-9M","6.69E-9M","6.68E-9M","6.65E-9M","6.64E-9M","6.64E-9M","6.64E-9M","6.63E-9M","6.62E-9M","6.609999999999999E-9M","6.61E-8M","6.609999999999999E-9M"],"nokList":[]}