{"server":1499,"total":3737.2498,"average":41.524998,"cpValues":[],"cpList":["61.9M","61.8M","60.7M","57.1M","55.6M","54.7M","54.2M","53.3M","52.3M","51.6M","50.5M","50.2M","49.7M","48.8M","48.7M","48.7M","48.4M","48.3M","48.1M","48.1M","47.9M","47.8M","47.M","47.2M","46.6M","46.6M","46M","46M","45.6M","45M","44.6M","43.7M","43.1M","42.8M","42.4M","42.3M","42.2M","42.1M","41.9M","41.8M","41.8M","41.7M","41.6M","41.6M","41M","41M","40.4M","40.3M","40M","39.8M","39.7M","39.7M","39.5M","39.2M","39M","39M","38.8M","38.7M","38.7M","AA.6M","AA.6M","38.2M","37.7M","37.6M","37.3M","37.1M","37.1M","36.4M","A6M","35.9M","35.8M","35.4M","35.4M","34.4M","34.4M","34.3M","34.1M","34M","33.8M","A3.6M","A3.6M","33.4M","33.4M","33.3M","33.2M","32.8M","32.5M","32.2M","31.9M","31.8M","31.1M","31.1M","31M","31M","30.8M","30.6M","30.5M","30.5M","30.4M","30.4M"],"okList":["61.9M","61.300003M","59.449997M","58.15M","55.9M","54.9M","54.0M","53.25M","52.449997M","51.4M","50.9M","50.1M","49.5M","49.2M","48.75M","48.550003M","48.5M","48.25M","48.199997M","48.0M","47.949997M","47.45M","47.5M","46.8M","46.9M","46.3M","46.3M","45.8M","45.5M","45.1M","44.35M","43.85M","43.25M","42.75M","42.55M","42.300003M","42.199997M","42.050003M","41.949997M","41.85M","41.75M","41.699997M","41.65M","41.3M","41.3M","40.7M","40.65M","40.2M","40.05M","39.85M","39.75M","39.6M","39.45M","39.25M","39.1M","38.9M","38.85M","38.75M","37.9M","37.5M","37.35M","37.199997M","36.75M","36.15M","35.65M","35.6M","34.9M","34.9M","34.35M","34.25M","34.15M","33.949997M","33.35M","33.300003M","33.05M","32.85M","32.5M","32.2M","32.0M","31.5M","31.45M","31.05M","31.05M","30.9M","30.8M","30.65M","30.55M","30.45M","30.45M","30.4M"],"nokList":["38.7M","AA.6M","AA.6M","38.2M","36.4M","35.9M","33.8M","A3.6M","A3.6M","33.4M"]}