{"time":1755537666082,"server":1508,"cpList":["159M","157M","153M","129M","128M","118M","717M","717M","176M","112M","112M","771M","109M","107M","106M","106M","105M","105M","104M","103M","102M","100M","100M","99.7M","99.6M","98.6M","98.6M","98.5M","98.5M","968M","96.4M","95.2M","95M","94.8M","946M","94.5M","94M","94M","93.7M","93.4M","93.3M","93M","92.9M","92.5M","92M","92M","916M","916M","916M","91.4M","91.3M","90.9M","90.8M","89.8M","89.6M","89.6M","89.6M","89.1M","88.9M","88.8M","87.9M","87.6M","87.6M","87.4M","87.3M","87.2M","87.2M","87.2M","86.1M","85.7M","85.6M","85.4M","85.3M","85.1M","85.1M","84.9M","848M","848M","846M","843M","843M","842M","84M","84M","84M","83.7M","83.7M","83.5M","83.3M","83.3M","83.2M","83.2M","82.8M","82.8M","82.7M","82.5M","82.2M","82.2M","82.1M","82.1M"],"okList":["159.0M","157.0M","153.0M","129.0M","128.0M","118.0M","71.7M","71.7M","17.6M","11.2M","11.2M","7.709999999999999M","10.9M","10.7M","10.6M","10.6M","10.5M","10.5M","10.4M","10.3M","10.2M","10.0M","10.0M","9.97M","9.959999999999999M","9.86M","9.86M","9.85M","9.85M","9.68M","9.64M","9.52M","9.5M","9.48M","9.459999999999999M","9.45M","9.4M","9.4M","9.370000000000001M","9.34M","9.33M","9.3M","9.290000000000001M","9.25M","9.2M","9.2M","9.16M","9.16M","9.16M","9.14M","9.129999999999999M","9.09M","9.08M","8.98M","8.959999999999999M","8.959999999999999M","8.959999999999999M","8.91M","8.89M","8.879999999999999M","8.790000000000001M","8.76M","8.76M","8.74M","8.73M","8.72M","8.72M","8.72M","8.61M","8.57M","8.559999999999999M","8.540000000000001M","8.53M","8.51M","8.51M","8.49M","8.48M","8.48M","8.459999999999999M","8.43M","8.43M","8.42M","8.4M","8.4M","8.4M","8.370000000000001M","8.370000000000001M","8.35M","8.33M","8.33M","8.32M","8.32M","8.28M","8.28M","8.27M","8.25M","8.22M","8.22M","8.209999999999999M","8.209999999999999M"],"nokList":[]}