{"server":1508,"total":5978.6997,"average":86.64782,"cpValues":[],"cpList":["157M","156M","147M","142M","136M","131M","128M","127M","126M","123M","121M","117M","116M","113M","113M","112M","112M","107M","107M","106M","105M","105M","104M","104M","103M","103M","103M","103M","102M","102M","102M","101M","100M","100M","100M","29.5M","29.1M","29.1M","29M","29M","28.9M","28.7M","N8.6M","N8.5M","N8.5M","N8.2M","26.4M","N6M","25.9M","25.6M","25.3M","D5M","D5M","24.9M","24.5M","23.7M","23.7M","23.5M","N3M","N2.9M","22.8M","N2.6M","92.2M","N2.1M","21.8M","21.7M","21.5M","21.3M","21.3M","M1M","N0.6M","20.4M","20.2M","20.2M","89.9M","89.4M","89.3M","89.2M","89M","89M","88.9M","88.9M","88.8M","88.7M","A8.6M","A8.6M","A8.6M","A8.6M","88.4M","88.2M","88.2M","88.1M","87.7M","87.6M","87.6M","87.6M","87.2M","A7M","87M","86.4M"],"okList":["157.0M","152.0M","149.0M","141.5M","136.5M","132.0M","129.0M","127.0M","125.0M","123.5M","120.0M","118.5M","115.0M","114.5M","112.5M","112.5M","109.5M","109.5M","106.5M","106.0M","105.5M","104.5M","104.5M","103.5M","103.5M","103.0M","103.0M","102.5M","102.5M","102.0M","101.5M","101.0M","100.5M","100.0M","64.75M","64.55M","29.3M","29.05M","29.05M","28.95M","28.85M","25.599998M","24.3M","24.1M","23.6M","21.65M","21.5M","21.4M","11.15M","20.3M","20.2M","54.800003M","89.600006M","89.3M","89.15M","89.1M","88.95M","88.95M","88.850006M","88.8M","88.3M","88.149994M","87.95M","87.85M","87.649994M","87.6M","87.399994M","87.1M","86.4M"],"nokList":["28.7M","N8.6M","N8.5M","N8.5M","N8.2M","26.4M","N6M","25.9M","25.3M","D5M","D5M","24.9M","23.5M","N3M","N2.9M","22.8M","N2.6M","92.2M","N2.1M","21.8M","M1M","N0.6M","20.4M","88.7M","A8.6M","A8.6M","A8.6M","A8.6M","88.4M","87.2M","87M"]}