{"time":1756135231494,"server":1508,"cpList":["159M","157M","153M","129M","128M","118M","117M","M6M","MTM","1T0M","107M","106M","106M","105M","105M","104M","103M","102M","100M","100M","99.9M","99.6M","98.7M","98.6M","98.6M","98.4M","96.5M","96M","95M","94.8M","94.7M","94.5M","94M","94M","93.7M","93.5M","93.4M","93.3M","93M","92.5M","92M","92M","91.7M","91.6M","91.4M","91.4M","91M","90.4M","89.9M","89.6M","89.6M","89.4M","89M","88.8M","88M","87.6M","87.6M","87.6M","87.4M","87.3M","87.3M","87.2M","86.1M","85.7M","85.6M","85.6M","85.4M","85.2M","85.2M","84.9M","84.8M","84.8M","84.8M","84.3M","84.3M","84.2M","84.2M","84.1M","84.1M","83.7M","83.7M","83.4M","83.3M","83.2M","82.9M","82.9M","82.7M","82.3M","82.2M","82.2M","82.1M","82.1M","82.1M","82.1M","82M","82M","81.8M","81.3M","81.1M","80.9M"],"okList":["159.0M","157.0M","153.0M","129.0M","128.0M","118.0M","117.0M","6.0M","7.0M","17.0M","10.7M","10.6M","10.6M","10.5M","10.5M","10.4M","10.3M","10.2M","10.0M","10.0M","9.99M","9.959999999999999M","9.870000000000001M","9.86M","9.86M","9.84M","9.65M","9.6M","9.5M","9.48M","9.47M","9.45M","9.4M","9.4M","9.370000000000001M","9.35M","9.34M","9.33M","9.3M","9.25M","9.2M","9.2M","9.17M","9.16M","9.14M","9.14M","9.1M","9.040000000000001M","8.99M","8.959999999999999M","8.959999999999999M","8.940000000000001M","8.9M","8.879999999999999M","8.8M","8.76M","8.76M","8.76M","8.74M","8.73M","8.73M","8.72M","8.61M","8.57M","8.559999999999999M","8.559999999999999M","8.540000000000001M","8.52M","8.52M","8.49M","8.48M","8.48M","8.48M","8.43M","8.43M","8.42M","8.42M","8.41M","8.41M","8.370000000000001M","8.370000000000001M","8.34M","8.33M","8.32M","8.290000000000001M","8.290000000000001M","8.27M","8.23M","8.22M","8.22M","8.209999999999999M","8.209999999999999M","8.209999999999999M","8.209999999999999M","8.2M","8.2M","8.18M","8.129999999999999M","8.11M","8.09M"],"nokList":[]}