{"time":1755517114631,"server":1508,"cpList":["159M","157M","153M","129M","128M","118M","717M","717M","176M","112M","112M","771M","109M","107M","106M","106M","105M","104M","104M","103M","102M","100M","100M","99.7M","99.6M","98.6M","98.6M","98.5M","98.5M","968M","96.4M","95.2M","94.9M","94.8M","946M","94.5M","94M","94M","93.7M","93.4M","93.3M","93M","92.8M","92.5M","92M","91.9M","916M","916M","916M","91.4M","91.3M","90.9M","90.8M","89.8M","89.6M","89.6M","89.6M","89.1M","88.8M","88.8M","87.9M","87.6M","87.6M","87.4M","87.3M","87.2M","87.2M","87.2M","86.1M","85.7M","85.6M","85.4M","85.3M","85.1M","85.1M","84.9M","848M","848M","846M","843M","843M","842M","84M","84M","84M","83.7M","83.7M","83.5M","83.3M","83.3M","83.2M","83.2M","82.8M","82.8M","82.7M","82.5M","82.2M","82.2M","82.1M","82.1M"],"okList":["159.0M","157.0M","153.0M","129.0M","12.8M","0.11800000000000001M","0.00117M","1.17E-5M","1.7600000000000003E-6M","1.12E-7M","1.12E-7M","1.7100000000000004E-7M","1.0900000000000001E-7M","1.0699999999999999E-7M","1.06E-7M","1.06E-7M","1.05E-7M","1.0400000000000002E-7M","1.0400000000000002E-7M","1.0300000000000001E-7M","1.0199999999999999E-7M","1.0000000000000001E-7M","1.0000000000000001E-7M","9.970000000000001E-8M","9.959999999999998E-9M","9.860000000000002E-9M","9.860000000000002E-9M","9.849999999999999E-9M","9.849999999999999E-9M","9.68E-8M","9.640000000000002E-9M","9.52E-9M","9.490000000000001E-9M","9.479999999999998E-9M","9.460000000000001E-8M","9.45E-9M","9.399999999999998E-9M","9.399999999999998E-9M","9.37E-9M","9.340000000000001E-9M","9.329999999999998E-9M","9.3E-9M","9.280000000000001E-9M","9.250000000000002E-9M","9.2E-9M","9.19E-9M","9.16E-8M","9.16E-8M","9.16E-8M","9.14E-9M","9.13E-9M","9.09E-9M","9.080000000000001E-9M","8.98E-9M","8.96E-9M","8.96E-9M","8.96E-9M","8.91E-9M","8.88E-9M","8.88E-9M","8.79E-9M","8.759999999999999E-9M","8.759999999999999E-9M","8.740000000000001E-9M","8.73E-9M","8.720000000000001E-9M","8.720000000000001E-9M","8.720000000000001E-9M","8.609999999999999E-9M","8.57E-9M","8.559999999999999E-9M","8.54E-9M","8.530000000000001E-9M","8.510000000000001E-9M","8.510000000000001E-9M","8.49E-9M","8.48E-8M","8.48E-8M","8.46E-8M","8.430000000000001E-8M","8.430000000000001E-8M","8.419999999999999E-8M","8.4E-9M","8.4E-9M","8.4E-9M","8.37E-9M","8.37E-9M","8.349999999999999E-9M","8.329999999999999E-9M","8.329999999999999E-9M","8.320000000000001E-9M","8.320000000000001E-9M","8.279999999999999E-9M","8.279999999999999E-9M","8.270000000000002E-9M","8.250000000000001E-9M","8.219999999999998E-9M","8.219999999999998E-9M","8.21E-9M","8.21E-9M"],"nokList":[]}