{"time":1755517141464,"server":1510,"cpList":["120M","109M","104M","89.2M","85.6M","85.4M","82.2M","79.9M","78.2M","77.7M","77.3M","75.4M","74.8M","74.7M","74.4M","74.3M","74.3M","73.4M","73.3M","72.9M","72.6M","72.1M","71.5M","77M","70.9M","70.8M","69.8M","69.7M","69.1M","68.9M","68.8M","68.8M","68.6M","68.5M","68.1M","67.6M","67.6M","67.4M","66.9M","66.7M","66.1M","66.1M","65.9M","65.8M","65.8M","65.7M","65.7M","65.5M","65.4M","65.3M","65.2M","65M","64.8M","64.8M","64.7M","642M","63.9M","63.7M","63.4M","63.2M","63M","63M","62.6M","62.5M","62.4M","62.3M","61.9M","61.8M","61.7M","61.7M","61.7M","61.5M","61.5M","61.4M","61.4M","61.4M","61.3M","61.3M","61.3M","612M","60.5M","60.5M","60.4M","60.2M","60.2M","59.8M","59.8M","59.7M","59.6M","59.5M","59.4M","59M","58.8M","58.5M","59.5M","58.5M","58.2M","57.8M","57.8M","57.8M"],"okList":["120.0M","109.0M","104.0M","89.2M","85.6M","85.4M","82.2M","79.9M","78.2M","77.7M","77.3M","75.4M","74.8M","74.7M","74.4M","74.3M","74.3M","73.4M","73.3M","0.7290000000000001M","0.00726M","7.209999999999999E-5M","7.15E-7M","7.699999999999999E-8M","7.09E-9M","7.08E-9M","6.9799999999999995E-9M","6.97E-9M","6.91E-9M","6.890000000000001E-9M","6.879999999999999E-9M","6.879999999999999E-9M","6.86E-9M","6.85E-9M","6.8099999999999994E-9M","6.759999999999999E-9M","6.759999999999999E-9M","6.74E-9M","6.69E-9M","6.670000000000001E-9M","6.609999999999999E-9M","6.609999999999999E-9M","6.590000000000001E-9M","6.579999999999999E-9M","6.579999999999999E-9M","6.57E-9M","6.57E-9M","6.550000000000001E-9M","6.54E-9M","6.53E-9M","6.5200000000000015E-9M","6.500000000000001E-9M","6.48E-9M","6.48E-9M","6.47E-9M","6.419999999999999E-8M","6.39E-9M","6.37E-9M","6.34E-9M","6.3200000000000005E-9M","6.3E-9M","6.3E-9M","6.26E-9M","6.2500000000000005E-9M","6.24E-9M","6.23E-9M","6.19E-9M","6.18E-9M","6.17E-9M","6.17E-9M","6.17E-9M","6.1500000000000005E-9M","6.1500000000000005E-9M","6.14E-9M","6.14E-9M","6.14E-9M","6.13E-9M","6.13E-9M","6.13E-9M","6.119999999999999E-8M","6.05E-9M","6.05E-9M","6.040000000000001E-9M","6.02E-9M","6.02E-9M","5.9800000000000004E-9M","5.9800000000000004E-9M","5.97E-9M","5.96E-9M","5.9499999999999995E-9M","5.9400000000000006E-9M","5.9E-9M","5.88E-9M","5.8499999999999994E-9M","5.9499999999999995E-9M","5.8499999999999994E-9M","5.820000000000001E-9M","5.7799999999999995E-9M","5.7799999999999995E-9M","5.7799999999999995E-9M"],"nokList":[]}