{"server":1519,"total":3809.9001,"average":41.411957,"cpValues":[],"cpList":["6A.6M","65.4M","61.6M","60.7M","57.8M","57.5M","56.3M","54.5M","53.3M","52.9M","52.7M","52.3M","51M","50.8M","50.4M","50.4M","49.8M","49.6M","49.4M","49.3M","48.M","48.4M","46.4M","45.8M","45.2M","44.8M","44.5M","44.5M","43.9M","43.8M","43.5M","43.2M","42.8M","42.8M","42.7M","42.6M","42.3M","42.2M","42.1M","41.9M","41.7M","41.6M","41.5M","41.2M","41M","40.8M","40.3M","39.7M","39.4M","39.2M","39.2M","39.1M","39M","38.9M","38.8M","38.4M","37.8M","37.7M","37.5M","37.3M","37.3M","A6.9M","A6.9M","36.7M","A6.6M","36.5M","36.5M","36.4M","36.4M","35.3M","35.2M","35.2M","35M","35M","34.8M","34.7M","34.3M","34.2M","34.1M","34.1M","34M","34M","A3.6M","33.5M","33.5M","32.6M","32.6M","32.5M","32.4M","32.1M","32M","31.9M","31.9M","31.9M","31.8M","31.7M","31.4M","31.3M","31.3M","31.2M"],"okList":["68.6M","63.050003M","59.699997M","59.1M","57.05M","56.0M","54.8M","53.7M","53.0M","52.6M","51.85M","51.55M","50.7M","50.6M","50.1M","50.0M","49.6M","49.449997M","48.7M","48.85M","47.2M","47.1M","45.800003M","45.3M","44.85M","44.65M","44.2M","44.15M","43.7M","43.5M","43.15M","43.0M","42.75M","42.699997M","42.5M","42.4M","42.199997M","42.050003M","41.9M","41.75M","41.6M","41.4M","41.25M","41.0M","40.65M","40.25M","39.85M","39.45M","39.300003M","39.15M","39.1M","39.0M","38.9M","38.65M","38.3M","38.050003M","37.65M","37.5M","37.4M","36.6M","36.45M","36.45M","35.85M","35.800003M","35.25M","35.1M","35.1M","34.9M","34.85M","34.55M","34.45M","34.199997M","34.15M","34.05M","34.05M","33.75M","33.05M","33.05M","32.55M","32.5M","32.3M","32.2M","32.0M","31.95M","31.9M","31.849998M","31.8M","31.599998M","31.5M","31.349998M","31.25M","31.2M"],"nokList":["65.4M","37.3M","A6.9M","A6.9M","36.7M","36.5M","34M","33.5M"]}