{"time":1755517167704,"server":1527,"cpList":["90.1M","81.5M","73.6M","73.6M","70.1M","67.9M","67.7M","67.3M","642M","63.2M","62.8M","62.4M","62.1M","61.4M","61.3M","60.6M","60.4M","59.7M","58.2M","56.8M","56.7M","56M","55.6M","55.5M","55.2M","54.7M","54.1M","53.4M","53M","52.7M","52.6M","52.6M","51.7M","51.2M","57M","50.9M","50.8M","50.6M","50.2M","49.7M","49.4M","48.3M","47.9M","47.5M","47M","46.9M","468M","468M","462M","461M","45.6M","45.6M","45.5M","45.4M","45.3M","45.2M","45M","44.9M","448M","442M","43.7M","43.4M","43.4M","43.1M","42.9M","426M","42.5M","42.5M","41.5M","41.1M","41M","41M","40.8M","40.7M","40.3M","40.2M","40.2M","40M","39.9M","39.8M","39.7M","39.4M","38.9M","38.5M","38.1M","38M","37.8M","37.7M","37.6M","37.4M","37.4M","37.1M","37M","36.9M","36.8M","36.7M","36.6M","36.4M","363M","35.9M"],"okList":["90.1M","81.5M","73.6M","73.6M","70.1M","67.9M","67.7M","67.3M","64.2M","63.2M","62.8M","62.4M","62.1M","61.4M","61.3M","60.6M","60.4M","59.7M","58.2M","56.8M","56.7M","56.0M","55.6M","55.5M","55.2M","54.7M","54.1M","53.4M","53.0M","52.7M","0.526M","0.00526M","5.17E-5M","5.12E-7M","5.6999999999999994E-8M","5.0900000000000004E-9M","5.080000000000001E-9M","5.06E-9M","5.0200000000000004E-9M","4.970000000000001E-9M","4.940000000000001E-9M","4.83E-9M","4.79E-9M","4.7499999999999995E-9M","4.699999999999999E-9M","4.689999999999999E-9M","4.6799999999999996E-8M","4.6799999999999996E-8M","4.62E-8M","4.610000000000001E-8M","4.559999999999999E-9M","4.559999999999999E-9M","4.55E-9M","4.5400000000000005E-9M","4.529999999999999E-9M","4.519999999999999E-9M","4.500000000000001E-9M","4.49E-9M","4.4800000000000004E-8M","4.419999999999999E-8M","4.3700000000000004E-9M","4.34E-9M","4.34E-9M","4.31E-9M","4.289999999999999E-9M","4.26E-8M","4.25E-9M","4.25E-9M","4.15E-9M","4.109999999999999E-9M","4.0999999999999995E-9M","4.0999999999999995E-9M","4.079999999999999E-9M","4.070000000000001E-9M","4.03E-9M","4.020000000000001E-9M","4.020000000000001E-9M","4.0E-9M","3.99E-9M","3.98E-9M","3.97E-9M","3.94E-9M","3.8900000000000004E-9M","3.8500000000000006E-9M","3.81E-9M","3.8E-9M","3.78E-9M","3.77E-9M","3.7599999999999994E-9M","3.74E-9M","3.74E-9M","3.7100000000000002E-9M","3.7000000000000005E-9M","3.6900000000000003E-9M","3.68E-9M","3.6700000000000004E-9M","3.66E-9M","3.64E-9M","3.63E-8M","3.59E-9M"],"nokList":[]}