{"server":1529,"total":6248.35,"average":66.47181,"cpValues":[],"cpList":["N2.9M","71.6M","N1.1M","M1M","88.3M","87.7M","87.4M","85.1M","82.3M","81.7M","80.6M","79.7M","79.7M","77.8M","77.M","77.6M","77.4M","77.4M","77M","76.9M","76.8M","75.5M","75.2M","75.1M","73.7M","73.2M","72.6M","71.9M","71.3M","71.1M","70.9M","70.7M","70.6M","68.8M","68.4M","68.1M","68.1M","67.7M","66.7M","66.1M","65.7M","65.7M","65M","64.8M","64.5M","64.4M","64.3M","64.3M","64.2M","64M","63.6M","63.1M","63.1M","62.8M","62.8M","62.7M","62.7M","62.7M","62.6M","62.6M","62.5M","62.4M","62.4M","62.2M","62.2M","62.2M","62.2M","62.1M","62M","61.4M","61.4M","61.3M","61.3M","61.3M","61.1M","61.1M","61.1M","60.8M","60.6M","60.5M","60.5M","60.4M","60.3M","60.2M","60.2M","60M","59.8M","59.7M","59.7M","59.3M","59.3M","59M","58.9M","58.6M","58.5M","58.1M","58.1M","5AM","57.9M","57.7M"],"okList":["44.35M","87.850006M","86.399994M","84.850006M","83.399994M","81.45M","80.7M","80.149994M","78.75M","78.35M","77.7M","77.2M","77.5M","77.2M","77.15M","76.9M","76.2M","76.0M","75.3M","74.45M","74.149994M","73.149994M","72.55M","71.95M","71.5M","71.100006M","70.899994M","70.75M","69.75M","69.5M","68.45M","68.25M","67.899994M","67.399994M","66.899994M","66.2M","65.899994M","65.35M","65.25M","64.75M","64.600006M","64.4M","64.350006M","64.25M","64.15M","63.899998M","63.55M","63.35M","62.949997M","62.949997M","62.75M","62.75M","62.7M","62.65M","62.65M","62.55M","62.5M","62.45M","62.300003M","62.300003M","62.2M","62.2M","62.15M","62.1M","61.75M","61.7M","61.35M","61.35M","61.3M","61.199997M","61.199997M","61.1M","60.949997M","60.85M","60.65M","60.55M","60.45M","60.4M","60.300003M","60.25M","60.1M","60.0M","59.85M","59.75M","59.5M","59.5M","59.15M","59.1M","58.8M","58.7M","58.35M","58.3M","58.0M","57.7M"],"nokList":["N2.9M","71.6M","N1.1M","M1M","58.1M","57.9M"]}