{"time":1755517220381,"server":1529,"cpList":["100M","100M","96.4M","95.3M","93.1M","92.4M","89.2M","86M","85.9M","83.8M","83.6M","83M","83M","81.5M","81.3M","81M","81M","80.5M","80.4M","80.2M","80M","79.6M","78.2M","77M","75.3M","75.1M","74.7M","74.4M","742M","74.1M","73.7M","73.6M","73.5M","73M","72.9M","72.7M","72.5M","71.3M","70.8M","70.7M","70.6M","70.5M","70.2M","70.2M","69M","68.9M","68.8M","68.5M","68.4M","67.9M","67.3M","67.2M","66.6M","66.6M","66.6M","66.4M","66.1M","66M","65.8M","65.7M","65.7M","65.6M","65.6M","65.6M","65.5M","64.9M","64.8M","64.7M","64.4M","64.4M","64.3M","64.3M","642M","642M","63.9M","63.8M","63.8M","63.8M","63.7M","63.6M","63.6M","63.4M","63.2M","63.1M","63.1M","63.1M","63M","62.9M","62.7M","62.6M","62.6M","62.5M","62.5M","62.2M","61.9M","61.9M","61.7M","61.5M","613M","61.2M"],"okList":["100.0M","100.0M","96.4M","95.3M","93.1M","92.4M","89.2M","86.0M","85.9M","83.8M","83.6M","83.0M","83.0M","81.5M","81.3M","81.0M","81.0M","80.5M","80.4M","80.2M","80.0M","79.6M","78.2M","77.0M","0.753M","0.007509999999999999M","7.47E-5M","7.440000000000001E-6M","1.4199999999999997E-7M","7.410000000000001E-8M","7.37E-9M","7.36E-9M","7.35E-9M","7.3E-9M","7.290000000000001E-9M","7.269999999999999E-9M","7.25E-9M","7.13E-9M","7.08E-9M","7.070000000000001E-9M","7.06E-9M","7.0499999999999994E-9M","7.020000000000001E-9M","7.020000000000001E-9M","6.9E-9M","6.890000000000001E-9M","6.879999999999999E-9M","6.85E-9M","6.840000000000001E-9M","6.790000000000001E-9M","6.73E-9M","6.720000000000001E-9M","6.66E-9M","6.66E-9M","6.66E-9M","6.64E-9M","6.609999999999999E-9M","6.6E-9M","6.579999999999999E-9M","6.57E-9M","6.57E-9M","6.56E-9M","6.56E-9M","6.56E-9M","6.550000000000001E-9M","6.4900000000000005E-9M","6.48E-9M","6.47E-9M","6.440000000000001E-9M","6.440000000000001E-9M","6.43E-9M","6.43E-9M","6.419999999999999E-8M","6.419999999999999E-8M","6.39E-9M","6.380000000000001E-9M","6.380000000000001E-9M","6.380000000000001E-9M","6.37E-9M","6.36E-9M","6.36E-9M","6.34E-9M","6.3200000000000005E-9M","6.31E-9M","6.31E-9M","6.31E-9M","6.3E-9M","6.290000000000001E-9M","6.270000000000001E-9M","6.26E-9M","6.26E-9M","6.2500000000000005E-9M","6.2500000000000005E-9M","6.22E-9M","6.19E-9M","6.19E-9M","6.17E-9M","6.1500000000000005E-9M","6.13E-8M","6.1199999999999995E-9M"],"nokList":[]}