{"server":1534,"total":3714.1997,"average":39.93763,"cpValues":[],"cpList":["74.3M","74.1M","64.5M","61.3M","60.4M","59.5M","57.QM","57.3M","57.1M","56.4M","55.5M","54.9M","54.2M","53.7M","53.5M","52.7M","52.3M","51.8M","51.1M","50.3M","49.6M","49.5M","48.5M","47.6M","46.3M","46.2M","46.1M","45.5M","45.1M","44.3M","43.7M","43.6M","41.8M","40.7M","40.6M","39.9M","39.8M","39M","39M","38.9M","38.4M","38.3M","38.2M","38.2M","38.2M","37.5M","37.4M","37.3M","37.3M","37.1M","37M","A6.9M","36.7M","36.5M","35.8M","35.6M","35.5M","35.5M","35.1M","35M","35M","34.9M","34.6M","34.1M","A3.6M","33.5M","33.5M","33.4M","33.4M","33.2M","33.2M","33.2M","33M","32.8M","32.8M","32.5M","32.3M","32.3M","32.1M","32M","31.9M","31.7M","31.6M","31.5M","31.2M","31.1M","30.8M","30.6M","30.3M","30M","30M","29.6M","29.5M","29.4M","29.1M","28.8M","28.2M","28.2M","28.1M","27.7M"],"okList":["74.3M","69.4M","67.7M","62.45M","60.4M","56.85M","56.3M","55.65M","54.85M","54.300003M","53.85M","53.2M","52.9M","52.25M","51.699997M","51.05M","50.35M","49.9M","49.05M","48.55M","47.4M","46.9M","46.199997M","45.85M","45.6M","44.9M","44.4M","43.949997M","42.75M","42.15M","41.199997M","40.300003M","40.199997M","39.45M","39.4M","38.95M","38.7M","38.6M","38.300003M","38.25M","38.2M","37.85M","37.800003M","37.4M","37.35M","37.199997M","37.15M","36.85M","36.25M","36.05M","35.65M","35.55M","35.3M","35.25M","35.05M","34.95M","34.8M","34.5M","33.8M","33.45M","33.45M","33.300003M","33.300003M","33.2M","33.1M","33.0M","32.9M","32.65M","32.55M","32.4M","32.199997M","32.15M","32.0M","31.85M","31.75M","31.6M","31.400002M","31.3M","31.0M","30.85M","30.55M","30.3M","30.15M","29.8M","29.75M","29.5M","29.3M","29.099998M","28.650002M","28.5M","28.150002M","27.95M","27.7M"],"nokList":["59.5M","57.QM","57.3M","37M","36.7M","34.1M","33.5M"]}