{"server":1540,"total":4514.8003,"average":47.02917,"cpValues":[],"cpList":["75.2M","63.8M","62.2M","60.2M","59.3M","59.2M","58.4M","57.5M","56.7M","56.7M","56.2M","55.4M","55.3M","54.9M","54.4M","53.8M","52.1M","52.1M","51.9M","51.5M","51.1M","50.9M","50.8M","50.5M","50.3M","50.2M","49.8M","49.8M","49.8M","49.7M","49.5M","49.4M","48.8M","48.8M","48.6M","48M","47.5M","47.4M","47.2M","47.2M","46.6M","46.4M","46.4M","46.4M","46.1M","46.1M","46M","45.5M","45.3M","45M","44.9M","44.7M","44.3M","44.1M","44.1M","43.4M","43.3M","43.2M","43.2M","42.9M","42.7M","42.6M","42.1M","41.4M","41.3M","41.1M","41M","40.9M","40.9M","40.9M","40.8M","40.6M","40.3M","39.9M","39.8M","39.5M","39.4M","39.1M","38.3M","38.2M","78M","78M","37.8M","37.4M","A6.9M","36.4M","36.3M","36.2M","A6M","35.9M","35.6M","35.5M","35.1M","35M","34.5M","34.4M","34.2M","33.8M","33.8M","33.6M"],"okList":["75.2M","68.7M","62.0M","60.75M","59.7M","58.85M","58.35M","57.550003M","57.1M","56.45M","56.050003M","55.75M","55.15M","54.85M","54.35M","53.25M","52.949997M","52.0M","51.8M","51.5M","51.2M","50.949997M","50.7M","50.55M","50.35M","50.05M","50.0M","49.8M","49.75M","49.65M","49.550003M","49.15M","49.1M","48.699997M","48.4M","48.05M","47.7M","47.35M","47.300003M","46.9M","46.800003M","46.5M","46.4M","46.25M","46.25M","46.05M","45.8M","45.65M","45.25M","45.1M","44.85M","44.6M","44.4M","44.199997M","43.75M","43.699997M","43.300003M","43.25M","43.050003M","42.95M","42.75M","42.4M","42.0M","41.699997M","41.25M","41.15M","41.0M","40.95M","40.9M","40.85M","40.75M","40.55M","40.25M","40.05M","39.7M","39.6M","39.3M","38.85M","38.65M","58.15M","78.0M","57.9M","57.7M","36.9M","36.300003M","36.050003M","35.7M","35.35M","35.25M","34.8M","34.7M","34.35M","34.1M","34.0M","33.699997M","33.6M"],"nokList":["37.4M","36.4M","36.2M","35.9M"]}