{"server":1545,"total":5707.199,"average":62.034775,"cpValues":[],"cpList":["84.5M","83.3M","80.1M","79.3M","77.1M","75.7M","75.1M","73.6M","12.4M","71.6M","71.4M","70.1M","69.8M","69.7M","69.4M","69M","6A.6M","6AM","67.9M","67.7M","67.7M","67.4M","66.6M","66.5M","6M","65.9M","65.9M","65.6M","65.6M","65.6M","65.4M","65.2M","64.6M","64.3M","64M","63.3M","63.3M","63.1M","63M","62.9M","62.9M","62.9M","62.9M","62.5M","62.3M","62.1M","61.8M","61.8M","61.8M","61.5M","61.1M","61.1M","61M","60.8M","60.4M","60.3M","60.2M","60.2M","60.2M","60M","60M","59.9M","59.6M","59.6M","59.5M","59.4M","59.1M","59.1M","59M","59M","58.7M","58.6M","58.5M","58.2M","58.1M","58.1M","58.1M","57.QM","57.QM","57.3M","57.3M","57.3M","57.3M","57.2M","57.1M","57M","56.9M","56.9M","56.8M","56.7M","56.6M","56.3M","56.2M","56.2M","56.2M","56.1M","56.1M","56M","55.9M","55.8M"],"okList":["84.5M","82.3M","81.3M","78.6M","77.5M","76.1M","74.649994M","43.75M","72.6M","41.9M","70.85M","70.600006M","69.899994M","69.600006M","69.35M","67.8M","67.55M","67.149994M","66.95M","36.3M","66.2M","65.9M","65.75M","65.75M","65.6M","65.5M","65.399994M","65.0M","64.75M","64.3M","63.800003M","63.65M","63.199997M","63.15M","63.0M","62.95M","62.9M","62.9M","62.7M","62.6M","62.3M","62.05M","61.949997M","61.8M","61.65M","61.449997M","61.3M","61.05M","60.949997M","60.7M","60.55M","60.300003M","60.25M","60.2M","60.1M","60.1M","59.95M","59.8M","59.75M","59.55M","59.5M","59.3M","59.25M","59.05M","59.05M","58.85M","58.8M","58.6M","58.4M","58.3M","58.15M","58.1M","57.3M","57.3M","57.25M","57.199997M","57.1M","57.0M","56.95M","56.85M","56.800003M","56.699997M","56.5M","56.4M","56.25M","56.2M","56.15M","56.15M","56.05M","56.0M","55.9M","55.8M"],"nokList":["69M","6A.6M","6AM","67.9M","58.1M","57.QM","57.QM","57.3M"]}