{"server":1547,"total":7267.2017,"average":74.9196,"cpValues":[],"cpList":["106M","102M","29.2M","N6.8M","94.3M","24M","23.7M","89.1M","88.1M","87.6M","87.5M","85.8M","85.7M","85.6M","84.7M","84.1M","84M","83.4M","83.3M","82.4M","81.8M","81.5M","80.3M","80.2M","80.2M","79.7M","79.7M","79.6M","79.5M","79.5M","78.8M","78.7M","78.7M","78.5M","78.5M","78.2M","78.1M","77.8M","77.8M","77.5M","76.5M","76.5M","76.3M","76.2M","76.2M","75.9M","75.1M","75.1M","74.8M","74.3M","74.1M","74.1M","74.1M","73.6M","73.6M","73.4M","73.4M","73.1M","73.1M","72.8M","72.6M","72.6M","72.1M","71.9M","71.8M","71.6M","71.6M","71.4M","71.3M","71.3M","71.3M","71.2M","71.2M","71M","71M","70.9M","70.8M","70.8M","70.7M","70.4M","70.3M","70.2M","70.1M","70.1M","70M","70M","70M","69.9M","69.8M","69.8M","69.8M","69.7M","69.6M","69.6M","69.6M","69.5M","69.5M","69.4M","69.2M","69.1M"],"okList":["106.0M","67.6M","59.0M","56.55M","55.9M","88.35M","87.8M","86.7M","86.6M","85.7M","85.2M","84.85M","84.35M","83.75M","83.65M","82.9M","82.55M","81.95M","81.05M","80.85M","80.25M","79.95M","79.95M","79.649994M","79.6M","79.55M","79.15M","79.1M","78.75M","78.6M","78.6M","78.35M","78.3M","78.0M","77.95M","77.65M","77.15M","77.0M","76.4M","76.35M","76.25M","76.05M","75.649994M","75.5M","74.95M","74.7M","74.45M","74.2M","74.1M","73.85M","73.85M","73.5M","73.5M","73.25M","73.25M","72.95M","72.85M","72.7M","72.35M","72.25M","71.95M","71.75M","71.7M","71.5M","71.45M","71.350006M","71.3M","71.25M","71.25M","71.1M","71.1M","70.95M","70.9M","70.850006M","70.75M","70.600006M","70.5M","70.3M","70.2M","70.149994M","70.05M","70.05M","70.0M","69.95M","69.9M","69.850006M","69.8M","69.75M","69.7M","69.649994M","69.6M","69.55M","69.55M","69.45M","69.35M","69.25M","69.1M"],"nokList":["29.2M","N6.8M","94.3M"]}