{"time":1755517379424,"server":1547,"cpList":["106M","100M","98.7M","94.3M","93.7M","92.3M","90.2M","87.4M","86.7M","83.5M","82.8M","82.7M","80.4M","79.7M","79.3M","78.9M","78.7M","77.8M","77.7M","77.3M","77M","76.9M","76.8M","766M","75.3M","75.2M","75.1M","74.7M","742M","73.1M","73.1M","72.9M","72.8M","72.7M","71.9M","71.8M","71.8M","71.5M","71.4M","71.3M","71.2M","70.6M","70.3M","70.1M","69.3M","69.3M","69M","68.7M","68.7M","68.6M","68.5M","68.3M","68.2M","68.1M","68M","67.9M","67.9M","67.7M","67.4M","67.3M","67.3M","67.1M","67.1M","67.1M","67M","66.8M","66.6M","66.6M","66.6M","66.5M","66.4M","66.2M","66.2M","66.2M","66.1M","66.1M","66.1M","66.1M","66.1M","65.9M","65.9M","65.8M","65.7M","65.4M","65.3M","65.2M","65.1M","65M","64.8M","64.8M","64.7M","64.7M","64.7M","64.7M","64.6M","64.5M","64.4M","64.4M","644M","64.3M"],"okList":["106.0M","100.0M","98.7M","94.3M","93.7M","92.3M","90.2M","87.4M","86.7M","83.5M","82.8M","82.7M","80.4M","79.7M","79.3M","78.9M","78.7M","77.8M","77.7M","77.3M","77.0M","0.769M","0.00768M","1.66E-5M","7.529999999999999E-8M","7.519999999999999E-9M","7.509999999999999E-9M","7.47E-9M","1.4199999999999998E-8M","7.31E-9M","7.31E-9M","7.290000000000001E-9M","7.28E-9M","7.269999999999999E-9M","7.190000000000001E-9M","7.18E-9M","7.18E-9M","7.15E-9M","7.14E-9M","7.13E-9M","7.120000000000001E-9M","7.06E-9M","7.03E-9M","7.0099999999999996E-9M","6.929999999999999E-9M","6.929999999999999E-9M","6.9E-9M","6.8700000000000005E-9M","6.8700000000000005E-9M","6.86E-9M","6.85E-9M","6.83E-9M","6.82E-9M","6.8099999999999994E-9M","6.8E-9M","6.790000000000001E-9M","6.790000000000001E-9M","6.77E-9M","6.74E-9M","6.73E-9M","6.73E-9M","6.709999999999999E-9M","6.709999999999999E-9M","6.709999999999999E-9M","6.7000000000000004E-9M","6.68E-9M","6.66E-9M","6.66E-9M","6.66E-9M","6.65E-9M","6.64E-9M","6.62E-9M","6.62E-9M","6.62E-9M","6.609999999999999E-9M","6.609999999999999E-9M","6.609999999999999E-9M","6.609999999999999E-9M","6.609999999999999E-9M","6.590000000000001E-9M","6.590000000000001E-9M","6.579999999999999E-9M","6.57E-9M","6.54E-9M","6.53E-9M","6.5200000000000015E-9M","6.51E-9M","6.500000000000001E-9M","6.48E-9M","6.48E-9M","6.47E-9M","6.47E-9M","6.47E-9M","6.47E-9M","6.459999999999998E-9M","6.45E-9M","6.440000000000001E-9M","6.440000000000001E-9M","6.440000000000001E-8M","6.43E-9M"],"nokList":[]}