{"time":1755517405968,"server":1550,"cpList":["68.1M","66.4M","65.2M","62.8M","62.2M","61.9M","61.6M","61.6M","60.5M","60.1M","58.9M","58.6M","57.8M","57.3M","56.6M","56.3M","56.1M","55.5M","54.9M","54.8M","54.6M","542M","542M","53.9M","53.8M","53.3M","53.3M","53M","53M","52.6M","52.4M","52.2M","52M","52M","51.6M","51.5M","51.5M","51.5M","51.4M","51.4M","51.3M","51.3M","51.2M","51.1M","57M","50.9M","50.7M","50.6M","50.4M","50M","49.9M","49.8M","49.7M","49.7M","49.5M","49.5M","49.1M","49M","48.9M","48.9M","48.8M","48.8M","48.7M","48.1M","47.8M","47.8M","47.7M","47.7M","47.6M","47.5M","47.4M","47.2M","47.2M","47.2M","47.2M","47.2M","47M","47M","46.9M","46.6M","46.5M","46.4M","462M","461M","46M","45.9M","45.9M","45.8M","45.7M","45.6M","45.4M","45.4M","45.4M","45.3M","45.2M","45.2M","45M","44.9M","44.6M","44.5M"],"okList":["68.1M","66.4M","65.2M","62.8M","62.2M","61.9M","61.6M","61.6M","60.5M","60.1M","58.9M","58.6M","57.8M","57.3M","56.6M","56.3M","56.1M","55.5M","54.9M","54.8M","54.6M","54.2M","54.2M","53.9M","53.8M","53.3M","53.3M","53.0M","53.0M","52.6M","52.4M","52.2M","52.0M","52.0M","51.6M","51.5M","51.5M","51.5M","51.4M","51.4M","0.513M","0.00513M","5.1200000000000004E-5M","5.110000000000001E-7M","5.6999999999999994E-8M","5.0900000000000004E-9M","5.07E-9M","5.06E-9M","5.040000000000001E-9M","5.0E-9M","4.989999999999999E-9M","4.979999999999999E-9M","4.970000000000001E-9M","4.970000000000001E-9M","4.949999999999999E-9M","4.949999999999999E-9M","4.910000000000001E-9M","4.9E-9M","4.89E-9M","4.89E-9M","4.8800000000000005E-9M","4.8800000000000005E-9M","4.870000000000001E-9M","4.8100000000000006E-9M","4.779999999999999E-9M","4.779999999999999E-9M","4.770000000000001E-9M","4.770000000000001E-9M","4.76E-9M","4.7499999999999995E-9M","4.739999999999999E-9M","4.72E-9M","4.72E-9M","4.72E-9M","4.72E-9M","4.72E-9M","4.699999999999999E-9M","4.699999999999999E-9M","4.689999999999999E-9M","4.66E-9M","4.65E-9M","4.6400000000000005E-9M","4.62E-8M","4.610000000000001E-8M","4.6E-9M","4.59E-9M","4.59E-9M","4.58E-9M","4.57E-9M","4.559999999999999E-9M","4.5400000000000005E-9M","4.5400000000000005E-9M","4.5400000000000005E-9M","4.529999999999999E-9M","4.519999999999999E-9M","4.519999999999999E-9M","4.500000000000001E-9M","4.49E-9M","4.460000000000001E-9M","4.45E-9M"],"nokList":[]}