{"server":1550,"total":5068.501,"average":50.68501,"cpValues":[],"cpList":["66.4M","65.4M","63.3M","61.6M","60.7M","59.4M","58.8M","58.1M","57.8M","57.2M","56.7M","56.2M","55.3M","55M","54.9M","54.6M","54.6M","54.4M","54.2M","54.2M","53.9M","53.8M","53.6M","53.3M","53.3M","53M","53M","52.7M","52.6M","52.4M","52.2M","52M","51.9M","51.6M","51.6M","51.6M","51.5M","51.5M","51.3M","51.3M","51.2M","51.2M","51M","50.9M","50.8M","50.7M","50.6M","50.4M","49.9M","49.9M","49.8M","49.8M","49.7M","49.7M","49.5M","49.1M","49M","48.M","48.8M","48.8M","48.7M","48.7M","48.6M","48.3M","48.1M","47.9M","47.8M","47.8M","47.M","47.5M","47.4M","47.4M","47.2M","47.2M","47.2M","47.2M","47M","47M","46.5M","46.4M","46.2M","46.1M","46.1M","46.1M","46M","45.9M","45.9M","45.8M","45.8M","45.7M","45.4M","45.4M","45.4M","45.0","45.2M","45.2M","45.2M","45M","44.9M","44.7M"],"okList":["66.4M","64.85M","63.5M","62.0M","60.5M","59.75M","58.75M","58.3M","57.65M","57.25M","56.7M","56.0M","55.6M","55.1M","54.8M","54.75M","54.5M","54.4M","54.300003M","54.050003M","54.0M","53.75M","53.55M","53.449997M","53.15M","53.15M","52.85M","52.8M","52.550003M","52.4M","52.2M","52.050003M","51.8M","51.75M","51.6M","51.55M","51.55M","51.4M","51.4M","51.25M","51.25M","51.1M","51.050003M","50.9M","50.800003M","50.699997M","50.550003M","50.25M","50.15M","49.85M","49.85M","49.75M","49.75M","49.6M","49.4M","49.25M","48.55M","48.9M","48.8M","48.75M","48.75M","48.65M","48.5M","48.35M","48.1M","47.949997M","47.85M","47.4M","47.65M","47.2M","47.45M","47.300003M","47.300003M","47.2M","47.2M","47.1M","47.1M","46.75M","46.7M","46.35M","46.25M","46.15M","46.1M","46.05M","46.0M","45.95M","45.85M","45.85M","45.75M","45.6M","45.550003M","45.4M","45.2M","45.300003M","45.2M","45.2M","45.1M","45.050003M","44.85M","44.7M"],"nokList":[]}