{"server":1552,"total":3561.3,"average":37.096874,"cpValues":[],"cpList":["84.7M","70.1M","68.7M","67.6M","64.9M","60.8M","58.9M","58.3M","58.2M","57.8M","56.3M","56.2M","56M","55.4M","53.2M","52.7M","51.6M","51M","50.5M","49.8M","49.5M","48.6M","48.2M","47.6M","47.1M","45.7M","45.2M","45M","45M","44.9M","43.6M","42.2M","40.7M","40M","39.8M","39M","37.5M","37.4M","37.4M","A6.9M","36.5M","36.4M","35.9M","35.4M","35.1M","35M","34.5M","34.2M","34.1M","33.9M","33.9M","33.7M","A3.6M","33M","32.8M","31.5M","30.9M","30.9M","30.7M","30.7M","30.3M","29.8M","29.6M","29.2M","28.8M","29.7M","28.6M","28.5M","28.1M","27.8M","27.8M","27.5M","27.4M","26.3M","26.3M","25.5M","25.4M","23.7M","23.7M","23.5M","23.5M","23.3M","22.7M","22.5M","22M","21.8M","21.8M","21.8M","21.6M","21.4M","21.3M","21M","21M","20.9M","20.8M","20.7M","20.7M","20.7M","20.6M","20.5M"],"okList":["84.7M","76.7M","68.85M","66.8M","64.2M","61.9M","59.55M","58.550003M","58.05M","57.25M","57.0M","56.15M","55.800003M","54.6M","54.050003M","52.4M","51.85M","51.05M","50.4M","50.0M","49.199997M","48.85M","48.1M","47.65M","46.65M","46.15M","45.35M","45.1M","44.95M","44.3M","43.550003M","42.15M","41.1M","40.25M","39.5M","38.65M","38.2M","37.45M","36.95M","36.2M","35.9M","35.5M","35.2M","34.8M","34.6M","34.3M","34.050003M","34.0M","33.800003M","33.35M","32.25M","31.849998M","31.2M","30.8M","30.8M","30.5M","30.25M","29.95M","29.5M","29.2M","29.45M","28.7M","29.1M","28.35M","28.15M","27.95M","27.65M","27.599998M","26.9M","26.849998M","25.9M","25.849998M","24.6M","24.55M","23.6M","23.6M","23.4M","23.1M","22.9M","22.35M","22.15M","21.9M","21.8M","21.7M","21.599998M","21.45M","21.2M","21.15M","20.95M","20.9M","20.8M","20.75M","20.7M","20.650002M","20.6M","20.5M"],"nokList":["37.4M","36.5M","33.7M","33M"]}