{"server":1555,"total":3770.9502,"average":40.116493,"cpValues":[],"cpList":["N8.6M","88.9M","73M","71.2M","69.9M","6AM","6M","63.4M","63.1M","62.9M","62.6M","60.7M","60.5M","59.6M","57M","56.6M","56.1M","56M","55M","54.9M","54.7M","54.7M","54.3M","54M","52.9M","52.5M","52.1M","52M","51.6M","50.5M","50.5M","50.2M","49.2M","47.8M","47.1M","45.7M","44.6M","43.6M","43.2M","42.8M","42.6M","42.2M","42.1M","42.1M","41.6M","41.4M","40.3M","39M","38.9M","38.8M","37.6M","37.4M","37.1M","36.8M","36.3M","35M","34.8M","34.6M","34.6M","34.4M","34.2M","33.7M","A3.6M","33.4M","32.9M","32.6M","32.2M","31.8M","31.5M","31.4M","31.1M","30.6M","29.9M","29.7M","29.7M","29.6M","29.1M","29M","29M","29M","29.7M","28.5M","28.1M","27.9M","27.4M","27.3M","26.9M","26.9M","26.8M","26.1M","25.7M","25.5M","25.3M","25.2M","25M","24.9M","24.8M","24.1M","23.8M","23.8M"],"okList":["80.05M","71.45M","37.95M","34.55M","63.15M","62.85M","61.800003M","61.55M","60.15M","58.75M","58.1M","56.55M","56.3M","55.55M","55.45M","54.85M","54.800003M","54.5M","54.35M","53.6M","53.25M","52.5M","52.25M","51.85M","51.25M","51.05M","50.35M","49.85M","49.0M","48.15M","46.75M","45.85M","44.65M","43.9M","43.199997M","42.9M","42.5M","42.35M","42.15M","41.85M","41.75M","40.949997M","40.2M","39.6M","38.9M","38.25M","38.1M","37.35M","37.1M","36.699997M","35.9M","35.55M","34.8M","34.699997M","34.5M","34.4M","34.050003M","33.550003M","33.0M","32.550003M","32.199997M","31.85M","31.599998M","31.3M","31.0M","30.5M","30.150002M","29.8M","29.650002M","29.400002M","29.3M","29.05M","29.0M","29.0M","28.75M","28.900002M","28.2M","27.75M","27.599998M","27.15M","27.099998M","26.849998M","26.5M","26.25M","25.8M","25.5M","25.35M","25.15M","25.05M","24.9M","24.5M","24.3M","23.95M","23.8M"],"nokList":["N8.6M","88.9M","69.9M","6M","33.7M","33.4M"]}