{"time":1755517485153,"server":1558,"cpList":["80.1M","742M","74M","71.9M","71.6M","71.1M","77M","70.4M","68.3M","67.8M","67.6M","67.3M","67M","66.5M","66.3M","66.2M","65.1M","64.9M","64.7M","646M","63.7M","63.3M","63.2M","62.6M","62.5M","62.4M","62.4M","62.3M","62.1M","61.9M","61.5M","61.5M","61.4M","61.3M","61M","60.8M","60.6M","60.6M","60.5M","60.3M","59.7M","59.1M","58.8M","58.6M","58.3M","58M","58M","57.9M","57.9M","57.8M","57.7M","57.6M","56.6M","56.4M","56.4M","56.4M","56.3M","56.1M","56M","55.9M","55.9M","55.5M","55.1M","54.8M","54.7M","54.5M","54.1M","53.9M","53.8M","53.7M","53.6M","53.5M","53.4M","53.3M","53.2M","53.1M","52.9M","52.7M","52.6M","52.4M","51.9M","51.8M","51.6M","51.5M","57M","50.9M","50.2M","49.8M","49.7M","49.6M","49.6M","49.6M","49.3M","48.9M","48.7M","48.6M","48.5M","48.4M","47.9M","47.8M"],"okList":["8.010000000000001E-6M","1.4199999999999997E-7M","7.400000000000001E-8M","7.190000000000001E-9M","7.159999999999999E-9M","7.11E-9M","7.700000000000001E-9M","7.040000000000001E-9M","6.83E-9M","6.779999999999999E-9M","6.759999999999999E-9M","6.73E-9M","6.7000000000000004E-9M","6.65E-9M","6.63E-9M","6.62E-9M","6.51E-9M","6.4900000000000005E-9M","6.47E-9M","6.460000000000001E-8M","6.37E-9M","6.3299999999999994E-9M","6.3200000000000005E-9M","6.26E-9M","6.2500000000000005E-9M","6.24E-9M","6.24E-9M","6.23E-9M","6.210000000000001E-9M","6.19E-9M","6.1500000000000005E-9M","6.1500000000000005E-9M","6.14E-9M","6.13E-9M","6.099999999999998E-9M","6.08E-9M","6.06E-9M","6.06E-9M","6.05E-9M","6.03E-9M","5.97E-9M","5.91E-9M","5.88E-9M","5.86E-9M","5.83E-9M","5.8E-9M","5.8E-9M","5.79E-9M","5.79E-9M","5.7799999999999995E-9M","5.7700000000000005E-9M","5.760000000000001E-9M","5.660000000000001E-9M","5.6399999999999995E-9M","5.6399999999999995E-9M","5.6399999999999995E-9M","5.63E-9M","5.61E-9M","5.6000000000000005E-9M","5.59E-9M","5.59E-9M","5.55E-9M","5.51E-9M","5.48E-9M","5.47E-9M","5.45E-9M","5.410000000000001E-9M","5.390000000000001E-9M","5.38E-9M","5.37E-9M","5.3600000000000005E-9M","5.350000000000001E-9M","5.34E-9M","5.329999999999999E-9M","5.32E-9M","5.310000000000001E-9M","5.2900000000000006E-9M","5.270000000000001E-9M","5.2600000000000004E-9M","5.24E-9M","5.1900000000000005E-9M","5.180000000000001E-9M","5.160000000000001E-9M","5.15E-9M","5.7E-9M","5.0900000000000004E-9M","5.0200000000000004E-9M","4.979999999999999E-9M","4.970000000000001E-9M","4.96E-9M","4.96E-9M","4.96E-9M","4.930000000000001E-9M","4.89E-9M","4.870000000000001E-9M","4.86E-9M","4.8500000000000004E-9M","4.839999999999999E-9M","4.79E-9M","4.779999999999999E-9M"],"nokList":[]}