{"server":1558,"total":5328.5005,"average":56.089478,"cpValues":[],"cpList":["80.9M","75.9M","71.9M","71.9M","68.9M","68.3M","6AM","67.9M","67.8M","67.3M","6M","6M","65.5M","65.1M","64.8M","64.1M","64.1M","63.8M","63.3M","63.1M","63.1M","63M","62.9M","62.2M","61.5M","61.4M","61.2M","61.1M","61.1M","61M","60.7M","60.6M","60.6M","60.4M","60.3M","59.2M","59.2M","59.1M","58.8M","58.7M","58.6M","57.8M","57.7M","57.7M","57.6M","57.6M","57.1M","57M","56.8M","56.6M","56.4M","56.4M","56M","56M","55.9M","55.4M","55.3M","55.2M","55.1M","54.7M","54.6M","54.5M","54.3M","54.3M","54.1M","53.9M","53.9M","53.9M","53.7M","53.7M","53.6M","53.2M","52.7M","52.7M","52.2M","52.1M","52M","52M","51.9M","51.8M","51.5M","51.2M","51.1M","51.1M","50.6M","50.1M","50.1M","49.8M","49.7M","49.6M","49.6M","49.5M","49.1M","#9M","48.9M","48.8M","48.6M","48.4M","48.3M","47.8M"],"okList":["80.9M","76.4M","73.9M","70.4M","70.100006M","68.100006M","67.600006M","36.9M","36.65M","6.0M","35.55M","65.15M","64.6M","64.45M","63.949997M","63.699997M","63.449997M","63.199997M","63.05M","63.0M","62.6M","62.2M","61.800003M","61.35M","61.25M","61.15M","61.05M","60.9M","60.8M","60.65M","60.5M","60.449997M","59.800003M","59.75M","59.15M","59.0M","58.9M","58.699997M","58.25M","58.15M","57.75M","57.65M","57.65M","57.35M","57.3M","56.949997M","56.8M","56.6M","56.5M","56.2M","56.2M","55.95M","55.7M","55.6M","55.300003M","55.199997M","54.95M","54.85M","54.6M","54.449997M","54.4M","54.199997M","54.1M","54.0M","53.9M","53.800003M","53.800003M","53.65M","53.45M","53.15M","52.95M","52.45M","52.4M","52.1M","52.05M","51.95M","51.9M","51.7M","51.5M","51.3M","51.15M","50.85M","50.6M","50.35M","49.949997M","49.9M","49.699997M","49.65M","49.55M","49.35M","48.75M","48.6M","48.449997M","48.1M","47.8M"],"nokList":["68.3M","67.9M","49.1M","#9M","48.9M"]}