{"time":1755517564775,"server":1567,"cpList":["103M","102M","99.2M","93.6M","916M","90.9M","87.2M","84.7M","842M","83.2M","82.4M","82.1M","80.4M","80.3M","79.6M","79.6M","79.5M","79.5M","78.8M","78M","77.3M","77.2M","76.9M","76.5M","76.4M","75.9M","75.5M","74.4M","74.3M","74.1M","74M","73.4M","73.4M","72.9M","72.6M","72.5M","72.5M","72.3M","72.1M","72M","71.9M","71.9M","71.5M","71.5M","71.4M","71.4M","71.4M","71.2M","77M","77M","70.8M","70.7M","70.6M","70.6M","70.4M","70.4M","70.3M","70.3M","69.6M","69.6M","69.5M","69.3M","69.2M","69.2M","69.1M","69.1M","69.1M","69M","69M","69M","68.9M","68.7M","68.5M","68.4M","68.4M","68.3M","68.2M","67.9M","67.9M","67.8M","67.8M","67.8M","67.5M","67.4M","67.4M","67.4M","67.3M","67.2M","67.2M","66.9M","66.5M","66.2M","66.1M","66.1M","66M","66M","66M","65.8M","65.8M","65.8M"],"okList":["103.0M","102.0M","99.2M","93.6M","91.6M","90.9M","87.2M","84.7M","84.2M","83.2M","82.4M","82.1M","80.4M","80.3M","79.6M","79.6M","79.5M","79.5M","78.8M","78.0M","77.3M","77.2M","76.9M","76.5M","76.4M","75.9M","75.5M","74.4M","74.3M","74.1M","74.0M","73.4M","73.4M","72.9M","72.6M","72.5M","72.5M","72.3M","72.1M","72.0M","71.9M","71.9M","71.5M","71.5M","0.7140000000000001M","0.0071400000000000005M","7.14E-5M","7.120000000000001E-7M","7.699999999999999E-8M","7.700000000000001E-9M","7.08E-9M","7.070000000000001E-9M","7.06E-9M","7.06E-9M","7.040000000000001E-9M","7.040000000000001E-9M","7.03E-9M","7.03E-9M","6.96E-9M","6.96E-9M","6.949999999999999E-9M","6.929999999999999E-9M","6.92E-9M","6.92E-9M","6.91E-9M","6.91E-9M","6.91E-9M","6.9E-9M","6.9E-9M","6.9E-9M","6.890000000000001E-9M","6.8700000000000005E-9M","6.85E-9M","6.840000000000001E-9M","6.840000000000001E-9M","6.83E-9M","6.82E-9M","6.790000000000001E-9M","6.790000000000001E-9M","6.779999999999999E-9M","6.779999999999999E-9M","6.779999999999999E-9M","6.750000000000001E-9M","6.74E-9M","6.74E-9M","6.74E-9M","6.73E-9M","6.720000000000001E-9M","6.720000000000001E-9M","6.69E-9M","6.65E-9M","6.62E-9M","6.609999999999999E-9M","6.609999999999999E-9M","6.6E-9M","6.6E-9M","6.6E-9M","6.579999999999999E-9M","6.579999999999999E-9M","6.579999999999999E-9M"],"nokList":[]}