{"time":1755517591107,"server":1568,"cpList":["80M","79.4M","78.6M","762M","75.2M","74.4M","73.6M","73.5M","72.1M","77M","70.5M","70.2M","69.4M","66.3M","64.8M","64.8M","64.7M","642M","64.1M","63.5M","63.2M","63M","62.8M","62.7M","62.4M","61.9M","61.4M","60.8M","60M","59.9M","59.8M","59.3M","58.3M","58.3M","57.7M","57.5M","57.1M","56.9M","56.3M","56.2M","55.9M","55.6M","55.4M","55.4M","55.1M","54.6M","543M","53.5M","53.4M","53.1M","52.2M","51.7M","51.5M","50.6M","50.4M","49.5M","49.3M","49M","48.8M","48.7M","48.2M","47.8M","47.5M","47.5M","46.9M","46.5M","46.5M","46.4M","46M","45.9M","45.8M","45.5M","45.2M","45M","44.7M","43.6M","43.5M","43.4M","43.3M","43.3M","43.1M","43.1M","43M","43M","42.9M","42.8M","42.8M","42.7M","422M","41.9M","41.9M","41.9M","41.8M","41.6M","41.5M","41.4M","41.1M","41.1M","41.1M","41.1M"],"okList":["80.0M","0.794M","0.007859999999999999M","1.62E-5M","7.520000000000001E-8M","7.4400000000000024E-9M","7.36E-9M","7.35E-9M","7.21E-9M","7.700000000000001E-9M","7.0499999999999994E-9M","7.020000000000001E-9M","6.9400000000000004E-9M","6.63E-9M","6.48E-9M","6.48E-9M","6.47E-9M","6.419999999999999E-8M","6.409999999999999E-9M","6.35E-9M","6.3200000000000005E-9M","6.3E-9M","6.28E-9M","6.270000000000001E-9M","6.24E-9M","6.19E-9M","6.14E-9M","6.08E-9M","6.0E-9M","5.99E-9M","5.9800000000000004E-9M","5.93E-9M","5.83E-9M","5.83E-9M","5.7700000000000005E-9M","5.75E-9M","5.71E-9M","5.69E-9M","5.63E-9M","5.620000000000001E-9M","5.59E-9M","5.560000000000001E-9M","5.54E-9M","5.54E-9M","5.51E-9M","5.4600000000000006E-9M","5.4299999999999997E-8M","5.350000000000001E-9M","5.34E-9M","5.310000000000001E-9M","5.22E-9M","5.17E-9M","5.15E-9M","5.06E-9M","5.040000000000001E-9M","4.949999999999999E-9M","4.930000000000001E-9M","4.9E-9M","4.8800000000000005E-9M","4.870000000000001E-9M","4.820000000000001E-9M","4.779999999999999E-9M","4.7499999999999995E-9M","4.7499999999999995E-9M","4.689999999999999E-9M","4.65E-9M","4.65E-9M","4.6400000000000005E-9M","4.6E-9M","4.59E-9M","4.58E-9M","4.55E-9M","4.519999999999999E-9M","4.500000000000001E-9M","4.4700000000000005E-9M","4.360000000000001E-9M","4.35E-9M","4.34E-9M","4.33E-9M","4.33E-9M","4.31E-9M","4.31E-9M","4.3000000000000005E-9M","4.3000000000000005E-9M","4.289999999999999E-9M","4.279999999999999E-9M","4.279999999999999E-9M","4.27E-9M","4.2199999999999994E-8M","4.190000000000001E-9M","4.190000000000001E-9M","4.190000000000001E-9M","4.18E-9M","4.1600000000000005E-9M","4.15E-9M","4.139999999999999E-9M","4.109999999999999E-9M","4.109999999999999E-9M","4.109999999999999E-9M","4.109999999999999E-9M"],"nokList":[]}