{"time":1755517617629,"server":1569,"cpList":["73.9M","73.3M","72.6M","72.5M","71.6M","71.2M","70.6M","69.8M","68.7M","68.6M","65.7M","64.9M","64.9M","63.9M","63M","62.7M","62.6M","62.5M","62.5M","61.9M","61.7M","61.3M","61.1M","60.7M","60.7M","60.5M","59.7M","59.5M","59M","59M","58.8M","58.6M","58.5M","58.2M","58M","57.9M","57.6M","57.4M","57.4M","57.4M","57.2M","57.2M","57M","56.7M","56.5M","56.4M","56.3M","56.1M","56M","56M","55.8M","55.6M","55.4M","55.2M","55M","54.7M","54.6M","54.6M","54.6M","542M","542M","54.1M","54M","53.8M","53.7M","53.4M","53.4M","53.2M","53.2M","52.9M","52.8M","52.7M","52.7M","52.5M","52.3M","52.2M","52.1M","52.1M","52.1M","51.6M","51.6M","51.6M","51.5M","51.1M","57M","50.9M","50.8M","50.6M","50.4M","50.2M","50M","49.6M","49.2M","49.1M","48.8M","48.8M","48.6M","48.1M","48M","48M"],"okList":["73.9M","73.3M","72.6M","72.5M","71.6M","71.2M","70.6M","69.8M","68.7M","68.6M","65.7M","64.9M","64.9M","63.9M","63.0M","62.7M","62.6M","62.5M","62.5M","61.9M","61.7M","61.3M","61.1M","60.7M","60.7M","60.5M","59.7M","59.5M","59.0M","59.0M","58.8M","58.6M","58.5M","58.2M","58.0M","57.9M","57.6M","57.4M","57.4M","57.4M","57.2M","57.2M","57.0M","56.7M","56.5M","56.4M","56.3M","56.1M","56.0M","56.0M","55.8M","55.6M","55.4M","55.2M","55.0M","54.7M","54.6M","54.6M","54.6M","54.2M","54.2M","54.1M","54.0M","53.8M","53.7M","53.4M","53.4M","53.2M","53.2M","52.9M","52.8M","52.7M","52.7M","52.5M","52.3M","52.2M","52.1M","52.1M","52.1M","51.6M","0.516M","0.0051600000000000005M","5.15E-5M","5.110000000000001E-7M","5.6999999999999994E-8M","5.0900000000000004E-9M","5.080000000000001E-9M","5.06E-9M","5.040000000000001E-9M","5.0200000000000004E-9M","5.0E-9M","4.96E-9M","4.920000000000001E-9M","4.910000000000001E-9M","4.8800000000000005E-9M","4.8800000000000005E-9M","4.86E-9M","4.8100000000000006E-9M","4.8E-9M","4.8E-9M"],"nokList":[]}