{"server":1569,"total":5328.952,"average":56.69098,"cpValues":[],"cpList":["73.4M","73.3M","72.6M","71.6M","71.2M","70.7M","70.6M","68.7M","6A.6M","67M","64.3M","63.9M","63.5M","62.7M","62.5M","62M","61.9M","61.7M","61.3M","61.3M","61.3M","61.3M","60.7M","60.7M","60M","59.5M","59.5M","59.1M","59M","59M","58.8M","58.7M","58.6M","58.5M","58.2M","57.QM","57.8M","57.6M","57.4M","57.4M","57.4M","57.2M","57.2M","57M","56.7M","56.5M","56.4M","56M","56M","55.8M","55.6M","55.4M","55.2M","55M","54.7M","54.6M","54.6M","54.6M","54.4M","54.4M","54.2M","54.2M","54.1M","54M","53.8M","53.7M","53.4M","53.4M","53.2M","53.2M","52.9M","52.8M","52.7M","52.7M","52.5M","52.3M","52.2M","52.1M","52.1M","51.6M","51.6M","51.6M","51.1M","51M","50.9M","50.8M","50.6M","50.6M","50.4M","50.2M","50M","49.6M","49.2M","49.1M","48.8M","48.8M","48.6M","48.6M","48.2M","4AM"],"okList":["73.4M","73.0M","72.45M","71.899994M","71.149994M","70.899994M","69.7M","67.85M","65.45M","63.9M","63.300003M","63.0M","62.35M","62.2M","61.85M","61.6M","61.5M","61.3M","61.3M","61.0M","61.0M","60.35M","60.1M","59.75M","59.3M","59.25M","59.05M","58.9M","58.85M","58.699997M","58.6M","58.4M","57.6M","57.5M","57.4M","57.300003M","57.300003M","57.1M","56.95M","56.75M","56.550003M","56.25M","56.2M","55.9M","55.8M","55.6M","55.4M","55.2M","54.95M","54.8M","54.65M","54.6M","54.5M","54.5M","54.300003M","54.300003M","54.15M","54.1M","53.949997M","53.85M","53.6M","53.550003M","53.300003M","53.300003M","53.050003M","53.0M","52.800003M","52.75M","52.6M","52.5M","52.35M","52.199997M","52.15M","51.85M","51.85M","51.6M","51.35M","51.3M","51.0M","50.9M","50.75M","50.699997M","50.5M","50.4M","50.2M","49.9M","49.6M","49.35M","49.0M","48.949997M","48.699997M","48.699997M","48.4M","48.0M"],"nokList":["68.7M","67M","58.2M","57.QM","57.8M","48.2M"]}