{"server":1570,"total":3604.7002,"average":40.9625,"cpValues":[],"cpList":["76.8M","76M","70.7M","63.8M","63.3M","63.2M","63.1M","62.8M","60.3M","58.7M","5AM","57.7M","57.6M","54.2M","53.2M","50.4M","50.3M","48.6M","48.6M","48.4M","47.2M","46.8M","46.6M","45.3M","45.2M","44.9M","44.4M","44.4M","44.1M","43.9M","43.6M","43.3M","42.8M","42.6M","42.4M","41.4M","41.3M","40.1M","39.9M","39.8M","39.3M","39.2M","39.2M","38.5M","38.5M","38.5M","78M","37.4M","37.2M","A6.1M","A6.1M","A6.1M","A6M","35.7M","35.7M","35.5M","34.8M","34.7M","34.4M","34.3M","34.3M","34M","33.9M","33.9M","33.8M","A3.6M","33.5M","33.5M","33.4M","33M","33M","32.5M","32.5M","32.1M","31.9M","31.5M","31.3M","31.3M","31.3M","31.2M","31.2M","30.9M","30.7M","30.7M","30.6M","30.3M","30.2M","30M","30M","30M","29.8M","29.5M","29.4M","29.4M","29.3M","29.2M","29.1M","29.1M","28.7M","ZA.6M"],"okList":["76.8M","73.75M","69.9M","67.0M","63.5M","63.199997M","63.0M","61.699997M","60.75M","58.2M","55.95M","55.4M","52.300003M","51.75M","49.5M","49.449997M","48.5M","47.9M","47.6M","46.9M","46.05M","45.9M","45.1M","44.800003M","44.65M","44.25M","44.15M","43.85M","43.6M","43.199997M","42.949997M","42.6M","42.0M","41.85M","40.75M","40.6M","39.949997M","39.6M","39.5M","39.25M","38.85M","38.85M","38.5M","38.5M","37.95M","57.6M","35.6M","35.25M","35.1M","34.6M","34.5M","34.35M","34.15M","34.1M","33.95M","33.85M","33.65M","33.45M","33.25M","33.2M","32.75M","32.75M","32.3M","32.2M","31.8M","31.599998M","31.4M","31.3M","31.25M","31.25M","31.05M","30.95M","30.8M","30.650002M","30.5M","30.400002M","30.15M","30.1M","30.0M","29.9M","29.75M","29.599998M","29.45M","29.349998M","29.3M","29.2M","29.150002M","28.900002M"],"nokList":["58.7M","57.7M","37.2M","A6.1M","A6.1M","A6.1M","A6M","35.7M","33.8M","33.5M","28.7M","ZA.6M"]}