{
    "server": 1571,
    "total": 4642.55,
    "average": 46.4255,
    "cpValues": [],
    "cpList": [
        "21.7M",
        "67M",
        "62.1M",
        "59.9M",
        "59.3M",
        "57.7M",
        "57.2M",
        "57.1M",
        "56.8M",
        "56.7M",
        "56.4M",
        "55.5M",
        "55.1M",
        "52.9M",
        "52.3M",
        "51.4M",
        "51.3M",
        "51.1M",
        "51.1M",
        "51.1M",
        "51.1M",
        "50.8M",
        "50.4M",
        "50.4M",
        "50.3M",
        "50.1M",
        "50.1M",
        "49.9M",
        "49.9M",
        "49.9M",
        "49.7M",
        "49.7M",
        "49.6M",
        "49.6M",
        "48.7M",
        "48.6M",
        "48.6M",
        "48.5M",
        "48.3M",
        "48.1M",
        "47.M",
        "47.4M",
        "47.3M",
        "47.3M",
        "46.9M",
        "46.9M",
        "46.6M",
        "46.6M",
        "46.2M",
        "46.1M",
        "46M",
        "45.7M",
        "45.7M",
        "45.7M",
        "45.3M",
        "45.1M",
        "45M",
        "44.7M",
        "44.7M",
        "44.6M",
        "44.5M",
        "44.4M",
        "44.2M",
        "44M",
        "43.6M",
        "43.4M",
        "43.2M",
        "43.2M",
        "43M",
        "42.9M",
        "42.9M",
        "42.9M",
        "42.8M",
        "42.7M",
        "42.7M",
        "42.7M",
        "42.6M",
        "42.5M",
        "42.4M",
        "42.4M",
        "42.2M",
        "42.2M",
        "42.2M",
        "42.1M",
        "42M",
        "41.9M",
        "41.9M",
        "41.6M",
        "41.6M",
        "41.5M",
        "41.3M",
        "41.2M",
        "41M",
        "40.8M",
        "40.7M",
        "40.5M",
        "40.4M",
        "40.2M",
        "+0.2M",
        "40M"
    ],
    "okList": [
        "21.7M",
        "41.9M",
        "63.45M",
        "60.699997M",
        "58.800003M",
        "58.25M",
        "57.4M",
        "57.0M",
        "56.9M",
        "56.6M",
        "56.1M",
        "55.75M",
        "54.2M",
        "53.699997M",
        "52.15M",
        "51.8M",
        "51.25M",
        "51.199997M",
        "51.1M",
        "51.1M",
        "50.949997M",
        "50.75M",
        "50.6M",
        "50.35M",
        "50.25M",
        "50.199997M",
        "50.0M",
        "50.0M",
        "49.9M",
        "49.800003M",
        "49.800003M",
        "49.65M",
        "49.65M",
        "49.15M",
        "49.1M",
        "48.65M",
        "48.55M",
        "48.449997M",
        "48.3M",
        "47.65M",
        "47.75M",
        "47.15M",
        "47.35M",
        "47.1M",
        "47.1M",
        "46.75M",
        "46.75M",
        "46.4M",
        "46.35M",
        "46.1M",
        "45.9M",
        "45.85M",
        "45.7M",
        "45.5M",
        "45.4M",
        "45.15M",
        "44.9M",
        "44.85M",
        "44.65M",
        "44.6M",
        "44.5M",
        "44.35M",
        "44.2M",
        "43.9M",
        "43.7M",
        "43.4M",
        "43.300003M",
        "43.1M",
        "43.050003M",
        "42.95M",
        "42.9M",
        "42.85M",
        "42.800003M",
        "42.75M",
        "42.7M",
        "42.65M",
        "42.6M",
        "42.5M",
        "42.45M",
        "42.300003M",
        "42.300003M",
        "42.2M",
        "42.15M",
        "42.1M",
        "42.0M",
        "41.95M",
        "41.75M",
        "41.75M",
        "41.55M",
        "41.449997M",
        "41.35M",
        "41.15M",
        "41.0M",
        "40.85M",
        "40.65M",
        "40.550003M",
        "40.35M",
        "20.300001M",
        "40.1M",
        "40.0M"
    ],
    "nokList": []
}