{"time":1755517670687,"server":1573,"cpList":["69.3M","65M","64.8M","63.3M","61.9M","61.6M","60.7M","59.9M","59.9M","57.6M","57.6M","57.3M","57M","56.5M","56.1M","55M","54.1M","53.7M","53.6M","53M","52.9M","52.3M","52.3M","51.6M","51.6M","51.3M","57M","49.3M","48.7M","48.7M","48.4M","48.1M","47.7M","47.3M","45.7M","45.6M","45.5M","45.1M","44.7M","441M","441M","43.7M","43.5M","43.5M","43.5M","42.9M","42.4M","42.1M","42M","41.8M","41.7M","41.7M","41.6M","41.5M","41.4M","41.3M","41.1M","40.9M","40.9M","40.7M","40.4M","40.1M","40M","39.9M","39.6M","39.2M","38.6M","38.5M","38.2M","37.9M","37.4M","37.3M","37.3M","37.2M","37M","37M","36.7M","36.7M","36.6M","36.5M","36.3M","36.2M","36.1M","35.8M","35.3M","35.2M","35.1M","35M","34.9M","346M","34.5M","34.5M","34.4M","34.3M","34.2M","34M","33.2M","33.1M","33M","32.9M"],"okList":["69.3M","65.0M","64.8M","63.3M","61.9M","61.6M","60.7M","59.9M","59.9M","57.6M","57.6M","57.3M","57.0M","56.5M","56.1M","55.0M","54.1M","53.7M","53.6M","53.0M","52.9M","52.3M","0.523M","0.0051600000000000005M","5.160000000000001E-5M","5.13E-7M","5.6999999999999994E-8M","4.930000000000001E-9M","4.870000000000001E-9M","4.870000000000001E-9M","4.839999999999999E-9M","4.8100000000000006E-9M","4.770000000000001E-9M","4.73E-9M","4.57E-9M","4.559999999999999E-9M","4.55E-9M","4.51E-9M","4.4700000000000005E-9M","4.4100000000000004E-8M","4.4100000000000004E-8M","4.3700000000000004E-9M","4.35E-9M","4.35E-9M","4.35E-9M","4.289999999999999E-9M","4.24E-9M","4.21E-9M","4.2E-9M","4.18E-9M","4.17E-9M","4.17E-9M","4.1600000000000005E-9M","4.15E-9M","4.139999999999999E-9M","4.1300000000000004E-9M","4.109999999999999E-9M","4.09E-9M","4.09E-9M","4.070000000000001E-9M","4.039999999999999E-9M","4.010000000000001E-9M","4.0E-9M","3.99E-9M","3.96E-9M","3.92E-9M","3.86E-9M","3.8500000000000006E-9M","3.8200000000000005E-9M","3.7899999999999995E-9M","3.74E-9M","3.729999999999999E-9M","3.729999999999999E-9M","3.7200000000000012E-9M","3.7000000000000005E-9M","3.7000000000000005E-9M","3.6700000000000004E-9M","3.6700000000000004E-9M","3.66E-9M","3.65E-9M","3.63E-9M","3.6200000000000003E-9M","3.6099999999999997E-9M","3.5799999999999996E-9M","3.53E-9M","3.5200000000000007E-9M","3.5100000000000005E-9M","3.5E-9M","3.4899999999999997E-9M","3.46E-8M","3.45E-9M","3.45E-9M","3.4399999999999997E-9M","3.43E-9M","3.4200000000000006E-9M","3.4E-9M","3.32E-9M","3.31E-9M","3.3E-9M","3.2899999999999996E-9M"],"nokList":[]}