{"server":1577,"total":3244.7996,"average":34.519146,"cpValues":[],"cpList":["7A.6M","77M","66.3M","60.9M","60.7M","55.6M","53.1M","52.8M","52.4M","51.2M","48.8M","46M","45.8M","45.4M","44.5M","44.4M","42M","40.4M","40.4M","40M","40M","39.5M","38.7M","38.3M","37.6M","37.5M","37.5M","37.5M","37.2M","37.1M","36.8M","36.3M","A6.1M","35.7M","35.4M","35.3M","35M","34.3M","34.3M","33.9M","33.9M","33.4M","33.3M","32.7M","32.6M","32.5M","32.5M","32.2M","32.2M","31.6M","31.6M","31.6M","31.5M","31.4M","31.4M","31.2M","30.9M","30.7M","30.6M","30.6M","29.9M","29.7M","29.6M","29M","28.6M","28.4M","28.2M","28.1M","27.8M","27.1M","27M","27M","26.8M","26.8M","26.8M","26.7M","26.7M","26.2M","26.2M","26.1M","26M","25.QM","25.8M","25.7M","25.6M","25.4M","24.9M","24.9M","24.8M","24.8M","24.7M","24.6M","24.6M","24.5M","24.4M","23.8M","23.8M","23.7M","23.6M","23.5M"],"okList":["78.6M","68.95M","63.5M","58.25M","56.9M","54.199997M","52.75M","52.0M","50.6M","48.6M","47.3M","45.7M","45.15M","44.9M","43.25M","42.4M","41.2M","40.2M","40.2M","39.75M","39.35M","38.9M","38.15M","37.9M","37.55M","37.5M","37.35M","37.3M","37.0M","36.699997M","36.0M","35.5M","35.2M","34.8M","34.65M","34.1M","34.1M","33.65M","33.6M","33.050003M","32.949997M","32.6M","32.55M","32.35M","32.35M","31.900002M","31.900002M","31.6M","31.55M","31.5M","31.45M","31.3M","31.15M","30.95M","30.75M","30.650002M","30.25M","30.150002M","29.75M","29.35M","29.1M","28.7M","28.400002M","28.25M","28.0M","27.6M","27.4M","27.05M","26.9M","26.9M","26.8M","26.75M","26.75M","26.45M","26.45M","26.150002M","26.1M","25.7M","25.55M","25.25M","25.15M","24.849998M","24.849998M","24.75M","24.7M","24.650002M","24.55M","24.5M","24.15M","24.099998M","23.75M","23.7M","23.6M","23.5M"],"nokList":["77M","36.3M","35.7M","26M","25.QM","25.8M"]}