{"time":1755517723572,"server":1578,"cpList":["74.9M","68.1M","65.8M","65.2M","64.4M","64.1M","63.6M","63.6M","61.8M","60.5M","60.2M","59.8M","59.8M","59.7M","59.5M","59.2M","58.6M","57.7M","57.6M","57.4M","57.4M","57.3M","57.1M","57.1M","56.6M","56.5M","56.1M","55.9M","55.9M","55.8M","55.8M","55.7M","55.2M","54.5M","543M","54.1M","54M","53.9M","53.8M","53.3M","52.9M","52.9M","52.5M","52.4M","52.2M","52M","51.9M","51.8M","51.7M","51.6M","51.3M","51.2M","51.1M","57M","57M","50.8M","50.7M","50.6M","50.3M","50.2M","50.2M","50.1M","49.9M","49.7M","49.3M","49.2M","49.2M","49.1M","49M","49M","48.7M","48.5M","48.5M","47.9M","47.7M","47.7M","47.7M","47.6M","47.3M","47.3M","47.1M","47M","46.9M","46.9M","46.9M","46.6M","46.6M","46.6M","46.6M","46.4M","46.4M","46.3M","46.3M","46.1M","46.1M","45.9M","45.9M","45.9M","45.8M","45.7M"],"okList":["74.9M","68.1M","65.8M","65.2M","64.4M","64.1M","63.6M","63.6M","61.8M","60.5M","60.2M","59.8M","59.8M","59.7M","59.5M","59.2M","58.6M","57.7M","57.6M","57.4M","57.4M","57.3M","57.1M","57.1M","56.6M","56.5M","56.1M","55.9M","55.9M","55.8M","55.8M","55.7M","55.2M","54.5M","54.3M","54.1M","54.0M","53.9M","53.8M","53.3M","52.9M","52.9M","52.5M","52.4M","52.2M","52.0M","51.9M","51.8M","51.7M","0.516M","0.00513M","5.1200000000000004E-5M","5.110000000000001E-7M","5.6999999999999994E-8M","5.7E-9M","5.080000000000001E-9M","5.07E-9M","5.06E-9M","5.03E-9M","5.0200000000000004E-9M","5.0200000000000004E-9M","5.01E-9M","4.989999999999999E-9M","4.970000000000001E-9M","4.930000000000001E-9M","4.920000000000001E-9M","4.920000000000001E-9M","4.910000000000001E-9M","4.9E-9M","4.9E-9M","4.870000000000001E-9M","4.8500000000000004E-9M","4.8500000000000004E-9M","4.79E-9M","4.770000000000001E-9M","4.770000000000001E-9M","4.770000000000001E-9M","4.76E-9M","4.73E-9M","4.73E-9M","4.7100000000000005E-9M","4.699999999999999E-9M","4.689999999999999E-9M","4.689999999999999E-9M","4.689999999999999E-9M","4.66E-9M","4.66E-9M","4.66E-9M","4.66E-9M","4.6400000000000005E-9M","4.6400000000000005E-9M","4.629999999999999E-9M","4.629999999999999E-9M","4.6100000000000004E-9M","4.6100000000000004E-9M","4.59E-9M","4.59E-9M","4.59E-9M","4.58E-9M","4.57E-9M"],"nokList":[]}