{"server":1578,"total":2462.55,"average":25.651564,"cpValues":[],"cpList":["52.1M","50.3M","45.2M","42.9M","42.6M","41.6M","40.6M","40.4M","38.3M","38.2M","37.7M","37.2M","A6.6M","36.4M","36.3M","36.2M","35.6M","A3.6M","33M","32.9M","32.6M","32.5M","31.8M","31M","30.7M","30.7M","30.7M","30.6M","30.6M","29.9M","29.5M","29.5M","29.4M","28.6M","28.5M","28.4M","27.2M","27M","26.9M","26.7M","26.3M","26M","25.6M","25.5M","25.4M","24.9M","24.9M","24.5M","24.3M","23.9M","23.8M","23.4M","23.1M","22.9M","22.6M","22.5M","22.4M","22.1M","22.1M","21.9M","21.7M","21.7M","21.7M","21.5M","21.2M","21.1M","21M","20.8M","20.7M","20.6M","20.4M","20.2M","20.1M","20M","19M","18.9M","18.6M","18.5M","18.4M","18.3M","18M","18M","17.9M","17.7M","17.6M","17.4M","17.4M","17.3M","17.2M","17.1M","16.9M","16.9M","16.8M","16.8M","16.4M","16.3M","16.3M","16.3M","16.2M","16M"],"okList":["52.1M","48.65M","46.6M","43.9M","42.25M","41.6M","41.0M","39.449997M","39.300003M","38.0M","37.7M","36.800003M","36.300003M","35.949997M","34.3M","32.8M","32.7M","32.199997M","31.75M","31.25M","30.85M","30.7M","30.650002M","30.650002M","30.25M","30.05M","29.7M","29.45M","29.05M","28.95M","28.5M","27.85M","27.7M","27.05M","26.85M","26.599998M","26.35M","25.95M","25.75M","25.5M","25.2M","25.15M","24.7M","24.599998M","24.2M","24.05M","23.65M","23.45M","23.15M","22.85M","22.7M","22.5M","22.3M","22.25M","22.0M","21.900002M","21.8M","21.7M","21.6M","21.45M","21.3M","21.1M","20.95M","20.85M","20.7M","20.55M","20.400002M","20.25M","20.1M","19.55M","19.45M","18.8M","18.7M","18.5M","18.4M","18.2M","18.15M","17.95M","17.85M","17.75M","17.55M","17.5M","17.349998M","17.3M","17.2M","17.05M","17.0M","16.849998M","16.849998M","16.599998M","16.55M","16.349998M","16.3M","16.25M","16.15M","16.0M"],"nokList":["37.2M","36.4M","35.6M","33M"]}