{"time":1756153378676,"server":158,"cpList":["M6M","105M","99M","95.9M","95.7M","93.4M","92M","91.6M","912M","89.2M","89.2M","88.6M","88.3M","87.6M","85.8M","85M","79.5M","79.4M","79.1M","763M","76M","76M","75.6M","75M","74.4M","74.1M","74M","73.7M","73M","72.7M","72M","71.5M","71.3M","71.3M","70.7M","70.2M","69.8M","69.7M","69.6M","69.6M","69.2M","69M","68.9M","68.1M","68M","67.9M","67.6M","67.1M","66.9M","66.9M","66.6M","66.2M","65.8M","65.8M","65.4M","65.2M","65.1M","64.9M","64.8M","64.6M","64.3M","63.6M","63.3M","63.1M","62.8M","62.8M","62.6M","62.5M","62.5M","62.3M","617M","61.5M","61.3M","612M","61.1M","61M","61M","60.9M","60.8M","60.7M","60.5M","60.1M","60M","59.8M","59.7M","59.7M","59.5M","58.9M","58.9M","58.7M","58.6M","58.5M","58.3M","58.3M","58.1M","57.9M","57.8M","57.7M","57.5M","57.5M"],"okList":["6.0M","10.5M","9.9M","9.59M","9.57M","9.34M","9.2M","9.16M","9.120000000000001M","8.92M","8.92M","8.86M","8.83M","8.76M","8.58M","8.5M","7.95M","7.94M","7.909999999999999M","7.63M","7.6M","7.6M","7.56M","7.5M","7.44M","7.409999999999999M","7.4M","7.37M","7.3M","7.2700000000000005M","7.2M","7.15M","7.13M","7.13M","7.07M","7.0200000000000005M","6.9799999999999995M","6.970000000000001M","6.959999999999999M","6.959999999999999M","6.92M","6.9M","6.890000000000001M","6.81M","6.8M","6.790000000000001M","6.76M","6.709999999999999M","6.69M","6.69M","6.659999999999999M","6.62M","6.58M","6.58M","6.540000000000001M","6.5200000000000005M","6.51M","6.49M","6.4799999999999995M","6.459999999999999M","6.43M","6.36M","6.33M","6.3100000000000005M","6.279999999999999M","6.279999999999999M","6.26M","6.25M","6.25M","6.2299999999999995M","6.17M","6.15M","6.13M","6.12M","6.11M","6.1M","6.1M","6.09M","6.08M","6.07M","6.05M","6.01M","6.0M","5.9799999999999995M","5.970000000000001M","5.970000000000001M","5.95M","5.89M","5.89M","5.87M","5.86M","5.85M","5.83M","5.83M","5.8100000000000005M","5.79M","5.779999999999999M","5.7700000000000005M","5.75M","5.75M"],"nokList":[]}