{"server":158,"total":6695.2495,"average":66.95249,"cpValues":[],"cpList":["112M","104M","25.8M","70M","89.4M","89.3M","89.3M","89M","87.6M","86.3M","86M","84.7M","84.4M","83.7M","82.7M","82M","78.1M","77.1M","76M","76M","74.4M","74.4M","74M","73.4M","72.7M","72.7M","72M","71.2M","71.1M","70.2M","69.9M","69.5M","69.1M","68.5M","68.3M","68.2M","68.1M","67.9M","67.3M","67.1M","66.6M","66.3M","65.6M","65.5M","64.9M","64.9M","64.6M","64.5M","64.5M","64.4M","64.3M","63.5M","63.5M","63.4M","63.3M","62.3M","62.2M","61.9M","61.6M","61.4M","61.3M","61.3M","61.3M","61.2M","61M","60.9M","60.9M","60.7M","60.3M","60.2M","59.6M","59.5M","59.3M","59.2M","59.2M","59.1M","58.9M","58.9M","58.9M","58.7M","58.6M","58.3M","57.5M","57.5M","57.4M","57.4M","57.2M","57.1M","56.9M","56.7M","56.3M","56.3M","56.3M","56.3M","56.1M","56.1M","56.1M","56.1M","55.9M","55.8M"],"okList":["112.0M","68.9M","87.0M","70.0M","79.65M","89.350006M","89.15M","88.45M","87.65M","86.8M","85.5M","85.2M","84.2M","83.55M","82.85M","80.399994M","79.55M","77.05M","76.55M","75.2M","75.2M","74.2M","73.9M","73.35M","73.05M","72.35M","71.95M","71.55M","70.7M","70.5M","69.85M","69.5M","69.0M","68.7M","68.35M","68.2M","68.05M","67.7M","67.5M","66.95M","66.7M","66.1M","65.9M","65.25M","65.2M","64.75M","64.7M","64.55M","64.45M","64.4M","63.95M","63.9M","63.45M","63.4M","62.85M","62.75M","62.1M","61.9M","61.65M","61.449997M","61.35M","61.3M","61.25M","61.15M","61.050003M","60.95M","60.800003M","60.6M","60.45M","59.949997M","59.85M","59.449997M","59.35M","59.25M","59.15M","59.050003M","59.0M","58.9M","58.800003M","58.75M","58.5M","58.05M","57.9M","57.45M","57.45M","57.300003M","57.25M","57.050003M","56.9M","56.6M","56.5M","56.3M","56.3M","56.199997M","56.199997M","56.1M","56.1M","56.0M","55.949997M","55.8M"],"nokList":[]}