{"time":1755517776415,"server":1590,"cpList":["98.9M","89.4M","87.2M","86.7M","843M","83.7M","83M","81M","78.7M","78.3M","762M","75.6M","75.2M","73.7M","73.1M","72.9M","72.9M","72.6M","72.6M","72.2M","72M","72M","71.2M","77M","77M","70.6M","70.2M","70M","70M","69.9M","69.6M","69.6M","69.5M","69.4M","68.2M","68.1M","68M","67.6M","67.2M","67.2M","67.1M","66.9M","66.8M","66.5M","66.5M","66.4M","66.4M","65.7M","65.1M","65M","64.8M","63.9M","63.4M","63.4M","63.3M","63.1M","63.1M","62.9M","62.9M","62.8M","62.8M","62.7M","62.6M","62.2M","62.2M","61.9M","61.8M","61.8M","61.8M","61.7M","61.4M","61.3M","61.3M","61.3M","612M","61.1M","60.9M","60.9M","60.7M","60.7M","60.4M","60M","59.9M","59.9M","59.6M","59.5M","59.5M","59.4M","59.4M","59.3M","59.2M","58.9M","58.7M","58.7M","59.6M","58.5M","58.1M","58.1M","58M","57.8M"],"okList":["98.9M","89.4M","87.2M","86.7M","84.3M","83.7M","83.0M","81.0M","0.787M","0.007829999999999998M","1.62E-5M","7.56E-8M","7.519999999999999E-9M","7.37E-9M","7.31E-9M","7.290000000000001E-9M","7.290000000000001E-9M","7.26E-9M","7.26E-9M","7.2199999999999995E-9M","7.2E-9M","7.2E-9M","7.120000000000001E-9M","7.700000000000001E-9M","7.700000000000001E-9M","7.06E-9M","7.020000000000001E-9M","7.0E-9M","7.0E-9M","6.99E-9M","6.96E-9M","6.96E-9M","6.949999999999999E-9M","6.9400000000000004E-9M","6.82E-9M","6.8099999999999994E-9M","6.8E-9M","6.759999999999999E-9M","6.720000000000001E-9M","6.720000000000001E-9M","6.709999999999999E-9M","6.69E-9M","6.68E-9M","6.65E-9M","6.65E-9M","6.64E-9M","6.64E-9M","6.57E-9M","6.51E-9M","6.500000000000001E-9M","6.48E-9M","6.39E-9M","6.34E-9M","6.34E-9M","6.3299999999999994E-9M","6.31E-9M","6.31E-9M","6.290000000000001E-9M","6.290000000000001E-9M","6.28E-9M","6.28E-9M","6.270000000000001E-9M","6.26E-9M","6.22E-9M","6.22E-9M","6.19E-9M","6.18E-9M","6.18E-9M","6.18E-9M","6.17E-9M","6.14E-9M","6.13E-9M","6.13E-9M","6.13E-9M","6.119999999999999E-8M","6.11E-9M","6.09E-9M","6.09E-9M","6.07E-9M","6.07E-9M","6.040000000000001E-9M","6.0E-9M","5.99E-9M","5.99E-9M","5.96E-9M","5.9499999999999995E-9M","5.9499999999999995E-9M","5.9400000000000006E-9M","5.9400000000000006E-9M","5.93E-9M","5.920000000000001E-9M","5.89E-9M","5.870000000000001E-9M","5.870000000000001E-9M","5.96E-9M","5.8499999999999994E-9M","5.8099999999999996E-9M","5.8099999999999996E-9M","5.8E-9M","5.7799999999999995E-9M"],"nokList":[]}