{"server":1590,"total":5787.449,"average":62.907055,"cpValues":[],"cpList":["23.8M","85.6M","82.6M","82.6M","79.2M","78.8M","77.6M","76.2M","75.7M","74.8M","72M","71.8M","71M","70.6M","70.5M","70.2M","70.1M","69.9M","69.8M","6A.6M","6A.6M","68.5M","67.8M","67.6M","67.5M","67M","66.9M","66.9M","66.1M","65.5M","65.5M","65.4M","65.3M","64.9M","64.6M","64.3M","64.3M","64.2M","64.1M","64.1M","64.1M","63.9M","63.5M","63.3M","63.3M","63.2M","63.1M","62.3M","62.2M","62M","62M","61.8M","61.5M","61.4M","61.3M","61.3M","61M","60.9M","60.8M","60.6M","60.4M","60.4M","59.9M","59.9M","59.8M","59.7M","59.5M","59.5M","59.4M","59.2M","59.1M","59M","58.7M","58.5M","58.3M","58.1M","5AM","57.QM","57.8M","57.7M","57.7M","57.6M","57.6M","57.6M","57.5M","57.5M","57.2M","57.2M","57.1M","57.1M","56.9M","56.9M","56.9M","56.8M","56.7M","56.6M","56.6M","56.5M","56.3M","56.3M"],"okList":["23.8M","53.199997M","84.1M","80.899994M","80.7M","78.399994M","77.5M","76.649994M","75.5M","73.85M","73.3M","71.5M","71.2M","70.75M","70.399994M","70.3M","70.05M","69.95M","68.05M","67.65M","67.3M","67.2M","66.95M","66.5M","66.2M","65.8M","65.45M","65.4M","65.15M","64.95M","64.600006M","64.45M","64.25M","64.2M","64.149994M","64.1M","64.0M","63.8M","63.6M","63.4M","63.25M","63.199997M","62.75M","62.65M","62.15M","62.1M","61.9M","61.75M","61.6M","61.4M","61.35M","61.15M","61.1M","60.9M","60.75M","60.6M","60.5M","60.15M","60.15M","59.85M","59.800003M","59.65M","59.6M","59.45M","59.35M","59.25M","59.1M","58.9M","58.75M","58.5M","58.3M","57.75M","57.65M","57.65M","57.6M","57.55M","57.55M","57.35M","57.35M","57.15M","57.15M","57.0M","57.0M","56.9M","56.85M","56.800003M","56.699997M","56.65M","56.55M","56.449997M","56.4M","56.3M"],"nokList":["69.8M","6A.6M","6A.6M","68.5M","58.1M","5AM","57.QM","57.8M"]}