{"time":1755517802635,"server":1607,"cpList":["102M","97.6M","94.5M","90.4M","85M","82.3M","81.9M","81M","80.3M","79.6M","77.4M","77.3M","77.1M","77M","75.7M","73.7M","73.4M","72.7M","72.7M","72.4M","72.4M","71.6M","71.6M","71.5M","71.3M","77M","70.9M","70.3M","69.9M","69.6M","69.2M","68.7M","68.6M","68.3M","68.2M","68.1M","67.9M","67.7M","67.7M","67.6M","67.5M","67.4M","67.2M","67.1M","67M","67M","67M","66.7M","66.6M","66.2M","65.7M","65.7M","65.4M","65.2M","64.9M","646M","64.5M","64.4M","64.3M","63.9M","63.9M","63.5M","63.5M","63.5M","63.5M","63.5M","63.5M","63.4M","63.3M","63.3M","63.3M","63.2M","63.2M","63.1M","62.6M","62.5M","62.5M","62.5M","62.4M","62.2M","62.1M","62M","62M","61.9M","61.7M","61.6M","61.5M","612M","612M","612M","61.1M","61.1M","61M","60.9M","60.8M","60.8M","60.5M","60.5M","60.5M","60.3M"],"okList":["102.0M","97.6M","94.5M","90.4M","85.0M","82.3M","81.9M","81.0M","80.3M","79.6M","77.4M","77.3M","77.1M","77.0M","75.7M","73.7M","73.4M","72.7M","72.7M","72.4M","72.4M","0.716M","0.00716M","7.15E-5M","7.13E-7M","7.699999999999999E-8M","7.09E-9M","7.03E-9M","6.99E-9M","6.96E-9M","6.92E-9M","6.8700000000000005E-9M","6.86E-9M","6.83E-9M","6.82E-9M","6.8099999999999994E-9M","6.790000000000001E-9M","6.77E-9M","6.77E-9M","6.759999999999999E-9M","6.750000000000001E-9M","6.74E-9M","6.720000000000001E-9M","6.709999999999999E-9M","6.7000000000000004E-9M","6.7000000000000004E-9M","6.7000000000000004E-9M","6.670000000000001E-9M","6.66E-9M","6.62E-9M","6.57E-9M","6.57E-9M","6.54E-9M","6.5200000000000015E-9M","6.4900000000000005E-9M","6.460000000000001E-8M","6.45E-9M","6.440000000000001E-9M","6.43E-9M","6.39E-9M","6.39E-9M","6.35E-9M","6.35E-9M","6.35E-9M","6.35E-9M","6.35E-9M","6.35E-9M","6.34E-9M","6.3299999999999994E-9M","6.3299999999999994E-9M","6.3299999999999994E-9M","6.3200000000000005E-9M","6.3200000000000005E-9M","6.31E-9M","6.26E-9M","6.2500000000000005E-9M","6.2500000000000005E-9M","6.2500000000000005E-9M","6.24E-9M","6.22E-9M","6.210000000000001E-9M","6.2E-9M","6.2E-9M","6.19E-9M","6.17E-9M","6.159999999999999E-9M","6.1500000000000005E-9M","6.119999999999999E-8M","6.119999999999999E-8M","6.119999999999999E-8M","6.11E-9M","6.11E-9M","6.099999999999998E-9M","6.09E-9M","6.08E-9M","6.08E-9M","6.05E-9M","6.05E-9M","6.05E-9M","6.03E-9M"],"nokList":[]}