{"server":1607,"total":5819.601,"average":61.91065,"cpValues":[],"cpList":["25.7M","23.4M","81.7M","79.6M","78.5M","77.M","77.6M","77.4M","76.8M","75.7M","74.6M","74.4M","74.1M","12.4M","72.3M","70.7M","70.6M","70.3M","69.9M","69.7M","69.6M","69.6M","69.2M","69M","6A.6M","68.4M","68.2M","68.2M","67.7M","66.8M","6M","65.9M","65.3M","65.2M","65.1M","64.7M","64.7M","64.3M","63.9M","63.9M","63.6M","63M","62.8M","62.7M","62.3M","62.3M","61.9M","61.9M","61.8M","61.8M","61.7M","61.7M","61.3M","61.2M","61.2M","61M","60.8M","60.8M","60.6M","60.6M","60.5M","60.5M","60.5M","60.4M","60.4M","60.4M","60.3M","60.1M","60M","59.8M","59.5M","59.5M","59.5M","59.4M","59.4M","59.3M","59.3M","59.1M","59M","58.9M","58.5M","58.4M","58.3M","58.3M","58.3M","5AM","57.QM","57.7M","57.7M","57.5M","57.5M","57.5M","57.M","57.1M","57M","56.8M","56.7M","56.7M","56.7M","56.6M"],"okList":["25.7M","53.699997M","51.5M","80.1M","78.3M","78.05M","77.2M","77.2M","76.55M","75.7M","75.05M","74.35M","43.4M","73.2M","41.55M","71.45M","70.5M","70.25M","70.0M","69.75M","69.649994M","69.399994M","69.3M","68.7M","68.3M","67.95M","67.5M","36.85M","66.350006M","35.65M","65.55M","65.2M","64.95M","64.899994M","64.5M","64.3M","64.100006M","63.75M","63.45M","63.199997M","62.85M","62.55M","62.5M","62.1M","62.1M","61.85M","61.85M","61.75M","61.75M","61.5M","61.45M","61.25M","61.1M","61.0M","60.9M","60.699997M","60.699997M","60.55M","60.55M","60.5M","60.45M","60.45M","60.4M","60.35M","60.25M","60.15M","59.949997M","59.75M","59.65M","59.5M","59.45M","59.45M","59.35M","59.35M","59.199997M","59.15M","59.0M","58.75M","58.65M","58.4M","58.35M","58.3M","57.6M","57.6M","57.5M","57.25M","57.3M","57.0M","56.949997M","56.85M","56.75M","56.7M","56.65M","56.6M"],"nokList":["69M","68.4M","58.3M","5AM","57.QM","57.7M"]}