{"server":1610,"total":4097.55,"average":43.590954,"cpValues":[],"cpList":["68.2M","60M","57.6M","57.5M","56.5M","55.8M","54.7M","54.4M","53.1M","52.9M","52.3M","51.8M","51.8M","51.7M","51.4M","51.3M","51.2M","50.7M","50.4M","49.7M","49M","48.2M","47.6M","47.3M","46.8M","46.6M","46.5M","45.9M","45.8M","45.5M","45.5M","45.4M","44.8M","44.4M","44M","43.8M","43.8M","42.6M","42.3M","42.3M","42.1M","41.8M","41.7M","41.6M","41.5M","41.2M","41.2M","41.1M","40.9M","40.8M","40.8M","40.7M","40.6M","40.5M","40M","39.8M","39.6M","39.5M","39.5M","39.4M","39.3M","39.3M","39.2M","39.1M","38.9M","38.8M","38.5M","38.4M","38.3M","38.3M","38.2M","38.1M","78M","37.8M","37.6M","37.5M","37.2M","37M","37M","A6.9M","A6.9M","36.8M","36.8M","36.3M","A6M","35.8M","35.7M","35.5M","35.4M","35.4M","35.2M","35.2M","34.7M","34.6M","34.4M","34.3M","34.2M","33.9M","33.7M","33.7M"],"okList":["68.2M","62.899998M","58.75M","57.05M","56.65M","55.6M","55.1M","53.9M","53.65M","52.699997M","52.35M","52.05M","51.75M","51.6M","51.5M","51.300003M","51.0M","50.800003M","50.2M","49.7M","48.95M","48.3M","47.75M","47.199997M","46.949997M","46.65M","46.25M","46.15M","45.7M","45.65M","45.45M","45.15M","44.9M","44.4M","44.1M","43.9M","43.199997M","43.05M","42.449997M","42.199997M","42.05M","41.9M","41.699997M","41.6M","41.4M","41.35M","41.15M","41.050003M","40.949997M","40.85M","40.75M","40.699997M","40.6M","40.3M","40.15M","39.8M","39.65M","39.55M","39.45M","39.4M","39.35M","39.25M","39.199997M","39.050003M","38.949997M","38.7M","38.6M","38.4M","38.35M","38.25M","38.199997M","58.1M","37.949997M","57.8M","37.65M","37.4M","37.25M","37.1M","36.55M","36.05M","35.65M","35.550003M","35.45M","35.300003M","35.300003M","34.95M","34.9M","34.550003M","34.449997M","34.300003M","34.1M","33.95M","33.800003M","33.7M"],"nokList":["37M","A6.9M","A6.9M","36.8M","36.3M","35.8M"]}