{"time":1755517829220,"server":1617,"cpList":["82.2M","77.1M","69.7M","69.3M","66.1M","642M","60.9M","59.9M","58.4M","58.2M","58.1M","58M","57.7M","57.4M","56.9M","56.6M","55.9M","55.8M","55.5M","55.1M","54.8M","53.9M","53.8M","53.8M","53.5M","53.3M","52.5M","52.3M","52.2M","51.5M","51.1M","57M","50.8M","50.6M","50.5M","50M","49.7M","49.6M","49.5M","49.4M","49.4M","49.3M","49.1M","49M","49M","48.9M","48.6M","48.3M","48.2M","48M","48M","47.9M","47.7M","47.4M","47.3M","47.2M","47.1M","468M","46.6M","46.6M","46.6M","46.5M","45.9M","45.9M","45.5M","45.5M","45.5M","45.2M","45.2M","45.2M","45M","44.7M","44.5M","441M","43.2M","43.2M","43.2M","42.8M","42.8M","42.7M","42.7M","42.7M","42.5M","42.4M","42.3M","42.3M","422M","42.1M","42M","41.9M","41.8M","41.7M","41.2M","41M","40.9M","40.9M","40.7M","40.4M","40.2M","40M"],"okList":["82.2M","77.1M","69.7M","69.3M","66.1M","64.2M","60.9M","59.9M","58.4M","58.2M","58.1M","58.0M","57.7M","57.4M","56.9M","56.6M","55.9M","55.8M","55.5M","55.1M","54.8M","53.9M","53.8M","53.8M","53.5M","53.3M","52.5M","0.523M","0.00522M","5.15E-5M","5.110000000000001E-7M","5.6999999999999994E-8M","5.080000000000001E-9M","5.06E-9M","5.0500000000000006E-9M","5.0E-9M","4.970000000000001E-9M","4.96E-9M","4.949999999999999E-9M","4.940000000000001E-9M","4.940000000000001E-9M","4.930000000000001E-9M","4.910000000000001E-9M","4.9E-9M","4.9E-9M","4.89E-9M","4.86E-9M","4.83E-9M","4.820000000000001E-9M","4.8E-9M","4.8E-9M","4.79E-9M","4.770000000000001E-9M","4.739999999999999E-9M","4.73E-9M","4.72E-9M","4.7100000000000005E-9M","4.6799999999999996E-8M","4.66E-9M","4.66E-9M","4.66E-9M","4.65E-9M","4.59E-9M","4.59E-9M","4.55E-9M","4.55E-9M","4.55E-9M","4.519999999999999E-9M","4.519999999999999E-9M","4.519999999999999E-9M","4.500000000000001E-9M","4.4700000000000005E-9M","4.45E-9M","4.4100000000000004E-8M","4.320000000000001E-9M","4.320000000000001E-9M","4.320000000000001E-9M","4.279999999999999E-9M","4.279999999999999E-9M","4.27E-9M","4.27E-9M","4.27E-9M","4.25E-9M","4.24E-9M","4.2300000000000005E-9M","4.2300000000000005E-9M","4.2199999999999994E-8M","4.21E-9M","4.2E-9M","4.190000000000001E-9M","4.18E-9M","4.17E-9M","4.120000000000001E-9M","4.0999999999999995E-9M","4.09E-9M","4.09E-9M","4.070000000000001E-9M","4.039999999999999E-9M","4.020000000000001E-9M","4.0E-9M"],"nokList":[]}