{"server":1617,"total":4887.15,"average":48.8715,"cpValues":[],"cpList":["76.7M","67.5M","67.1M","62.7M","61.7M","61.4M","58.2M","57.7M","57.6M","57.1M","57.1M","56.8M","56.7M","56.6M","56.5M","55.9M","55.8M","55.1M","54.1M","53.9M","53.8M","53.3M","52.8M","52.5M","52.2M","51.5M","51.5M","51.1M","51M","51M","51M","50.8M","50.7M","50.6M","50.6M","50.4M","50M","49.7M","49.6M","49.4M","49.4M","49.3M","49.3M","49.1M","49M","48.M","48.6M","48.5M","48.2M","48M","48M","48M","47.9M","47.M","47.4M","47.3M","47.2M","47.1M","47.1M","47M","46.9M","46.8M","46.7M","46.6M","46.6M","46.6M","46.3M","45.9M","45.5M","45.5M","45.5M","45.2M","45.2M","45.2M","45.1M","44.8M","44.5M","44.5M","44.1M","43.2M","43.2M","42.8M","42.8M","42.7M","42.7M","42.7M","42.5M","42.4M","42.3M","42.2M","42.1M","42.1M","42M","+1.8M","41.7M","41.2M","41.2M","40.9M","40.8M","40.7M"],"okList":["76.7M","71.899994M","65.1M","64.4M","62.050003M","59.95M","59.550003M","57.9M","57.4M","57.35M","56.949997M","56.9M","56.699997M","56.6M","56.25M","56.15M","55.5M","54.949997M","54.5M","53.949997M","53.6M","53.3M","52.9M","52.5M","52.0M","51.85M","51.3M","51.25M","51.05M","51.0M","50.9M","50.85M","50.699997M","50.65M","50.5M","50.3M","50.050003M","49.8M","49.550003M","49.5M","49.35M","49.35M","49.199997M","49.15M","48.55M","48.8M","48.25M","48.4M","48.25M","48.1M","48.0M","47.95M","47.5M","47.65M","47.15M","47.300003M","47.199997M","47.15M","47.05M","47.0M","46.9M","46.800003M","46.699997M","46.65M","46.6M","46.449997M","46.25M","45.9M","45.7M","45.5M","45.35M","45.35M","45.2M","45.15M","45.0M","44.8M","44.65M","44.3M","43.85M","43.65M","43.0M","43.0M","42.75M","42.75M","42.7M","42.6M","42.550003M","42.4M","42.300003M","42.199997M","42.15M","42.05M","21.949999M","41.85M","21.5M","41.45M","41.050003M","41.0M","40.800003M","40.7M"],"nokList":[]}