{"server":1618,"total":5631.2983,"average":58.65936,"cpValues":[],"cpList":["97.1M","74.4M","72.7M","71.6M","6A.6M","67.8M","67M","66.1M","65.7M","65.1M","65.1M","64.7M","64.5M","64.5M","64.1M","64M","64M","63.9M","63.4M","62.4M","62.3M","62M","61.7M","61.7M","61.5M","61.5M","61.3M","60.9M","60.8M","60.7M","60.5M","60.5M","60.4M","60.2M","60.1M","60M","59.9M","59.9M","59.3M","59.2M","59.2M","59.2M","58.8M","58.6M","58.4M","58.2M","5AM","57.8M","57.7M","57.7M","57.6M","57.6M","57M","56.9M","56.9M","56.7M","56.5M","56.4M","56.4M","56.3M","56.3M","56.2M","56.1M","56M","54.9M","54.8M","54.8M","54.7M","54.6M","54.5M","54.5M","54.5M","54.5M","54.5M","54.3M","54.1M","53.9M","53.9M","53.9M","53.8M","53.6M","53.5M","53.5M","53.4M","53.3M","53.2M","53.1M","53.1M","53M","53M","52.6M","52.6M","52.6M","52.5M","52.5M","52.3M","52.3M","52.3M","52.2M","52.1M"],"okList":["97.1M","84.899994M","73.0M","69.7M","66.95M","66.35M","65.6M","65.399994M","64.899994M","64.8M","64.6M","64.3M","64.25M","64.05M","63.95M","63.7M","63.15M","62.85M","62.2M","62.0M","61.85M","61.6M","61.6M","61.4M","61.2M","61.05M","60.800003M","60.65M","60.6M","60.45M","60.35M","60.25M","60.1M","60.0M","59.95M","59.6M","59.550003M","59.25M","59.2M","59.0M","58.9M","58.6M","58.4M","58.0M","57.75M","57.65M","57.65M","57.3M","57.25M","56.95M","56.800003M","56.7M","56.550003M","56.45M","56.35M","56.35M","56.25M","56.199997M","56.1M","55.5M","55.4M","54.85M","54.75M","54.699997M","54.6M","54.55M","54.5M","54.5M","54.5M","54.4M","54.3M","54.1M","54.0M","53.9M","53.85M","53.75M","53.65M","53.55M","53.45M","53.4M","53.300003M","53.199997M","53.15M","53.05M","53.05M","52.8M","52.8M","52.6M","52.55M","52.55M","52.4M","52.4M","52.3M","52.25M","52.199997M","52.1M"],"nokList":["71.6M","67.8M","58.2M","57.8M"]}