{"time":1755517934774,"server":1622,"cpList":["86.1M","84.5M","80.1M","75M","74.9M","73.5M","72.5M","72.3M","72M","71.7M","69.5M","69.2M","68M","67.7M","67.6M","66.4M","66.1M","66.1M","65.8M","65.1M","64.9M","64.7M","64.5M","64.3M","64.3M","63.9M","63M","62.4M","61.9M","61.9M","61M","61M","60.5M","60.5M","60.4M","60.4M","60M","59.9M","59.3M","59M","59M","59M","58.9M","58.6M","58.3M","58.3M","58.2M","58.1M","56.5M","56.1M","56M","55.8M","55.7M","55.3M","54.8M","54.7M","54.6M","54.4M","54M","53.8M","53.8M","53.8M","53.6M","53.6M","53.6M","53.4M","52.8M","52.8M","52.3M","52.2M","52.2M","52.1M","52.1M","52M","51.7M","51.6M","51.5M","51.5M","51.2M","51.2M","51.1M","57M","50.9M","50.8M","50.8M","50.7M","50.2M","50M","50M","49.9M","49.7M","49.6M","49.5M","49.4M","49.1M","49M","49M","48.8M","48.8M","48.7M"],"okList":["86.1M","84.5M","80.1M","75.0M","74.9M","73.5M","72.5M","72.3M","72.0M","71.7M","69.5M","69.2M","68.0M","67.7M","67.6M","66.4M","66.1M","66.1M","65.8M","65.1M","64.9M","64.7M","64.5M","64.3M","64.3M","63.9M","63.0M","62.4M","61.9M","61.9M","61.0M","61.0M","60.5M","60.5M","60.4M","60.4M","60.0M","59.9M","59.3M","59.0M","59.0M","59.0M","58.9M","58.6M","58.3M","58.3M","58.2M","58.1M","56.5M","56.1M","56.0M","55.8M","55.7M","55.3M","54.8M","54.7M","54.6M","54.4M","54.0M","53.8M","53.8M","53.8M","53.6M","53.6M","53.6M","53.4M","52.8M","52.8M","52.3M","52.2M","52.2M","52.1M","52.1M","52.0M","51.7M","51.6M","51.5M","0.515M","0.00512M","5.1200000000000004E-5M","5.110000000000001E-7M","5.6999999999999994E-8M","5.0900000000000004E-9M","5.080000000000001E-9M","5.080000000000001E-9M","5.07E-9M","5.0200000000000004E-9M","5.0E-9M","5.0E-9M","4.989999999999999E-9M","4.970000000000001E-9M","4.96E-9M","4.949999999999999E-9M","4.940000000000001E-9M","4.910000000000001E-9M","4.9E-9M","4.9E-9M","4.8800000000000005E-9M","4.8800000000000005E-9M","4.870000000000001E-9M"],"nokList":[]}