{"server":1626,"total":4384.651,"average":44.741337,"cpValues":[],"cpList":["68.3M","63.9M","62.7M","60.3M","58.5M","56.8M","56.6M","56.1M","55.9M","53.5M","53.5M","53.4M","52.2M","51.9M","51.8M","51.5M","50.9M","50.9M","50.8M","50.8M","50.6M","50M","49.6M","49.5M","49.3M","49.2M","49.2M","49M","49M","48.8M","48.7M","48.7M","48.6M","48.3M","48M","47.9M","47.4M","46.7M","46.5M","46.3M","46.1M","45.8M","45.6M","45.3M","44.9M","44.8M","44.3M","44.3M","44.1M","43.8M","43.3M","43M","42.5M","42.4M","41.8M","41.5M","41.4M","41.1M","40.9M","40.6M","40.5M","40.5M","40.3M","40M","39.9M","39.6M","39.5M","39.4M","39.2M","38.9M","38.9M","38.8M","38.7M","38.7M","38.7M","38.5M","38.4M","38.4M","38.3M","38.2M","38.1M","37.8M","37.4M","37.3M","37.2M","37.1M","36.7M","36.5M","36.3M","A6.1M","35.9M","35.8M","35.5M","35.4M","35.4M","35.2M","35M","34.7M","34.4M","34.4M"],"okList":["68.3M","65.5M","62.1M","60.6M","58.55M","57.55M","56.449997M","56.25M","54.8M","54.7M","53.45M","52.85M","52.65M","52.0M","51.7M","51.35M","51.2M","50.85M","50.85M","50.699997M","50.4M","50.1M","49.75M","49.449997M","49.35M","49.25M","49.1M","49.1M","48.9M","48.85M","48.75M","48.65M","48.5M","48.3M","48.1M","47.7M","47.300003M","46.95M","46.5M","46.3M","46.05M","45.85M","45.55M","45.25M","45.05M","44.6M","44.55M","44.199997M","44.05M","43.699997M","43.4M","42.9M","42.7M","42.15M","41.95M","41.6M","41.3M","41.15M","40.85M","40.7M","40.55M","40.4M","40.25M","40.1M","39.8M","39.7M","39.5M","39.35M","39.15M","39.050003M","38.85M","38.800003M","38.75M","38.7M","38.6M","38.550003M","38.45M","38.35M","38.300003M","38.199997M","38.0M","37.75M","37.55M","37.300003M","37.199997M","36.95M","36.8M","36.5M","36.1M","35.7M","35.6M","35.45M","35.300003M","35.2M","34.95M","34.7M","34.550003M","34.4M"],"nokList":["36.3M","35.9M"]}