{"time":1755509957086,"server":164,"cpList":["118M","108M","100M","96.7M","95.6M","91.9M","90.4M","89.8M","89.5M","89.5M","88.3M","85.5M","85.3M","83.9M","83.7M","82.9M","82.6M","80.8M","80.6M","79.5M","78.9M","78.8M","78.6M","77.9M","77.8M","77.3M","76M","75.8M","75.6M","75.3M","74.4M","742M","74M","73.4M","72.8M","72.5M","72.5M","72.5M","72.1M","71.8M","71.7M","71.6M","77M","70.7M","69.7M","69.6M","68.8M","68.2M","67.1M","67M","66.7M","66.5M","66.5M","66.4M","66.2M","65.6M","642M","64.1M","64M","63.3M","63.2M","63M","62.4M","62.4M","62M","61.8M","61.7M","61.6M","61.4M","61.4M","60.9M","60.8M","60.8M","60.7M","60.7M","60.6M","60.5M","60.3M","59.7M","59.6M","59.2M","59.1M","58.9M","58.6M","58.5M","58.4M","58.4M","58.3M","58.1M","58M","58M","57.7M","57.5M","57.5M","57.4M","57.2M","57.2M","56.9M","567M","56.5M"],"okList":["118.0M","108.0M","100.0M","96.7M","95.6M","91.9M","90.4M","89.8M","89.5M","89.5M","88.3M","85.5M","85.3M","83.9M","83.7M","82.9M","82.6M","80.8M","80.6M","79.5M","78.9M","78.8M","78.6M","77.9M","77.8M","77.3M","76.0M","0.758M","0.007559999999999999M","7.53E-5M","7.440000000000001E-6M","1.4199999999999997E-7M","7.400000000000001E-8M","7.340000000000001E-9M","7.28E-9M","7.25E-9M","7.25E-9M","7.25E-9M","7.21E-9M","7.18E-9M","7.170000000000001E-9M","7.159999999999999E-9M","7.700000000000001E-9M","7.070000000000001E-9M","6.97E-9M","6.96E-9M","6.879999999999999E-9M","6.82E-9M","6.709999999999999E-9M","6.7000000000000004E-9M","6.670000000000001E-9M","6.65E-9M","6.65E-9M","6.64E-9M","6.62E-9M","6.56E-9M","6.419999999999999E-8M","6.409999999999999E-9M","6.4E-9M","6.3299999999999994E-9M","6.3200000000000005E-9M","6.3E-9M","6.24E-9M","6.24E-9M","6.2E-9M","6.18E-9M","6.17E-9M","6.159999999999999E-9M","6.14E-9M","6.14E-9M","6.09E-9M","6.08E-9M","6.08E-9M","6.07E-9M","6.07E-9M","6.06E-9M","6.05E-9M","6.03E-9M","5.97E-9M","5.96E-9M","5.920000000000001E-9M","5.91E-9M","5.89E-9M","5.86E-9M","5.8499999999999994E-9M","5.84E-9M","5.84E-9M","5.83E-9M","5.8099999999999996E-9M","5.8E-9M","5.8E-9M","5.7700000000000005E-9M","5.75E-9M","5.75E-9M","5.74E-9M","5.72E-9M","5.72E-9M","5.69E-9M","5.67E-8M","5.65E-9M"],"nokList":[]}