{"time":1755517987780,"server":1640,"cpList":["770M","99.3M","91.7M","91.1M","89.5M","86.4M","86.3M","85.6M","83.4M","83.4M","83.1M","82.9M","82M","81.7M","79.9M","78.7M","78.7M","77.3M","76.4M","76.4M","75.8M","75.2M","746M","74.4M","74.3M","742M","74M","72.9M","72.1M","77M","70.6M","70.2M","69.9M","69.7M","69.6M","69.4M","69.3M","69M","69M","69M","68.1M","67.9M","67.8M","67.6M","67.5M","67.4M","67.3M","67.3M","66.3M","66.3M","66.3M","66.1M","65.4M","65.4M","65.2M","65M","65M","64.9M","64.9M","64.9M","64.8M","64.7M","64.7M","64.4M","642M","642M","64.1M","64M","63.6M","63.4M","63.3M","63.2M","63.2M","62.9M","62.6M","62.5M","62.5M","62.3M","62.1M","61.9M","61.8M","61.6M","61.5M","61.3M","61.3M","612M","61.1M","61.1M","60.9M","60.8M","60.6M","60.6M","60.4M","60.3M","60.1M","60.1M","59.9M","59.8M","59.7M","59.7M"],"okList":["170.0M","99.3M","91.7M","91.1M","89.5M","86.4M","86.3M","85.6M","83.4M","83.4M","83.1M","82.9M","82.0M","81.7M","79.9M","78.7M","78.7M","77.3M","0.764M","0.00764M","7.58E-5M","7.520000000000001E-6M","1.4599999999999998E-7M","7.44E-8M","7.43E-9M","1.4199999999999998E-8M","7.400000000000001E-9M","7.290000000000001E-9M","7.21E-9M","7.700000000000001E-9M","7.06E-9M","7.020000000000001E-9M","6.99E-9M","6.97E-9M","6.96E-9M","6.9400000000000004E-9M","6.929999999999999E-9M","6.9E-9M","6.9E-9M","6.9E-9M","6.8099999999999994E-9M","6.790000000000001E-9M","6.779999999999999E-9M","6.759999999999999E-9M","6.750000000000001E-9M","6.74E-9M","6.73E-9M","6.73E-9M","6.63E-9M","6.63E-9M","6.63E-9M","6.609999999999999E-9M","6.54E-9M","6.54E-9M","6.5200000000000015E-9M","6.500000000000001E-9M","6.500000000000001E-9M","6.4900000000000005E-9M","6.4900000000000005E-9M","6.4900000000000005E-9M","6.48E-9M","6.47E-9M","6.47E-9M","6.440000000000001E-9M","6.419999999999999E-8M","6.419999999999999E-8M","6.409999999999999E-9M","6.4E-9M","6.36E-9M","6.34E-9M","6.3299999999999994E-9M","6.3200000000000005E-9M","6.3200000000000005E-9M","6.290000000000001E-9M","6.26E-9M","6.2500000000000005E-9M","6.2500000000000005E-9M","6.23E-9M","6.210000000000001E-9M","6.19E-9M","6.18E-9M","6.159999999999999E-9M","6.1500000000000005E-9M","6.13E-9M","6.13E-9M","6.119999999999999E-8M","6.11E-9M","6.11E-9M","6.09E-9M","6.08E-9M","6.06E-9M","6.06E-9M","6.040000000000001E-9M","6.03E-9M","6.01E-9M","6.01E-9M","5.99E-9M","5.9800000000000004E-9M","5.97E-9M","5.97E-9M"],"nokList":[]}