{"server":1640,"total":6635.85,"average":69.123436,"cpValues":[],"cpList":["110M","104M","29.3M","21.7M","89.5M","85.2M","83.9M","83.4M","83.3M","83.1M","82.8M","82.2M","82M","81.6M","78.9M","7A.6M","78.5M","78.4M","7AM","77.3M","77.2M","77M","76.8M","75.7M","75.2M","74.3M","74M","74M","73.9M","73.8M","73.4M","73.2M","72.9M","72.2M","72.1M","71.5M","71.1M","71M","70.7M","70.6M","70.2M","69.7M","69.5M","69.3M","69.2M","69M","68.1M","67.9M","67.6M","67.3M","67.3M","67.2M","67.2M","66.9M","66.9M","66.3M","66.3M","66.1M","65.7M","65.7M","65.6M","65.6M","65.4M","65.4M","65.3M","65.2M","65M","64.9M","64.8M","64.7M","64.7M","64.6M","64.5M","64.5M","64.4M","64.4M","64.2M","64.2M","64.2M","63.7M","63.5M","63.5M","63.4M","63.4M","63.3M","63.3M","63.2M","63.1M","62.9M","62.8M","62.7M","62.6M","62.5M","62.5M","62.5M","62.4M","62.3M","62.2M","62.1M","62.1M"],"okList":["110.0M","69.65M","62.85M","59.4M","53.449997M","86.7M","84.3M","83.600006M","83.25M","83.05M","82.649994M","82.4M","81.899994M","80.45M","78.7M","77.850006M","77.15M","77.0M","76.35M","76.0M","75.0M","74.6M","74.15M","73.95M","73.9M","73.65M","73.5M","73.15M","72.7M","72.5M","71.85M","71.6M","71.25M","70.899994M","70.8M","70.45M","70.149994M","69.85M","69.5M","69.35M","69.15M","68.649994M","68.45M","67.85M","67.600006M","67.45M","67.25M","67.25M","67.05M","67.05M","66.600006M","66.600006M","66.2M","66.0M","65.899994M","65.649994M","65.649994M","65.5M","65.5M","65.350006M","65.3M","65.15M","65.05M","64.9M","64.8M","64.75M","64.649994M","64.6M","64.55M","64.45M","64.45M","64.3M","64.3M","64.2M","63.949997M","63.85M","63.6M","63.45M","63.45M","63.35M","63.35M","63.25M","63.199997M","63.050003M","62.949997M","62.800003M","62.699997M","62.6M","62.55M","62.5M","62.45M","62.4M","62.300003M","62.199997M","62.15M","62.1M"],"nokList":["78.9M","78.5M","78.4M","77.3M"]}