{"time":1756249532630,"server":1640,"cpList":["MTM","99.3M","91.7M","912M","89.5M","86.4M","86.4M","85.6M","83.6M","83.4M","83.1M","83M","82M","79.9M","78.8M","78.7M","77.3M","76.9M","76.4M","75.7M","75.2M","74.6M","74.3M","74.2M","74M","72.9M","72.1M","71M","70.6M","70.2M","70M","69.7M","69.4M","69.3M","69.2M","69M","68.7M","68.2M","68.1M","67.9M","67.6M","67.6M","67.3M","67.3M","67.3M","66.3M","66.3M","66.3M","66.1M","65.4M","65.4M","65.2M","65M","65M","65M","64.9M","64.9M","64.8M","64.7M","64.7M","64.4M","64.2M","64.2M","64.2M","64.1M","64M","63.4M","63.4M","63.3M","63.2M","62.9M","62.7M","62.6M","62.5M","62.1M","61.9M","61.8M","61.6M","61.5M","61.3M","61.3M","612M","61.1M","61.1M","60.9M","60.8M","60.7M","60.6M","60.4M","60.3M","60.1M","60.1M","60M","59.9M","59.8M","59.8M","59.7M","59.7M","597M","59.5M"],"okList":["7.0M","9.93M","9.17M","9.120000000000001M","8.95M","8.64M","8.64M","8.559999999999999M","8.36M","8.34M","8.309999999999999M","8.3M","8.2M","7.99M","7.88M","7.87M","7.7299999999999995M","7.69M","7.640000000000001M","7.57M","7.5200000000000005M","7.459999999999999M","7.43M","7.42M","7.4M","7.290000000000001M","7.209999999999999M","7.1M","7.06M","7.0200000000000005M","7.0M","6.970000000000001M","6.94M","6.93M","6.92M","6.9M","6.87M","6.82M","6.81M","6.790000000000001M","6.76M","6.76M","6.7299999999999995M","6.7299999999999995M","6.7299999999999995M","6.63M","6.63M","6.63M","6.609999999999999M","6.540000000000001M","6.540000000000001M","6.5200000000000005M","6.5M","6.5M","6.5M","6.49M","6.49M","6.4799999999999995M","6.470000000000001M","6.470000000000001M","6.44M","6.42M","6.42M","6.42M","6.409999999999999M","6.4M","6.34M","6.34M","6.33M","6.32M","6.29M","6.2700000000000005M","6.26M","6.25M","6.21M","6.1899999999999995M","6.18M","6.16M","6.15M","6.13M","6.13M","6.12M","6.11M","6.11M","6.09M","6.08M","6.07M","6.0600000000000005M","6.04M","6.029999999999999M","6.01M","6.01M","6.0M","5.99M","5.9799999999999995M","5.9799999999999995M","5.970000000000001M","5.970000000000001M","5.970000000000001M","5.95M"],"nokList":[]}