{"server":1642,"total":5711.35,"average":60.759045,"cpValues":[],"cpList":["20.4M","89.2M","81.7M","79M","73.9M","73.3M","72.8M","71.1M","70.5M","70.4M","70.4M","68.9M","68.9M","68.7M","68.7M","6A.6M","66.2M","66.1M","6M","65.5M","65.4M","65M","64.6M","64.5M","64.4M","64.3M","64.2M","64.1M","64.1M","63.8M","63.1M","63M","63M","62.9M","62.8M","62.6M","62.5M","61.8M","61.6M","61.6M","61.2M","61.2M","61.2M","61.2M","61.1M","60.9M","60.9M","60.9M","60.6M","60.6M","60.6M","60.5M","60.5M","60.4M","60.4M","60.3M","60.3M","60M","60M","59.9M","59.8M","59.6M","59.6M","59.3M","59.3M","59M","58.9M","58.8M","58.8M","58.7M","58.6M","58.6M","58.4M","58.3M","58.3M","58.3M","58.2M","58.2M","58.2M","58.1M","5AM","5AM","57.8M","57.5M","57.5M","57.2M","57.2M","57.2M","57M","56.9M","56.7M","56.6M","56.5M","56.5M","56.4M","56M","55.9M","55.9M","55.8M","55.7M"],"okList":["20.4M","51.05M","84.1M","77.8M","76.15M","73.350006M","72.2M","71.65M","70.75M","70.45M","69.65M","69.65M","68.8M","68.8M","67.45M","36.1M","65.8M","35.7M","65.25M","65.0M","64.75M","64.5M","64.4M","64.3M","64.2M","64.149994M","63.949997M","63.6M","63.4M","63.05M","62.95M","62.9M","62.75M","62.65M","62.199997M","62.05M","61.699997M","61.4M","61.4M","61.2M","61.2M","61.15M","61.050003M","61.0M","60.9M","60.75M","60.75M","60.6M","60.55M","60.55M","60.45M","60.45M","60.35M","60.35M","60.15M","60.15M","59.95M","59.9M","59.75M","59.699997M","59.449997M","59.449997M","59.15M","59.1M","58.9M","58.85M","58.75M","58.699997M","58.65M","58.5M","58.449997M","58.35M","58.3M","58.25M","58.25M","58.2M","58.15M","57.65M","57.35M","57.35M","57.2M","57.1M","57.050003M","56.85M","56.75M","56.6M","56.55M","56.45M","56.25M","56.15M","55.95M","55.85M","55.800003M","55.7M"],"nokList":["68.7M","66.2M","58.1M","5AM","5AM","57.8M"]}