{"time":1755518040766,"server":1643,"cpList":["91.7M","88.4M","82.1M","81.8M","80.8M","78.8M","77.4M","77.4M","76.4M","762M","75.9M","75.5M","74.8M","73.7M","73.6M","73.5M","73.5M","73.4M","72.8M","72.6M","72.3M","72.2M","70.9M","70.8M","70.7M","70.7M","70.5M","70.3M","70.2M","70.1M","69.8M","69.3M","68.9M","68.9M","68.2M","68.2M","67.9M","67.4M","67M","66.8M","66.7M","66.6M","66.6M","66.6M","66.5M","66.3M","66.1M","66.1M","66.1M","66M","66M","66M","65.8M","65.7M","65.5M","65.1M","65.1M","65.1M","65M","65M","65M","64.9M","646M","646M","646M","646M","64.5M","64.3M","642M","64.1M","64M","63.9M","63.9M","63.8M","63.7M","63.6M","63.4M","63.3M","63.3M","63.3M","63.3M","63.3M","63.2M","63.2M","62.9M","62.8M","62.7M","62.6M","62.6M","62.5M","62.4M","62.4M","62.4M","62.3M","62.3M","62.3M","62.2M","62.2M","62.1M","62.1M"],"okList":["91.7M","88.4M","82.1M","81.8M","80.8M","78.8M","77.4M","0.774M","0.00764M","1.62E-5M","7.590000000000001E-8M","7.550000000000001E-9M","7.48E-9M","7.37E-9M","7.36E-9M","7.35E-9M","7.35E-9M","7.340000000000001E-9M","7.28E-9M","7.26E-9M","7.23E-9M","7.2199999999999995E-9M","7.09E-9M","7.08E-9M","7.070000000000001E-9M","7.070000000000001E-9M","7.0499999999999994E-9M","7.03E-9M","7.020000000000001E-9M","7.0099999999999996E-9M","6.9799999999999995E-9M","6.929999999999999E-9M","6.890000000000001E-9M","6.890000000000001E-9M","6.82E-9M","6.82E-9M","6.790000000000001E-9M","6.74E-9M","6.7000000000000004E-9M","6.68E-9M","6.670000000000001E-9M","6.66E-9M","6.66E-9M","6.66E-9M","6.65E-9M","6.63E-9M","6.609999999999999E-9M","6.609999999999999E-9M","6.609999999999999E-9M","6.6E-9M","6.6E-9M","6.6E-9M","6.579999999999999E-9M","6.57E-9M","6.550000000000001E-9M","6.51E-9M","6.51E-9M","6.51E-9M","6.500000000000001E-9M","6.500000000000001E-9M","6.500000000000001E-9M","6.4900000000000005E-9M","6.460000000000001E-8M","6.460000000000001E-8M","6.460000000000001E-8M","6.460000000000001E-8M","6.45E-9M","6.43E-9M","6.419999999999999E-8M","6.409999999999999E-9M","6.4E-9M","6.39E-9M","6.39E-9M","6.380000000000001E-9M","6.37E-9M","6.36E-9M","6.34E-9M","6.3299999999999994E-9M","6.3299999999999994E-9M","6.3299999999999994E-9M","6.3299999999999994E-9M","6.3299999999999994E-9M","6.3200000000000005E-9M","6.3200000000000005E-9M","6.290000000000001E-9M","6.28E-9M","6.270000000000001E-9M","6.26E-9M","6.26E-9M","6.2500000000000005E-9M","6.24E-9M","6.24E-9M","6.24E-9M","6.23E-9M","6.23E-9M","6.23E-9M","6.22E-9M","6.22E-9M","6.210000000000001E-9M","6.210000000000001E-9M"],"nokList":[]}