{"server":1643,"total":6297.649,"average":66.99626,"cpValues":[],"cpList":["23.8M","20.5M","20.2M","83.3M","82.8M","80.1M","79.5M","79.1M","79.1M","78.7M","7A.6M","7A.6M","78.4M","77.5M","76.9M","76.5M","76.5M","76M","75.8M","74.9M","73.9M","73.7M","73.6M","73.4M","73.3M","72.8M","72.6M","72.3M","72.2M","71.9M","71.8M","71M","70.7M","70.7M","70.6M","70M","70M","70M","69.8M","69.7M","69.3M","68.8M","6A.6M","68.5M","68.5M","68.5M","68.4M","68.4M","68.2M","68.2M","68.2M","68.2M","68.2M","67.9M","67.6M","67.6M","67.6M","67.2M","66.7M","66.6M","66.3M","66.1M","65.8M","65.3M","65.3M","65.2M","65.1M","65.1M","65M","65M","64.7M","64.6M","64.5M","64.5M","64M","64M","63.9M","63.8M","63.8M","63.7M","63.5M","63.4M","63.4M","63.3M","63.3M","63.3M","63.2M","63.2M","63.1M","62.9M","62.9M","62.9M","62.8M","62.8M","62.8M","62.8M","62.6M","62.6M","62.6M","62.5M"],"okList":["23.8M","22.0M","51.9M","51.5M","81.7M","81.15M","79.6M","79.3M","78.899994M","77.65M","77.0M","76.7M","76.25M","76.15M","75.45M","74.850006M","74.3M","73.75M","73.55M","73.45M","73.100006M","72.95M","72.55M","72.399994M","72.100006M","72.0M","71.45M","71.25M","70.85M","70.649994M","70.35M","70.3M","70.0M","69.9M","69.85M","69.55M","69.25M","68.65M","68.5M","68.45M","68.45M","68.3M","68.3M","68.2M","68.2M","68.2M","68.05M","67.899994M","67.75M","67.6M","67.399994M","67.149994M","66.899994M","66.5M","66.35M","66.05M","65.7M","65.55M","65.25M","65.2M","65.149994M","65.05M","65.05M","64.85M","64.8M","64.6M","64.55M","64.25M","64.25M","63.95M","63.9M","63.85M","63.75M","63.65M","63.550003M","63.45M","63.35M","63.35M","63.3M","63.25M","63.25M","63.15M","63.050003M","63.0M","62.9M","62.85M","62.85M","62.8M","62.8M","62.699997M","62.699997M","62.6M","62.55M","62.5M"],"nokList":["78.7M","7A.6M","7A.6M","78.4M","68.8M","68.5M"]}