{"server":1661,"total":4012.551,"average":42.686714,"cpValues":[],"cpList":["60.9M","60.6M","60.4M","60.4M","60.3M","59.9M","58.7M","57.3M","57M","56.2M","56.2M","55.7M","55.1M","54.4M","53.7M","52.6M","52M","51.5M","51.1M","49.4M","49.4M","47.M","47.4M","47.2M","47.2M","46.7M","46.4M","46.4M","46M","45.2M","45M","44.4M","43.9M","43.4M","43.1M","42.4M","42.4M","42.3M","42.3M","41.5M","41.4M","41.1M","40.9M","40.7M","40.7M","40.7M","40.5M","40.5M","40.2M","40.2M","39.7M","39.5M","39.5M","39.5M","39.4M","38.9M","38.7M","38.7M","38.2M","37.5M","37.5M","37.2M","37.2M","37.1M","37.1M","37M","A6.9M","36.8M","36.7M","A6.6M","36.5M","36.5M","36.4M","36.3M","36.3M","A6M","35.8M","35.5M","35.4M","35.4M","35.3M","35.2M","35.2M","35M","34.9M","34.8M","34.6M","34.5M","34.4M","34.2M","34.2M","34M","33.7M","33.5M","33.4M","33.1M","33.1M","33M","33M","32.7M"],"okList":["60.9M","60.65M","60.5M","60.35M","60.15M","59.5M","58.6M","57.85M","56.75M","56.6M","55.95M","55.65M","55.050003M","54.4M","53.5M","52.85M","52.05M","51.55M","50.45M","50.25M","48.2M","48.4M","47.1M","47.300003M","46.95M","46.800003M","46.550003M","46.2M","45.800003M","45.5M","44.800003M","44.45M","43.9M","43.5M","42.9M","42.75M","42.35M","42.35M","41.9M","41.85M","41.3M","41.15M","40.9M","40.800003M","40.7M","40.6M","40.6M","40.35M","40.35M","39.95M","39.85M","39.6M","39.5M","39.45M","39.2M","39.050003M","38.800003M","38.45M","38.1M","37.85M","37.35M","37.35M","37.15M","37.15M","37.05M","36.9M","36.6M","36.45M","36.4M","36.35M","36.05M","35.6M","35.45M","35.35M","35.300003M","35.25M","35.1M","35.050003M","34.9M","34.75M","34.65M","34.5M","34.35M","34.300003M","34.1M","33.95M","33.75M","33.550003M","33.3M","33.25M","33.05M","33.05M","32.85M","32.7M"],"nokList":["37M","36.8M","36.7M","36.5M","36.3M","35.8M"]}