{"server":1663,"total":3400.4497,"average":36.174995,"cpValues":[],"cpList":["5AM","55.4M","54.4M","52.9M","51.9M","51M","50.4M","49.3M","48.6M","48.3M","47.M","47.2M","47.2M","45.9M","45.9M","45.8M","45.4M","45M","44.9M","44.7M","44.1M","43.9M","43.2M","42M","41.6M","41.2M","40.9M","40.5M","40.4M","39.1M","38.9M","38.9M","38.7M","38.7M","38.3M","78M","37.7M","37.7M","37.6M","37.3M","37.1M","36.4M","36.2M","A6.1M","A6.1M","A6M","35.3M","35.2M","35.2M","35M","35M","34.9M","34.9M","34.5M","34.1M","33.9M","33M","32.9M","32.3M","32.3M","32.2M","32.1M","31.7M","31.5M","31M","30.9M","30.8M","30.6M","30M","29.7M","29.1M","29.7M","28.5M","28.4M","28.2M","28M","27.9M","27.5M","27.4M","27.2M","27.2M","27.2M","27.2M","27.1M","27M","26.9M","26.9M","26.9M","26.7M","26.6M","26.5M","26.3M","26.2M","25.7M","25.9M","25.8M","25.7M","25.5M","25.5M","25.5M"],"okList":["58.0M","54.15M","53.15M","51.95M","51.15M","50.15M","49.5M","48.8M","47.8M","47.75M","47.2M","46.550003M","46.550003M","45.85M","45.65M","45.4M","45.15M","44.85M","44.5M","44.300003M","43.65M","42.95M","42.4M","41.6M","41.25M","40.85M","40.65M","39.8M","39.65M","39.0M","38.800003M","38.800003M","38.5M","58.35M","38.0M","57.85M","37.65M","37.5M","37.35M","36.85M","36.65M","35.25M","35.1M","35.1M","34.95M","34.95M","34.7M","34.5M","34.2M","33.55M","33.4M","32.65M","32.6M","32.25M","32.199997M","31.95M","31.8M","31.35M","31.2M","30.9M","30.75M","30.4M","30.150002M","29.55M","29.7M","28.8M","29.05M","28.35M","28.2M","28.05M","27.75M","27.65M","27.35M","27.3M","27.2M","27.2M","27.150002M","27.1M","27.0M","26.95M","26.9M","26.8M","26.75M","26.6M","26.45M","26.35M","26.0M","26.05M","25.75M","25.8M","25.65M","25.6M","25.5M","25.5M"],"nokList":["55.4M","36.2M","A6.1M","A6.1M","A6M","35.3M"]}