{"server":1664,"total":4141.2007,"average":45.01305,"cpValues":[],"cpList":["70.3M","65.9M","64.8M","61.1M","60.3M","59.9M","59.6M","59M","58.3M","5AM","54.9M","54.9M","54.2M","53.7M","53.5M","53.2M","52.8M","52.5M","52.4M","51.1M","50.8M","50.6M","50.4M","50.2M","50.2M","49.9M","49.9M","49.2M","49.1M","49M","48.8M","48.6M","48.4M","48.3M","48.3M","47.9M","47.5M","47.5M","47.4M","47.2M","46.4M","45.8M","45.3M","44.5M","44.3M","43.5M","43.4M","43.3M","43.1M","43M","42.7M","42.7M","42.1M","41.8M","41.6M","41.6M","41.6M","41.5M","41.5M","41.4M","41.1M","40.8M","40.6M","40.2M","40M","39.8M","39.6M","38.8M","AA.6M","38.5M","38.4M","38.3M","38.2M","38.1M","37.9M","37.9M","37.9M","37.8M","37.8M","37.5M","37.4M","37M","36.2M","36.2M","A6M","A6M","35.9M","35.7M","35.3M","35.3M","35.3M","35.2M","34.9M","34.9M","34.8M","34.8M","34.0","34.4M","34.1M","33.8M"],"okList":["70.3M","67.55M","63.5M","62.550003M","60.5M","59.949997M","59.45M","58.949997M","56.6M","54.550003M","54.300003M","53.85M","53.45M","53.15M","52.85M","52.6M","51.8M","51.6M","50.85M","50.6M","50.4M","50.300003M","50.050003M","50.050003M","49.550003M","49.5M","49.1M","48.949997M","48.8M","48.6M","48.449997M","48.35M","48.1M","47.9M","47.7M","47.45M","47.35M","46.9M","46.5M","45.85M","45.15M","44.8M","44.0M","43.85M","43.4M","43.25M","43.15M","42.9M","42.85M","42.4M","42.25M","41.85M","41.699997M","41.6M","41.55M","41.55M","41.45M","41.3M","41.1M","40.85M","40.5M","40.3M","40.0M","39.8M","39.3M","38.65M","38.4M","38.300003M","38.199997M","38.050003M","38.0M","37.9M","37.85M","37.85M","37.65M","37.6M","37.25M","36.800003M","36.6M","35.6M","35.5M","35.3M","35.25M","35.1M","35.050003M","34.85M","34.85M","34.4M","34.6M","34.05M","34.1M","33.8M"],"nokList":["58.3M","54.9M","38.8M","38.5M","36.2M","A6M","A6M","35.9M"]}