{"server":1666,"total":3817.3496,"average":39.764057,"cpValues":[],"cpList":["81.5M","74.9M","64.7M","64.6M","64.1M","61.8M","59.8M","58.5M","5AM","57.7M","56.6M","55.9M","54.6M","54.1M","53.3M","52.9M","52.2M","52M","51.8M","51.7M","51.2M","51M","50.2M","50M","49.3M","47.M","45.4M","45.4M","45.3M","45.3M","45.1M","45.1M","45M","44.7M","44.6M","44.5M","43.9M","43.2M","43M","42.6M","42.6M","42.3M","41.8M","40.6M","40.6M","39.8M","39.4M","39M","78M","37.5M","37.4M","37.2M","37.2M","37M","36.8M","36.7M","36.5M","A6.1M","35.8M","35.1M","34.9M","33.5M","33.4M","33.2M","33.1M","32.9M","32.7M","32.6M","32.5M","31.6M","31.3M","30.8M","30.2M","28.9M","28.8M","28.6M","28.5M","28.4M","27.5M","26.3M","25.7M","25.7M","25.7M","25.4M","25.3M","24.7M","24.7M","24.5M","24.2M","23.9M","23.7M","23.7M","23.2M","23.1M","22.4M","21.8M","21.7M","21.6M","21.2M","20.7M"],"okList":["81.5M","73.1M","69.75M","64.399994M","63.199997M","61.949997M","60.15M","58.1M","56.800003M","55.6M","55.0M","53.949997M","53.5M","52.75M","52.45M","52.0M","51.85M","51.5M","51.35M","50.7M","50.5M","49.75M","48.5M","47.35M","46.2M","45.35M","45.35M","45.199997M","45.199997M","45.05M","44.9M","44.8M","44.6M","44.25M","43.85M","43.45M","42.9M","42.8M","42.449997M","42.199997M","41.449997M","41.199997M","40.199997M","40.0M","39.4M","58.7M","38.25M","57.7M","37.35M","37.300003M","37.1M","37.0M","36.85M","36.65M","36.15M","35.35M","34.3M","34.15M","33.35M","33.25M","33.050003M","32.9M","32.75M","32.6M","32.1M","31.9M","31.2M","30.75M","29.849998M","29.5M","28.75M","28.65M","28.5M","28.0M","27.349998M","26.6M","26.0M","25.7M","25.55M","25.5M","25.05M","25.0M","24.6M","24.45M","24.2M","23.95M","23.8M","23.45M","23.400002M","22.8M","22.45M","22.05M","21.7M","21.45M","21.150002M","20.7M"],"nokList":["58.5M","57.7M","36.5M","35.8M"]}