{"time":1755518146808,"server":1668,"cpList":["166M","151M","130M","124M","717M","115M","115M","112M","770M","108M","108M","107M","105M","104M","103M","102M","101M","100M","100M","100M","99.8M","99.3M","98.6M","97.8M","97.2M","97.1M","961M","95.6M","95.5M","95.3M","95M","94.8M","94.5M","94.5M","94.3M","94M","94M","93.1M","92.6M","92.3M","92M","92M","91.7M","91.5M","91.3M","90.7M","90.7M","90.5M","90.4M","90.4M","90.4M","90.3M","90.2M","90M","89.9M","89.7M","89.2M","88.1M","87.7M","87.1M","87M","87M","86.4M","85.9M","85.9M","85.5M","85.2M","84.9M","84.7M","846M","84.5M","84.4M","84.4M","843M","842M","83.9M","83.9M","83.8M","83.5M","83.3M","83.2M","83.2M","83.1M","82.7M","82.6M","82.6M","82M","82M","81.9M","81.8M","81.7M","81.6M","81.5M","81.3M","81.2M","81.2M","80.6M","80.5M","80.4M","80.3M"],"okList":["166.0M","151.0M","130.0M","124.0M","11.7M","0.115M","0.00115M","1.12E-5M","1.7E-6M","1.0800000000000001E-7M","1.0800000000000001E-7M","1.0699999999999999E-7M","1.05E-7M","1.0400000000000002E-7M","1.0300000000000001E-7M","1.0199999999999999E-7M","1.0099999999999998E-7M","1.0000000000000001E-7M","1.0000000000000001E-7M","1.0000000000000001E-7M","9.98E-8M","9.93E-9M","9.860000000000002E-9M","9.78E-9M","9.72E-9M","9.71E-9M","9.61E-8M","9.559999999999998E-9M","9.55E-9M","9.53E-9M","9.499999999999999E-9M","9.479999999999998E-9M","9.45E-9M","9.45E-9M","9.429999999999999E-9M","9.399999999999998E-9M","9.399999999999998E-9M","9.309999999999999E-9M","9.259999999999998E-9M","9.229999999999997E-9M","9.2E-9M","9.2E-9M","9.17E-9M","9.150000000000001E-9M","9.13E-9M","9.07E-9M","9.07E-9M","9.05E-9M","9.039999999999999E-9M","9.039999999999999E-9M","9.039999999999999E-9M","9.03E-9M","9.02E-9M","9.000000000000001E-9M","8.99E-9M","8.970000000000002E-9M","8.920000000000001E-9M","8.809999999999999E-9M","8.77E-9M","8.71E-9M","8.7E-9M","8.7E-9M","8.640000000000002E-9M","8.590000000000001E-9M","8.590000000000001E-9M","8.55E-9M","8.52E-9M","8.49E-9M","8.47E-9M","8.46E-8M","8.45E-9M","8.440000000000001E-9M","8.440000000000001E-9M","8.430000000000001E-8M","8.419999999999999E-8M","8.390000000000003E-9M","8.390000000000003E-9M","8.380000000000001E-9M","8.349999999999999E-9M","8.329999999999999E-9M","8.320000000000001E-9M","8.320000000000001E-9M","8.31E-9M","8.270000000000002E-9M","8.260000000000001E-9M","8.260000000000001E-9M","8.199999999999999E-9M","8.199999999999999E-9M","8.190000000000001E-9M","8.18E-9M","8.170000000000001E-9M","8.159999999999998E-9M","8.149999999999999E-9M","8.13E-9M","8.120000000000001E-9M","8.120000000000001E-9M","8.06E-9M","8.050000000000001E-9M","8.040000000000001E-9M","8.029999999999998E-9M"],"nokList":[]}