{"time":1756249129570,"server":1668,"cpList":["167M","151M","130M","124M","117M","M6M","112M","MTM","1T0M","108M","108M","107M","105M","104M","103M","102M","101M","100M","100M","100M","99.6M","99.6M","98.4M","98M","97.2M","97.1M","96.2M","95.7M","95.7M","95.5M","95.2M","95M","95M","94.8M","94.6M","94.1M","94M","93.4M","93.3M","92.4M","92.1M","92.1M","92M","91.6M","91.3M","90.9M","90.8M","90.8M","90.7M","90.5M","90.5M","90.5M","90.3M","90.3M","90M","90M","89.2M","88.2M","87.8M","87.2M","87.1M","87M","86.6M","86M","86M","85.6M","85.5M","85.4M","85.1M","85M","84.7M","84.6M","84.5M","84.5M","84.3M","84.2M","84.1M","84.1M","83.9M","83.5M","83.4M","83.3M","83.1M","82.8M","82.7M","82.6M","82.2M","82M","82M","81.8M","81.7M","81.6M","81.5M","81.3M","81.2M","80.7M","80.6M","80.5M","80.4M","80.4M"],"okList":["167.0M","151.0M","130.0M","124.0M","117.0M","6.0M","11.2M","7.0M","17.0M","10.8M","10.8M","10.7M","10.5M","10.4M","10.3M","10.2M","10.1M","10.0M","10.0M","10.0M","9.959999999999999M","9.959999999999999M","9.84M","9.8M","9.72M","9.709999999999999M","9.620000000000001M","9.57M","9.57M","9.55M","9.52M","9.5M","9.5M","9.48M","9.459999999999999M","9.41M","9.4M","9.34M","9.33M","9.24M","9.209999999999999M","9.209999999999999M","9.2M","9.16M","9.129999999999999M","9.09M","9.08M","9.08M","9.07M","9.05M","9.05M","9.05M","9.03M","9.03M","9.0M","9.0M","8.92M","8.82M","8.78M","8.72M","8.709999999999999M","8.7M","8.66M","8.6M","8.6M","8.559999999999999M","8.55M","8.540000000000001M","8.51M","8.5M","8.47M","8.459999999999999M","8.45M","8.45M","8.43M","8.42M","8.41M","8.41M","8.39M","8.35M","8.34M","8.33M","8.309999999999999M","8.28M","8.27M","8.26M","8.22M","8.2M","8.2M","8.18M","8.17M","8.16M","8.15M","8.129999999999999M","8.120000000000001M","8.07M","8.059999999999999M","8.05M","8.040000000000001M","8.040000000000001M"],"nokList":[]}