{"server":1668,"total":6589.151,"average":82.36439,"cpValues":[],"cpList":["159M","147M","130M","125M","123M","114M","111M","107M","107M","106M","105M","105M","104M","102M","101M","101M","29.7M","29.3M","29M","97.3M","N6.9M","26.4M","26.1M","25.3M","24M","23.7M","23.4M","23.1M","22.8M","22.5M","N1.9M","N1.9M","N1.2M","N1.1M","20.7M","20.3M","89.9M","89.7M","89.5M","89.3M","89.1M","89.1M","89M","89M","88.8M","A8.6M","A8.6M","88.1M","87.2M","97.1M","86.7M","86.5M","86.2M","85.9M","85.6M","85.4M","85M","84.6M","84.6M","84.6M","84.5M","84.3M","84.2M","84M","83.7M","83.5M","82.8M","82.6M","82.5M","82M","81.2M","81M","80.9M","80.9M","80.9M","80.8M","80.8M","80.6M","80.5M","80.4M","80.2M","80M","80M","79.9M","79.6M","79.6M","79.3M","79.3M","79M","7A.6M","7A.6M","7A.6M","78.6M","78.5M","78.3M","78.2M","78.2M","7AM","77.9M","77.8M"],"okList":["159.0M","144.5M","136.0M","126.5M","119.5M","117.0M","110.5M","109.0M","106.5M","106.0M","105.5M","104.5M","103.5M","102.5M","101.5M","65.35M","65.15M","29.35M","63.300003M","25.849998M","25.05M","24.5M","23.7M","23.400002M","23.099998M","22.8M","55.300003M","55.0M","89.7M","89.5M","89.3M","89.2M","89.05M","89.05M","88.9M","92.6M","86.95M","91.8M","86.45M","86.2M","85.899994M","85.65M","85.3M","85.0M","84.8M","84.6M","84.55M","84.45M","84.35M","84.15M","83.95M","83.75M","83.25M","83.05M","82.65M","82.3M","81.85M","81.5M","81.05M","80.95M","80.9M","80.850006M","80.850006M","80.7M","80.65M","80.5M","80.35M","80.2M","80.1M","79.95M","79.8M","79.75M","79.45M","79.45M","79.15M","78.45M","78.35M","78.25M","78.05M","77.8M"],"nokList":["97.3M","N6.9M","26.4M","22.5M","N1.9M","N1.9M","N1.2M","N1.1M","20.7M","88.8M","A8.6M","A8.6M","88.1M","79M","7A.6M","7A.6M","7A.6M","78.6M","78.2M","77.9M"]}