{"server":1669,"total":5313.0,"average":56.52128,"cpValues":[],"cpList":["81.7M","79.3M","76.8M","75.4M","74.5M","73.8M","70.8M","69.3M","6A.6M","68.2M","67.2M","66.3M","65.9M","64.8M","64.5M","64M","62.9M","62.9M","62.9M","62.7M","62M","61.8M","61.5M","61.3M","61.2M","60.9M","60.8M","60.5M","60.4M","60M","60M","59.2M","58.6M","58.6M","58.2M","58.1M","5AM","5AM","57.7M","57.5M","57.4M","56.9M","56.6M","56.5M","56.5M","56.2M","55.4M","55.4M","55.2M","55.1M","55.1M","55M","55M","54.9M","54.8M","54.2M","54.2M","54.2M","54M","53.7M","53.7M","53.7M","53.5M","53.5M","53M","52.9M","52.9M","52.8M","52.8M","52.6M","52.6M","52.4M","52.2M","51.3M","51.1M","50.9M","50.9M","50.8M","50.6M","50.3M","50.1M","49.7M","49.4M","49.2M","49M","48.7M","48.3M","48.3M","47.9M","47.3M","47.3M","47.2M","46.8M","46.8M","46.7M","46.5M","46.4M","46.1M","46M","45.9M"],"okList":["81.7M","79.25M","77.350006M","75.65M","74.600006M","72.65M","71.55M","68.75M","67.25M","66.55M","65.55M","65.2M","64.4M","63.7M","63.45M","62.9M","62.800003M","62.45M","62.25M","61.75M","61.55M","61.35M","61.1M","61.0M","60.7M","60.6M","60.25M","60.2M","59.6M","59.3M","58.9M","58.4M","58.35M","57.550003M","57.2M","57.0M","56.7M","56.55M","56.35M","55.95M","55.800003M","55.300003M","55.25M","55.15M","55.05M","55.05M","54.95M","54.9M","54.550003M","54.5M","54.2M","54.1M","53.95M","53.85M","53.7M","53.6M","53.6M","53.25M","53.2M","52.95M","52.85M","52.85M","52.699997M","52.699997M","52.5M","52.4M","51.85M","51.65M","51.1M","51.0M","50.85M","50.75M","50.55M","50.35M","50.0M","49.75M","49.45M","49.2M","48.95M","48.65M","48.5M","48.1M","47.8M","47.6M","47.25M","47.05M","47.0M","46.75M","46.65M","46.550003M","46.3M","46.2M","46.0M","45.9M"],"nokList":["69.3M","68.2M","58.1M","5AM","5AM","57.7M"]}