{"server":1671,"total":3891.7502,"average":40.539066,"cpValues":[],"cpList":["59.3M","57M","56M","55M","54.8M","53.7M","53.2M","52.2M","50.9M","50.6M","50M","48.7M","48.7M","48M","47.4M","46.8M","46.7M","46.4M","46.2M","46.1M","45.8M","45.5M","45.5M","45M","44.9M","44.8M","44.7M","44.6M","44.4M","44.3M","44.1M","44M","43.9M","43.7M","43.5M","43.3M","43.3M","42.9M","42.4M","42.3M","42M","42M","41.7M","41.2M","40.6M","40.2M","40.2M","39.9M","39.9M","39.7M","39.4M","39.3M","39.3M","39.1M","38.7M","38.4M","38.2M","37.8M","37.8M","37M","A6.9M","36.7M","36.5M","36.3M","36.2M","A6M","35.8M","35.7M","35.7M","35.5M","34.9M","34.8M","34.7M","34.5M","34.4M","34.2M","33.8M","33.4M","33.4M","33M","33M","33M","32.9M","32.8M","32.6M","32.6M","32.4M","32.3M","32.3M","32.2M","32.1M","32M","31.8M","31.7M","31.5M","31.4M","31.4M","31.2M","31.1M","31M"],"okList":["59.3M","57.65M","56.0M","55.4M","54.35M","54.0M","52.95M","52.050003M","51.4M","50.45M","49.65M","49.35M","48.35M","48.050003M","47.4M","47.050003M","46.6M","46.45M","46.25M","46.0M","45.8M","45.65M","45.25M","45.2M","44.9M","44.800003M","44.699997M","44.550003M","44.449997M","44.25M","44.15M","44.0M","43.85M","43.7M","43.5M","43.4M","43.1M","42.85M","42.6M","42.2M","42.15M","41.85M","41.6M","41.15M","40.7M","40.4M","40.050003M","40.050003M","39.800003M","39.65M","39.5M","39.35M","39.199997M","39.0M","38.75M","38.45M","38.1M","38.0M","37.4M","36.85M","36.5M","36.35M","36.0M","35.75M","35.6M","35.300003M","35.15M","34.800003M","34.65M","34.550003M","34.35M","34.1M","33.800003M","33.6M","33.2M","33.2M","33.0M","32.95M","32.9M","32.75M","32.699997M","32.5M","32.449997M","32.35M","32.25M","32.199997M","32.1M","31.949999M","31.85M","31.65M","31.55M","31.45M","31.3M","31.25M","31.1M","31.0M"],"nokList":["37M","36.7M","36.2M","35.8M"]}