{"server":1676,"total":3345.3494,"average":34.84739,"cpValues":[],"cpList":["62.8M","56.9M","56.6M","55.4M","54.9M","54M","53M","52.3M","52.1M","51.7M","50.8M","50.8M","47.4M","47M","46.9M","44.7M","43.7M","43.7M","42.8M","42.6M","42.3M","41.7M","41M","39M","38.8M","AA.6M","38.2M","37.9M","36.8M","36.5M","A6.1M","35.5M","35.5M","35.1M","34.9M","34.5M","34.4M","34.3M","34.3M","34.3M","34M","33.9M","33.7M","33.7M","33.7M","32.9M","32.7M","32.5M","32.1M","32.1M","31.3M","31.2M","31M","30.9M","30.9M","30.8M","30.6M","30.5M","30.4M","30.3M","30.3M","29.6M","29.6M","29.5M","29.4M","29.3M","29.1M","28.8M","28.8M","28.5M","28.5M","28.5M","28.5M","28.5M","28.4M","28.3M","28.1M","28.1M","27.7M","27.6M","27.3M","27.3M","27M","26.9M","26.5M","26.5M","26.4M","26.4M","26.4M","26.3M","26.3M","26.2M","26.2M","26.2M","26.1M","26.1M","26M","25.9M","25.8M","25.8M"],"okList":["62.8M","59.699997M","56.15M","55.75M","54.7M","53.95M","53.15M","52.55M","52.0M","51.449997M","51.25M","49.1M","48.9M","47.15M","45.85M","45.300003M","44.2M","43.25M","43.15M","42.55M","42.15M","41.65M","40.35M","39.9M","38.5M","37.5M","37.2M","36.0M","35.3M","35.2M","34.8M","34.65M","34.4M","34.35M","34.3M","34.15M","34.1M","33.85M","33.800003M","33.7M","33.300003M","33.2M","32.7M","32.4M","32.3M","31.699999M","31.65M","31.15M","31.05M","30.95M","30.849998M","30.75M","30.65M","30.5M","30.4M","30.349998M","29.95M","29.95M","29.55M","29.5M","29.4M","29.25M","29.05M","28.95M","28.65M","28.65M","28.5M","28.5M","28.5M","28.45M","28.4M","28.25M","28.2M","27.900002M","27.85M","27.5M","27.45M","27.15M","27.099998M","26.75M","26.7M","26.45M","26.45M","26.4M","26.349998M","26.349998M","26.25M","26.25M","26.2M","26.150002M","26.150002M","26.05M","26.0M","25.9M","25.849998M","25.8M"],"nokList":["38.8M","38.2M","36.5M","35.5M"]}