{"time":1755518199916,"server":1677,"cpList":["98.4M","95.5M","95.4M","91.3M","87.6M","85M","85M","84.4M","842M","83.6M","82.8M","81M","80.5M","79.2M","78.4M","78.4M","77.9M","77.7M","77.7M","77.7M","77.6M","77.4M","77M","76.3M","76.1M","76.1M","76M","75.6M","746M","74.5M","74M","74M","73.3M","72.9M","72.8M","72.6M","72.1M","71.1M","70.7M","70.7M","70.5M","70.4M","70.2M","70.2M","70M","69.7M","69.6M","69.5M","69.4M","69.4M","69.3M","69.3M","69.1M","69M","68.6M","68.4M","67.8M","67.6M","67.6M","67.5M","67.4M","67.2M","66.6M","66.3M","66.2M","65.6M","65.4M","65.1M","64.9M","646M","646M","646M","646M","642M","642M","64.1M","64M","64M","63.9M","63.7M","63.5M","63.5M","63.5M","63.3M","63.2M","63M","62.8M","62.7M","62.6M","62.5M","62.2M","62.1M","62M","62M","61.8M","61.8M","61.4M","61.4M","613M","61.3M"],"okList":["98.4M","95.5M","95.4M","91.3M","87.6M","85.0M","85.0M","84.4M","84.2M","83.6M","82.8M","81.0M","80.5M","79.2M","78.4M","78.4M","77.9M","77.7M","77.7M","77.7M","77.6M","77.4M","77.0M","76.3M","0.7609999999999999M","0.007609999999999999M","7.6E-5M","7.5600000000000005E-6M","1.4599999999999998E-7M","7.45E-8M","7.400000000000001E-9M","7.400000000000001E-9M","7.329999999999999E-9M","7.290000000000001E-9M","7.28E-9M","7.26E-9M","7.21E-9M","7.11E-9M","7.070000000000001E-9M","7.070000000000001E-9M","7.0499999999999994E-9M","7.040000000000001E-9M","7.020000000000001E-9M","7.020000000000001E-9M","7.0E-9M","6.97E-9M","6.96E-9M","6.949999999999999E-9M","6.9400000000000004E-9M","6.9400000000000004E-9M","6.929999999999999E-9M","6.929999999999999E-9M","6.91E-9M","6.9E-9M","6.86E-9M","6.840000000000001E-9M","6.779999999999999E-9M","6.759999999999999E-9M","6.759999999999999E-9M","6.750000000000001E-9M","6.74E-9M","6.720000000000001E-9M","6.66E-9M","6.63E-9M","6.62E-9M","6.56E-9M","6.54E-9M","6.51E-9M","6.4900000000000005E-9M","6.460000000000001E-8M","6.460000000000001E-8M","6.460000000000001E-8M","6.460000000000001E-8M","6.419999999999999E-8M","6.419999999999999E-8M","6.409999999999999E-9M","6.4E-9M","6.4E-9M","6.39E-9M","6.37E-9M","6.35E-9M","6.35E-9M","6.35E-9M","6.3299999999999994E-9M","6.3200000000000005E-9M","6.3E-9M","6.28E-9M","6.270000000000001E-9M","6.26E-9M","6.2500000000000005E-9M","6.22E-9M","6.210000000000001E-9M","6.2E-9M","6.2E-9M","6.18E-9M","6.18E-9M","6.14E-9M","6.14E-9M","6.13E-8M","6.13E-9M"],"nokList":[]}