{"time":1755518253178,"server":1680,"cpList":["71.5M","67.8M","67.4M","67M","66.3M","65.8M","65.4M","646M","646M","64.1M","63.3M","63.2M","62.8M","62M","61.3M","61.3M","61.1M","60.5M","60.4M","59.5M","59.4M","59.3M","58.9M","58.8M","57.9M","57.6M","57.6M","57.2M","57M","56.9M","56.8M","56.3M","56M","55.8M","55.4M","55.4M","55.4M","55.4M","55.3M","55.2M","54.7M","54.4M","543M","543M","54M","54M","53.9M","53.8M","53.8M","53.6M","53.5M","53.2M","53.2M","53M","53M","53M","52.9M","52.8M","52.5M","52.3M","51.8M","51.7M","51.6M","51.3M","51.2M","57M","50.9M","50.9M","50.8M","50.8M","50.7M","50.7M","50.5M","50.5M","50.5M","50.3M","50.3M","49.9M","49.9M","49.8M","49.7M","49.7M","49.3M","49.3M","49.2M","49.2M","49.2M","49.2M","49.1M","49M","49M","48.9M","48.8M","48.5M","48.4M","48.4M","48.4M","48.3M","48.2M","47.8M"],"okList":["71.5M","67.8M","67.4M","67.0M","66.3M","65.8M","65.4M","64.6M","64.6M","64.1M","63.3M","63.2M","62.8M","62.0M","61.3M","61.3M","61.1M","60.5M","60.4M","59.5M","59.4M","59.3M","58.9M","58.8M","57.9M","57.6M","57.6M","57.2M","57.0M","56.9M","56.8M","56.3M","56.0M","55.8M","55.4M","55.4M","55.4M","55.4M","55.3M","55.2M","54.7M","54.4M","54.3M","54.3M","54.0M","54.0M","53.9M","53.8M","53.8M","53.6M","53.5M","53.2M","53.2M","53.0M","53.0M","53.0M","52.9M","52.8M","52.5M","52.3M","51.8M","0.517M","0.0051600000000000005M","5.13E-5M","5.12E-7M","5.6999999999999994E-8M","5.0900000000000004E-9M","5.0900000000000004E-9M","5.080000000000001E-9M","5.080000000000001E-9M","5.07E-9M","5.07E-9M","5.0500000000000006E-9M","5.0500000000000006E-9M","5.0500000000000006E-9M","5.03E-9M","5.03E-9M","4.989999999999999E-9M","4.989999999999999E-9M","4.979999999999999E-9M","4.970000000000001E-9M","4.970000000000001E-9M","4.930000000000001E-9M","4.930000000000001E-9M","4.920000000000001E-9M","4.920000000000001E-9M","4.920000000000001E-9M","4.920000000000001E-9M","4.910000000000001E-9M","4.9E-9M","4.9E-9M","4.89E-9M","4.8800000000000005E-9M","4.8500000000000004E-9M","4.839999999999999E-9M","4.839999999999999E-9M","4.839999999999999E-9M","4.83E-9M","4.820000000000001E-9M","4.779999999999999E-9M"],"nokList":[]}