{"server":1681,"total":3869.75,"average":42.997223,"cpValues":[],"cpList":["60.2M","58.1M","57.QM","57.8M","57.1M","55.8M","55.3M","54.9M","54.6M","54.3M","53.4M","52.7M","52.2M","51.3M","50.9M","50M","49.9M","48.M","48.4M","48.4M","48.1M","47.9M","47.2M","46.8M","46.8M","46.8M","46.7M","46.6M","46.2M","45.9M","45.9M","45.7M","45.2M","45.1M","45.1M","44.9M","44.7M","44.6M","44.5M","44.5M","44.3M","43.9M","43.8M","43.6M","43.5M","43.2M","43.2M","43M","42.9M","42.8M","42.7M","42.6M","42.1M","42.1M","41.7M","41.6M","41.5M","41.5M","41.1M","40.3M","40.2M","39.8M","39.7M","39.6M","39.3M","39.2M","AA.6M","38.4M","37.9M","37.7M","37.4M","37.3M","37.2M","37.1M","37.1M","37M","36.5M","36.4M","36.4M","36.4M","36.3M","A6.1M","A6M","A6M","35.8M","35.7M","35.7M","35.3M","35.1M","35M","34.9M","34.8M","34.8M","34.6M","34.3M","34.3M","33.8M","33.7M","33.6M","33.6M"],"okList":["60.2M","56.8M","56.199997M","55.35M","54.949997M","54.6M","54.0M","53.5M","52.800003M","52.0M","51.550003M","50.65M","50.4M","49.0M","49.15M","48.4M","48.25M","48.15M","47.65M","47.35M","47.0M","46.8M","46.75M","46.699997M","46.45M","46.25M","46.050003M","45.800003M","45.550003M","45.4M","45.15M","45.0M","44.9M","44.75M","44.6M","44.55M","44.4M","44.2M","44.05M","43.75M","43.65M","43.4M","43.35M","43.1M","43.050003M","42.9M","42.800003M","42.699997M","42.4M","42.35M","41.9M","41.85M","41.6M","41.55M","41.3M","40.9M","40.65M","40.05M","39.95M","39.699997M","39.5M","39.4M","38.800003M","38.050003M","37.65M","37.5M","37.300003M","37.199997M","37.15M","37.05M","36.8M","36.7M","36.45M","36.4M","36.35M","35.75M","35.5M","35.4M","35.15M","35.0M","34.9M","34.85M","34.699997M","34.55M","34.449997M","34.05M","34.0M","33.699997M","33.65M","33.6M"],"nokList":["58.1M","57.QM","57.8M","39.2M","38.4M","36.3M","A6.1M","A6M","A6M","35.8M"]}