{"server":1687,"total":6052.4507,"average":64.38777,"cpValues":[],"cpList":["24.7M","97.1M","85.6M","85.2M","83.4M","83.4M","82.7M","81.4M","79.6M","78.4M","77.M","77.5M","76.6M","76.5M","75.1M","74.9M","74.5M","73.5M","73.2M","71.4M","71M","70.7M","69.9M","69.8M","69.3M","69.1M","69.1M","68.8M","68.8M","68.5M","6AM","6AM","67.5M","67.3M","67.3M","67.3M","66.9M","66.6M","66.3M","66.2M","66.2M","6M","6M","65.6M","65.6M","65.4M","65M","64.9M","64.5M","64.3M","64M","63.7M","63.7M","63.6M","63.6M","63.6M","63.5M","62.7M","62.5M","62.4M","62.4M","62.3M","62.2M","62.1M","61.9M","61.9M","61.8M","61.8M","61.6M","61.6M","61.3M","61M","60.9M","60.6M","60.5M","60.4M","60.4M","60.3M","60.3M","60.2M","60.2M","60.2M","60.2M","60M","60M","59.9M","59.6M","59.6M","59.5M","59.5M","59.5M","59.2M","59.1M","58.9M","58.9M","58.9M","58.7M","5A.7M","58.7M","58.5M"],"okList":["24.7M","55.15M","91.149994M","84.5M","84.3M","83.05M","82.4M","81.149994M","79.9M","78.3M","77.95M","76.8M","77.0M","75.85M","75.7M","74.8M","74.2M","73.85M","72.45M","72.1M","71.05M","70.45M","70.25M","69.600006M","69.45M","69.2M","68.95M","68.95M","68.65M","67.4M","67.3M","67.100006M","66.95M","66.600006M","66.399994M","66.25M","36.1M","36.1M","6.0M","65.6M","65.5M","65.3M","65.15M","64.75M","64.600006M","64.25M","64.0M","63.85M","63.65M","63.65M","63.6M","63.55M","63.15M","63.0M","62.550003M","62.45M","62.35M","62.300003M","62.199997M","62.050003M","62.0M","61.85M","61.85M","61.699997M","61.699997M","61.449997M","61.3M","61.1M","60.8M","60.7M","60.5M","60.45M","60.35M","60.35M","60.25M","60.25M","60.2M","60.2M","60.1M","60.1M","59.95M","59.8M","59.75M","59.55M","59.55M","59.5M","59.35M","59.3M","59.050003M","59.0M","58.9M","58.800003M","58.7M","58.5M"],"nokList":["68.5M","6AM","6AM","67.5M","58.7M","58.7M"]}