{"time":1755518279345,"server":1687,"cpList":["77.7M","77.5M","766M","74.9M","73.2M","70.7M","69.8M","68.9M","68.7M","68.4M","68M","67.8M","66.6M","66.4M","65.9M","65.7M","65M","64.9M","64.4M","64M","63.4M","63.3M","63.1M","62.4M","62.4M","62.2M","61.8M","61.8M","61.6M","61.3M","60.9M","60.6M","60.5M","60.5M","60.4M","60.4M","60.2M","60.1M","60M","59.9M","59.5M","59.2M","59.1M","59.1M","58.7M","58.5M","58.3M","57.9M","57.8M","57.7M","57.6M","57.5M","57.3M","57.3M","57.2M","57.1M","57M","56.8M","56.6M","56.3M","56.2M","56.2M","55.9M","55.6M","55.6M","55.5M","55.3M","55.1M","55M","54.9M","54.8M","54.7M","542M","542M","54.1M","54M","53.9M","53.8M","53.8M","53.4M","53.2M","53.2M","53.2M","53.1M","53M","52.8M","52.4M","52.3M","52.2M","52M","52M","52M","51.7M","51.7M","51.5M","51.3M","51.1M","50.9M","50.8M","50.7M"],"okList":["0.777M","0.00775M","1.66E-5M","7.490000000000002E-8M","7.32E-9M","7.070000000000001E-9M","6.9799999999999995E-9M","6.890000000000001E-9M","6.8700000000000005E-9M","6.840000000000001E-9M","6.8E-9M","6.779999999999999E-9M","6.66E-9M","6.64E-9M","6.590000000000001E-9M","6.57E-9M","6.500000000000001E-9M","6.4900000000000005E-9M","6.440000000000001E-9M","6.4E-9M","6.34E-9M","6.3299999999999994E-9M","6.31E-9M","6.24E-9M","6.24E-9M","6.22E-9M","6.18E-9M","6.18E-9M","6.159999999999999E-9M","6.13E-9M","6.09E-9M","6.06E-9M","6.05E-9M","6.05E-9M","6.040000000000001E-9M","6.040000000000001E-9M","6.02E-9M","6.01E-9M","6.0E-9M","5.99E-9M","5.9499999999999995E-9M","5.920000000000001E-9M","5.91E-9M","5.91E-9M","5.870000000000001E-9M","5.8499999999999994E-9M","5.83E-9M","5.79E-9M","5.7799999999999995E-9M","5.7700000000000005E-9M","5.760000000000001E-9M","5.75E-9M","5.73E-9M","5.73E-9M","5.72E-9M","5.71E-9M","5.7E-9M","5.6799999999999986E-9M","5.660000000000001E-9M","5.63E-9M","5.620000000000001E-9M","5.620000000000001E-9M","5.59E-9M","5.560000000000001E-9M","5.560000000000001E-9M","5.55E-9M","5.53E-9M","5.51E-9M","5.500000000000001E-9M","5.49E-9M","5.48E-9M","5.47E-9M","5.4199999999999996E-8M","5.4199999999999996E-8M","5.410000000000001E-9M","5.4E-9M","5.390000000000001E-9M","5.38E-9M","5.38E-9M","5.34E-9M","5.32E-9M","5.32E-9M","5.32E-9M","5.310000000000001E-9M","5.3E-9M","5.280000000000001E-9M","5.24E-9M","5.23E-9M","5.22E-9M","5.2E-9M","5.2E-9M","5.2E-9M","5.17E-9M","5.17E-9M","5.15E-9M","5.13E-9M","5.110000000000001E-9M","5.0900000000000004E-9M","5.080000000000001E-9M","5.07E-9M"],"nokList":[]}