{"server":1697,"total":4323.15,"average":44.113773,"cpValues":[],"cpList":["68.4M","64.7M","64.6M","64.3M","59.5M","59.1M","57.3M","56.9M","56.4M","55.5M","54.8M","54.3M","53.5M","52.2M","51.2M","51M","50.9M","50.9M","50.4M","49.9M","49.7M","49M","48.2M","47.8M","47.8M","47.M","47.3M","46.9M","46M","45.9M","45.7M","45.4M","45M","44.7M","44.4M","44.3M","44.3M","44.1M","44M","43.4M","43.3M","43.3M","43.2M","43.1M","42.4M","42.3M","42M","41.8M","41.8M","41.6M","41.3M","41.1M","41.1M","40.9M","40.9M","40.7M","40.5M","40.3M","40.3M","39.9M","39.9M","39.9M","39.9M","39.8M","39.8M","39.7M","39.7M","39.7M","39.6M","39.5M","39.4M","39.3M","39.3M","39.2M","38.8M","38.2M","37.9M","37.9M","37.8M","37.7M","37.7M","37.5M","37.5M","37.4M","37.3M","37.3M","37.1M","A6.9M","36.8M","36.5M","36.5M","36.5M","36.4M","36.3M","36.3M","36.3M","36.1M","36M","35.6M","35.6M"],"okList":["68.4M","66.5M","64.5M","62.05M","61.7M","58.4M","58.0M","56.85M","56.2M","55.6M","54.9M","54.15M","53.25M","52.35M","51.6M","51.050003M","50.95M","50.65M","50.4M","50.050003M","49.45M","48.95M","48.4M","48.0M","47.4M","47.55M","46.95M","46.65M","46.4M","45.85M","45.65M","45.35M","45.050003M","44.7M","44.5M","44.35M","44.199997M","44.15M","43.75M","43.65M","43.35M","43.25M","43.199997M","42.800003M","42.699997M","42.2M","42.05M","41.9M","41.699997M","41.55M","41.35M","41.199997M","41.0M","41.0M","40.800003M","40.7M","40.5M","40.4M","40.1M","40.1M","39.9M","39.9M","39.85M","39.85M","39.75M","39.75M","39.7M","39.65M","39.6M","39.5M","39.4M","39.35M","39.25M","39.05M","38.7M","38.35M","38.050003M","37.85M","37.800003M","37.75M","37.6M","37.6M","37.45M","37.4M","37.35M","37.199997M","36.949997M","36.65M","36.5M","36.45M","36.4M","36.35M","36.3M","36.199997M","36.15M","35.85M","35.8M","35.6M"],"nokList":["37.1M","36.8M"]}