{"server":1700,"total":4247.8,"average":43.344894,"cpValues":[],"cpList":["6M","65.8M","64.8M","62.6M","60M","59.2M","58.3M","55.9M","54.4M","54.3M","53.8M","53.4M","53M","51.7M","51.5M","51.4M","50.9M","50.5M","50.5M","50.3M","49.7M","49.3M","49.2M","49.2M","48.M","48.M","48.5M","48.4M","48.3M","47.M","47M","47M","46.7M","46.4M","46.2M","45.9M","45.5M","45.5M","45.2M","45.2M","45.1M","45M","45M","44.9M","44.8M","43.4M","43.2M","43.1M","43.1M","42M","42M","41.9M","41.9M","41.8M","41.5M","41.5M","41.4M","41.2M","41.2M","41.1M","40.9M","40.5M","40.3M","40.2M","39.8M","39.8M","39.7M","39.6M","39.5M","39.3M","39.3M","39.3M","39.2M","39.2M","AA.6M","38.5M","38.4M","37.8M","37.8M","37.6M","37.3M","37.1M","36.8M","36.7M","36.4M","36.4M","35.7M","35.5M","35.5M","35.5M","35.2M","35.1M","35M","35M","34.9M","34.8M","34.8M","34.5M","34.2M","34.1M"],"okList":["6.0M","35.4M","64.2M","62.4M","60.9M","59.15M","57.550003M","56.35M","55.1M","54.1M","53.85M","53.4M","52.550003M","52.25M","51.550003M","51.2M","50.95M","50.7M","50.4M","50.1M","49.8M","49.45M","49.25M","48.6M","48.6M","48.0M","48.2M","48.4M","47.7M","47.65M","47.0M","46.85M","46.7M","46.45M","46.15M","45.85M","45.7M","45.35M","45.35M","45.15M","45.1M","45.05M","44.95M","44.9M","44.15M","44.0M","43.25M","43.15M","42.55M","42.55M","41.95M","41.95M","41.85M","41.7M","41.65M","41.45M","41.35M","41.300003M","41.15M","41.050003M","40.8M","40.6M","40.35M","40.05M","40.0M","39.75M","39.699997M","39.6M","39.449997M","39.4M","39.3M","39.25M","39.25M","38.85M","38.15M","38.1M","37.699997M","37.55M","37.35M","37.05M","36.9M","36.6M","36.550003M","36.050003M","35.95M","35.6M","35.5M","35.35M","35.3M","35.1M","35.05M","34.95M","34.9M","34.85M","34.65M","34.5M","34.3M","34.1M"],"nokList":["39.2M","38.5M"]}