{"server":1708,"total":3478.5505,"average":36.2349,"cpValues":[],"cpList":["84.2M","61.8M","57.1M","56.6M","56M","55.5M","54.5M","54.4M","53.8M","52.6M","50.8M","50.7M","50.4M","49.7M","49.1M","45.3M","44.9M","44.6M","44.1M","43.2M","42.4M","42.2M","42.1M","41.5M","41.1M","40.5M","40M","39.7M","39.7M","39.3M","38.8M","37.3M","36.8M","36.8M","A6.6M","36.2M","35.6M","35.6M","35.5M","35.3M","35M","34.8M","34.5M","34.5M","34.5M","34.4M","34M","33.9M","33.9M","33.8M","33.8M","A3.6M","33.1M","32.8M","32.8M","32.5M","31.4M","31.3M","30.9M","30.8M","30.4M","30.2M","30.1M","29.9M","29.7M","29.7M","29.6M","29.6M","29.5M","29.3M","29.2M","29.2M","29.2M","29M","28.4M","28.4M","28.1M","28.1M","28.1M","28M","27.6M","27.1M","27M","27M","26.9M","26.8M","26.8M","26.7M","26.6M","26.6M","26.6M","26.2M","26.1M","26M","26M","25.2M","25.1M","25M","24.8M","24.7M"],"okList":["84.2M","70.649994M","59.199997M","56.55M","56.05M","55.25M","54.95M","54.15M","53.5M","52.3M","51.65M","50.6M","50.2M","49.75M","47.5M","47.0M","44.949997M","44.5M","43.9M","43.25M","42.7M","42.25M","41.85M","41.6M","41.0M","40.55M","40.1M","39.85M","39.5M","39.25M","38.3M","37.8M","37.05M","36.5M","35.9M","35.55M","35.449997M","35.25M","35.05M","34.75M","34.65M","34.5M","34.45M","34.25M","34.15M","33.95M","33.85M","33.85M","33.449997M","32.949997M","32.65M","32.1M","31.9M","31.15M","31.05M","30.65M","30.5M","30.25M","30.05M","29.900002M","29.8M","29.650002M","29.650002M","29.55M","29.45M","29.35M","29.25M","29.2M","29.1M","28.8M","28.7M","28.25M","28.25M","28.1M","28.05M","27.85M","27.55M","27.3M","27.05M","26.95M","26.9M","26.849998M","26.75M","26.7M","26.650002M","26.6M","26.400002M","26.35M","26.1M","26.05M","25.6M","25.55M","25.1M","24.95M","24.85M","24.7M"],"nokList":["36.8M","36.2M","33.8M","33.1M"]}