{"server":1709,"total":4589.949,"average":46.836216,"cpValues":[],"cpList":["89.9M","72.8M","70.9M","70.4M","70.4M","68.7M","67.3M","66.5M","63.4M","61.5M","60.9M","60.4M","59.9M","58.6M","58.1M","56M","55.9M","55.7M","55.3M","54.6M","54.1M","53.7M","53.7M","53.3M","53M","52.9M","52.5M","51M","51M","50.8M","50.7M","50.6M","50.5M","50.5M","50.4M","49.8M","48.6M","48.6M","48.5M","48.4M","48M","47.6M","46.9M","46.4M","45.8M","45.7M","45.5M","45.5M","45.3M","45.2M","44.7M","44M","44M","43.1M","42.1M","42M","41.5M","41.5M","41.4M","41.3M","41.2M","41.2M","41.1M","41M","40.9M","40.9M","39.7M","39.4M","39M","39M","38.9M","38.8M","38.5M","37.7M","37.5M","37.3M","37.2M","37M","36.8M","36.8M","36.7M","36.4M","A6M","35.5M","34.9M","34.8M","34.7M","34.7M","34.6M","34.4M","34.2M","34.1M","33.5M","33.4M","33.3M","33.3M","33.3M","32.8M","32.7M","32.7M"],"okList":["89.9M","80.4M","71.600006M","70.65M","69.55M","68.850006M","67.6M","65.350006M","64.0M","62.15M","60.95M","60.4M","59.5M","59.0M","57.3M","57.0M","55.85M","55.6M","55.15M","54.699997M","54.15M","53.9M","53.5M","53.35M","53.1M","52.75M","51.95M","51.75M","50.9M","50.85M","50.699997M","50.6M","50.55M","50.45M","50.15M","49.5M","49.199997M","48.55M","48.5M","48.25M","48.0M","47.45M","47.0M","46.35M","46.050003M","45.65M","45.6M","45.4M","45.35M","45.0M","44.6M","44.35M","43.55M","43.05M","42.55M","41.8M","41.75M","41.45M","41.4M","41.300003M","41.25M","41.15M","41.1M","41.0M","40.95M","40.300003M","40.15M","39.35M","39.2M","38.95M","38.9M","38.7M","38.25M","38.0M","37.5M","37.35M","37.15M","37.0M","36.9M","36.75M","36.6M","35.95M","35.15M","34.800003M","34.75M","34.65M","34.550003M","34.4M","34.25M","33.85M","33.75M","33.4M","33.35M","33.3M","33.05M","33.0M","32.75M","32.7M"],"nokList":["36.4M","35.5M"]}