{"server":1717,"total":4798.7,"average":47.987003,"cpValues":[],"cpList":["70M","66.5M","63.7M","62.9M","60.9M","59M","58.7M","58.4M","58.3M","57.3M","56.7M","56.3M","56M","56M","55.4M","55.2M","54.6M","54M","53.6M","53.3M","53.2M","52.7M","52.5M","52M","51.6M","51.5M","50.8M","50.8M","50.7M","50.6M","50.3M","50.2M","50.2M","50.1M","50M","49.9M","49.8M","49.7M","49.2M","49M","48.M","48.8M","48.7M","48.6M","47.9M","47.3M","47.3M","47.2M","47.2M","47.1M","47.1M","47M","46.9M","46.9M","46.5M","46.5M","46.2M","45.9M","44.9M","44.8M","44.8M","44.7M","44.6M","44.5M","44M","44M","43.8M","43.7M","43.6M","43.4M","43.1M","42.7M","42.7M","42.7M","42.4M","42.3M","42.3M","42M","42M","41.9M","41.8M","41.8M","41.8M","41.7M","41.5M","41.2M","40.9M","40.8M","40.7M","40.7M","40.7M","40.4M","40M","39.7M","39.5M","39.5M","39.5M","39.4M","39.1M","38.8M"],"okList":["70.0M","66.85M","64.7M","62.300003M","60.95M","59.800003M","58.7M","58.5M","57.85M","57.5M","56.8M","56.35M","56.15M","55.7M","55.6M","55.0M","54.6M","54.1M","53.65M","53.4M","53.0M","52.85M","52.35M","52.05M","51.75M","51.199997M","51.15M","50.75M","50.699997M","50.5M","50.4M","50.25M","50.15M","50.1M","50.0M","49.9M","49.800003M","49.5M","49.35M","48.6M","48.9M","48.35M","48.699997M","48.300003M","47.949997M","47.6M","47.25M","47.25M","47.15M","47.15M","47.05M","47.0M","46.95M","46.7M","46.7M","46.35M","46.2M","45.550003M","45.35M","44.85M","44.75M","44.699997M","44.6M","44.3M","44.25M","43.9M","43.85M","43.699997M","43.550003M","43.35M","43.050003M","42.9M","42.7M","42.550003M","42.5M","42.35M","42.15M","42.15M","41.95M","41.9M","41.85M","41.8M","41.75M","41.65M","41.45M","41.2M","41.0M","40.800003M","40.75M","40.7M","40.550003M","40.35M","40.050003M","39.75M","39.6M","39.5M","39.45M","39.3M","39.1M","38.8M"],"nokList":[]}