{"server":172,"total":6551.8516,"average":69.70055,"cpValues":[],"cpList":["108M","107M","103M","28.9M","24.1M","N3M","N2M","21.8M","21.8M","70M","89.5M","88.8M","87.9M","87.6M","97.1M","86.9M","86.3M","85.8M","85.1M","84.4M","84.3M","83.9M","83.6M","82.7M","80.9M","80.2M","79.5M","78.9M","78.8M","78.5M","77.9M","77.4M","77.3M","77.1M","76.4M","74.1M","72.2M","72M","71.6M","70.6M","70.5M","70.4M","70.2M","69.9M","69.3M","69.3M","69M","68.9M","68.7M","68.4M","68.1M","68.1M","6AM","67.8M","67.7M","67.3M","67M","66.7M","66.1M","65.8M","65.3M","64.9M","64.7M","64.6M","64.6M","64.3M","64.2M","64.2M","63.5M","63.5M","63.5M","63.4M","63.3M","63.1M","63.1M","62.6M","62.4M","62.4M","62M","62M","61.3M","60.8M","60.5M","60.3M","60.2M","60.1M","59.8M","59.5M","59.5M","59.4M","59.3M","59.1M","58.6M","58.4M","58.3M","58.1M","57.9M","57.9M","57.8M","57.8M"],"okList":["108.0M","105.5M","67.95M","63.55M","21.8M","70.0M","79.4M","88.7M","88.2M","92.5M","87.25M","91.7M","86.350006M","85.7M","85.100006M","84.7M","84.15M","83.95M","83.3M","82.25M","81.45M","80.2M","79.55M","79.15M","78.7M","78.350006M","77.95M","77.600006M","77.25M","76.850006M","75.6M","74.3M","73.05M","71.899994M","71.3M","71.05M","70.5M","70.35M","70.15M","69.75M","69.600006M","69.15M","69.100006M","68.85M","68.65M","68.399994M","68.25M","67.95M","67.55M","67.35M","67.0M","66.55M","66.25M","65.7M","65.350006M","65.0M","64.75M","64.649994M","64.45M","64.399994M","64.25M","63.85M","63.85M","63.5M","63.45M","63.4M","63.25M","63.199997M","62.85M","62.75M","62.5M","62.2M","62.2M","61.65M","61.4M","60.9M","60.55M","60.35M","60.199997M","60.0M","59.8M","59.65M","59.45M","59.4M","59.25M","58.949997M","58.75M","58.449997M","58.25M","58.1M","58.0M","57.85M","57.85M","57.8M"],"nokList":["24.1M","N3M","N2M","21.8M","68.1M","67.8M"]}