{"time":1755509983428,"server":172,"cpList":["115M","771M","108M","102M","98.2M","96.3M","94.8M","93.8M","92.9M","92.8M","92.7M","91.4M","91M","90M","89.6M","89.1M","89M","88.4M","88M","868M","86.3M","86.2M","83.5M","83.2M","83.1M","83M","82.7M","82M","82M","81.2M","81M","80.5M","80.3M","79.7M","78.5M","76.4M","742M","73.6M","73.5M","73.5M","72.8M","72.2M","72.1M","72M","71.9M","71.8M","71.7M","71.4M","71.3M","71.1M","70.7M","69.9M","69M","68.8M","68.7M","68.6M","68.4M","68.1M","68.1M","67.6M","67.4M","67.3M","67.1M","66.9M","66.4M","66.3M","66.1M","66.1M","66M","66M","65.9M","65.8M","65.3M","65.1M","64.9M","64.5M","64.3M","64.3M","64.1M","64M","63.5M","62.9M","62.8M","62.6M","62.4M","62.4M","62.2M","62M","61.9M","61.5M","61.5M","61.4M","61.3M","61.3M","61.1M","60.6M","60.4M","60.3M","60.1M","60.1M"],"okList":["1.15E-5M","1.7100000000000001E-6M","1.0800000000000001E-7M","1.0199999999999999E-7M","9.82E-8M","9.63E-9M","9.479999999999998E-9M","9.379999999999999E-9M","9.289999999999999E-9M","9.280000000000001E-9M","9.270000000000001E-9M","9.14E-9M","9.1E-9M","9.000000000000001E-9M","8.96E-9M","8.91E-9M","8.9E-9M","8.84E-9M","8.800000000000001E-9M","8.68E-8M","8.630000000000002E-9M","8.62E-9M","8.349999999999999E-9M","8.320000000000001E-9M","8.31E-9M","8.3E-9M","8.270000000000002E-9M","8.199999999999999E-9M","8.199999999999999E-9M","8.120000000000001E-9M","8.100000000000001E-9M","8.050000000000001E-9M","8.029999999999998E-9M","7.97E-9M","7.85E-9M","7.640000000000001E-9M","1.4199999999999998E-8M","7.36E-9M","7.35E-9M","7.35E-9M","7.28E-9M","7.2199999999999995E-9M","7.21E-9M","7.2E-9M","7.190000000000001E-9M","7.18E-9M","7.170000000000001E-9M","7.14E-9M","7.13E-9M","7.11E-9M","7.070000000000001E-9M","6.99E-9M","6.9E-9M","6.879999999999999E-9M","6.8700000000000005E-9M","6.86E-9M","6.840000000000001E-9M","6.8099999999999994E-9M","6.8099999999999994E-9M","6.759999999999999E-9M","6.74E-9M","6.73E-9M","6.709999999999999E-9M","6.69E-9M","6.64E-9M","6.63E-9M","6.609999999999999E-9M","6.609999999999999E-9M","6.6E-9M","6.6E-9M","6.590000000000001E-9M","6.579999999999999E-9M","6.53E-9M","6.51E-9M","6.4900000000000005E-9M","6.45E-9M","6.43E-9M","6.43E-9M","6.409999999999999E-9M","6.4E-9M","6.35E-9M","6.290000000000001E-9M","6.28E-9M","6.26E-9M","6.24E-9M","6.24E-9M","6.22E-9M","6.2E-9M","6.19E-9M","6.1500000000000005E-9M","6.1500000000000005E-9M","6.14E-9M","6.13E-9M","6.13E-9M","6.11E-9M","6.06E-9M","6.040000000000001E-9M","6.03E-9M","6.01E-9M","6.01E-9M"],"nokList":[]}