{"time":1756153245739,"server":172,"cpList":["115M","MTM","108M","102M","98.3M","96.5M","94.8M","93.9M","93.9M","93.1M","92.7M","91.5M","91.4M","90M","89.6M","89.1M","89.1M","88.6M","88M","86.8M","86.3M","86.3M","83.6M","83.5M","83.4M","82.7M","82M","82M","81.3M","81.1M","80.9M","80.7M","80.5M","79.7M","78.7M","76.6M","74.2M","73.6M","73.6M","73.6M","72.9M","72.2M","72.2M","72M","71.9M","71.9M","71.8M","71.6M","71.4M","71.1M","70.9M","69.9M","69.3M","69M","68.8M","68.7M","68.4M","68.1M","68.1M","67.6M","67.4M","67.3M","67.2M","67.1M","66.5M","66.5M","66.4M","66.4M","66.1M","66M","66M","65.9M","65.8M","65.1M","64.9M","64.6M","64.5M","64.4M","64.4M","64M","63.5M","63.3M","63M","62.9M","62.6M","62.5M","62.5M","62.2M","62M","62M","61.8M","617M","61.6M","61.3M","61.3M","61.2M","61.1M","60.8M","60.7M","60.5M"],"okList":["115.0M","7.0M","10.8M","10.2M","9.83M","9.65M","9.48M","9.39M","9.39M","9.309999999999999M","9.27M","9.15M","9.14M","9.0M","8.959999999999999M","8.91M","8.91M","8.86M","8.8M","8.68M","8.629999999999999M","8.629999999999999M","8.36M","8.35M","8.34M","8.27M","8.2M","8.2M","8.129999999999999M","8.11M","8.09M","8.07M","8.05M","7.970000000000001M","7.87M","7.659999999999999M","7.42M","7.359999999999999M","7.359999999999999M","7.359999999999999M","7.290000000000001M","7.220000000000001M","7.220000000000001M","7.2M","7.19M","7.19M","7.18M","7.159999999999999M","7.140000000000001M","7.109999999999999M","7.090000000000001M","6.99M","6.93M","6.9M","6.88M","6.87M","6.840000000000001M","6.81M","6.81M","6.76M","6.74M","6.7299999999999995M","6.720000000000001M","6.709999999999999M","6.65M","6.65M","6.640000000000001M","6.640000000000001M","6.609999999999999M","6.6M","6.6M","6.590000000000001M","6.58M","6.51M","6.49M","6.459999999999999M","6.45M","6.44M","6.44M","6.4M","6.35M","6.33M","6.3M","6.29M","6.26M","6.25M","6.25M","6.220000000000001M","6.2M","6.2M","6.18M","6.17M","6.16M","6.13M","6.13M","6.12M","6.11M","6.08M","6.07M","6.05M"],"nokList":[]}