{"time":1755518384866,"server":1724,"cpList":["75.2M","72.4M","77M","66.4M","65.1M","65M","642M","63.6M","62.7M","62.4M","61.4M","60.4M","58.9M","58.1M","55.8M","55.1M","543M","54M","53.8M","52.9M","52.7M","52.5M","51.9M","51.5M","51.2M","49.7M","49.2M","48.8M","48.6M","48M","47.7M","47.5M","47.5M","47.3M","47.1M","47M","46.4M","46.4M","462M","461M","45.9M","45.5M","45.4M","45.2M","45.1M","45M","44.9M","43.9M","43.7M","43.5M","43.1M","42.9M","42.8M","422M","422M","422M","42.1M","42M","42M","41.6M","41.4M","41.4M","41.4M","40.7M","40.6M","40.5M","40.5M","40.5M","40M","39.8M","39.5M","39.4M","39M","38.7M","38.3M","38.3M","38.1M","37.9M","37.9M","37.4M","37.4M","37.3M","37.3M","37.2M","37.2M","37.1M","37M","37M","36.8M","36.6M","36.5M","36.4M","36.3M","36.3M","36.1M","36M","35.1M","34.9M","34.9M","34.8M"],"okList":["7.52E-5M","7.240000000000001E-7M","7.699999999999999E-8M","6.64E-9M","6.51E-9M","6.500000000000001E-9M","6.419999999999999E-8M","6.36E-9M","6.270000000000001E-9M","6.24E-9M","6.14E-9M","6.040000000000001E-9M","5.89E-9M","5.8099999999999996E-9M","5.5799999999999985E-9M","5.51E-9M","5.4299999999999997E-8M","5.4E-9M","5.38E-9M","5.2900000000000006E-9M","5.270000000000001E-9M","5.250000000000001E-9M","5.1900000000000005E-9M","5.15E-9M","5.1200000000000005E-9M","4.970000000000001E-9M","4.920000000000001E-9M","4.8800000000000005E-9M","4.86E-9M","4.8E-9M","4.770000000000001E-9M","4.7499999999999995E-9M","4.7499999999999995E-9M","4.73E-9M","4.7100000000000005E-9M","4.699999999999999E-9M","4.6400000000000005E-9M","4.6400000000000005E-9M","4.62E-8M","4.610000000000001E-8M","4.59E-9M","4.55E-9M","4.5400000000000005E-9M","4.519999999999999E-9M","4.51E-9M","4.500000000000001E-9M","4.49E-9M","4.389999999999999E-9M","4.3700000000000004E-9M","4.35E-9M","4.31E-9M","4.289999999999999E-9M","4.279999999999999E-9M","4.2199999999999994E-8M","4.2199999999999994E-8M","4.2199999999999994E-8M","4.21E-9M","4.2E-9M","4.2E-9M","4.1600000000000005E-9M","4.139999999999999E-9M","4.139999999999999E-9M","4.139999999999999E-9M","4.070000000000001E-9M","4.0600000000000005E-9M","4.050000000000001E-9M","4.050000000000001E-9M","4.050000000000001E-9M","4.0E-9M","3.98E-9M","3.950000000000001E-9M","3.94E-9M","3.899999999999999E-9M","3.87E-9M","3.829999999999999E-9M","3.829999999999999E-9M","3.81E-9M","3.7899999999999995E-9M","3.7899999999999995E-9M","3.74E-9M","3.74E-9M","3.729999999999999E-9M","3.729999999999999E-9M","3.7200000000000012E-9M","3.7200000000000012E-9M","3.7100000000000002E-9M","3.7000000000000005E-9M","3.7000000000000005E-9M","3.68E-9M","3.66E-9M","3.65E-9M","3.64E-9M","3.63E-9M","3.63E-9M","3.6099999999999997E-9M","3.6E-9M","3.5100000000000005E-9M","3.4899999999999997E-9M","3.4899999999999997E-9M","3.48E-9M"],"nokList":[]}