{"server":1732,"total":4963.95,"average":53.955982,"cpValues":[],"cpList":["86.2M","79.5M","75.9M","74.7M","73.3M","73.1M","71.5M","69.9M","68.4M","68.4M","68.1M","68.1M","67.5M","67.4M","66.7M","66.1M","6M","65.3M","65.2M","64.9M","64.2M","63.3M","63.2M","62.4M","62M","61.6M","61.2M","60.7M","60.4M","59.9M","59.3M","59.1M","58.7M","58.6M","5AM","57.QM","57.QM","56M","56M","55.8M","55.7M","55.4M","55.4M","55.2M","55M","54.6M","54.2M","54M","53.4M","52.5M","52.2M","51.8M","51.2M","51M","50.8M","50.8M","50.6M","50.4M","50.3M","50M","49.8M","49.8M","49.8M","49.8M","49.4M","49.1M","48.3M","48.1M","48M","47.5M","47.4M","47.3M","47M","46.4M","46.2M","46M","45.8M","45.7M","45.3M","44.8M","44.7M","44.2M","44.2M","43.8M","43.6M","43.5M","43.4M","42.5M","42.4M","42.3M","41.8M","41.6M","41.6M","#1M","41M","40.9M","40.8M","40.4M","+0.4M","40.2M"],"okList":["86.2M","81.05M","77.1M","74.600006M","73.899994M","72.4M","71.5M","69.95M","69.15M","68.25M","68.25M","67.8M","67.75M","67.1M","66.75M","36.35M","65.7M","35.6M","65.100006M","64.7M","64.1M","63.699997M","62.85M","62.6M","62.0M","61.6M","61.15M","60.800003M","60.300003M","59.85M","59.5M","59.0M","58.85M","55.9M","55.85M","55.6M","55.550003M","55.300003M","55.2M","54.9M","54.6M","54.3M","53.800003M","53.25M","52.800003M","52.15M","51.7M","51.4M","51.0M","50.9M","50.699997M","50.6M","50.449997M","50.2M","50.05M","49.9M","49.8M","49.8M","49.6M","49.449997M","48.85M","48.6M","48.15M","47.8M","47.7M","47.4M","47.2M","46.85M","46.6M","46.2M","46.0M","45.85M","45.55M","45.25M","45.0M","44.5M","44.45M","44.0M","43.9M","43.65M","43.5M","43.0M","42.9M","42.4M","42.1M","41.949997M","41.699997M","40.9M","40.65M","20.6M","40.300003M","40.2M"],"nokList":["58.6M","5AM","57.QM","57.QM","56M","41.6M","#1M","41M"]}