{"time":1755518411359,"server":1732,"cpList":["81.1M","77.7M","766M","76.1M","75.5M","73.5M","72.9M","72.7M","71.4M","70.2M","70.1M","70M","70M","69.9M","69.8M","69.1M","68M","67.8M","67.6M","67M","66.2M","64.8M","64.7M","63.9M","63.7M","63.2M","62.8M","62M","61.8M","61.4M","61.1M","60.4M","60M","59.7M","59.6M","59.1M","57.1M","56.1M","56M","56M","55.8M","55.7M","55.4M","55.4M","55.2M","55M","55M","54.6M","542M","52.5M","52.2M","52.2M","52.2M","51.5M","51.2M","57M","57M","50.8M","50.8M","50.6M","50.4M","50.3M","49.8M","49.8M","49.1M","49M","48.7M","48.3M","48.1M","48M","47.5M","47.4M","47M","46.4M","46M","45.8M","45.7M","45.3M","448M","44.7M","442M","442M","442M","44M","44M","43.8M","43.5M","43.4M","43.4M","42.5M","42.4M","41.6M","41.6M","41M","41M","40.9M","40.8M","40.5M","40.4M","40.4M"],"okList":["0.8109999999999999M","0.00777M","1.66E-5M","7.61E-8M","7.550000000000001E-9M","7.35E-9M","7.290000000000001E-9M","7.269999999999999E-9M","7.14E-9M","7.020000000000001E-9M","7.0099999999999996E-9M","7.0E-9M","7.0E-9M","6.99E-9M","6.9799999999999995E-9M","6.91E-9M","6.8E-9M","6.779999999999999E-9M","6.759999999999999E-9M","6.7000000000000004E-9M","6.62E-9M","6.48E-9M","6.47E-9M","6.39E-9M","6.37E-9M","6.3200000000000005E-9M","6.28E-9M","6.2E-9M","6.18E-9M","6.14E-9M","6.11E-9M","6.040000000000001E-9M","6.0E-9M","5.97E-9M","5.96E-9M","5.91E-9M","5.71E-9M","5.61E-9M","5.6000000000000005E-9M","5.6000000000000005E-9M","5.5799999999999985E-9M","5.57E-9M","5.54E-9M","5.54E-9M","5.520000000000001E-9M","5.500000000000001E-9M","5.500000000000001E-9M","5.4600000000000006E-9M","5.4199999999999996E-8M","5.250000000000001E-9M","5.22E-9M","5.22E-9M","5.22E-9M","5.15E-9M","5.1200000000000005E-9M","5.7E-9M","5.7E-9M","5.080000000000001E-9M","5.080000000000001E-9M","5.06E-9M","5.040000000000001E-9M","5.03E-9M","4.979999999999999E-9M","4.979999999999999E-9M","4.910000000000001E-9M","4.9E-9M","4.870000000000001E-9M","4.83E-9M","4.8100000000000006E-9M","4.8E-9M","4.7499999999999995E-9M","4.739999999999999E-9M","4.699999999999999E-9M","4.6400000000000005E-9M","4.6E-9M","4.58E-9M","4.57E-9M","4.529999999999999E-9M","4.4800000000000004E-8M","4.4700000000000005E-9M","4.419999999999999E-8M","4.419999999999999E-8M","4.419999999999999E-8M","4.4000000000000005E-9M","4.4000000000000005E-9M","4.379999999999999E-9M","4.35E-9M","4.34E-9M","4.34E-9M","4.25E-9M","4.24E-9M","4.1600000000000005E-9M","4.1600000000000005E-9M","4.0999999999999995E-9M","4.0999999999999995E-9M","4.09E-9M","4.079999999999999E-9M","4.050000000000001E-9M","4.039999999999999E-9M","4.039999999999999E-9M"],"nokList":[]}