{"server":174,"total":6406.7505,"average":67.439476,"cpValues":[],"cpList":["106M","102M","N6.7M","89.6M","88.8M","97.1M","85.2M","83.8M","83M","82.7M","81.4M","80.9M","80.5M","78.5M","78.1M","7AM","77.8M","76.6M","75.7M","75.6M","75.6M","75M","74.9M","74.6M","74.2M","73.1M","72.7M","72.7M","12.4M","72.3M","71.5M","71.1M","71M","69.8M","69.7M","69.6M","69.5M","69.4M","69.2M","69M","68.9M","68.5M","68.4M","68.2M","68.1M","67.6M","67M","66.9M","66.5M","66.3M","66.3M","66.1M","65.8M","65.8M","65.5M","65.4M","65.1M","65.1M","65M","65M","64.7M","64.3M","64.3M","63.7M","63.6M","63.5M","62.8M","62.6M","62.6M","62.4M","62.3M","61.9M","61.8M","61.7M","61.7M","61.3M","61M","61M","60.9M","60.6M","60.5M","60.5M","60.4M","60.3M","60.3M","60.2M","60.2M","60.1M","59.9M","59.8M","59.7M","59.6M","59.6M","59.4M","59.2M","59.1M","59.1M","59M","58.9M","58.9M"],"okList":["106.0M","93.35M","87.0M","90.45M","84.1M","83.25M","82.2M","81.8M","80.95M","79.7M","79.3M","77.95M","76.75M","76.1M","75.649994M","75.3M","75.25M","74.8M","74.55M","73.85M","73.45M","72.899994M","42.55M","72.5M","41.95M","71.7M","71.25M","70.45M","70.35M","69.7M","69.6M","69.5M","69.35M","69.2M","69.05M","68.75M","68.65M","68.35M","68.25M","67.899994M","67.55M","67.25M","66.75M","66.600006M","66.4M","66.2M","66.05M","65.95M","65.65M","65.600006M","65.3M","65.25M","65.05M","65.05M","64.85M","64.65M","64.5M","64.0M","63.95M","63.6M","63.199997M","63.05M","62.699997M","62.5M","62.449997M","62.15M","62.05M","61.800003M","61.75M","61.5M","61.35M","61.15M","60.95M","60.8M","60.7M","60.55M","60.45M","60.4M","60.35M","60.25M","60.25M","60.15M","60.050003M","59.949997M","59.800003M","59.699997M","59.65M","59.5M","59.4M","59.25M","59.15M","59.05M","59.0M","58.95M","58.9M"],"nokList":["102M","N6.7M","89.6M","78.1M","77.8M"]}