{"time":1756153179329,"server":174,"cpList":["MTM","106M","102M","96.9M","92M","89.6M","88.8M","88.6M","87.2M","87.2M","86.3M","86.2M","84.4M","82.3M","81M","79.9M","78.5M","78.4M","78.1M","77.9M","77.7M","77.7M","77.1M","77M","76.7M","76.7M","75M","74.5M","74M","73.1M","72.9M","72.7M","72.4M","72.4M","72.3M","72M","72M","71.6M","71.5M","71.2M","71M","71M","70.9M","70.3M","70.3M","70.1M","69.6M","69.2M","68.9M","68.7M","68.3M","68M","67.9M","67.6M","67.4M","67.1M","67M","66.5M","66.5M","66.3M","66.3M","66.1M","65.5M","65.3M","65.2M","64.9M","64.3M","64.3M","63.7M","63.5M","63.5M","63.4M","63.4M","63.1M","63.1M","62.8M","62.8M","62.8M","62.7M","62.5M","62.5M","62.4M","62.4M","62.3M","62.2M","62M","61.8M","617M","617M","61.4M","61.3M","61M","61M","60.9M","60.9M","60.8M","60.8M","60.6M","60.5M","60.5M"],"okList":["7.0M","10.6M","10.2M","9.690000000000001M","9.2M","8.959999999999999M","8.879999999999999M","8.86M","8.72M","8.72M","8.629999999999999M","8.620000000000001M","8.440000000000001M","8.23M","8.1M","7.99M","7.85M","7.840000000000001M","7.81M","7.790000000000001M","7.7700000000000005M","7.7700000000000005M","7.709999999999999M","7.7M","7.67M","7.67M","7.5M","7.45M","7.4M","7.31M","7.290000000000001M","7.2700000000000005M","7.24M","7.24M","7.2299999999999995M","7.2M","7.2M","7.159999999999999M","7.15M","7.12M","7.1M","7.1M","7.090000000000001M","7.029999999999999M","7.029999999999999M","7.01M","6.959999999999999M","6.92M","6.890000000000001M","6.87M","6.83M","6.8M","6.790000000000001M","6.76M","6.74M","6.709999999999999M","6.7M","6.65M","6.65M","6.63M","6.63M","6.609999999999999M","6.55M","6.529999999999999M","6.5200000000000005M","6.49M","6.43M","6.43M","6.37M","6.35M","6.35M","6.34M","6.34M","6.3100000000000005M","6.3100000000000005M","6.279999999999999M","6.279999999999999M","6.279999999999999M","6.2700000000000005M","6.25M","6.25M","6.24M","6.24M","6.2299999999999995M","6.220000000000001M","6.2M","6.18M","6.17M","6.17M","6.14M","6.13M","6.1M","6.1M","6.09M","6.09M","6.08M","6.08M","6.0600000000000005M","6.05M","6.05M"],"nokList":[]}