{"time":1755510009477,"server":174,"cpList":["771M","106M","102M","96.9M","91.3M","89.6M","88.8M","88.6M","87.1M","86.9M","86.2M","86.2M","84.4M","82.2M","81M","79.9M","78.5M","78.3M","78.1M","77.8M","77.6M","77.5M","77M","76.9M","76.7M","766M","75M","74.5M","72.9M","72.7M","72.4M","72.3M","72.1M","72.1M","72M","72M","71.6M","71.4M","71.2M","77M","70.9M","70.3M","70.2M","70.1M","69.6M","69.6M","69.5M","68.8M","68.8M","68.6M","68.3M","67.8M","67.6M","67.5M","67.4M","67M","66.9M","66.5M","66.4M","66.3M","66.3M","65.8M","65.5M","65.3M","65.2M","646M","64.3M","64.3M","63.7M","63.5M","63.4M","63.4M","63.3M","63.1M","62.9M","62.8M","62.8M","62.8M","62.6M","62.5M","62.4M","62.4M","62.3M","62.2M","62M","61.9M","61.8M","61.7M","61.7M","61.1M","61M","60.9M","60.9M","60.9M","60.8M","60.8M","60.7M","60.6M","60.6M","60.5M"],"okList":["171.0M","106.0M","102.0M","96.9M","91.3M","89.6M","88.8M","88.6M","87.1M","86.9M","86.2M","86.2M","84.4M","82.2M","81.0M","79.9M","78.5M","78.3M","78.1M","77.8M","77.6M","77.5M","77.0M","0.769M","0.00767M","1.66E-5M","7.5E-8M","7.45E-9M","7.290000000000001E-9M","7.269999999999999E-9M","7.240000000000001E-9M","7.23E-9M","7.21E-9M","7.21E-9M","7.2E-9M","7.2E-9M","7.159999999999999E-9M","7.14E-9M","7.120000000000001E-9M","7.700000000000001E-9M","7.09E-9M","7.03E-9M","7.020000000000001E-9M","7.0099999999999996E-9M","6.96E-9M","6.96E-9M","6.949999999999999E-9M","6.879999999999999E-9M","6.879999999999999E-9M","6.86E-9M","6.83E-9M","6.779999999999999E-9M","6.759999999999999E-9M","6.750000000000001E-9M","6.74E-9M","6.7000000000000004E-9M","6.69E-9M","6.65E-9M","6.64E-9M","6.63E-9M","6.63E-9M","6.579999999999999E-9M","6.550000000000001E-9M","6.53E-9M","6.5200000000000015E-9M","6.460000000000001E-8M","6.43E-9M","6.43E-9M","6.37E-9M","6.35E-9M","6.34E-9M","6.34E-9M","6.3299999999999994E-9M","6.31E-9M","6.290000000000001E-9M","6.28E-9M","6.28E-9M","6.28E-9M","6.26E-9M","6.2500000000000005E-9M","6.24E-9M","6.24E-9M","6.23E-9M","6.22E-9M","6.2E-9M","6.19E-9M","6.18E-9M","6.17E-9M","6.17E-9M","6.11E-9M","6.099999999999998E-9M","6.09E-9M","6.09E-9M","6.09E-9M","6.08E-9M","6.08E-9M","6.07E-9M","6.06E-9M","6.06E-9M","6.05E-9M"],"nokList":[]}