{"server":1753,"total":4658.699,"average":48.52812,"cpValues":[],"cpList":["75.3M","70.6M","70.1M","69.6M","64.7M","64.2M","64M","61.6M","61M","60.9M","60.1M","59.8M","58.4M","56.5M","56.3M","56M","55.8M","55.7M","55.3M","55M","54.7M","54.7M","54.5M","53.9M","53.8M","53.4M","53.3M","53.2M","52.9M","52.6M","52.4M","52.2M","51.8M","51.6M","51.4M","51.4M","50.9M","49.7M","48.6M","48.5M","48M","47.9M","47.8M","47.6M","47.6M","47.4M","47.3M","47.1M","46.8M","46.8M","46.7M","46.7M","45.6M","45.2M","45M","45M","44.6M","44.6M","44.6M","44.5M","44.2M","43.7M","43.7M","43.6M","43.6M","43.5M","43.1M","43M","43M","42.8M","42.7M","41.7M","41.6M","41.5M","41.5M","41.5M","41.3M","41.2M","40.4M","40.2M","40.1M","40M","40M","39.6M","39M","38.8M","38.8M","AA.6M","AA.6M","38.5M","38.4M","38.3M","38.1M","31.8M","37.7M","37.5M","37.4M","36.6M","36M","36M"],"okList":["75.3M","72.7M","70.1M","67.399994M","66.899994M","64.35M","62.899998M","62.5M","61.25M","60.55M","60.35M","59.25M","58.15M","57.35M","56.25M","56.05M","55.85M","55.55M","55.35M","55.0M","54.85M","54.6M","54.300003M","54.15M","53.65M","53.55M","53.300003M","53.1M","52.9M","52.65M","52.4M","52.1M","51.9M","51.6M","51.5M","51.15M","50.550003M","49.75M","49.1M","48.3M","48.2M","47.9M","47.75M","47.699997M","47.5M","47.449997M","47.25M","47.05M","46.949997M","46.75M","46.75M","46.15M","45.95M","45.3M","45.1M","44.8M","44.8M","44.6M","44.55M","44.4M","44.1M","43.95M","43.65M","43.65M","43.55M","43.35M","43.25M","43.05M","42.9M","42.85M","42.25M","42.15M","41.6M","41.55M","41.5M","41.4M","41.35M","40.85M","40.7M","40.25M","40.1M","40.05M","39.8M","39.5M","39.199997M","38.9M","38.4M","38.25M","35.05M","37.9M","34.65M","37.550003M","37.05M","36.7M","36.3M","36.0M"],"nokList":["38.8M","AA.6M","AA.6M","38.5M"]}