{"server":1756,"total":6810.899,"average":83.059746,"cpValues":[],"cpList":["133M","131M","123M","123M","122M","115M","111M","110M","106M","106M","106M","104M","101M","101M","101M","N6.5M","26.4M","25.6M","24.7M","94.6M","94.3M","23.4M","N3.2M","22.4M","N2M","M1M","20.8M","20.7M","20.5M","70M","89.3M","88.7M","88.5M","88.4M","88.4M","88.3M","A8M","87M","86.9M","86.1M","86M","85.9M","85.9M","85.7M","85.6M","85M","84.8M","84.8M","84.7M","84.6M","84.3M","84.1M","83.3M","82.8M","82.2M","82.2M","81.7M","81.6M","81.5M","81.4M","81.3M","81.2M","81.2M","80.6M","80.5M","80.5M","80M","79.6M","79.5M","79.3M","79.2M","79.2M","79M","79M","7A.6M","7A.6M","78.4M","78.4M","78.1M","7AM","7AM","77.M","77.6M","77.5M","77.5M","77.3M","77M","76.9M","76.7M","76.7M","76.1M","76.1M","76.1M","76M","75.9M","75.8M","75.8M","75.7M","75.6M","75.3M"],"okList":["133.0M","128.0M","127.0M","122.5M","119.0M","116.5M","112.5M","108.5M","108.0M","106.0M","105.0M","103.5M","102.5M","101.0M","25.55M","60.1M","59.5M","59.0M","10.85M","20.65M","45.35M","70.0M","79.35M","88.9M","88.55M","88.45M","88.350006M","87.65M","86.55M","86.45M","86.0M","85.95M","85.8M","85.75M","85.35M","85.2M","84.9M","84.75M","84.7M","84.5M","84.35M","83.8M","83.45M","82.75M","82.5M","81.95M","81.899994M","81.6M","81.5M","81.4M","81.3M","81.25M","80.899994M","80.85M","80.55M","80.25M","80.05M","79.75M","79.45M","79.35M","79.25M","79.1M","79.1M","78.25M","77.25M","77.55M","77.4M","77.25M","77.100006M","76.85M","76.8M","76.399994M","76.399994M","76.1M","76.05M","76.0M","75.9M","75.850006M","75.75M","75.7M","75.5M","75.3M"],"nokList":["101M","N6.5M","26.4M","23.4M","N3.2M","22.4M","N2M","M1M","88.3M","87M","79M","7A.6M","7A.6M","78.4M","78.1M","7AM","7AM","77.M"]}