{"time":1755518543620,"server":1772,"cpList":["77.3M","76.7M","73.7M","71.3M","69.3M","68.7M","67.4M","66.4M","66.1M","65.8M","64.1M","63.7M","61.9M","61.7M","60.1M","60M","59.1M","59.1M","57.6M","57.1M","56.8M","56.6M","54.8M","54.8M","54.6M","54M","53.7M","53.4M","53M","52.9M","52.6M","52.5M","52M","51.9M","57M","50.4M","50.2M","49.7M","49.5M","49.1M","48.8M","48.7M","47.9M","47.9M","47.2M","47.1M","47M","46.9M","46.6M","46.4M","46M","46M","46M","45.8M","45M","45M","44.9M","44.9M","446M","44.5M","44M","43.8M","43.8M","43.5M","43.4M","43.4M","43M","42.9M","42.8M","42.8M","42.8M","42.7M","42.7M","42.7M","42M","41.7M","41.1M","40.8M","40.8M","40.6M","40.5M","40.3M","40M","39.4M","39.4M","39.3M","39.2M","39.2M","38.8M","38.7M","38.3M","37.2M","37.2M","37.2M","37M","37M","36.9M","36.8M","365M","36.3M"],"okList":["77.3M","76.7M","73.7M","71.3M","69.3M","68.7M","67.4M","66.4M","66.1M","65.8M","64.1M","63.7M","61.9M","61.7M","60.1M","60.0M","59.1M","59.1M","57.6M","57.1M","56.8M","56.6M","54.8M","54.8M","54.6M","54.0M","53.7M","53.4M","53.0M","52.9M","0.526M","0.00525M","5.2E-5M","5.19E-7M","5.6999999999999994E-8M","5.040000000000001E-9M","5.0200000000000004E-9M","4.970000000000001E-9M","4.949999999999999E-9M","4.910000000000001E-9M","4.8800000000000005E-9M","4.870000000000001E-9M","4.79E-9M","4.79E-9M","4.72E-9M","4.7100000000000005E-9M","4.699999999999999E-9M","4.689999999999999E-9M","4.66E-9M","4.6400000000000005E-9M","4.6E-9M","4.6E-9M","4.6E-9M","4.58E-9M","4.500000000000001E-9M","4.500000000000001E-9M","4.49E-9M","4.49E-9M","4.4599999999999996E-8M","4.45E-9M","4.4000000000000005E-9M","4.379999999999999E-9M","4.379999999999999E-9M","4.35E-9M","4.34E-9M","4.34E-9M","4.3000000000000005E-9M","4.289999999999999E-9M","4.279999999999999E-9M","4.279999999999999E-9M","4.279999999999999E-9M","4.27E-9M","4.27E-9M","4.27E-9M","4.2E-9M","4.17E-9M","4.109999999999999E-9M","4.079999999999999E-9M","4.079999999999999E-9M","4.0600000000000005E-9M","4.050000000000001E-9M","4.03E-9M","4.0E-9M","3.94E-9M","3.94E-9M","3.9299999999999995E-9M","3.92E-9M","3.92E-9M","3.879999999999999E-9M","3.87E-9M","3.829999999999999E-9M","3.7200000000000012E-9M","3.7200000000000012E-9M","3.7200000000000012E-9M","3.7000000000000005E-9M","3.7000000000000005E-9M","3.6900000000000003E-9M","3.68E-9M","3.6499999999999996E-8M","3.63E-9M"],"nokList":[]}