{"time":1755518570366,"server":1774,"cpList":["82.8M","766M","66.8M","65.9M","65.6M","65M","64.3M","64.3M","63.7M","63.1M","62.4M","62.3M","61.1M","60.2M","59.6M","59.4M","57.7M","57.7M","57.5M","57.4M","56.9M","56.8M","56.8M","56.5M","56.2M","56M","54.8M","54.6M","543M","542M","53.9M","53.8M","53.6M","53.5M","53.4M","53.3M","53.2M","53.1M","52.6M","52.5M","52.2M","52.2M","51.9M","51.6M","51.5M","57M","50.8M","50.4M","50.3M","49.7M","49.6M","49.6M","49.5M","49.5M","49.4M","49.2M","49.1M","49.1M","48.7M","48.4M","48.3M","48.2M","47.9M","47.7M","47.7M","47.5M","47.4M","47.4M","47.4M","47.4M","47.2M","47.1M","47M","47M","46.6M","46.6M","46.4M","46.3M","462M","461M","46M","46M","45.7M","45.5M","45.4M","45.4M","45.1M","45M","45M","448M","448M","448M","44.8M","44.7M","44.6M","44.6M","44.5M","44.4M","443M","44.3M"],"okList":["0.00828M","1.66E-5M","6.679999999999999E-8M","6.590000000000001E-9M","6.56E-9M","6.500000000000001E-9M","6.43E-9M","6.43E-9M","6.37E-9M","6.31E-9M","6.24E-9M","6.23E-9M","6.11E-9M","6.02E-9M","5.96E-9M","5.9400000000000006E-9M","5.7700000000000005E-9M","5.7700000000000005E-9M","5.75E-9M","5.74E-9M","5.69E-9M","5.6799999999999986E-9M","5.6799999999999986E-9M","5.65E-9M","5.620000000000001E-9M","5.6000000000000005E-9M","5.48E-9M","5.4600000000000006E-9M","5.4299999999999997E-8M","5.4199999999999996E-8M","5.390000000000001E-9M","5.38E-9M","5.3600000000000005E-9M","5.350000000000001E-9M","5.34E-9M","5.329999999999999E-9M","5.32E-9M","5.310000000000001E-9M","5.2600000000000004E-9M","5.250000000000001E-9M","5.22E-9M","5.22E-9M","5.1900000000000005E-9M","5.160000000000001E-9M","5.15E-9M","5.7E-9M","5.080000000000001E-9M","5.040000000000001E-9M","5.03E-9M","4.970000000000001E-9M","4.96E-9M","4.96E-9M","4.949999999999999E-9M","4.949999999999999E-9M","4.940000000000001E-9M","4.920000000000001E-9M","4.910000000000001E-9M","4.910000000000001E-9M","4.870000000000001E-9M","4.839999999999999E-9M","4.83E-9M","4.820000000000001E-9M","4.79E-9M","4.770000000000001E-9M","4.770000000000001E-9M","4.7499999999999995E-9M","4.739999999999999E-9M","4.739999999999999E-9M","4.739999999999999E-9M","4.739999999999999E-9M","4.72E-9M","4.7100000000000005E-9M","4.699999999999999E-9M","4.699999999999999E-9M","4.66E-9M","4.66E-9M","4.6400000000000005E-9M","4.629999999999999E-9M","4.62E-8M","4.610000000000001E-8M","4.6E-9M","4.6E-9M","4.57E-9M","4.55E-9M","4.5400000000000005E-9M","4.5400000000000005E-9M","4.51E-9M","4.500000000000001E-9M","4.500000000000001E-9M","4.4800000000000004E-8M","4.4800000000000004E-8M","4.4800000000000004E-8M","4.48E-9M","4.4700000000000005E-9M","4.460000000000001E-9M","4.460000000000001E-9M","4.45E-9M","4.44E-9M","4.43E-8M","4.43E-9M"],"nokList":[]}