{
    "server": 1774,
    "total": 5062.1484,
    "average": 52.187096,
    "cpValues": [],
    "cpList": [
        "66.8M",
        "65.6M",
        "64.8M",
        "64.3M",
        "64.3M",
        "62.4M",
        "62M",
        "61.7M",
        "61.7M",
        "60.3M",
        "60.2M",
        "59.6M",
        "58.9M",
        "58.6M",
        "58.3M",
        "57.7M",
        "57.7M",
        "57.6M",
        "57.5M",
        "57.4M",
        "57M",
        "56.8M",
        "56.6M",
        "56.5M",
        "56.5M",
        "56.5M",
        "56M",
        "55.8M",
        "55.2M",
        "55M",
        "54.3M",
        "54.2M",
        "53.9M",
        "53.6M",
        "53.5M",
        "53.4M",
        "53.3M",
        "53.2M",
        "53.1M",
        "53M",
        "52.9M",
        "52.8M",
        "52.6M",
        "52.5M",
        "52.2M",
        "51.5M",
        "51.4M",
        "51M",
        "50.8M",
        "50.7M",
        "50.3M",
        "50.2M",
        "49.8M",
        "49.7M",
        "49.6M",
        "49.6M",
        "49.5M",
        "49.5M",
        "49.3M",
        "49.2M",
        "49.1M",
        "48.8M",
        "48.7M",
        "48.4M",
        "48.3M",
        "48.2M",
        "47.9M",
        "47.8M",
        "47.M",
        "47.M",
        "47.M",
        "47.5M",
        "47.4M",
        "47.4M",
        "47.4M",
        "47.4M",
        "47.4M",
        "47.2M",
        "47.1M",
        "47M",
        "47M",
        "46.6M",
        "46.6M",
        "46.3M",
        "46.2M",
        "46.1M",
        "46M",
        "46M",
        "45.8M",
        "45.7M",
        "45.7M",
        "45.5M",
        "45.4M",
        "#5.1M",
        "45.1M",
        "45M",
        "45M",
        "44.8M",
        "44.8M",
        "44.8M"
    ],
    "okList": [
        "66.8M",
        "65.8M",
        "64.95M",
        "64.55M",
        "63.350002M",
        "63.15M",
        "62.050003M",
        "61.85M",
        "61.0M",
        "60.95M",
        "59.949997M",
        "59.550003M",
        "59.1M",
        "58.6M",
        "58.15M",
        "58.0M",
        "57.65M",
        "57.6M",
        "57.5M",
        "57.25M",
        "57.1M",
        "56.8M",
        "56.65M",
        "56.55M",
        "56.5M",
        "56.25M",
        "56.15M",
        "55.6M",
        "55.4M",
        "54.75M",
        "54.6M",
        "54.1M",
        "53.9M",
        "53.7M",
        "53.5M",
        "53.4M",
        "53.300003M",
        "53.199997M",
        "53.1M",
        "53.0M",
        "52.9M",
        "52.75M",
        "52.65M",
        "52.4M",
        "52.0M",
        "51.800003M",
        "51.25M",
        "51.1M",
        "50.85M",
        "50.55M",
        "50.45M",
        "50.05M",
        "49.95M",
        "49.699997M",
        "49.65M",
        "49.55M",
        "49.55M",
        "49.4M",
        "49.35M",
        "49.199997M",
        "49.0M",
        "48.9M",
        "48.6M",
        "48.5M",
        "48.300003M",
        "48.1M",
        "48.0M",
        "47.45M",
        "47.4M",
        "47.0M",
        "47.0M",
        "47.2M",
        "47.45M",
        "47.4M",
        "47.4M",
        "47.4M",
        "47.300003M",
        "47.25M",
        "47.1M",
        "47.05M",
        "46.8M",
        "46.8M",
        "46.449997M",
        "46.4M",
        "46.199997M",
        "46.1M",
        "46.05M",
        "45.9M",
        "45.85M",
        "45.75M",
        "45.6M",
        "45.550003M",
        "45.4M",
        "45.1M",
        "45.1M",
        "45.05M",
        "44.9M",
        "44.9M",
        "44.8M",
        "44.8M"
    ],
    "nokList": []
}