{"server":1792,"total":4786.501,"average":47.86501,"cpValues":[],"cpList":["21.3M","75.7M","72.7M","70M","69M","67M","64.2M","63.6M","63.1M","62.1M","61.5M","59.2M","58.9M","58.4M","58.2M","58.2M","57.2M","56.5M","56.5M","56.2M","55.6M","55.6M","55.4M","54.2M","53.7M","53.3M","53M","52.9M","52.8M","52.5M","51.1M","50.9M","50.4M","50.4M","50.2M","49.5M","49.3M","49.2M","47.9M","47.8M","47.5M","47.4M","47.3M","47.2M","47.2M","46.7M","46.7M","46.5M","45.9M","45.4M","45.4M","45.3M","45.3M","45M","44.8M","44.8M","44.6M","44.2M","43.6M","43.6M","43.4M","43M","42.8M","42.4M","42.4M","42.2M","41.9M","41.7M","41.3M","40.8M","40.8M","40.4M","39.9M","39.9M","39.4M","39M","38.9M","38.8M","38.4M","38.2M","38.2M","38.1M","78M","78M","37.9M","37.9M","37.8M","37.6M","37.4M","37.2M","36.8M","36.7M","36.5M","36.3M","36.2M","36M","35.9M","35.5M","35.5M","35.2M"],"okList":["21.3M","47.0M","72.85M","70.85M","68.5M","66.6M","65.3M","63.649998M","62.85M","62.3M","60.65M","60.2M","58.800003M","58.550003M","58.300003M","57.7M","57.35M","56.85M","56.35M","56.05M","55.9M","55.5M","54.9M","54.550003M","53.75M","53.35M","53.1M","52.9M","52.7M","51.949997M","51.7M","50.75M","50.65M","50.300003M","49.95M","49.75M","49.35M","48.6M","48.5M","47.7M","47.6M","47.4M","47.300003M","47.25M","46.95M","46.95M","46.6M","46.300003M","45.95M","45.65M","45.35M","45.35M","45.15M","45.05M","44.9M","44.699997M","44.5M","44.1M","43.9M","43.5M","43.3M","43.1M","42.7M","42.6M","42.300003M","42.15M","41.95M","41.6M","41.25M","41.05M","40.6M","40.35M","40.15M","39.65M","39.45M","39.15M","38.9M","38.65M","38.5M","38.300003M","38.15M","58.1M","78.0M","57.95M","57.95M","37.85M","37.75M","37.6M","37.4M","37.1M","36.95M","36.65M","36.5M","36.35M","36.15M","36.050003M","35.75M","35.7M","35.35M","35.2M"],"nokList":[]}