{"time":1755518729160,"server":1802,"cpList":["95.2M","93M","85M","842M","79.3M","78.1M","77.2M","76.8M","76.3M","75.8M","75.4M","75.1M","74.9M","73.4M","72.4M","72.3M","77M","70.7M","69.6M","68.5M","67.9M","67.8M","66.8M","66.6M","66.5M","66.4M","66.4M","66.2M","66.1M","66.1M","66M","65.7M","65.5M","65.4M","65.3M","65M","64.9M","64.9M","64.8M","64M","63.8M","63.7M","63.3M","63.3M","62.9M","62.8M","62.8M","62.6M","62.5M","62.2M","62.2M","62.1M","62.1M","62M","62M","62M","62M","61.9M","61.8M","61.5M","61.4M","61.3M","61M","61M","61M","60.8M","60.5M","60.4M","60.3M","60.2M","60.1M","59.9M","59.9M","59.8M","59.7M","59.4M","59.2M","59.2M","59.2M","58.7M","58.5M","58.4M","58.4M","58.3M","58.3M","58.2M","58M","57.9M","57.7M","57.6M","57.2M","57.1M","56.9M","56.8M","56.5M","56.3M","56.2M","56.2M","562M","56M"],"okList":["95.2M","93.0M","85.0M","84.2M","79.3M","78.1M","77.2M","76.8M","76.3M","75.8M","75.4M","75.1M","0.7490000000000001M","0.007340000000000001M","7.240000000000001E-5M","7.23E-7M","7.699999999999999E-8M","7.070000000000001E-9M","6.96E-9M","6.85E-9M","6.790000000000001E-9M","6.779999999999999E-9M","6.68E-9M","6.66E-9M","6.65E-9M","6.64E-9M","6.64E-9M","6.62E-9M","6.609999999999999E-9M","6.609999999999999E-9M","6.6E-9M","6.57E-9M","6.550000000000001E-9M","6.54E-9M","6.53E-9M","6.500000000000001E-9M","6.4900000000000005E-9M","6.4900000000000005E-9M","6.48E-9M","6.4E-9M","6.380000000000001E-9M","6.37E-9M","6.3299999999999994E-9M","6.3299999999999994E-9M","6.290000000000001E-9M","6.28E-9M","6.28E-9M","6.26E-9M","6.2500000000000005E-9M","6.22E-9M","6.22E-9M","6.210000000000001E-9M","6.210000000000001E-9M","6.2E-9M","6.2E-9M","6.2E-9M","6.2E-9M","6.19E-9M","6.18E-9M","6.1500000000000005E-9M","6.14E-9M","6.13E-9M","6.099999999999998E-9M","6.099999999999998E-9M","6.099999999999998E-9M","6.08E-9M","6.05E-9M","6.040000000000001E-9M","6.03E-9M","6.02E-9M","6.01E-9M","5.99E-9M","5.99E-9M","5.9800000000000004E-9M","5.97E-9M","5.9400000000000006E-9M","5.920000000000001E-9M","5.920000000000001E-9M","5.920000000000001E-9M","5.870000000000001E-9M","5.8499999999999994E-9M","5.84E-9M","5.84E-9M","5.83E-9M","5.83E-9M","5.820000000000001E-9M","5.8E-9M","5.79E-9M","5.7700000000000005E-9M","5.760000000000001E-9M","5.72E-9M","5.71E-9M","5.69E-9M","5.6799999999999986E-9M","5.65E-9M","5.63E-9M","5.620000000000001E-9M","5.620000000000001E-9M","5.620000000000001E-8M","5.6000000000000005E-9M"],"nokList":[]}