{"server":1803,"total":6139.951,"average":65.31863,"cpValues":[],"cpList":["26.4M","87.7M","84.9M","84.3M","83.7M","82M","81.3M","80.3M","79.4M","79.2M","78.7M","78.3M","78.2M","77M","76.3M","76.1M","74.6M","74M","73.7M","73.2M","72.9M","72.5M","72M","71.6M","71.3M","70.8M","70.7M","70.7M","70.7M","70.5M","69.2M","68.9M","68.8M","6A.6M","68.4M","68.4M","68.3M","6AM","67.7M","67.7M","67.7M","66.9M","66.4M","66.3M","66.1M","66.1M","6M","65.7M","65.5M","65.2M","65M","65M","64.6M","64.3M","64.2M","64.1M","64M","64M","63.5M","62.7M","62.7M","62.2M","62.2M","62.1M","62.1M","61.9M","61.9M","61.6M","61.5M","61.4M","61.3M","61M","60.9M","60.9M","60.9M","60.9M","60.7M","60.2M","59.9M","59.9M","59.6M","59.5M","59.5M","59.4M","59.4M","59M","58.8M","58.8M","58.5M","58.4M","58.3M","5AM","57.6M","57.5M","57.5M","57.4M","56.9M","56.8M","56.3M","56.2M"],"okList":["26.4M","55.65M","86.0M","84.3M","83.15M","82.5M","81.15M","80.350006M","79.75M","79.05M","78.75M","78.45M","77.65M","77.25M","76.55M","75.45M","75.05M","74.149994M","73.6M","73.3M","72.85M","72.45M","72.05M","71.65M","71.2M","71.0M","70.75M","70.7M","70.6M","69.95M","69.7M","69.0M","68.600006M","68.350006M","68.0M","67.7M","67.3M","67.05M","66.600006M","66.25M","66.2M","36.05M","65.899994M","35.75M","65.45M","65.25M","65.1M","64.8M","64.65M","64.399994M","64.2M","64.1M","64.05M","63.75M","63.35M","63.1M","62.45M","62.45M","62.15M","62.15M","62.0M","62.0M","61.75M","61.7M","61.5M","61.4M","61.2M","61.1M","60.95M","60.9M","60.9M","60.800003M","60.550003M","60.300003M","60.050003M","59.75M","59.7M","59.55M","59.45M","59.45M","59.2M","59.1M","58.9M","58.65M","58.6M","58.4M","57.949997M","57.55M","57.45M","57.2M","57.1M","56.6M","56.5M","56.2M"],"nokList":["68.8M","68.4M","68.3M","67.7M","58.3M","57.6M"]}