{"time":1755518755390,"server":1803,"cpList":["101M","93M","88.8M","88.1M","842M","82.7M","82.7M","82M","81.8M","81.8M","81.7M","80.7M","80.3M","79.6M","79M","78.8M","76.4M","76.1M","76.1M","75.7M","75.5M","74.9M","74.7M","74.5M","742M","74.1M","73.8M","73.7M","73.1M","73M","72.2M","72M","71.9M","71.5M","71.4M","70.4M","70.2M","70.1M","70M","69.7M","69.6M","69.5M","69.4M","69.4M","68.8M","68.2M","68.2M","68.1M","68.1M","67.7M","67.2M","67.1M","67.1M","66.9M","66.1M","66M","65.7M","65.7M","65.5M","65.5M","65.2M","64.9M","64.8M","64.5M","64.5M","64.4M","64.4M","64M","64M","63.9M","63.9M","63.8M","63.6M","63.6M","63.4M","63.4M","63.1M","63.1M","62.8M","62.7M","62.5M","62.3M","61.6M","61.5M","61.3M","60.8M","60.7M","60.4M","60.2M","60.1M","59.6M","59.4M","59.4M","59.4M","59.2M","59.1M","59.1M","58.8M","58.8M","58.8M"],"okList":["101.0M","93.0M","88.8M","88.1M","84.2M","82.7M","82.7M","82.0M","81.8M","81.8M","81.7M","80.7M","80.3M","79.6M","79.0M","78.8M","76.4M","76.1M","76.1M","75.7M","0.755M","0.007490000000000001M","7.47E-5M","7.45E-6M","1.4199999999999997E-7M","7.410000000000001E-8M","7.3800000000000006E-9M","7.37E-9M","7.31E-9M","7.3E-9M","7.2199999999999995E-9M","7.2E-9M","7.190000000000001E-9M","7.15E-9M","7.14E-9M","7.040000000000001E-9M","7.020000000000001E-9M","7.0099999999999996E-9M","7.0E-9M","6.97E-9M","6.96E-9M","6.949999999999999E-9M","6.9400000000000004E-9M","6.9400000000000004E-9M","6.879999999999999E-9M","6.82E-9M","6.82E-9M","6.8099999999999994E-9M","6.8099999999999994E-9M","6.77E-9M","6.720000000000001E-9M","6.709999999999999E-9M","6.709999999999999E-9M","6.69E-9M","6.609999999999999E-9M","6.6E-9M","6.57E-9M","6.57E-9M","6.550000000000001E-9M","6.550000000000001E-9M","6.5200000000000015E-9M","6.4900000000000005E-9M","6.48E-9M","6.45E-9M","6.45E-9M","6.440000000000001E-9M","6.440000000000001E-9M","6.4E-9M","6.4E-9M","6.39E-9M","6.39E-9M","6.380000000000001E-9M","6.36E-9M","6.36E-9M","6.34E-9M","6.34E-9M","6.31E-9M","6.31E-9M","6.28E-9M","6.270000000000001E-9M","6.2500000000000005E-9M","6.23E-9M","6.159999999999999E-9M","6.1500000000000005E-9M","6.13E-9M","6.08E-9M","6.07E-9M","6.040000000000001E-9M","6.02E-9M","6.01E-9M","5.96E-9M","5.9400000000000006E-9M","5.9400000000000006E-9M","5.9400000000000006E-9M","5.920000000000001E-9M","5.91E-9M","5.91E-9M","5.88E-9M","5.88E-9M","5.88E-9M"],"nokList":[]}