{"time":1755518782082,"server":1804,"cpList":["71.4M","70.7M","69.4M","68.6M","66.3M","65.3M","65.2M","65M","64.7M","64.3M","64.1M","64.1M","63.9M","63.6M","63.3M","63.1M","62.9M","62.3M","62M","61.6M","61.4M","612M","60.9M","60.4M","60.1M","60M","59.2M","59M","58.7M","58.5M","58.2M","58M","57.9M","57.2M","57.2M","56.9M","56.9M","56.8M","56.7M","56.5M","56.4M","56.2M","56M","55.8M","55.7M","55.2M","55.2M","54.9M","54.7M","54.6M","54.5M","54.5M","543M","542M","542M","54.1M","53.6M","53.3M","53.2M","53.2M","53M","53M","52.8M","52.8M","52.7M","52.2M","52.1M","52.1M","52.1M","52.1M","51.9M","51.8M","51.6M","51.6M","51.5M","51.3M","57M","50.8M","50.7M","50.2M","50.1M","50.1M","50M","50M","49.9M","49.6M","49.3M","49M","49M","48.5M","48.3M","48.3M","47.8M","47.8M","47.8M","47.7M","47.2M","47.2M","46.8M","46.8M"],"okList":["71.4M","70.7M","69.4M","68.6M","66.3M","65.3M","65.2M","65.0M","64.7M","64.3M","64.1M","64.1M","63.9M","63.6M","63.3M","63.1M","62.9M","62.3M","62.0M","61.6M","61.4M","61.2M","60.9M","60.4M","60.1M","60.0M","59.2M","59.0M","58.7M","58.5M","58.2M","58.0M","57.9M","57.2M","57.2M","56.9M","56.9M","56.8M","56.7M","56.5M","56.4M","56.2M","56.0M","55.8M","55.7M","55.2M","55.2M","54.9M","54.7M","54.6M","54.5M","54.5M","54.3M","54.2M","54.2M","54.1M","53.6M","53.3M","53.2M","53.2M","53.0M","53.0M","52.8M","52.8M","52.7M","52.2M","52.1M","52.1M","52.1M","52.1M","51.9M","51.8M","0.516M","0.0051600000000000005M","5.15E-5M","5.13E-7M","5.6999999999999994E-8M","5.080000000000001E-9M","5.07E-9M","5.0200000000000004E-9M","5.01E-9M","5.01E-9M","5.0E-9M","5.0E-9M","4.989999999999999E-9M","4.96E-9M","4.930000000000001E-9M","4.9E-9M","4.9E-9M","4.8500000000000004E-9M","4.83E-9M","4.83E-9M","4.779999999999999E-9M","4.779999999999999E-9M","4.779999999999999E-9M","4.770000000000001E-9M","4.72E-9M","4.72E-9M","4.68E-9M","4.68E-9M"],"nokList":[]}