{"time":1755518808552,"server":1805,"cpList":["114M","113M","770M","105M","103M","100M","100M","99.3M","98.2M","98.1M","95.6M","95.2M","95.1M","946M","94.4M","93.4M","93.2M","92.8M","92.5M","92M","89.9M","86.3M","85.4M","85.3M","85.1M","85.1M","84.9M","848M","84.5M","84.4M","843M","84M","83.7M","83.3M","83.1M","82.6M","82.1M","82.1M","82M","80.9M","80.9M","80.7M","80.1M","80M","79.9M","79.6M","79.5M","79.5M","79.4M","79.3M","79.2M","79.1M","79M","78.8M","78.7M","78.6M","78.6M","78.4M","78M","78M","77.8M","77.7M","77.7M","77.7M","77.7M","77.6M","77.5M","77.3M","77.2M","77.1M","76.7M","766M","76.4M","76.3M","762M","76M","75.8M","75.7M","75.7M","75.6M","75.5M","75.4M","75.3M","75.2M","75.2M","75.1M","74.9M","74.8M","74.7M","742M","742M","742M","74.1M","73.9M","73.6M","73.6M","73.6M","73.5M","73.4M","73.3M"],"okList":["0.00114M","1.1299999999999999E-5M","1.7E-6M","1.05E-7M","1.0300000000000001E-7M","1.0000000000000001E-7M","1.0000000000000001E-7M","9.93E-8M","9.820000000000001E-9M","9.81E-9M","9.559999999999998E-9M","9.52E-9M","9.51E-9M","9.460000000000001E-8M","9.44E-9M","9.340000000000001E-9M","9.32E-9M","9.280000000000001E-9M","9.250000000000002E-9M","9.2E-9M","8.99E-9M","8.630000000000002E-9M","8.54E-9M","8.530000000000001E-9M","8.510000000000001E-9M","8.510000000000001E-9M","8.49E-9M","8.48E-8M","8.45E-9M","8.440000000000001E-9M","8.430000000000001E-8M","8.4E-9M","8.37E-9M","8.329999999999999E-9M","8.31E-9M","8.260000000000001E-9M","8.21E-9M","8.21E-9M","8.199999999999999E-9M","8.09E-9M","8.09E-9M","8.07E-9M","8.009999999999999E-9M","8.0E-9M","7.99E-9M","7.96E-9M","7.950000000000002E-9M","7.950000000000002E-9M","7.94E-9M","7.929999999999999E-9M","7.92E-9M","7.909999999999998E-9M","7.900000000000001E-9M","7.88E-9M","7.87E-9M","7.859999999999999E-9M","7.859999999999999E-9M","7.84E-9M","7.799999999999999E-9M","7.799999999999999E-9M","7.780000000000001E-9M","7.770000000000001E-9M","7.770000000000001E-9M","7.770000000000001E-9M","7.770000000000001E-9M","7.759999999999998E-9M","7.75E-9M","7.729999999999999E-9M","7.72E-9M","7.71E-9M","7.669999999999999E-9M","1.66E-8M","7.640000000000001E-9M","7.630000000000001E-9M","1.6200000000000003E-8M","7.6E-9M","7.579999999999999E-9M","7.570000000000001E-9M","7.570000000000001E-9M","7.56E-9M","7.550000000000001E-9M","7.54E-9M","7.53E-9M","7.519999999999999E-9M","7.519999999999999E-9M","7.509999999999999E-9M","7.490000000000001E-9M","7.48E-9M","7.47E-9M","1.4199999999999998E-8M","1.4199999999999998E-8M","1.4199999999999998E-8M","7.41E-9M","7.39E-9M","7.36E-9M","7.36E-9M","7.36E-9M","7.35E-9M","7.340000000000001E-9M","7.329999999999999E-9M"],"nokList":[]}