{"time":1755518835174,"server":1809,"cpList":["74.9M","72.4M","70M","68.7M","66.4M","65.4M","63.9M","63.7M","62.3M","61.3M","61.1M","61M","61M","60.7M","60.6M","60.2M","60.2M","59.9M","59.6M","58.8M","58.6M","58.4M","58.4M","58.3M","57.8M","57.5M","57.4M","56.6M","56.4M","56.4M","56.3M","56.3M","56.2M","56M","55.8M","55.4M","55.2M","55M","54.8M","54.7M","54.5M","54.5M","54.1M","54.1M","53.2M","53.1M","53.1M","53M","53M","53M","52.7M","52.7M","52.6M","52.5M","52.5M","52M","51.7M","51.5M","51.4M","51.3M","57M","50.8M","50.7M","50.2M","49.9M","49.8M","49.6M","49.6M","49M","49M","48.9M","48.6M","48M","48M","48M","47.9M","47.8M","47.6M","47.6M","47.5M","47.5M","47.3M","47.2M","47.2M","47.1M","47.1M","468M","46.7M","46.6M","462M","462M","45.9M","45.7M","45.6M","45.6M","45.6M","45.6M","45.6M","45.3M","45.2M"],"okList":["74.9M","72.4M","70.0M","68.7M","66.4M","65.4M","63.9M","63.7M","62.3M","61.3M","61.1M","61.0M","61.0M","60.7M","60.6M","60.2M","60.2M","59.9M","59.6M","58.8M","58.6M","58.4M","58.4M","58.3M","57.8M","57.5M","57.4M","56.6M","56.4M","56.4M","56.3M","56.3M","56.2M","56.0M","55.8M","55.4M","55.2M","55.0M","54.8M","54.7M","54.5M","54.5M","54.1M","54.1M","53.2M","53.1M","53.1M","53.0M","53.0M","53.0M","52.7M","52.7M","52.6M","52.5M","52.5M","52.0M","0.517M","0.00515M","5.14E-5M","5.13E-7M","5.6999999999999994E-8M","5.080000000000001E-9M","5.07E-9M","5.0200000000000004E-9M","4.989999999999999E-9M","4.979999999999999E-9M","4.96E-9M","4.96E-9M","4.9E-9M","4.9E-9M","4.89E-9M","4.86E-9M","4.8E-9M","4.8E-9M","4.8E-9M","4.79E-9M","4.779999999999999E-9M","4.76E-9M","4.76E-9M","4.7499999999999995E-9M","4.7499999999999995E-9M","4.73E-9M","4.72E-9M","4.72E-9M","4.7100000000000005E-9M","4.7100000000000005E-9M","4.6799999999999996E-8M","4.670000000000001E-9M","4.66E-9M","4.62E-8M","4.62E-8M","4.59E-9M","4.57E-9M","4.559999999999999E-9M","4.559999999999999E-9M","4.559999999999999E-9M","4.559999999999999E-9M","4.559999999999999E-9M","4.529999999999999E-9M","4.519999999999999E-9M"],"nokList":[]}