{"server":1809,"total":3775.8997,"average":44.951187,"cpValues":[],"cpList":["76.4M","65.4M","63.7M","62.3M","59.2M","5AM","57.QM","57.5M","57.5M","56.7M","56.2M","55.5M","55.3M","54.7M","54.7M","54.4M","54.3M","54.1M","53.2M","53.1M","53M","52.7M","52.7M","52.5M","52M","51.5M","50.6M","50.4M","50.2M","49.8M","49M","48.6M","48M","48M","46.7M","46.6M","46.2M","45.9M","45.6M","45.6M","45.6M","45.6M","45M","44.9M","44.7M","44.6M","44.3M","43.9M","43.8M","43.6M","43M","42.7M","42.4M","41.7M","41.6M","41.5M","41.5M","41.3M","41.2M","40.8M","40.5M","40.3M","40.1M","40.1M","39.9M","39.8M","39.4M","AA.6M","38.1M","37.7M","37.4M","37M","A6.9M","A6.6M","36.3M","36.3M","A6.1M","A6M","35.2M","35.1M","34.7M","34.7M","34.6M","34.6M","34.5M","34.4M","34.2M","33.9M","33.9M","A3.6M","33.5M","33.4M","33.2M","33.2M","33.1M","33.1M","32.9M","32.7M","32.5M","32.3M"],"okList":["76.4M","70.05M","63.85M","61.45M","57.1M","56.85M","56.1M","55.75M","55.1M","55.0M","54.550003M","54.5M","54.25M","53.75M","53.6M","53.1M","52.9M","52.85M","52.6M","52.35M","52.0M","51.3M","50.95M","50.4M","50.1M","49.6M","49.199997M","48.5M","48.3M","47.35M","47.3M","46.45M","46.25M","45.9M","45.75M","45.6M","45.6M","45.3M","45.25M","44.85M","44.75M","44.5M","44.25M","44.05M","43.75M","43.4M","43.15M","42.7M","42.2M","42.0M","41.6M","41.55M","41.4M","41.35M","41.05M","40.85M","40.55M","40.3M","40.199997M","40.0M","39.949997M","39.65M","38.75M","37.75M","37.35M","34.95M","34.9M","34.65M","34.65M","34.55M","34.5M","34.35M","34.15M","34.050003M","33.7M","33.35M","33.300003M","33.15M","33.15M","33.0M","32.9M","32.7M","32.5M","32.3M"],"nokList":["59.2M","5AM","57.QM","57.5M","39.4M","38.1M","37M","A6.9M","A6.6M","36.3M","36.3M","A6.1M","A6M","35.2M","33.9M","33.5M"]}