{"server":1812,"total":4926.4497,"average":49.76212,"cpValues":[],"cpList":["74.4M","71.4M","67.1M","65.6M","64.7M","64.2M","64.1M","61.2M","61.1M","60.6M","58.5M","57.8M","57.2M","56.9M","56.7M","56.5M","56.3M","56.1M","56.1M","56M","55.5M","55.2M","54.4M","54.4M","54.1M","53.8M","53.7M","53.6M","53.5M","53.5M","53.4M","53.4M","53.1M","53M","53M","52.9M","52.7M","52.4M","52.3M","52.2M","52.1M","51.7M","51.7M","51.7M","51.3M","51.3M","50.5M","50.4M","50.4M","49.6M","49.6M","49.5M","49M","48.7M","48.7M","48.2M","48.1M","47.6M","47.3M","47M","46.8M","46.8M","46.8M","46.5M","46.4M","45.5M","45.3M","44.6M","44.5M","44.4M","44.1M","43.9M","43.6M","43.4M","42.6M","42.5M","42.3M","41.9M","41.3M","41.3M","41.1M","41.1M","40.8M","40.5M","40.5M","40.3M","40.3M","39.8M","39.7M","39.4M","39.4M","39.2M","39M","39M","39M","38.8M","38.7M","38.6M","38.5M","3A.3M"],"okList":["74.4M","70.75M","68.5M","65.899994M","64.899994M","64.399994M","62.699997M","62.6M","60.9M","59.8M","59.199997M","57.85M","57.35M","56.95M","56.7M","56.5M","56.3M","56.199997M","56.05M","55.8M","55.6M","54.95M","54.800003M","54.25M","54.1M","53.9M","53.699997M","53.6M","53.55M","53.45M","53.45M","53.25M","53.2M","53.05M","52.95M","52.85M","52.65M","52.5M","52.300003M","52.199997M","51.95M","51.9M","51.7M","51.5M","51.5M","50.9M","50.85M","50.45M","50.0M","50.0M","49.55M","49.3M","49.1M","48.85M","48.45M","48.4M","47.9M","47.699997M","47.3M","47.05M","46.9M","46.8M","46.65M","46.6M","46.0M","45.85M","45.05M","44.9M","44.5M","44.3M","44.15M","43.85M","43.65M","43.1M","42.95M","42.449997M","42.2M","41.8M","41.6M","41.199997M","41.199997M","40.949997M","40.8M","40.65M","40.4M","40.4M","40.05M","40.0M","39.6M","39.550003M","39.300003M","39.2M","39.1M","39.0M","38.9M","38.85M","38.699997M","38.6M","38.3M"],"nokList":["38.5M"]}