{"time":1756247316239,"server":1812,"cpList":["81.3M","75.8M","69.9M","68.3M","68.1M","67.3M","67.1M","67M","65.5M","64.2M","61.6M","612M","60.6M","60.3M","59.7M","59.7M","59.5M","59.4M","59.3M","58.2M","58.1M","58M","57.6M","57.1M","57M","56.9M","56.7M","56.5M","55.9M","55.7M","55.6M","55.3M","55.1M","54.9M","54.7M","54.6M","54.2M","54M","53.9M","53.8M","53.5M","53.5M","53.2M","53.1M","53M","53M","53M","52.9M","52.8M","52.5M","52.4M","51.8M","51.7M","51.5M","51.4M","51.3M","50.8M","50.2M","50.1M","49.7M","49.6M","49.1M","49M","48.7M","48.3M","48.3M","48.3M","48.2M","48.1M","46.5M","46.3M","45.8M","45.4M","45.2M","45M","44.6M","44.4M","43.8M","43.6M","42.8M","42.6M","42.5M","423M","423M","42.2M","41.9M","41.7M","41.5M","413M","412M","411M","411M","4.1M","40.8M","40.5M","40.3M","40.3M","40.2M","39.8M","39.4M"],"okList":["81.3M","75.8M","69.9M","68.3M","68.1M","67.3M","67.1M","67.0M","65.5M","64.2M","61.6M","61.2M","60.6M","60.3M","59.7M","59.7M","59.5M","59.4M","59.3M","58.2M","58.1M","58.0M","57.6M","57.1M","57.0M","56.9M","56.7M","56.5M","55.9M","55.7M","55.6M","55.3M","55.1M","54.9M","54.7M","54.6M","54.2M","54.0M","53.9M","53.8M","53.5M","53.5M","53.2M","53.1M","53.0M","53.0M","53.0M","52.9M","52.8M","52.5M","52.4M","51.8M","51.7M","51.5M","51.4M","51.3M","50.8M","50.2M","50.1M","49.7M","49.6M","49.1M","49.0M","48.7M","48.3M","48.3M","48.3M","48.2M","48.1M","46.5M","46.3M","45.8M","45.4M","45.2M","45.0M","44.6M","44.4M","43.8M","43.6M","42.8M","42.6M","42.5M","42.3M","42.3M","42.2M","41.9M","41.7M","41.5M","41.3M","41.2M","41.1M","41.1M","4.1M","4.08M","4.05M","4.029999999999999M","4.029999999999999M","4.0200000000000005M","3.9799999999999995M","3.94M"],"nokList":[]}