{"time":1755518888027,"server":1816,"cpList":["135M","97.9M","97.5M","97.2M","95.7M","92.2M","87.3M","87.3M","87M","86.9M","84.1M","83.4M","83.3M","83M","82.6M","82.4M","80.6M","80M","79.6M","79.4M","79.1M","79.1M","79M","77.9M","77.8M","77.5M","77.3M","77M","76.8M","74.9M","74.8M","74.4M","74.3M","73.9M","73.7M","73.7M","73.7M","73.3M","73.3M","72.3M","71.9M","71.8M","71.5M","71.3M","71.1M","77M","77M","70.3M","69.7M","69.5M","69.2M","69.1M","69M","68.8M","68.8M","68.8M","68.3M","67.6M","67.5M","67.4M","67M","66.7M","66.7M","66.6M","66.4M","66M","66M","65.7M","65.6M","65.6M","65.6M","65.5M","65.4M","65M","65M","64.8M","64.5M","642M","642M","63.6M","63.6M","63.6M","63.5M","63.3M","63.2M","63.2M","63.2M","63.1M","62.9M","62.8M","62.8M","62.6M","62.6M","62.3M","62.2M","62.2M","62.2M","62.1M","61.7M","61.6M"],"okList":["135.0M","97.9M","97.5M","97.2M","95.7M","92.2M","87.3M","87.3M","87.0M","86.9M","84.1M","83.4M","83.3M","83.0M","82.6M","82.4M","80.6M","80.0M","79.6M","79.4M","79.1M","79.1M","79.0M","77.9M","77.8M","77.5M","77.3M","77.0M","76.8M","74.9M","74.8M","74.4M","74.3M","73.9M","73.7M","73.7M","73.7M","73.3M","73.3M","72.3M","71.9M","0.718M","0.00715M","7.13E-5M","7.11E-7M","7.699999999999999E-8M","7.700000000000001E-9M","7.03E-9M","6.97E-9M","6.949999999999999E-9M","6.92E-9M","6.91E-9M","6.9E-9M","6.879999999999999E-9M","6.879999999999999E-9M","6.879999999999999E-9M","6.83E-9M","6.759999999999999E-9M","6.750000000000001E-9M","6.74E-9M","6.7000000000000004E-9M","6.670000000000001E-9M","6.670000000000001E-9M","6.66E-9M","6.64E-9M","6.6E-9M","6.6E-9M","6.57E-9M","6.56E-9M","6.56E-9M","6.56E-9M","6.550000000000001E-9M","6.54E-9M","6.500000000000001E-9M","6.500000000000001E-9M","6.48E-9M","6.45E-9M","6.419999999999999E-8M","6.419999999999999E-8M","6.36E-9M","6.36E-9M","6.36E-9M","6.35E-9M","6.3299999999999994E-9M","6.3200000000000005E-9M","6.3200000000000005E-9M","6.3200000000000005E-9M","6.31E-9M","6.290000000000001E-9M","6.28E-9M","6.28E-9M","6.26E-9M","6.26E-9M","6.23E-9M","6.22E-9M","6.22E-9M","6.22E-9M","6.210000000000001E-9M","6.17E-9M","6.159999999999999E-9M"],"nokList":[]}