{"server":1827,"total":5275.6006,"average":52.756004,"cpValues":[],"cpList":["78.3M","78.1M","76.3M","75.8M","69.7M","69.1M","67.4M","67.3M","64.9M","64.6M","63.7M","63.6M","63.1M","63M","62.7M","62.4M","62.4M","61.9M","61.6M","60.7M","60.5M","60M","59.3M","59M","58.9M","58.5M","58.2M","57.3M","56.8M","56.7M","56.6M","56.5M","55.8M","55.3M","55M","55M","54.6M","54.4M","54.3M","53.7M","53.6M","52.9M","52.9M","52.8M","52.8M","52.1M","52.1M","52M","51.5M","51.2M","51.1M","50.6M","50.3M","49.9M","49.7M","49.3M","49M","49M","48.M","48.8M","48.4M","48.3M","47.6M","47.3M","47.2M","47.1M","46.9M","46.4M","46.1M","46.1M","46M","45.9M","45.8M","45.7M","45.6M","45.5M","44.9M","44.9M","44.8M","44.8M","44.3M","44.2M","44.1M","43.8M","43.7M","43.7M","43.5M","43.4M","43.3M","43M","42.9M","42.5M","42.4M","42.3M","41.9M","41.9M","41.8M","41.8M","41.7M","41.5M"],"okList":["78.3M","77.3M","76.95M","73.0M","72.45M","68.55M","68.2M","66.15M","65.95M","64.3M","64.1M","63.4M","63.3M","62.9M","62.7M","62.550003M","62.15M","62.0M","61.300003M","61.05M","60.35M","59.9M","59.5M","59.1M","58.75M","58.550003M","57.9M","57.5M","57.0M","56.699997M","56.6M","56.199997M","55.9M","55.4M","55.15M","54.8M","54.7M","54.449997M","54.050003M","53.949997M","53.300003M","53.25M","52.85M","52.85M","52.449997M","52.449997M","52.05M","51.8M","51.6M","51.3M","50.9M","50.699997M","50.25M","50.0M","49.6M","49.35M","49.15M","48.5M","48.9M","48.2M","48.55M","48.0M","47.8M","47.4M","47.199997M","47.050003M","46.75M","46.5M","46.25M","46.05M","46.0M","45.9M","45.800003M","45.699997M","45.6M","45.25M","45.2M","44.85M","44.85M","44.55M","44.5M","44.199997M","44.0M","43.9M","43.75M","43.6M","43.550003M","43.4M","43.2M","43.1M","42.75M","42.65M","42.4M","42.15M","42.1M","41.85M","41.85M","41.75M","41.65M","41.5M"],"nokList":[]}