{"time":1755518994006,"server":1835,"cpList":["78M","77.7M","76.8M","76.1M","73.9M","77M","77M","69.8M","68.9M","66.8M","66.5M","66.4M","66.3M","65.3M","646M","64.4M","64.3M","64M","62.5M","62.3M","61.7M","61.7M","612M","61.1M","61.1M","60.8M","60.6M","60M","59.8M","59.8M","59.7M","59.5M","59.3M","59.1M","58.9M","58.8M","58.4M","58.1M","58M","57.9M","57.8M","57.5M","57.5M","57.2M","57.1M","56.4M","56.1M","56.1M","54M","53.7M","53.4M","53.4M","53.1M","53.1M","53.1M","53M","53M","53M","52.9M","52.4M","52.3M","52.3M","52M","51.5M","51.5M","51.4M","51.4M","51.3M","51.3M","51.2M","50.8M","50.6M","50.6M","50.5M","50.5M","50.4M","50.4M","50.1M","49.5M","49.4M","49.2M","49.1M","49M","48.6M","48.6M","48.3M","48.2M","48.2M","48.1M","48M","47.9M","47.8M","47.6M","47.3M","46.8M","46.8M","46.6M","46.5M","462M","45.7M"],"okList":["78.0M","0.777M","0.00768M","7.609999999999999E-5M","7.39E-7M","7.699999999999999E-8M","7.700000000000001E-9M","6.9799999999999995E-9M","6.890000000000001E-9M","6.68E-9M","6.65E-9M","6.64E-9M","6.63E-9M","6.53E-9M","6.460000000000001E-8M","6.440000000000001E-9M","6.43E-9M","6.4E-9M","6.2500000000000005E-9M","6.23E-9M","6.17E-9M","6.17E-9M","6.119999999999999E-8M","6.11E-9M","6.11E-9M","6.08E-9M","6.06E-9M","6.0E-9M","5.9800000000000004E-9M","5.9800000000000004E-9M","5.97E-9M","5.9499999999999995E-9M","5.93E-9M","5.91E-9M","5.89E-9M","5.88E-9M","5.84E-9M","5.8099999999999996E-9M","5.8E-9M","5.79E-9M","5.7799999999999995E-9M","5.75E-9M","5.75E-9M","5.72E-9M","5.71E-9M","5.6399999999999995E-9M","5.61E-9M","5.61E-9M","5.4E-9M","5.37E-9M","5.34E-9M","5.34E-9M","5.310000000000001E-9M","5.310000000000001E-9M","5.310000000000001E-9M","5.3E-9M","5.3E-9M","5.3E-9M","5.2900000000000006E-9M","5.24E-9M","5.23E-9M","5.23E-9M","5.2E-9M","5.15E-9M","5.15E-9M","5.140000000000001E-9M","5.140000000000001E-9M","5.13E-9M","5.13E-9M","5.1200000000000005E-9M","5.080000000000001E-9M","5.06E-9M","5.06E-9M","5.0500000000000006E-9M","5.0500000000000006E-9M","5.040000000000001E-9M","5.040000000000001E-9M","5.01E-9M","4.949999999999999E-9M","4.940000000000001E-9M","4.920000000000001E-9M","4.910000000000001E-9M","4.9E-9M","4.86E-9M","4.86E-9M","4.83E-9M","4.820000000000001E-9M","4.820000000000001E-9M","4.8100000000000006E-9M","4.8E-9M","4.79E-9M","4.779999999999999E-9M","4.76E-9M","4.73E-9M","4.68E-9M","4.68E-9M","4.66E-9M","4.65E-9M","4.62E-8M","4.57E-9M"],"nokList":[]}