{"time":1755510035644,"server":184,"cpList":["142M","123M","121M","118M","118M","114M","112M","109M","108M","108M","106M","105M","104M","104M","104M","103M","102M","101M","100M","99.5M","99.3M","98.8M","98.7M","98.7M","97.9M","97.7M","97.4M","96.4M","961M","96M","94.3M","93.5M","92.4M","91.7M","91.7M","91.5M","91.1M","90.5M","89.8M","89.4M","88.9M","87.3M","87.2M","86.9M","85.8M","85.8M","85.4M","84.7M","843M","83.8M","82.9M","82.2M","82.1M","81.4M","81.1M","80M","79M","78.2M","78.1M","78M","77.9M","77.3M","766M","766M","76.4M","76.1M","75.4M","75.3M","75.1M","74.9M","74.8M","74.5M","74.1M","73.7M","73.6M","73.3M","73.3M","73.3M","73.2M","73M","72.9M","72.9M","72.8M","72.7M","72.6M","72.5M","72.5M","72.3M","72.2M","71.9M","71.9M","71.7M","71.7M","71.3M","71.1M","70.7M","70.7M","70.4M","70.4M","70.3M"],"okList":["142.0M","123.0M","121.0M","118.0M","118.0M","114.0M","112.0M","109.0M","108.0M","108.0M","106.0M","105.0M","104.0M","104.0M","104.0M","103.0M","102.0M","101.0M","100.0M","99.5M","99.3M","98.8M","98.7M","98.7M","97.9M","97.7M","97.4M","96.4M","96.1M","96.0M","94.3M","93.5M","92.4M","91.7M","91.7M","91.5M","91.1M","90.5M","89.8M","89.4M","88.9M","87.3M","87.2M","86.9M","85.8M","85.8M","85.4M","84.7M","84.3M","83.8M","82.9M","82.2M","82.1M","81.4M","81.1M","80.0M","79.0M","78.2M","78.1M","78.0M","77.9M","0.773M","0.00166M","1.66E-5M","7.640000000000001E-8M","7.609999999999998E-9M","7.54E-9M","7.53E-9M","7.509999999999999E-9M","7.490000000000001E-9M","7.48E-9M","7.45E-9M","7.41E-9M","7.37E-9M","7.36E-9M","7.329999999999999E-9M","7.329999999999999E-9M","7.329999999999999E-9M","7.32E-9M","7.3E-9M","7.290000000000001E-9M","7.290000000000001E-9M","7.28E-9M","7.269999999999999E-9M","7.26E-9M","7.25E-9M","7.25E-9M","7.23E-9M","7.2199999999999995E-9M","7.190000000000001E-9M","7.190000000000001E-9M","7.170000000000001E-9M","7.170000000000001E-9M","7.13E-9M","7.11E-9M","7.070000000000001E-9M","7.070000000000001E-9M","7.040000000000001E-9M","7.040000000000001E-9M","7.03E-9M"],"nokList":[]}