{"time":1756153112812,"server":184,"cpList":["142M","124M","121M","118M","117M","M6M","115M","109M","108M","108M","106M","106M","104M","104M","104M","103M","102M","101M","100M","100M","99.6M","98.9M","98.7M","98.7M","98M","97.6M","97.4M","96.5M","96.1M","94.3M","93.7M","93.5M","92.4M","91.7M","91.7M","91.5M","91.1M","90.6M","89.9M","89.8M","88.9M","87.8M","87.4M","86.8M","85.8M","85.8M","85.8M","85.4M","84.8M","84.6M","82.9M","82.3M","82.1M","81.5M","812M","80M","79.5M","78.2M","78.1M","78M","77.9M","77.4M","76.6M","76.6M","76.4M","76.1M","75.5M","75.3M","75.1M","74.9M","74.9M","74.5M","74.3M","73.7M","73.7M","73.6M","73.4M","73.3M","73.2M","73M","73M","72.9M","72.8M","72.8M","72.6M","72.5M","72.5M","72.4M","72.3M","72M","71.9M","71.8M","71.7M","71.3M","71.3M","70.8M","70.7M","70.4M","70.4M","70.3M"],"okList":["142.0M","124.0M","121.0M","118.0M","117.0M","6.0M","11.5M","10.9M","10.8M","10.8M","10.6M","10.6M","10.4M","10.4M","10.4M","10.3M","10.2M","10.1M","10.0M","10.0M","9.959999999999999M","9.89M","9.870000000000001M","9.870000000000001M","9.8M","9.76M","9.74M","9.65M","9.61M","9.43M","9.370000000000001M","9.35M","9.24M","9.17M","9.17M","9.15M","9.11M","9.059999999999999M","8.99M","8.98M","8.89M","8.78M","8.74M","8.68M","8.58M","8.58M","8.58M","8.540000000000001M","8.48M","8.459999999999999M","8.290000000000001M","8.23M","8.209999999999999M","8.15M","8.120000000000001M","8.0M","7.95M","7.82M","7.81M","7.8M","7.790000000000001M","7.74M","7.659999999999999M","7.659999999999999M","7.640000000000001M","7.609999999999999M","7.55M","7.529999999999999M","7.51M","7.49M","7.49M","7.45M","7.43M","7.37M","7.37M","7.359999999999999M","7.340000000000001M","7.33M","7.32M","7.3M","7.3M","7.290000000000001M","7.279999999999999M","7.279999999999999M","7.26M","7.25M","7.25M","7.24M","7.2299999999999995M","7.2M","7.19M","7.18M","7.17M","7.13M","7.13M","7.08M","7.07M","7.040000000000001M","7.040000000000001M","7.029999999999999M"],"nokList":[]}