{"server":1842,"total":3373.0002,"average":34.41837,"cpValues":[],"cpList":["62M","61.7M","5AM","57.7M","57.5M","53.5M","52.7M","52.3M","50.9M","48.4M","47.9M","47.1M","45.1M","43.4M","43.4M","42.6M","41.1M","41M","40.4M","40M","39.9M","39.7M","39.5M","39.2M","39.1M","38.9M","38.9M","38.9M","38.9M","37.8M","37.4M","37.2M","37.2M","37M","36.2M","36.2M","35.7M","35.2M","35M","35M","34.8M","34.1M","33.8M","33.8M","33.5M","33.3M","33.2M","33.2M","32.9M","32.7M","31.8M","31.8M","31.2M","30.5M","30.4M","30.2M","30.2M","30.2M","30M","29.8M","29.6M","29.6M","29.4M","29.2M","29.2M","29.1M","29M","28.9M","29.7M","29.7M","28.6M","28.3M","28.3M","28.2M","28.2M","28M","28M","28M","27.9M","27.9M","27.9M","27.8M","27.7M","27.7M","27.7M","27.4M","27.2M","27M","26.9M","26.9M","26.8M","26.4M","26.3M","26.2M","26.1M","26.1M","26M","25.9M","25.2M","25.2M"],"okList":["62.0M","59.7M","55.6M","55.1M","52.9M","51.800003M","50.35M","49.4M","47.75M","46.5M","45.25M","44.25M","43.0M","42.25M","41.8M","40.75M","40.5M","40.15M","39.85M","39.7M","39.45M","39.3M","39.050003M","39.0M","38.9M","38.9M","38.35M","38.15M","37.5M","37.300003M","37.1M","36.7M","36.6M","35.95M","35.7M","35.35M","35.1M","34.9M","34.55M","34.3M","33.949997M","33.65M","33.55M","33.35M","33.25M","33.050003M","32.95M","32.35M","32.25M","31.5M","31.15M","30.8M","30.35M","30.3M","30.2M","30.1M","30.0M","29.8M","29.7M","29.5M","29.400002M","29.3M","29.150002M","29.1M","29.0M","29.35M","29.7M","29.150002M","29.0M","28.45M","28.25M","28.25M","28.1M","28.1M","28.0M","27.95M","27.95M","27.9M","27.849998M","27.8M","27.75M","27.7M","27.55M","27.45M","27.2M","27.05M","26.95M","26.849998M","26.65M","26.55M","26.3M","26.2M","26.150002M","26.05M","26.0M","25.6M","25.55M","25.2M"],"nokList":["61.7M","57.7M"]}