{"time":1755519020327,"server":1852,"cpList":["97.4M","85M","82.8M","79.5M","766M","76.3M","76.1M","75.3M","75.3M","75.1M","74.8M","746M","73.7M","73.6M","73.6M","73.3M","73.1M","72.9M","72.8M","72.2M","72.1M","72.1M","71.6M","71.1M","70.9M","70.3M","69.6M","69.5M","69.1M","69.1M","68.8M","68.3M","67.6M","67M","66.9M","66.9M","66.6M","66.4M","66.2M","66M","65.8M","65.6M","65.5M","65.4M","65.1M","646M","642M","642M","64.1M","64M","64M","63.9M","63.7M","63.6M","63.4M","63.2M","63.1M","63.1M","62.8M","62.8M","62.7M","62.7M","62.7M","62.3M","62.1M","62.1M","61.8M","61.8M","61.6M","61.3M","61M","60.6M","60.5M","60.5M","60.4M","60.2M","60.1M","59.9M","59.5M","59.4M","59.2M","59.1M","59M","58.7M","58.7M","58.5M","58.4M","58M","58M","58M","57.8M","57.6M","57.6M","57.6M","57.3M","53.3M","57.1M","57.1M","57M","57M"],"okList":["97.4M","85.0M","0.828M","0.00795M","1.66E-5M","7.63E-8M","7.609999999999998E-9M","7.53E-9M","7.53E-9M","7.509999999999999E-9M","7.48E-9M","1.46E-8M","7.37E-9M","7.36E-9M","7.36E-9M","7.329999999999999E-9M","7.31E-9M","7.290000000000001E-9M","7.28E-9M","7.2199999999999995E-9M","7.21E-9M","7.21E-9M","7.159999999999999E-9M","7.11E-9M","7.09E-9M","7.03E-9M","6.96E-9M","6.949999999999999E-9M","6.91E-9M","6.91E-9M","6.879999999999999E-9M","6.83E-9M","6.759999999999999E-9M","6.7000000000000004E-9M","6.69E-9M","6.69E-9M","6.66E-9M","6.64E-9M","6.62E-9M","6.6E-9M","6.579999999999999E-9M","6.56E-9M","6.550000000000001E-9M","6.54E-9M","6.51E-9M","6.460000000000001E-8M","6.419999999999999E-8M","6.419999999999999E-8M","6.409999999999999E-9M","6.4E-9M","6.4E-9M","6.39E-9M","6.37E-9M","6.36E-9M","6.34E-9M","6.3200000000000005E-9M","6.31E-9M","6.31E-9M","6.28E-9M","6.28E-9M","6.270000000000001E-9M","6.270000000000001E-9M","6.270000000000001E-9M","6.23E-9M","6.210000000000001E-9M","6.210000000000001E-9M","6.18E-9M","6.18E-9M","6.159999999999999E-9M","6.13E-9M","6.099999999999998E-9M","6.06E-9M","6.05E-9M","6.05E-9M","6.040000000000001E-9M","6.02E-9M","6.01E-9M","5.99E-9M","5.9499999999999995E-9M","5.9400000000000006E-9M","5.920000000000001E-9M","5.91E-9M","5.9E-9M","5.870000000000001E-9M","5.870000000000001E-9M","5.8499999999999994E-9M","5.84E-9M","5.8E-9M","5.8E-9M","5.8E-9M","5.7799999999999995E-9M","5.760000000000001E-9M","5.760000000000001E-9M","5.760000000000001E-9M","5.73E-9M","5.329999999999999E-9M","5.71E-9M","5.71E-9M","5.7E-9M","5.7E-9M"],"nokList":[]}