{"server":1852,"total":5940.251,"average":61.877613,"cpValues":[],"cpList":["21.5M","81.9M","77.8M","77.M","76.1M","73.4M","73.4M","72.9M","72.8M","72.3M","72M","71.8M","71.6M","71M","69.7M","69.7M","69.6M","69.6M","69.5M","68.3M","6AM","67.6M","67.1M","66.9M","66.6M","66.4M","66.3M","65.1M","65.1M","65.1M","65.1M","65M","64.8M","64.3M","64.3M","64.3M","64.2M","64.1M","64M","63.7M","63.6M","63.6M","63.2M","63M","62.9M","62.9M","62.7M","62.4M","61.8M","61.7M","61.3M","61.2M","61M","60.8M","60.6M","60.5M","60.5M","60.2M","60.1M","59.9M","59.8M","59.7M","59.7M","59.4M","59.4M","59.3M","59.2M","59.2M","59.2M","58.8M","58.6M","58.5M","58.1M","58.1M","5AM","57.8M","57.3M","56.6M","56.6M","56.5M","56.4M","56.4M","56.3M","56.2M","56M","56M","55.9M","55.9M","55.8M","55.8M","55.7M","55.4M","55.2M","55M","54.9M","54.7M","54.4M","54.4M","54.3M","54.2M"],"okList":["21.5M","49.65M","79.45M","76.95M","75.2M","74.75M","73.15M","73.100006M","72.600006M","72.4M","72.05M","71.8M","71.4M","70.649994M","70.35M","69.649994M","69.649994M","69.55M","68.95M","67.95M","67.25M","66.85M","66.65M","66.45M","65.75M","65.7M","65.1M","65.1M","65.05M","64.95M","64.65M","64.55M","64.3M","64.25M","64.2M","64.1M","63.9M","63.8M","63.65M","63.4M","63.3M","63.050003M","62.95M","62.800003M","62.65M","62.25M","62.050003M","61.55M","61.45M","61.15M","61.0M","60.8M","60.65M","60.55M","60.35M","60.3M","60.050003M","59.949997M","59.800003M","59.75M","59.550003M","59.550003M","59.35M","59.300003M","59.25M","59.2M","59.0M","58.9M","58.65M","58.35M","58.3M","57.949997M","57.199997M","56.949997M","56.55M","56.5M","56.45M","56.35M","56.300003M","56.15M","56.1M","55.95M","55.95M","55.85M","55.85M","55.75M","55.6M","55.45M","55.2M","55.050003M","54.85M","54.65M","54.550003M","54.35M","54.300003M","54.2M"],"nokList":["68.3M","67.6M","58.1M","57.8M"]}