{"server":1855,"total":3556.4507,"average":38.657074,"cpValues":[],"cpList":["67.5M","64.7M","61M","57.6M","53.6M","53.1M","51.8M","49.1M","48M","46.7M","45.8M","45.3M","44.8M","44.5M","44.3M","44M","43.4M","43.4M","43.3M","42.8M","42.6M","42.3M","42.2M","41.6M","40.9M","40.7M","40.4M","40.2M","40.2M","40.1M","39.8M","39.7M","39.2M","39M","38.9M","38.9M","38.8M","38.8M","38.8M","38.8M","38.7M","38.7M","AA.6M","AA.6M","38.3M","38.3M","38.3M","37.7M","37.7M","37.5M","37.3M","37.3M","37.2M","37M","A6.9M","36.5M","36.4M","36.2M","A6.1M","35.9M","35.8M","35.4M","34.9M","34.9M","34.7M","34.6M","34.3M","34.1M","33.8M","33.8M","33.8M","33.5M","33.4M","33.4M","33.3M","33.1M","33.1M","33M","33M","32.6M","32.5M","32.5M","32.5M","32.2M","32.2M","32.1M","31.9M","31.8M","31.7M","31.7M","31.5M","31.3M","31.2M","31.1M","31M","30.9M","30.8M","30.7M","30.7M","30.6M"],"okList":["67.5M","64.25M","61.149998M","57.3M","55.35M","52.699997M","51.1M","49.9M","47.9M","46.9M","46.0M","45.3M","44.9M","44.55M","44.25M","43.85M","43.7M","43.35M","43.1M","42.949997M","42.55M","42.4M","41.949997M","41.550003M","41.15M","40.65M","40.45M","40.300003M","40.15M","40.0M","39.9M","39.5M","39.35M","39.050003M","38.95M","38.85M","38.85M","38.8M","38.8M","38.75M","38.75M","38.3M","38.0M","38.0M","37.6M","37.5M","37.4M","37.25M","37.15M","36.75M","36.35M","36.050003M","35.65M","35.35M","35.15M","34.800003M","34.75M","34.5M","34.35M","34.05M","33.949997M","33.8M","33.65M","33.6M","33.45M","33.35M","33.25M","33.199997M","33.05M","33.05M","32.8M","32.75M","32.55M","32.5M","32.35M","32.35M","32.15M","32.05M","31.949999M","31.8M","31.75M","31.6M","31.5M","31.35M","31.2M","31.1M","31.0M","30.9M","30.8M","30.75M","30.650002M","30.6M"],"nokList":["38.7M","AA.6M","AA.6M","38.3M","37M","36.5M","36.2M","35.9M"]}