{"time":1755519099748,"server":1857,"cpList":["79.8M","70.7M","68.6M","66.6M","66.3M","65.1M","64M","63M","63M","62.9M","62.9M","62.7M","62.1M","61.7M","61M","60.7M","60.7M","59.4M","58M","57.9M","57.9M","57.6M","57.3M","57.2M","56.4M","56.2M","56.1M","56M","56M","55.9M","55.9M","55.8M","55.3M","55.2M","55M","55M","54.8M","54.7M","542M","54.1M","54.1M","54.1M","53.7M","51.7M","51.6M","51.6M","57M","50.5M","50.5M","50.3M","49.7M","49.6M","49.6M","48.7M","48.5M","47.9M","47.7M","47.7M","47.6M","47.5M","47.5M","47.2M","46.9M","46.7M","46.6M","45.6M","45.5M","45.5M","44.9M","44.7M","446M","446M","446M","44.5M","44.5M","44.5M","44.4M","442M","43.4M","42.8M","42.3M","42M","41.9M","41.8M","41.8M","41.6M","41.5M","41.5M","41.4M","412M","39.8M","39.7M","39.2M","39.1M","38.9M","38.2M","38.1M","37.9M","37.4M","33.4M"],"okList":["79.8M","70.7M","68.6M","66.6M","66.3M","65.1M","64.0M","63.0M","63.0M","62.9M","62.9M","62.7M","62.1M","61.7M","61.0M","60.7M","60.7M","59.4M","58.0M","57.9M","57.9M","57.6M","57.3M","57.2M","56.4M","56.2M","56.1M","56.0M","56.0M","55.9M","55.9M","55.8M","55.3M","55.2M","55.0M","55.0M","54.8M","54.7M","54.2M","54.1M","54.1M","54.1M","0.537M","0.00517M","5.160000000000001E-5M","5.160000000000001E-7M","5.6999999999999994E-8M","5.0500000000000006E-9M","5.0500000000000006E-9M","5.03E-9M","4.970000000000001E-9M","4.96E-9M","4.96E-9M","4.870000000000001E-9M","4.8500000000000004E-9M","4.79E-9M","4.770000000000001E-9M","4.770000000000001E-9M","4.76E-9M","4.7499999999999995E-9M","4.7499999999999995E-9M","4.72E-9M","4.689999999999999E-9M","4.670000000000001E-9M","4.66E-9M","4.559999999999999E-9M","4.55E-9M","4.55E-9M","4.49E-9M","4.4700000000000005E-9M","4.4599999999999996E-8M","4.4599999999999996E-8M","4.4599999999999996E-8M","4.45E-9M","4.45E-9M","4.45E-9M","4.44E-9M","4.419999999999999E-8M","4.34E-9M","4.279999999999999E-9M","4.2300000000000005E-9M","4.2E-9M","4.190000000000001E-9M","4.18E-9M","4.18E-9M","4.1600000000000005E-9M","4.15E-9M","4.15E-9M","4.139999999999999E-9M","4.12E-8M","3.98E-9M","3.97E-9M","3.92E-9M","3.91E-9M","3.8900000000000004E-9M","3.8200000000000005E-9M","3.81E-9M","3.7899999999999995E-9M","3.74E-9M","3.34E-9M"],"nokList":[]}