{"time":1755519125971,"server":1865,"cpList":["82.1M","79M","77.4M","766M","71.9M","70.8M","70M","68.2M","68M","67.4M","66.4M","65.9M","65.8M","64.5M","642M","63.7M","63.4M","63.1M","62.6M","62.1M","61.9M","61.9M","61.9M","61.6M","61.4M","60.6M","60.4M","60.2M","59.7M","59.3M","59.3M","58.5M","58.3M","57.5M","57.3M","56.9M","56.8M","56.4M","55.2M","55.2M","55.1M","54.9M","54.7M","54.6M","54.6M","54.5M","54.4M","543M","53.8M","53.7M","53.5M","53.5M","53.3M","53.3M","53.2M","52.9M","52.3M","52.1M","52.1M","51.8M","51.7M","51.6M","51.4M","51.4M","57M","50.9M","50.8M","50.6M","50.6M","50.5M","50.4M","49.9M","49.5M","49.3M","49.3M","49.2M","49M","48.9M","48.9M","48.8M","48.6M","48.6M","48.4M","47.9M","47.3M","46.7M","46.5M","46.3M","462M","461M","46M","45.9M","45.7M","45.6M","45.6M","45.3M","45.1M","45.1M","45M","44.4M"],"okList":["82.1M","0.79M","0.00774M","1.66E-5M","7.19E-8M","7.08E-9M","7.0E-9M","6.82E-9M","6.8E-9M","6.74E-9M","6.64E-9M","6.590000000000001E-9M","6.579999999999999E-9M","6.45E-9M","6.419999999999999E-8M","6.37E-9M","6.34E-9M","6.31E-9M","6.26E-9M","6.210000000000001E-9M","6.19E-9M","6.19E-9M","6.19E-9M","6.159999999999999E-9M","6.14E-9M","6.06E-9M","6.040000000000001E-9M","6.02E-9M","5.97E-9M","5.93E-9M","5.93E-9M","5.8499999999999994E-9M","5.83E-9M","5.75E-9M","5.73E-9M","5.69E-9M","5.6799999999999986E-9M","5.6399999999999995E-9M","5.520000000000001E-9M","5.520000000000001E-9M","5.51E-9M","5.49E-9M","5.47E-9M","5.4600000000000006E-9M","5.4600000000000006E-9M","5.45E-9M","5.44E-9M","5.4299999999999997E-8M","5.38E-9M","5.37E-9M","5.350000000000001E-9M","5.350000000000001E-9M","5.329999999999999E-9M","5.329999999999999E-9M","5.32E-9M","5.2900000000000006E-9M","5.23E-9M","5.21E-9M","5.21E-9M","5.180000000000001E-9M","5.17E-9M","5.160000000000001E-9M","5.140000000000001E-9M","5.140000000000001E-9M","5.7E-9M","5.0900000000000004E-9M","5.080000000000001E-9M","5.06E-9M","5.06E-9M","5.0500000000000006E-9M","5.040000000000001E-9M","4.989999999999999E-9M","4.949999999999999E-9M","4.930000000000001E-9M","4.930000000000001E-9M","4.920000000000001E-9M","4.9E-9M","4.89E-9M","4.89E-9M","4.8800000000000005E-9M","4.86E-9M","4.86E-9M","4.839999999999999E-9M","4.79E-9M","4.73E-9M","4.670000000000001E-9M","4.65E-9M","4.629999999999999E-9M","4.62E-8M","4.610000000000001E-8M","4.6E-9M","4.59E-9M","4.57E-9M","4.559999999999999E-9M","4.559999999999999E-9M","4.529999999999999E-9M","4.51E-9M","4.51E-9M","4.500000000000001E-9M","4.44E-9M"],"nokList":[]}