{"time":1755519152531,"server":1866,"cpList":["968M","94.4M","93.6M","88.6M","88.4M","87.7M","86.6M","82.2M","81.4M","80M","79.7M","78.8M","78.3M","77.5M","76.3M","76.3M","76M","76M","76M","75.7M","75.5M","75.5M","75.5M","75M","74M","74M","73M","72.1M","72.1M","71.7M","71.5M","77M","70.5M","70.4M","70.3M","70.1M","70.1M","70M","69.9M","68.6M","68.1M","68M","67.5M","67.2M","67M","66.7M","66.6M","66.5M","66.5M","65.9M","65.7M","65.5M","65.5M","65.5M","65.3M","65.2M","646M","64.5M","642M","642M","64M","64M","63M","62.9M","62.9M","62.7M","62.6M","62.5M","62.4M","62.3M","62M","61.8M","61.7M","61.7M","61.6M","61.4M","61.4M","61.4M","612M","60.8M","60.8M","60.4M","60.1M","60M","59.9M","59.9M","59.4M","59M","58.9M","58.8M","58.7M","58.7M","58.5M","58.3M","58.3M","58.1M","58.1M","57.9M","57.5M","57.5M"],"okList":["96.8M","94.4M","93.6M","88.6M","88.4M","87.7M","86.6M","82.2M","81.4M","80.0M","79.7M","78.8M","78.3M","77.5M","76.3M","76.3M","76.0M","76.0M","76.0M","75.7M","75.5M","75.5M","75.5M","75.0M","74.0M","74.0M","73.0M","0.721M","0.007209999999999999M","7.170000000000001E-5M","7.15E-7M","7.699999999999999E-8M","7.0499999999999994E-9M","7.040000000000001E-9M","7.03E-9M","7.0099999999999996E-9M","7.0099999999999996E-9M","7.0E-9M","6.99E-9M","6.86E-9M","6.8099999999999994E-9M","6.8E-9M","6.750000000000001E-9M","6.720000000000001E-9M","6.7000000000000004E-9M","6.670000000000001E-9M","6.66E-9M","6.65E-9M","6.65E-9M","6.590000000000001E-9M","6.57E-9M","6.550000000000001E-9M","6.550000000000001E-9M","6.550000000000001E-9M","6.53E-9M","6.5200000000000015E-9M","6.460000000000001E-8M","6.45E-9M","6.419999999999999E-8M","6.419999999999999E-8M","6.4E-9M","6.4E-9M","6.3E-9M","6.290000000000001E-9M","6.290000000000001E-9M","6.270000000000001E-9M","6.26E-9M","6.2500000000000005E-9M","6.24E-9M","6.23E-9M","6.2E-9M","6.18E-9M","6.17E-9M","6.17E-9M","6.159999999999999E-9M","6.14E-9M","6.14E-9M","6.14E-9M","6.119999999999999E-8M","6.08E-9M","6.08E-9M","6.040000000000001E-9M","6.01E-9M","6.0E-9M","5.99E-9M","5.99E-9M","5.9400000000000006E-9M","5.9E-9M","5.89E-9M","5.88E-9M","5.870000000000001E-9M","5.870000000000001E-9M","5.8499999999999994E-9M","5.83E-9M","5.83E-9M","5.8099999999999996E-9M","5.8099999999999996E-9M","5.79E-9M","5.75E-9M","5.75E-9M"],"nokList":[]}