{"time":1755519178944,"server":1867,"cpList":["83.2M","79.3M","76.4M","74.5M","71.8M","70.7M","69.9M","68.5M","68.5M","68.1M","66.9M","66.8M","65.7M","65.6M","65.4M","65M","646M","64M","63.6M","62.7M","62.6M","62.4M","62M","61.4M","59.6M","58.4M","58.3M","58M","57.4M","57.2M","56.8M","56.2M","56M","55.4M","55.4M","55.2M","54.8M","54.5M","54.5M","543M","543M","54M","53.8M","53.7M","53.4M","53.2M","53.1M","53M","52.5M","52.4M","51.7M","51.6M","51.6M","57M","50.9M","50.7M","50.5M","50.1M","49.9M","49.5M","49.4M","48.6M","48.6M","48.4M","48.1M","47.7M","47.5M","468M","46.5M","46.4M","46.3M","461M","45.6M","45.3M","44.4M","443M","441M","43.9M","43.9M","43.6M","43.4M","43.3M","43.1M","42.5M","422M","41.8M","41M","40.1M","39.9M","39.7M","39.3M","39.3M","38.6M","38.4M","38.4M","38.3M","37.7M","37.4M","37.2M","37.2M"],"okList":["83.2M","79.3M","76.4M","74.5M","71.8M","70.7M","69.9M","68.5M","68.5M","68.1M","66.9M","66.8M","65.7M","65.6M","65.4M","65.0M","64.6M","64.0M","63.6M","62.7M","62.6M","62.4M","62.0M","61.4M","59.6M","58.4M","58.3M","58.0M","57.4M","57.2M","56.8M","56.2M","56.0M","55.4M","55.4M","55.2M","54.8M","54.5M","54.5M","54.3M","54.3M","54.0M","53.8M","53.7M","53.4M","53.2M","53.1M","53.0M","52.5M","0.524M","0.00517M","5.160000000000001E-5M","5.160000000000001E-7M","5.6999999999999994E-8M","5.0900000000000004E-9M","5.07E-9M","5.0500000000000006E-9M","5.01E-9M","4.989999999999999E-9M","4.949999999999999E-9M","4.940000000000001E-9M","4.86E-9M","4.86E-9M","4.839999999999999E-9M","4.8100000000000006E-9M","4.770000000000001E-9M","4.7499999999999995E-9M","4.6799999999999996E-8M","4.65E-9M","4.6400000000000005E-9M","4.629999999999999E-9M","4.610000000000001E-8M","4.559999999999999E-9M","4.529999999999999E-9M","4.44E-9M","4.43E-8M","4.4100000000000004E-8M","4.389999999999999E-9M","4.389999999999999E-9M","4.360000000000001E-9M","4.34E-9M","4.33E-9M","4.31E-9M","4.25E-9M","4.2199999999999994E-8M","4.18E-9M","4.0999999999999995E-9M","4.010000000000001E-9M","3.99E-9M","3.97E-9M","3.9299999999999995E-9M","3.9299999999999995E-9M","3.86E-9M","3.84E-9M","3.84E-9M","3.829999999999999E-9M","3.77E-9M","3.74E-9M","3.7200000000000012E-9M","3.7200000000000012E-9M"],"nokList":[]}