{"server":1867,"total":4755.849,"average":50.59414,"cpValues":[],"cpList":["79.8M","76.3M","72.3M","71.2M","68.5M","6AM","67M","67M","64.1M","64M","63.8M","63.6M","62.4M","62.4M","62.3M","61.9M","60.7M","60.1M","60M","59.5M","5AM","57.7M","57.2M","56.8M","56.8M","56M","55.9M","55.9M","55.3M","54.3M","54.3M","54.3M","54M","53.3M","53.2M","52.6M","52.5M","52.5M","52.5M","52.4M","52.3M","51.7M","51.6M","51.6M","51.5M","50.8M","50.8M","50.7M","50.2M","50.1M","49.9M","49.5M","49.5M","49.2M","48.6M","48.6M","48.4M","48.3M","48.1M","48.1M","47.M","46.9M","46.8M","46.8M","46.7M","46.4M","46.1M","46M","45.3M","44.1M","43.7M","43.6M","43.5M","43.4M","43.4M","43.4M","43.1M","42.5M","42.5M","41M","40.8M","40.6M","40.1M","40M","39.9M","39.8M","39.7M","39.3M","AA.6M","38.3M","78M","37.7M","37.4M","37.2M","36.5M","36.4M","36.3M","35.8M","35.6M","35.3M"],"okList":["79.8M","76.05M","73.75M","70.4M","67.75M","65.55M","65.5M","63.949997M","63.8M","63.1M","63.0M","62.35M","62.15M","61.5M","61.0M","60.35M","59.8M","58.6M","57.25M","57.0M","56.4M","56.35M","55.95M","55.6M","55.1M","54.8M","54.3M","54.15M","53.8M","53.6M","52.949997M","52.85M","52.55M","52.5M","52.45M","52.4M","52.050003M","51.949997M","51.65M","51.55M","51.199997M","51.15M","50.75M","50.5M","50.4M","50.050003M","49.8M","49.7M","49.35M","49.05M","48.9M","48.5M","48.449997M","48.25M","48.199997M","47.55M","47.5M","46.9M","46.85M","46.75M","46.6M","46.4M","46.2M","45.699997M","45.05M","44.5M","43.85M","43.6M","43.5M","43.45M","43.4M","43.25M","42.95M","42.8M","41.75M","41.65M","40.8M","40.449997M","40.3M","40.0M","39.9M","39.800003M","39.55M","38.8M","38.0M","57.7M","37.45M","36.95M","36.800003M","36.4M","36.1M","35.949997M","35.55M","35.3M"],"nokList":["68.5M","67M","59.5M","57.7M","39.3M","38.3M"]}