{"time":1755519205572,"server":1869,"cpList":["67.3M","65.6M","65.3M","64.8M","63.5M","63.4M","63.3M","62M","60.4M","60.1M","60M","59.9M","59.6M","59.1M","59M","58.6M","58.2M","57.9M","57.9M","57.6M","57.5M","57.2M","57.1M","57.1M","57.1M","57.1M","57M","56.5M","55.7M","55.2M","54.7M","54.6M","54.6M","543M","542M","53.6M","53.4M","53.3M","53.3M","52.9M","52.7M","52.7M","52.7M","52.6M","51.9M","51.9M","51.7M","51.6M","51.5M","51.2M","57M","50.9M","50.9M","50.8M","50.5M","50.4M","50.2M","50.1M","49.9M","49.8M","49.7M","49.2M","49.1M","49.1M","49M","49M","48.9M","48.8M","48.8M","48.7M","48.6M","48.3M","48.2M","48.2M","48.2M","48.1M","48.1M","47.9M","47.9M","47.7M","47.7M","47.6M","47.6M","47.6M","47.5M","47.3M","47.3M","47.2M","47.2M","47.1M","468M","468M","46.6M","46.2M","46.2M","45.9M","45.9M","45.8M","45.6M","45.5M"],"okList":["67.3M","65.6M","65.3M","64.8M","63.5M","63.4M","63.3M","62.0M","60.4M","60.1M","60.0M","59.9M","59.6M","59.1M","59.0M","58.6M","58.2M","57.9M","57.9M","57.6M","57.5M","57.2M","57.1M","57.1M","57.1M","57.1M","57.0M","56.5M","55.7M","55.2M","54.7M","54.6M","54.6M","54.3M","54.2M","53.6M","53.4M","53.3M","53.3M","52.9M","52.7M","52.7M","52.7M","52.6M","51.9M","51.9M","0.517M","0.0051600000000000005M","5.15E-5M","5.12E-7M","5.6999999999999994E-8M","5.0900000000000004E-9M","5.0900000000000004E-9M","5.080000000000001E-9M","5.0500000000000006E-9M","5.040000000000001E-9M","5.0200000000000004E-9M","5.01E-9M","4.989999999999999E-9M","4.979999999999999E-9M","4.970000000000001E-9M","4.920000000000001E-9M","4.910000000000001E-9M","4.910000000000001E-9M","4.9E-9M","4.9E-9M","4.89E-9M","4.8800000000000005E-9M","4.8800000000000005E-9M","4.870000000000001E-9M","4.86E-9M","4.83E-9M","4.820000000000001E-9M","4.820000000000001E-9M","4.820000000000001E-9M","4.8100000000000006E-9M","4.8100000000000006E-9M","4.79E-9M","4.79E-9M","4.770000000000001E-9M","4.770000000000001E-9M","4.76E-9M","4.76E-9M","4.76E-9M","4.7499999999999995E-9M","4.73E-9M","4.73E-9M","4.72E-9M","4.72E-9M","4.7100000000000005E-9M","4.6799999999999996E-8M","4.6799999999999996E-8M","4.66E-9M","4.62E-9M","4.62E-9M","4.59E-9M","4.59E-9M","4.58E-9M","4.559999999999999E-9M","4.55E-9M"],"nokList":[]}