{"server":1869,"total":4302.1,"average":46.25914,"cpValues":[],"cpList":["73M","65.7M","65.2M","61.3M","60M","59.8M","58.7M","58.2M","57.QM","57.5M","56.1M","55.6M","55.3M","55.2M","55.1M","54.9M","54.9M","53.6M","53.4M","53.4M","53.3M","52.7M","52.4M","51.7M","50.5M","49.9M","49.2M","49.2M","48.8M","48.5M","48.3M","48.2M","48.2M","48.1M","48.1M","48.1M","47.M","47.6M","47.5M","47.3M","47.3M","47.1M","47M","46.9M","46.8M","45.8M","45M","45M","44.9M","44.8M","44.7M","44.7M","44.6M","44M","43.9M","43.8M","43.6M","43.3M","42.6M","42.4M","41.9M","41.6M","41.5M","41.4M","41.2M","40.9M","40.8M","40.7M","40.5M","40.4M","40.4M","40.3M","39.6M","39.6M","39.3M","39.2M","39M","38.8M","AA.6M","38.5M","38.1M","78M","37.9M","37.8M","37.8M","37.7M","37.4M","37.3M","36.8M","36.7M","A6.1M","35.9M","35.7M","35.6M","35.5M","35.4M","35.4M","34.8M","34.7M","34.7M"],"okList":["73.0M","69.1M","63.5M","62.6M","60.55M","59.35M","59.0M","56.55M","55.699997M","55.4M","55.199997M","55.050003M","55.0M","54.25M","54.15M","53.5M","53.35M","53.050003M","52.85M","52.2M","51.45M","50.800003M","49.85M","49.550003M","49.0M","48.85M","48.55M","48.35M","48.25M","48.15M","48.15M","48.1M","47.55M","47.85M","47.25M","47.449997M","47.4M","47.199997M","47.15M","47.0M","46.9M","46.35M","45.9M","45.4M","44.95M","44.9M","44.800003M","44.75M","44.65M","44.35M","44.25M","43.9M","43.75M","43.55M","43.1M","42.85M","42.25M","42.0M","41.7M","41.5M","41.35M","41.15M","41.0M","40.800003M","40.65M","40.550003M","40.45M","40.35M","40.0M","39.949997M","39.449997M","39.4M","39.15M","39.0M","38.65M","58.25M","38.0M","57.9M","37.85M","37.75M","37.6M","37.5M","37.1M","37.0M","36.300003M","35.75M","35.6M","35.5M","35.45M","35.1M","35.050003M","34.75M","34.7M"],"nokList":["58.2M","57.QM","57.5M","38.8M","38.5M","36.7M","35.9M"]}