{"time":1755510061853,"server":188,"cpList":["128M","128M","717M","114M","106M","105M","105M","103M","102M","102M","100M","98.4M","97.4M","97.3M","97M","966M","94.7M","93.9M","93.5M","93.3M","93.2M","93M","92.5M","92.3M","90.6M","90.4M","89M","88.5M","88.2M","88M","87.5M","87.3M","86.7M","85.8M","85.7M","85.3M","843M","84.1M","83.7M","82.4M","82M","81.7M","81.6M","81.5M","81.5M","81.3M","81.2M","80.8M","80.8M","79.8M","78.8M","78.6M","78.2M","78M","77.5M","77M","76.8M","76.7M","766M","76.5M","76.5M","76.1M","76M","75.9M","75.8M","75.7M","75.5M","75.3M","75.3M","75.2M","75.1M","75.1M","75M","74.9M","74.9M","746M","746M","74.4M","74.4M","74.3M","74.1M","74.1M","74M","74M","73.9M","73.6M","73.4M","73.3M","73.2M","72.9M","72.9M","72.8M","72.6M","72.3M","72.1M","71.9M","71.6M","71.3M","713M","71M"],"okList":["128.0M","128.0M","117.0M","114.0M","106.0M","105.0M","105.0M","103.0M","102.0M","102.0M","100.0M","98.4M","97.4M","97.3M","97.0M","96.6M","94.7M","93.9M","93.5M","93.3M","93.2M","93.0M","92.5M","92.3M","90.6M","90.4M","89.0M","88.5M","88.2M","88.0M","87.5M","87.3M","86.7M","85.8M","85.7M","85.3M","84.3M","84.1M","83.7M","82.4M","82.0M","81.7M","81.6M","81.5M","81.5M","81.3M","81.2M","80.8M","80.8M","79.8M","78.8M","78.6M","78.2M","78.0M","77.5M","77.0M","0.768M","0.00767M","1.66E-5M","7.649999999999999E-8M","7.649999999999999E-9M","7.609999999999998E-9M","7.6E-9M","7.59E-9M","7.579999999999999E-9M","7.570000000000001E-9M","7.550000000000001E-9M","7.53E-9M","7.53E-9M","7.519999999999999E-9M","7.509999999999999E-9M","7.509999999999999E-9M","7.5E-9M","7.490000000000001E-9M","7.490000000000001E-9M","1.46E-8M","1.46E-8M","7.4400000000000024E-9M","7.4400000000000024E-9M","7.43E-9M","7.41E-9M","7.41E-9M","7.400000000000001E-9M","7.400000000000001E-9M","7.39E-9M","7.36E-9M","7.340000000000001E-9M","7.329999999999999E-9M","7.32E-9M","7.290000000000001E-9M","7.290000000000001E-9M","7.28E-9M","7.26E-9M","7.23E-9M","7.21E-9M","7.190000000000001E-9M","7.159999999999999E-9M","7.13E-9M","1.13E-8M","7.099999999999999E-9M"],"nokList":[]}