{"time":1755519258480,"server":1909,"cpList":["79.3M","76.5M","73.8M","72.2M","70.9M","70.4M","69M","68.6M","67.7M","67.7M","67.3M","66.9M","64.1M","63.7M","61.4M","61M","61M","60.8M","60.6M","59.8M","59.7M","59.6M","59.4M","59.2M","58.8M","58.6M","58.5M","58.2M","58M","57.5M","57.5M","56.8M","56.8M","56.7M","56.5M","55.4M","55.3M","55M","54.9M","54.8M","54.6M","54.5M","54.5M","54.4M","543M","54.1M","53M","52.3M","52.3M","52.1M","51.5M","51.2M","57M","50.6M","50.6M","50.6M","50.5M","49.9M","49.8M","49.5M","49.5M","49.4M","49.3M","49.2M","48.8M","48.8M","48.5M","48.4M","48.4M","48.2M","48.2M","48M","48M","47.9M","47.8M","46.6M","46.6M","46.3M","46M","45.8M","45.8M","45.6M","45.2M","45.1M","44.9M","44.9M","448M","446M","446M","446M","443M","441M","43.3M","43M","42.6M","42.1M","41.9M","41.5M","41.5M","41.5M"],"okList":["79.3M","76.5M","73.8M","72.2M","70.9M","70.4M","69.0M","68.6M","67.7M","67.7M","67.3M","66.9M","64.1M","63.7M","61.4M","61.0M","61.0M","60.8M","60.6M","59.8M","59.7M","59.6M","59.4M","59.2M","58.8M","58.6M","58.5M","58.2M","58.0M","57.5M","57.5M","56.8M","56.8M","56.7M","56.5M","55.4M","55.3M","55.0M","54.9M","54.8M","54.6M","54.5M","54.5M","54.4M","54.3M","54.1M","53.0M","52.3M","0.523M","0.00521M","5.15E-5M","5.12E-7M","5.6999999999999994E-8M","5.06E-9M","5.06E-9M","5.06E-9M","5.0500000000000006E-9M","4.989999999999999E-9M","4.979999999999999E-9M","4.949999999999999E-9M","4.949999999999999E-9M","4.940000000000001E-9M","4.930000000000001E-9M","4.920000000000001E-9M","4.8800000000000005E-9M","4.8800000000000005E-9M","4.8500000000000004E-9M","4.839999999999999E-9M","4.839999999999999E-9M","4.820000000000001E-9M","4.820000000000001E-9M","4.8E-9M","4.8E-9M","4.79E-9M","4.779999999999999E-9M","4.66E-9M","4.66E-9M","4.629999999999999E-9M","4.6E-9M","4.58E-9M","4.58E-9M","4.559999999999999E-9M","4.519999999999999E-9M","4.51E-9M","4.49E-9M","4.49E-9M","4.4800000000000004E-8M","4.4599999999999996E-8M","4.4599999999999996E-8M","4.4599999999999996E-8M","4.43E-8M","4.4100000000000004E-8M","4.33E-9M","4.3000000000000005E-9M","4.26E-9M","4.21E-9M","4.190000000000001E-9M","4.15E-9M","4.15E-9M","4.15E-9M"],"nokList":[]}