{"time":1755519285126,"server":1917,"cpList":["82.7M","79.8M","71.5M","66.2M","646M","646M","62.7M","62.4M","62.4M","61.3M","61.3M","59.3M","58.1M","57.3M","57.1M","57M","56.8M","56.4M","56M","55.7M","54.8M","54.4M","54.1M","53.8M","52.9M","52.3M","51.3M","57M","50.2M","50M","49.9M","49.2M","49.2M","48.3M","47.7M","47M","462M","461M","45.7M","45.3M","45.3M","45.2M","44.4M","442M","441M","43.8M","43.6M","43.3M","43.2M","43.1M","42.8M","426M","41.7M","41.6M","41.3M","40.8M","40.6M","40.6M","40.5M","39.9M","39.8M","39.8M","39.2M","39M","38.9M","38.6M","38.4M","38.4M","38.3M","37.9M","37.8M","37.7M","37.3M","36.9M","36.9M","36.7M","36.6M","36.4M","36.3M","36.3M","35.8M","35.1M","35M","34.7M","34.4M","34M","34M","33.9M","33.7M","33.3M","33.2M","32.8M","32.8M","32.6M","31.7M","31.7M","31.6M","31.2M","31M","30.7M"],"okList":["82.7M","79.8M","71.5M","66.2M","64.6M","64.6M","62.7M","62.4M","62.4M","61.3M","61.3M","59.3M","58.1M","57.3M","57.1M","57.0M","56.8M","56.4M","56.0M","55.7M","54.8M","54.4M","54.1M","0.5379999999999999M","0.00529M","5.2300000000000004E-5M","5.13E-7M","5.6999999999999994E-8M","5.0200000000000004E-9M","5.0E-9M","4.989999999999999E-9M","4.920000000000001E-9M","4.920000000000001E-9M","4.83E-9M","4.770000000000001E-9M","4.699999999999999E-9M","4.62E-8M","4.610000000000001E-8M","4.57E-9M","4.529999999999999E-9M","4.529999999999999E-9M","4.519999999999999E-9M","4.44E-9M","4.419999999999999E-8M","4.4100000000000004E-8M","4.379999999999999E-9M","4.360000000000001E-9M","4.33E-9M","4.320000000000001E-9M","4.31E-9M","4.279999999999999E-9M","4.26E-8M","4.17E-9M","4.1600000000000005E-9M","4.1300000000000004E-9M","4.079999999999999E-9M","4.0600000000000005E-9M","4.0600000000000005E-9M","4.050000000000001E-9M","3.99E-9M","3.98E-9M","3.98E-9M","3.92E-9M","3.899999999999999E-9M","3.8900000000000004E-9M","3.86E-9M","3.84E-9M","3.84E-9M","3.829999999999999E-9M","3.7899999999999995E-9M","3.78E-9M","3.77E-9M","3.729999999999999E-9M","3.6900000000000003E-9M","3.6900000000000003E-9M","3.6700000000000004E-9M","3.66E-9M","3.64E-9M","3.63E-9M","3.63E-9M","3.5799999999999996E-9M","3.5100000000000005E-9M","3.5E-9M","3.4700000000000002E-9M","3.4399999999999997E-9M","3.4E-9M","3.4E-9M","3.3899999999999997E-9M","3.37E-9M","3.33E-9M","3.32E-9M","3.28E-9M","3.28E-9M","3.2600000000000007E-9M","3.17E-9M","3.17E-9M","3.1600000000000003E-9M","3.12E-9M","3.1E-9M","3.07E-9M"],"nokList":[]}