{"server":1922,"total":4107.4004,"average":41.91225,"cpValues":[],"cpList":["76M","68.7M","68.7M","67.6M","64.7M","62.6M","61M","60.2M","59.8M","58.7M","57.5M","56.9M","56.5M","56.1M","55.4M","54.1M","53.2M","52.6M","50.9M","50.7M","49.9M","49.5M","49.2M","48.6M","47.9M","47.6M","47.4M","47.2M","46.6M","46.1M","45.2M","44.9M","43.8M","43.6M","43.2M","43.1M","42.9M","42.7M","42.1M","41.7M","41.6M","41.2M","40.4M","40.4M","39.9M","39.8M","39.6M","39.5M","39.4M","39M","38.8M","78M","37.6M","37.5M","37.5M","37.3M","37M","A6.6M","36.5M","36.5M","36.2M","35.8M","35.7M","35.5M","35M","34.9M","34.9M","34.7M","34.3M","33.8M","33.2M","33.1M","33M","32.7M","32.3M","32M","31.9M","31.9M","31.8M","31.7M","31.1M","30.8M","30.6M","30.3M","30.1M","30M","29.8M","29.8M","29.7M","29.5M","29.3M","29.2M","29.1M","28.4M","28.2M","27.9M","27.8M","27.8M","27.5M","27.M"],"okList":["76.0M","72.35M","68.149994M","66.7M","65.1M","62.85M","61.4M","60.4M","59.45M","58.65M","57.800003M","57.0M","56.5M","55.95M","55.1M","54.300003M","53.35M","52.050003M","51.65M","50.4M","50.1M","49.550003M","49.05M","48.550003M","48.1M","47.65M","47.4M","47.0M","46.65M","45.9M","45.5M","44.5M","44.25M","43.5M","43.35M","43.050003M","42.9M","42.5M","42.2M","41.85M","41.45M","41.0M","40.800003M","40.15M","40.1M","39.75M","39.65M","39.5M","39.25M","39.1M","58.5M","38.199997M","57.75M","37.55M","37.4M","37.25M","36.75M","36.35M","36.15M","35.95M","35.65M","35.35M","35.2M","34.95M","34.800003M","34.6M","34.25M","33.75M","33.449997M","33.1M","32.9M","32.65M","32.35M","32.1M","31.95M","31.849998M","31.8M","31.45M","31.25M","30.85M","30.55M","30.35M","30.15M","29.95M","29.9M","29.75M","29.65M","29.5M","29.35M","29.2M","28.8M","28.650002M","28.15M","28.0M","27.849998M","27.65M","27.4M","27.0M"],"nokList":["37M","36.5M"]}