{"time":1755519338045,"server":1924,"cpList":["92.8M","92.1M","842M","82.3M","81.4M","77.3M","77M","75.2M","746M","73.1M","72.9M","72.8M","72.2M","71.9M","77M","69.9M","69.1M","68.9M","68.8M","68.3M","68M","67.9M","67.3M","67.1M","67.1M","67.1M","67M","66.9M","66.5M","66.4M","66.2M","66M","65.8M","65.7M","65.5M","65.3M","65M","65M","64.9M","646M","64M","63.9M","63.9M","63.5M","62.9M","62.9M","62.7M","62.7M","62.7M","62.3M","61.9M","61.6M","61.4M","61M","61M","60.5M","60.3M","59.9M","59.7M","59.6M","59.5M","59.1M","59M","58.8M","58.7M","58.6M","58.5M","58.4M","58.4M","58.4M","58M","57.8M","57.7M","57.7M","57.7M","57.6M","57.2M","57.1M","56.9M","56.4M","56.4M","56.3M","56.2M","55.9M","55.8M","55.7M","55.5M","55.4M","55.3M","55.2M","55.1M","55.1M","55M","55M","54.6M","54.6M","54.3M","53.9M","53.9M","53.7M"],"okList":["92.8M","92.1M","84.2M","82.3M","0.8140000000000001M","0.00773M","7.7E-5M","7.520000000000001E-6M","1.4599999999999998E-7M","7.31E-8M","7.290000000000001E-9M","7.28E-9M","7.2199999999999995E-9M","7.190000000000001E-9M","7.700000000000001E-9M","6.99E-9M","6.91E-9M","6.890000000000001E-9M","6.879999999999999E-9M","6.83E-9M","6.8E-9M","6.790000000000001E-9M","6.73E-9M","6.709999999999999E-9M","6.709999999999999E-9M","6.709999999999999E-9M","6.7000000000000004E-9M","6.69E-9M","6.65E-9M","6.64E-9M","6.62E-9M","6.6E-9M","6.579999999999999E-9M","6.57E-9M","6.550000000000001E-9M","6.53E-9M","6.500000000000001E-9M","6.500000000000001E-9M","6.4900000000000005E-9M","6.460000000000001E-8M","6.4E-9M","6.39E-9M","6.39E-9M","6.35E-9M","6.290000000000001E-9M","6.290000000000001E-9M","6.270000000000001E-9M","6.270000000000001E-9M","6.270000000000001E-9M","6.23E-9M","6.19E-9M","6.159999999999999E-9M","6.14E-9M","6.099999999999998E-9M","6.099999999999998E-9M","6.05E-9M","6.03E-9M","5.99E-9M","5.97E-9M","5.96E-9M","5.9499999999999995E-9M","5.91E-9M","5.9E-9M","5.88E-9M","5.870000000000001E-9M","5.86E-9M","5.8499999999999994E-9M","5.84E-9M","5.84E-9M","5.84E-9M","5.8E-9M","5.7799999999999995E-9M","5.7700000000000005E-9M","5.7700000000000005E-9M","5.7700000000000005E-9M","5.760000000000001E-9M","5.72E-9M","5.71E-9M","5.69E-9M","5.6399999999999995E-9M","5.6399999999999995E-9M","5.63E-9M","5.620000000000001E-9M","5.59E-9M","5.5799999999999985E-9M","5.57E-9M","5.55E-9M","5.54E-9M","5.53E-9M","5.520000000000001E-9M","5.51E-9M","5.51E-9M","5.500000000000001E-9M","5.500000000000001E-9M","5.4600000000000006E-9M","5.4600000000000006E-9M","5.43E-9M","5.390000000000001E-9M","5.390000000000001E-9M","5.37E-9M"],"nokList":[]}