{"server":1924,"total":5599.55,"average":57.138264,"cpValues":[],"cpList":["20.2M","80.1M","74.8M","74.1M","72.7M","71.8M","69.7M","69.6M","69.1M","68.8M","68.8M","67.5M","67.1M","65.8M","65.5M","65.5M","65.4M","65M","64.3M","64.2M","63.9M","63.7M","63.4M","63.1M","63.1M","62.6M","62.5M","62.5M","62.1M","61.9M","61.6M","61.1M","60.9M","60.4M","59.9M","59.5M","58.8M","58.7M","58.3M","58.3M","58.3M","58.3M","58.2M","58.2M","58.1M","57.8M","57.6M","57.1M","56.9M","56.8M","56.1M","56M","55.7M","55.6M","55.5M","55.5M","55.3M","55.3M","55.1M","55.1M","55M","54.8M","54.7M","54.6M","54.4M","53.9M","53.4M","53.3M","53.3M","53.2M","53.1M","53.1M","53M","52.8M","52.6M","52.4M","52.4M","52.3M","52M","51.7M","51.6M","51.6M","51.5M","51.3M","51.3M","50.7M","50.2M","50.1M","49.5M","49.5M","49.3M","49.3M","49.3M","49.2M","49.1M","48.7M","48M","4AM","+1.9M","47.9M"],"okList":["20.2M","47.5M","77.1M","73.75M","72.95M","71.2M","70.7M","69.399994M","69.2M","68.95M","68.15M","67.95M","66.65M","66.3M","65.65M","65.45M","65.25M","64.850006M","64.6M","64.100006M","63.949997M","63.65M","63.4M","63.25M","62.85M","62.8M","62.55M","62.3M","62.2M","61.85M","61.5M","61.25M","60.75M","60.4M","59.95M","59.35M","59.1M","58.55M","58.5M","58.3M","58.3M","58.25M","58.25M","58.15M","58.0M","57.85M","57.449997M","57.25M","56.949997M","56.5M","56.4M","55.9M","55.8M","55.6M","55.55M","55.4M","55.4M","55.199997M","55.199997M","55.05M","54.949997M","54.85M","54.699997M","54.550003M","54.25M","53.9M","53.6M","53.35M","53.25M","53.199997M","53.15M","53.05M","52.949997M","52.8M","52.6M","52.5M","52.35M","52.2M","52.0M","51.8M","51.65M","51.55M","51.449997M","51.4M","51.0M","50.75M","50.4M","49.85M","49.8M","49.4M","49.4M","49.3M","49.25M","49.199997M","48.95M","48.55M","24.95M","47.9M"],"nokList":["48M","+1.9M"]}