{"time":1755510088283,"server":193,"cpList":["120M","96.9M","94.7M","89.1M","85.2M","848M","78.5M","77.7M","77.3M","75.4M","75.1M","75M","74.1M","73.4M","71.9M","71.3M","70.5M","70.4M","70.1M","69.3M","68.1M","68M","66.9M","66.3M","66.2M","65.6M","65.2M","64.9M","642M","64.1M","63.9M","63.7M","63.7M","63.5M","62.8M","62.6M","61.1M","60.6M","60.5M","60.1M","59.9M","59.3M","59.1M","58.9M","58.7M","58.4M","58.1M","58M","58M","57.9M","57.9M","57.8M","57.5M","57.5M","57.1M","56.6M","56.6M","56.5M","55.9M","55.7M","55.5M","55.4M","54.4M","54.1M","54.1M","54M","53.5M","53.5M","53M","52.8M","52.8M","52.6M","52.5M","52.4M","52.2M","52.2M","51.5M","51.4M","51.3M","51.1M","57M","50.6M","50.4M","50.4M","50.3M","50.2M","50.1M","50.1M","49.8M","49.7M","49.6M","49M","48.8M","48.7M","48.6M","48.2M","47.8M","47.7M","47.5M","47.4M"],"okList":["120.0M","96.9M","94.7M","89.1M","85.2M","84.8M","78.5M","77.7M","77.3M","75.4M","75.1M","75.0M","74.1M","73.4M","71.9M","71.3M","70.5M","70.4M","70.1M","69.3M","68.1M","68.0M","66.9M","66.3M","66.2M","65.6M","65.2M","64.9M","64.2M","64.1M","63.9M","63.7M","63.7M","63.5M","62.8M","62.6M","61.1M","60.6M","60.5M","60.1M","59.9M","59.3M","59.1M","58.9M","58.7M","58.4M","58.1M","58.0M","58.0M","57.9M","57.9M","57.8M","57.5M","57.5M","57.1M","56.6M","56.6M","56.5M","55.9M","55.7M","55.5M","55.4M","54.4M","54.1M","54.1M","54.0M","53.5M","53.5M","53.0M","52.8M","52.8M","52.6M","52.5M","52.4M","52.2M","52.2M","0.515M","0.0051400000000000005M","5.13E-5M","5.110000000000001E-7M","5.6999999999999994E-8M","5.06E-9M","5.040000000000001E-9M","5.040000000000001E-9M","5.03E-9M","5.0200000000000004E-9M","5.01E-9M","5.01E-9M","4.979999999999999E-9M","4.970000000000001E-9M","4.96E-9M","4.9E-9M","4.8800000000000005E-9M","4.870000000000001E-9M","4.86E-9M","4.820000000000001E-9M","4.779999999999999E-9M","4.770000000000001E-9M","4.7499999999999995E-9M","4.739999999999999E-9M"],"nokList":[]}