{"server":1938,"total":4917.199,"average":49.171993,"cpValues":[],"cpList":["72.8M","72.1M","70.5M","68.4M","64.9M","64.2M","63.5M","63.2M","62M","61.2M","61M","60.6M","60.3M","60.2M","58.8M","57.7M","57.3M","56.9M","56.8M","56.3M","56.2M","56.2M","55.8M","55.1M","54.3M","54.3M","54.2M","53.5M","53.4M","53M","52.9M","52.7M","52.7M","52.6M","52.3M","51.9M","51.6M","51.4M","51.2M","51.2M","50.4M","50.1M","50M","48.6M","48.5M","48.2M","48.1M","48M","48M","47.9M","47.M","46.6M","46.5M","46.5M","46.4M","46.3M","45.5M","45.1M","45M","44.4M","44.4M","44.3M","44.1M","44M","43.9M","43.7M","43.7M","43.6M","43.6M","43.3M","43.3M","42.8M","42.8M","42.6M","42.5M","42.3M","42.1M","41.5M","41.4M","41.3M","41.2M","41M","40.8M","40.5M","40.5M","40M","40M","39.9M","39.9M","39.8M","39.6M","39.5M","39.3M","39.2M","39M","38.9M","38.6M","38.6M","38.6M","38.5M"],"okList":["72.8M","71.65M","70.25M","67.7M","66.3M","64.2M","63.699997M","62.75M","62.2M","61.5M","60.9M","60.65M","60.4M","59.55M","58.95M","58.05M","57.300003M","57.05M","56.6M","56.5M","56.25M","56.0M","55.65M","55.05M","54.699997M","54.25M","53.9M","53.800003M","53.25M","53.15M","52.85M","52.800003M","52.65M","52.5M","52.25M","51.949997M","51.65M","51.4M","51.300003M","50.800003M","50.65M","50.2M","49.35M","49.25M","48.4M","48.3M","48.1M","48.05M","47.95M","47.5M","47.25M","46.75M","46.55M","46.45M","46.4M","45.95M","45.699997M","45.25M","44.75M","44.7M","44.35M","44.25M","44.15M","44.0M","43.85M","43.800003M","43.65M","43.65M","43.449997M","43.449997M","43.05M","43.05M","42.699997M","42.65M","42.449997M","42.3M","41.9M","41.75M","41.4M","41.300003M","41.15M","41.0M","40.75M","40.65M","40.25M","40.25M","39.95M","39.95M","39.85M","39.75M","39.65M","39.449997M","39.35M","39.15M","39.050003M","38.8M","38.75M","38.6M","38.55M","38.5M"],"nokList":[]}