{"time":1755519417647,"server":1951,"cpList":["114M","104M","100M","100M","100M","94.5M","94.4M","916M","90.3M","89.6M","88.3M","88M","85.3M","85.3M","84M","82.9M","82.9M","82.6M","82.6M","81.1M","80.7M","80.7M","79.9M","79.9M","78.9M","78.6M","78.2M","78.1M","77.8M","77.6M","77.3M","77M","76.9M","76.9M","76.8M","76.7M","766M","766M","76.5M","76.4M","76.1M","76M","76M","76M","75.6M","75.4M","75.3M","75.2M","74.9M","74.4M","74.3M","74.1M","74M","73.8M","73.4M","73.4M","73.2M","72.9M","72.7M","72.7M","72.6M","72.6M","72.4M","72.2M","71.7M","71.7M","71.7M","71.6M","71.6M","71.4M","71.4M","71.4M","71.3M","71.3M","71.2M","71.2M","77M","70.8M","70.7M","70.5M","70.2M","70M","69.9M","69.7M","69.5M","69.5M","69.4M","69.3M","69.3M","69.1M","69.1M","69.1M","69M","69M","68.9M","68.9M","68.9M","68.8M","68.7M","68.6M"],"okList":["114.0M","104.0M","100.0M","100.0M","100.0M","94.5M","94.4M","91.6M","90.3M","89.6M","88.3M","88.0M","85.3M","85.3M","84.0M","82.9M","82.9M","82.6M","82.6M","81.1M","80.7M","80.7M","79.9M","79.9M","78.9M","78.6M","78.2M","78.1M","77.8M","77.6M","77.3M","77.0M","76.9M","76.9M","76.8M","0.767M","0.00166M","1.66E-5M","7.649999999999999E-8M","7.640000000000001E-9M","7.609999999999998E-9M","7.6E-9M","7.6E-9M","7.6E-9M","7.56E-9M","7.54E-9M","7.53E-9M","7.519999999999999E-9M","7.490000000000001E-9M","7.4400000000000024E-9M","7.43E-9M","7.41E-9M","7.400000000000001E-9M","7.3800000000000006E-9M","7.340000000000001E-9M","7.340000000000001E-9M","7.32E-9M","7.290000000000001E-9M","7.269999999999999E-9M","7.269999999999999E-9M","7.26E-9M","7.26E-9M","7.240000000000001E-9M","7.2199999999999995E-9M","7.170000000000001E-9M","7.170000000000001E-9M","7.170000000000001E-9M","7.159999999999999E-9M","7.159999999999999E-9M","7.14E-9M","7.14E-9M","7.14E-9M","7.13E-9M","7.13E-9M","7.120000000000001E-9M","7.120000000000001E-9M","7.700000000000001E-9M","7.08E-9M","7.070000000000001E-9M","7.0499999999999994E-9M","7.020000000000001E-9M","7.0E-9M","6.99E-9M","6.97E-9M","6.949999999999999E-9M","6.949999999999999E-9M","6.9400000000000004E-9M","6.929999999999999E-9M","6.929999999999999E-9M","6.91E-9M","6.91E-9M","6.91E-9M","6.9E-9M","6.9E-9M","6.890000000000001E-9M","6.890000000000001E-9M","6.890000000000001E-9M","6.879999999999999E-9M","6.8700000000000005E-9M","6.86E-9M"],"nokList":[]}