{"server":1951,"total":6275.8013,"average":72.13564,"cpValues":[],"cpList":["133M","111M","103M","N8.8M","97.7M","N6M","25.5M","24.2M","89.8M","89M","A8.6M","86.3M","83.6M","82.3M","82M","80.2M","79.7M","79.7M","7A.6M","7A.6M","78.5M","78.5M","78.4M","7AM","77.4M","77.1M","77.1M","76.6M","76.5M","76.4M","76M","75.4M","75.4M","74.8M","74.6M","74.5M","74.2M","74.1M","74M","74M","73.7M","73.7M","73.5M","73.5M","73.3M","73.2M","73.2M","73M","72.8M","72.6M","72.5M","12.4M","72.1M","71.8M","71.6M","71.5M","71.5M","71.4M","71.2M","71.1M","70.7M","70.5M","70.5M","70.5M","70.3M","70.2M","70.1M","70M","69.8M","69.7M","69.6M","69.4M","69.3M","69.3M","69M","69M","68.9M","68.9M","68.7M","68.5M","68.4M","67.9M","67.8M","67.8M","67.7M","67.7M","67.6M","67.6M","67.4M","67.3M","67.2M","67M","66.8M","66.7M","66.6M","66.6M","66.6M","66.5M","66.5M","66.4M"],"okList":["133.0M","118.0M","57.65M","56.6M","87.65M","84.3M","82.8M","81.25M","80.85M","79.95M","78.45M","77.9M","77.25M","76.85M","76.8M","76.5M","76.25M","75.9M","75.7M","75.100006M","75.0M","74.65M","74.399994M","74.3M","74.1M","74.05M","73.85M","73.85M","73.6M","73.6M","73.4M","73.35M","73.25M","73.1M","73.0M","72.8M","72.65M","42.5M","72.3M","42.100002M","71.85M","71.65M","71.55M","71.45M","71.35M","71.25M","70.95M","70.8M","70.6M","70.5M","70.4M","70.35M","70.2M","70.1M","69.95M","69.85M","69.7M","69.55M","69.45M","69.350006M","69.15M","69.15M","68.95M","68.95M","68.8M","68.7M","68.55M","68.2M","68.100006M","67.850006M","67.75M","67.75M","67.649994M","67.649994M","67.5M","67.45M","67.3M","67.15M","67.0M","66.85M","66.7M","66.649994M","66.6M","66.55M","66.55M","66.45M","66.4M"],"nokList":["103M","N8.8M","97.7M","N6M","25.5M","89M","86.3M","79.7M","7A.6M","7A.6M","78.5M","78.4M","77.4M"]}