{"server":1952,"total":6230.3013,"average":62.303013,"cpValues":[],"cpList":["97M","88.4M","87.8M","85.2M","81.7M","80.5M","75.7M","73.4M","73M","72.7M","72.1M","71.5M","71.2M","71.1M","71M","70.9M","70.5M","70M","68.4M","67.4M","67.3M","67.3M","66.4M","66.3M","66.1M","6M","65.9M","65.7M","65.6M","65.6M","64.9M","64.7M","64.6M","64.5M","64.2M","64.1M","64M","63.5M","63.4M","63.1M","63M","62.5M","62.2M","62.1M","61.9M","61.9M","61.7M","61.1M","60.9M","60.7M","60.6M","60.5M","60.4M","59.9M","59.8M","59.8M","59.7M","59.7M","59.5M","59.2M","58.9M","58.8M","58.8M","58.6M","58.6M","58.4M","58.3M","58.3M","58.2M","57.6M","57.4M","57.3M","57.1M","56.9M","56.9M","56.8M","56.8M","56.4M","56.3M","56.1M","55.9M","55.8M","55.7M","55.6M","55.5M","55.4M","55.3M","55.3M","55.2M","55.2M","55.1M","54.7M","54.6M","54.4M","53.7M","53.6M","53.6M","53.4M","53M","52.8M"],"okList":["97.0M","92.4M","86.8M","84.75M","82.85M","78.7M","76.95M","74.35M","73.05M","72.55M","72.1M","71.649994M","71.3M","71.1M","71.0M","70.75M","70.45M","69.45M","68.7M","67.850006M","67.350006M","66.850006M","66.8M","66.25M","36.15M","66.0M","35.85M","65.75M","65.649994M","65.25M","65.149994M","64.75M","64.6M","64.399994M","64.3M","64.1M","63.8M","63.7M","63.3M","63.2M","62.8M","62.6M","62.3M","62.050003M","62.0M","61.800003M","61.5M","61.300003M","60.9M","60.75M","60.6M","60.5M","60.2M","60.1M","59.85M","59.75M","59.75M","59.6M","59.45M","59.2M","59.0M","58.85M","58.699997M","58.699997M","58.5M","58.449997M","58.35M","58.25M","57.949997M","57.800003M","57.449997M","57.25M","57.1M","57.0M","56.85M","56.85M","56.6M","56.55M","56.25M","56.1M","55.949997M","55.800003M","55.699997M","55.6M","55.5M","55.4M","55.35M","55.25M","55.25M","55.15M","54.95M","54.85M","54.550003M","54.15M","54.0M","53.65M","53.5M","53.3M","53.1M","52.8M"],"nokList":[]}