{"server":1970,"total":3984.9995,"average":46.337204,"cpValues":[],"cpList":["85.5M","74.1M","71.9M","71.5M","6AM","67.3M","66.5M","64.5M","63.2M","61.9M","61.8M","61.8M","61.6M","61.1M","60.6M","58.8M","58.8M","58.3M","5AM","56.7M","56.5M","56.4M","55.4M","54.7M","54.4M","53M","52.5M","52.3M","52M","51.8M","51.7M","50.4M","49.9M","49.6M","48.2M","46.6M","46.4M","46.1M","46.1M","45.5M","45.4M","45.3M","45.2M","45.2M","45.1M","45.1M","44.6M","44.3M","43.7M","43.5M","43M","42.9M","42.6M","42M","42M","42M","41.9M","41.8M","41.6M","41.4M","40.8M","40.6M","40.6M","40.5M","40.2M","39.5M","39.3M","38.8M","38.7M","AA.6M","AA.6M","38.4M","37.7M","37.5M","37.1M","A6.6M","A6.6M","A6.6M","36.2M","A6.1M","35.7M","35.7M","35.6M","35.6M","35.1M","34.9M","34.3M","34.2M","33.3M","33.3M","33.2M","32.5M","31.5M","31.3M","31.1M","30.4M","29.8M","29.6M","29.6M","29.6M"],"okList":["85.5M","78.7M","72.8M","69.4M","65.9M","64.85M","63.2M","62.5M","61.85M","61.699997M","61.449997M","61.1M","59.949997M","59.699997M","58.55M","57.5M","56.550003M","55.95M","55.550003M","54.9M","53.85M","53.45M","52.65M","52.25M","52.05M","51.85M","51.1M","50.800003M","50.0M","49.050003M","48.1M","47.300003M","46.35M","46.25M","45.8M","45.75M","45.4M","45.300003M","45.25M","45.15M","45.15M","44.85M","44.699997M","44.15M","43.9M","43.35M","43.2M","42.8M","42.45M","42.3M","42.0M","41.95M","41.9M","41.75M","41.6M","41.199997M","41.0M","40.699997M","40.55M","40.4M","40.0M","39.75M","39.15M","39.0M","37.95M","37.4M","35.95M","35.65M","35.65M","35.35M","35.25M","34.699997M","34.550003M","33.8M","33.75M","33.25M","32.9M","32.35M","31.9M","31.3M","30.849998M","30.45M","30.0M","29.7M","29.6M","29.6M"],"nokList":["71.5M","67.3M","58.3M","56.7M","38.7M","AA.6M","AA.6M","38.4M","37.1M","A6.6M","A6.6M","A6.6M","36.2M","35.7M"]}