{"time":1755519549916,"server":1981,"cpList":["79.8M","77.2M","77M","75.4M","75.1M","72.3M","63.8M","63.6M","62.9M","62.5M","61.3M","60.8M","60.8M","60.7M","59.8M","59M","58.7M","58.6M","57M","56.7M","56.7M","56.5M","56M","55.4M","55.1M","54.8M","54.4M","54.4M","53.6M","53.6M","53.3M","53.3M","53.1M","52.5M","52.1M","52.1M","51.9M","51.5M","51.5M","51.4M","51.1M","57M","50.8M","50.5M","50.2M","49.9M","49.1M","48.7M","48.7M","48.3M","47.9M","47.9M","47.8M","47.8M","46.6M","46.5M","46.4M","462M","45.9M","45.3M","44.4M","43.7M","43.4M","43.2M","43.1M","41.9M","41.9M","41.8M","41.6M","41M","40.8M","40.6M","40M","39.7M","38.5M","38.4M","38.1M","38.1M","36.9M","36.9M","36.9M","36.9M","36.7M","36.3M","35.1M","35M","35M","34.8M","34.3M","342M","34.1M","33.9M","33.7M","33.7M","33.5M","32.5M","32.3M","32.3M","31.9M","31.8M"],"okList":["79.8M","77.2M","77.0M","75.4M","75.1M","72.3M","63.8M","63.6M","62.9M","62.5M","61.3M","60.8M","60.8M","60.7M","59.8M","59.0M","58.7M","58.6M","57.0M","56.7M","56.7M","56.5M","56.0M","55.4M","55.1M","54.8M","54.4M","54.4M","53.6M","53.6M","53.3M","53.3M","53.1M","52.5M","52.1M","52.1M","51.9M","0.515M","0.00515M","5.14E-5M","5.110000000000001E-7M","5.6999999999999994E-8M","5.080000000000001E-9M","5.0500000000000006E-9M","5.0200000000000004E-9M","4.989999999999999E-9M","4.910000000000001E-9M","4.870000000000001E-9M","4.870000000000001E-9M","4.83E-9M","4.79E-9M","4.79E-9M","4.779999999999999E-9M","4.779999999999999E-9M","4.66E-9M","4.65E-9M","4.6400000000000005E-9M","4.62E-8M","4.59E-9M","4.529999999999999E-9M","4.44E-9M","4.3700000000000004E-9M","4.34E-9M","4.320000000000001E-9M","4.31E-9M","4.190000000000001E-9M","4.190000000000001E-9M","4.18E-9M","4.1600000000000005E-9M","4.0999999999999995E-9M","4.079999999999999E-9M","4.0600000000000005E-9M","4.0E-9M","3.97E-9M","3.8500000000000006E-9M","3.84E-9M","3.81E-9M","3.81E-9M","3.6900000000000003E-9M","3.6900000000000003E-9M","3.6900000000000003E-9M","3.6900000000000003E-9M","3.6700000000000004E-9M","3.63E-9M","3.5100000000000005E-9M","3.5E-9M","3.5E-9M","3.48E-9M","3.43E-9M","3.42E-8M","3.41E-9M","3.3899999999999997E-9M","3.37E-9M","3.37E-9M","3.3500000000000002E-9M","3.2500000000000006E-9M","3.229999999999999E-9M","3.229999999999999E-9M","3.1900000000000004E-9M","3.18E-9M"],"nokList":[]}