{"server":1981,"total":4562.35,"average":49.05753,"cpValues":[],"cpList":["77.4M","75.2M","73.9M","73.7M","71.8M","71.7M","70.5M","69.9M","63.8M","61.3M","60.9M","60M","59.3M","58.9M","58.3M","57.7M","57.6M","56.9M","56.9M","56.8M","56.7M","56.5M","56.5M","54.8M","54.4M","53.7M","53.6M","53.3M","53.1M","53.1M","52.9M","52.9M","52.7M","52.5M","52.3M","51.9M","51.6M","51.4M","51.3M","51.1M","51.1M","50.9M","50.5M","50.1M","49.7M","49.4M","48.8M","47.9M","47.9M","47.8M","47.8M","47.6M","46.9M","46.8M","46.6M","46.4M","46.2M","45.3M","45M","44.9M","43.9M","43.8M","43.8M","43.7M","43.2M","43.1M","41.9M","40.8M","40.6M","40.6M","40.5M","40.4M","40.2M","40M","39.7M","39M","38.4M","38.1M","38.1M","A6.9M","A6.9M","A6.9M","A6.9M","36.3M","A6M","35M","34.8M","34.3M","34.3M","34.2M","34.1M","33.9M","33.7M","33.7M","33.5M","32.5M","32.3M","32.3M","31.9M","31.9M"],"okList":["77.4M","75.65M","74.45M","72.850006M","72.7M","71.15M","70.8M","67.15M","65.6M","62.35M","60.65M","60.1M","59.45M","58.8M","58.300003M","57.949997M","57.300003M","57.25M","56.85M","56.800003M","56.65M","56.6M","55.65M","55.45M","54.25M","54.0M","53.5M","53.35M","53.199997M","53.0M","53.0M","52.800003M","52.7M","52.5M","52.2M","51.949997M","51.65M","51.449997M","51.25M","51.199997M","51.0M","50.8M","50.5M","50.1M","49.75M","49.25M","48.65M","48.35M","47.85M","47.85M","47.699997M","47.35M","47.199997M","46.75M","46.6M","46.4M","45.85M","45.6M","45.1M","44.45M","44.35M","43.85M","43.75M","43.5M","43.4M","42.550003M","41.949997M","41.25M","40.699997M","40.55M","40.5M","40.35M","40.2M","39.95M","39.5M","39.050003M","38.55M","38.25M","35.65M","34.65M","34.55M","34.25M","34.199997M","34.050003M","33.9M","33.800003M","33.6M","33.1M","32.9M","32.4M","32.1M","32.1M","31.9M"],"nokList":["38.1M","A6.9M","A6.9M","A6.9M","A6.9M","36.3M","35M"]}