{"server":1982,"total":3344.3494,"average":36.351624,"cpValues":[],"cpList":["62.2M","61.3M","5AM","57.5M","56.8M","54.6M","52.9M","51.1M","50M","49.2M","48.8M","48M","47.M","47.3M","47.1M","46.4M","46.3M","44.3M","44.2M","43.3M","43.1M","43.1M","42.7M","42.4M","41.6M","41.5M","41.4M","40.5M","40M","39.4M","39.4M","38.9M","38.8M","AA.6M","37.9M","37.8M","37.5M","37.4M","37M","A6.9M","36.5M","35.9M","35.2M","34.6M","34.6M","34.3M","34.3M","34.2M","34.1M","34M","33.9M","33.8M","33.7M","A3.6M","33.5M","33.2M","32.9M","32.7M","32.3M","32.2M","32.1M","32M","31.9M","31.8M","31.7M","31.6M","31.5M","31.5M","31.1M","31.1M","30.7M","30.6M","30.4M","30.4M","30.3M","30M","30M","29.6M","29.5M","29.4M","29.3M","29.2M","29.2M","29M","28.9M","28.9M","29.7M","29.7M","29.7M","28.6M","28.6M","28.5M","28.4M","28.3M","28.1M","28.1M","27.9M","27.9M","21.7M","27.5M"],"okList":["62.2M","59.4M","56.05M","54.85M","52.85M","51.45M","50.15M","49.4M","48.6M","47.9M","47.65M","47.05M","46.85M","46.699997M","45.35M","45.25M","43.8M","43.65M","43.199997M","42.9M","42.75M","42.15M","41.95M","41.5M","41.0M","40.7M","39.95M","39.7M","39.15M","39.1M","38.35M","37.7M","37.6M","37.25M","36.75M","35.85M","35.25M","34.9M","34.449997M","34.449997M","34.25M","34.199997M","34.1M","34.0M","33.9M","33.800003M","33.6M","33.2M","32.95M","32.6M","32.45M","32.199997M","32.1M","32.0M","31.9M","31.8M","31.7M","31.6M","31.55M","31.3M","31.3M","30.900002M","30.85M","30.55M","30.5M","30.349998M","30.2M","30.15M","29.8M","29.75M","29.5M","29.4M","29.3M","29.25M","29.1M","29.05M","28.95M","28.9M","29.7M","29.7M","29.150002M","29.150002M","28.55M","28.5M","28.4M","28.25M","28.2M","28.0M","28.0M","24.8M","27.7M","27.5M"],"nokList":["61.3M","57.5M","38.8M","37.9M","37M","36.5M","33.7M","33.5M"]}