{"server":1985,"total":3763.1504,"average":41.353302,"cpValues":[],"cpList":["64.2M","60.7M","57.8M","57.5M","57M","55.9M","54.1M","54.1M","53.9M","53.8M","53.1M","52.7M","52.3M","52.3M","52.3M","50.8M","50.6M","50.4M","49.2M","47.3M","47.1M","46.3M","45M","44.4M","44.2M","44.2M","44M","43.9M","43.7M","43.6M","43.1M","42.4M","42.3M","42.1M","41.9M","41.5M","41.3M","41.1M","41.1M","40.8M","40.4M","39.6M","39.5M","39.2M","39.1M","39.1M","38.7M","38.5M","38.5M","38.4M","38.3M","38.3M","38.2M","38.1M","37.8M","37.5M","37.5M","37M","A6.9M","A6.9M","A6.9M","36.8M","36.5M","36.2M","36.2M","A6M","35.8M","35.7M","35.7M","35.7M","35.6M","35.5M","35.5M","35.4M","35.4M","35.2M","34.8M","34.5M","34.4M","34.1M","34M","34M","33.9M","33.7M","A3.6M","33.5M","33.4M","33.4M","33.2M","33.1M","33.1M","33M","33M","33M","32.9M","32.7M","32.2M","32.1M","32M","32M"],"okList":["64.2M","61.0M","59.1M","57.4M","56.7M","55.55M","55.0M","54.0M","53.949997M","53.5M","53.25M","52.699997M","52.5M","52.3M","51.55M","51.449997M","50.6M","49.9M","48.85M","48.15M","46.8M","46.05M","45.35M","44.6M","44.300003M","44.1M","44.050003M","43.85M","43.75M","43.4M","43.0M","42.699997M","42.25M","42.1M","41.8M","41.6M","41.3M","41.199997M","40.949997M","40.75M","40.199997M","39.95M","39.4M","39.3M","39.15M","38.9M","38.8M","38.6M","38.45M","38.4M","38.35M","38.25M","38.199997M","38.0M","37.8M","37.65M","37.25M","36.5M","36.35M","36.0M","35.75M","35.7M","35.65M","35.6M","35.55M","35.45M","35.45M","35.300003M","35.1M","34.85M","34.6M","34.3M","34.2M","34.05M","33.95M","33.85M","33.6M","33.45M","33.300003M","33.25M","33.15M","33.05M","33.05M","33.0M","32.95M","32.85M","32.550003M","32.4M","32.1M","32.05M","32.0M"],"nokList":["37M","A6.9M","A6.9M","A6.9M","36.8M","36.2M","35.8M","33.7M","33.5M"]}