{"server":2007,"total":3967.25,"average":42.20479,"cpValues":[],"cpList":["74.2M","61.3M","61.1M","59.6M","58.9M","57.6M","56.9M","55.7M","55.6M","54.8M","54.3M","53.7M","53M","52.9M","52.5M","51.2M","50.6M","49.4M","48.8M","48M","47.8M","47.5M","47.1M","47M","46.7M","46.5M","46.5M","46.4M","45.3M","44.9M","44.7M","44M","43.8M","43.8M","43.4M","43.3M","43.3M","43M","42.8M","42.7M","42.7M","42.4M","42.4M","41.9M","41.9M","41.9M","41.5M","41.5M","41.3M","41.1M","40.9M","40.5M","40.4M","40.3M","40.1M","39.2M","38.7M","38.7M","38.5M","38.5M","38.2M","38.1M","37.7M","37.4M","37.3M","37.1M","A6.9M","36.5M","36.2M","35M","34.8M","34.6M","34.4M","34.1M","34.1M","33.8M","A3.6M","A3.6M","33.3M","33.3M","32.9M","32.8M","32.7M","32.6M","32.5M","32.5M","32.3M","32.2M","32.1M","31.6M","31.5M","31.4M","31.4M","31.3M","30.9M","30.8M","30.8M","30.7M","30.6M","30.4M"],"okList":["74.2M","67.649994M","60.449997M","60.0M","58.6M","57.9M","56.65M","56.25M","55.25M","54.949997M","54.25M","53.65M","53.300003M","52.75M","52.050003M","51.55M","50.300003M","49.699997M","48.7M","48.3M","47.75M","47.449997M","47.25M","46.9M","46.75M","46.6M","46.45M","45.9M","45.65M","45.0M","44.45M","44.25M","43.9M","43.6M","43.55M","43.35M","43.15M","43.05M","42.85M","42.75M","42.550003M","42.550003M","42.15M","42.15M","41.9M","41.7M","41.7M","41.4M","41.3M","41.1M","40.8M","40.65M","40.4M","40.25M","39.75M","39.4M","38.95M","38.6M","38.6M","38.35M","38.3M","37.95M","37.75M","37.5M","37.25M","36.8M","35.75M","35.5M","34.8M","34.6M","34.35M","34.25M","33.949997M","33.1M","33.05M","32.800003M","32.699997M","32.6M","32.55M","32.4M","32.35M","32.199997M","31.900002M","31.8M","31.5M","31.45M","31.349998M","31.15M","31.05M","30.849998M","30.75M","30.7M","30.55M","30.4M"],"nokList":["37.1M","36.5M","33.8M","A3.6M","A3.6M","33.3M"]}