{"server":2008,"total":3154.851,"average":33.562244,"cpValues":[],"cpList":["60.7M","58.6M","58.1M","53.5M","50.2M","50M","49.5M","49.4M","49M","48.7M","48.1M","47.M","46.9M","46.4M","45.4M","44.4M","43.5M","42.8M","42.2M","41.7M","40.8M","39.9M","39.5M","37.7M","37.6M","37.4M","A6.6M","36.3M","35.9M","35.7M","35.4M","35.4M","35.3M","34.6M","34.4M","34.2M","34.1M","33.9M","A3.6M","A3.6M","33.4M","33.3M","33.2M","33M","32.9M","32.7M","32.6M","32.5M","32.3M","32M","31.7M","31.3M","31.3M","31.2M","31M","30.5M","30.4M","30.1M","30M","29.9M","29.7M","29.7M","29M","28.9M","28.9M","28.4M","28.1M","27.7M","27.5M","27.3M","27.2M","26.9M","26.7M","26.7M","26.2M","26.2M","26.2M","26M","26M","25.2M","25.2M","24.9M","24.9M","24.7M","24.7M","24.5M","24.1M","24M","24M","24M","23.9M","23.8M","23.6M","23.6M","23.5M","23.5M","23.4M","23.4M","23.1M","23.1M"],"okList":["60.7M","59.4M","56.05M","54.15M","51.75M","49.85M","49.7M","49.25M","49.050003M","48.55M","47.85M","47.5M","46.7M","46.15M","45.4M","44.45M","43.6M","42.85M","42.25M","41.5M","40.800003M","40.15M","38.800003M","38.55M","37.550003M","36.85M","36.0M","35.65M","35.550003M","35.35M","35.0M","34.85M","34.4M","34.25M","34.050003M","33.300003M","33.15M","33.050003M","32.85M","32.75M","32.6M","32.449997M","32.25M","32.0M","31.65M","31.5M","31.25M","31.15M","30.85M","30.7M","30.3M","30.2M","30.0M","29.85M","29.8M","29.35M","29.3M","28.95M","28.65M","28.5M","28.05M","27.8M","27.5M","27.35M","27.099998M","26.95M","26.8M","26.45M","26.45M","26.2M","26.1M","26.1M","25.6M","25.6M","25.05M","25.05M","24.8M","24.8M","24.6M","24.400002M","24.25M","24.05M","24.0M","23.95M","23.9M","23.75M","23.7M","23.55M","23.55M","23.45M","23.45M","23.25M","23.25M","23.1M"],"nokList":["37.4M","36.3M","33.9M","A3.6M","A3.6M","33.4M"]}