{"server":2009,"total":5857.75,"average":62.31649,"cpValues":[],"cpList":["85.4M","83.5M","81.3M","80.4M","79.4M","76.6M","75.4M","73.1M","73M","72.1M","71.6M","71.1M","70.9M","69.9M","69.2M","69.1M","68.4M","6AM","67.7M","67.2M","66.9M","66.4M","65.9M","65.8M","65.3M","65.2M","65.2M","64.6M","64.5M","64.1M","63.4M","63.4M","63.2M","62.9M","62.8M","62.8M","62.4M","61.8M","61.7M","61.4M","61.3M","61.1M","61.1M","61.1M","61M","60.9M","60.8M","60.8M","60.8M","60.7M","60.6M","60.6M","60.4M","60.2M","60.2M","60.2M","59.5M","59.5M","59.4M","59.3M","59.2M","59.1M","59M","58.8M","58.8M","58.7M","58.5M","58.2M","5AM","5AM","57.8M","57.7M","57.5M","57.3M","57.3M","57.2M","57M","56.9M","56.9M","56.9M","56.9M","56.6M","56.6M","56.5M","56.3M","56.3M","55.6M","55.6M","55.1M","55M","54.9M","54.8M","54.8M","54.4M","54.4M","54.2M","54.1M","54M","53.9M","53.8M"],"okList":["85.4M","83.350006M","81.95M","80.350006M","78.5M","77.4M","74.85M","74.2M","72.6M","72.3M","71.6M","71.25M","70.5M","70.05M","69.5M","68.8M","68.05M","67.3M","66.8M","66.4M","66.100006M","65.600006M","65.5M","65.25M","64.899994M","64.85M","64.35M","63.95M","63.75M","63.300003M","63.15M","63.0M","62.85M","62.6M","62.3M","62.050003M","61.6M","61.5M","61.25M","61.199997M","61.1M","61.05M","61.0M","60.9M","60.85M","60.8M","60.75M","60.699997M","60.65M","60.5M","60.4M","60.300003M","60.2M","59.85M","59.85M","59.45M","59.4M","59.300003M","59.199997M","59.1M","58.949997M","58.9M","58.75M","58.65M","58.45M","57.65M","57.5M","57.4M","57.25M","57.15M","57.050003M","56.95M","56.9M","56.9M","56.75M","56.75M","56.55M","56.449997M","56.4M","55.949997M","55.949997M","55.35M","55.3M","55.0M","54.9M","54.85M","54.6M","54.6M","54.300003M","54.25M","54.1M","54.0M","53.9M","53.8M"],"nokList":["68.4M","67.7M","58.2M","5AM","5AM","57.8M"]}