{"server":2010,"total":5125.4995,"average":52.840202,"cpValues":[],"cpList":["66.7M","66.1M","65.4M","65.3M","64.4M","64.1M","63.2M","62.8M","62.5M","62.1M","61.9M","61.6M","61M","60.5M","60.3M","60.2M","59.9M","59.7M","59.4M","59.1M","57.QM","57.6M","57.5M","57.4M","57.3M","57.3M","57.1M","57M","57M","56.8M","56.6M","56.6M","56.3M","56.1M","55.9M","55.8M","55.6M","55.6M","55.3M","54.7M","54.1M","54M","53.7M","53.6M","53.5M","53.2M","53.2M","53.1M","53M","52.9M","52.9M","52.8M","52.8M","52.7M","52.6M","51.8M","51.7M","51.7M","51.6M","51.6M","51.3M","51.3M","51.3M","51.2M","51.2M","50.7M","50.7M","50.7M","50.7M","50.5M","50.4M","50.4M","50.3M","50M","49.3M","49.2M","49M","48.1M","48M","48M","48M","47.6M","46.7M","46.3M","45.9M","44.9M","44.4M","44.3M","44.3M","44.2M","44.1M","43.6M","43.5M","43.5M","43.4M","42.4M","42.4M","41.4M","+1.3M","41.3M"],"okList":["66.7M","66.05M","65.7M","64.9M","64.7M","63.800003M","63.449997M","62.85M","62.449997M","62.2M","61.85M","61.45M","61.05M","60.65M","60.35M","60.1M","59.95M","59.65M","59.4M","57.5M","57.4M","57.35M","57.199997M","57.15M","57.05M","56.9M","56.8M","56.699997M","56.449997M","56.35M","56.1M","55.949997M","55.75M","55.699997M","55.449997M","55.15M","54.699997M","54.35M","53.9M","53.8M","53.6M","53.4M","53.35M","53.15M","53.1M","53.0M","52.95M","52.85M","52.85M","52.75M","52.699997M","52.25M","52.15M","51.75M","51.65M","51.65M","51.449997M","51.449997M","51.3M","51.25M","51.25M","50.95M","50.95M","50.7M","50.7M","50.6M","50.550003M","50.45M","50.35M","50.2M","49.8M","49.6M","49.15M","48.65M","48.5M","48.05M","48.0M","47.8M","47.35M","46.949997M","46.300003M","45.6M","45.15M","44.6M","44.35M","44.25M","44.199997M","43.9M","43.8M","43.55M","43.45M","42.95M","42.9M","41.9M","21.85M","41.35M","41.3M"],"nokList":["59.1M","57.QM","57.6M"]}