{"server":2014,"total":6117.449,"average":63.066486,"cpValues":[],"cpList":["23.8M","87.9M","84.3M","84M","83.2M","81.5M","80.9M","80.6M","76M","75.1M","72.6M","70.9M","70.6M","70.6M","70.3M","70.1M","69.5M","69.4M","68.9M","68.9M","68.8M","67.7M","67.6M","67.3M","67.2M","67.1M","66.9M","65.5M","65.4M","65.2M","64.6M","64.6M","64.4M","64.4M","64.4M","64.4M","64.2M","63.9M","63.7M","63.7M","63.4M","63.4M","62.9M","62.9M","62.8M","62.7M","62.6M","62.4M","62.3M","62.1M","62.1M","61.7M","61.6M","61.4M","61.4M","61.1M","61M","60.8M","60.8M","60.7M","60.6M","60.5M","60.4M","60.1M","60M","59.8M","59.5M","59.5M","59.3M","59.3M","59.2M","59.2M","59.1M","58.7M","58.5M","58.5M","58.5M","58.5M","58.4M","58.3M","58.2M","58.2M","58.2M","58.2M","58.1M","57.QM","57.5M","57.2M","57M","56.6M","56.5M","55.7M","55.5M","55.4M","54.9M","54.6M","54.6M","54.4M","54.2M","54M"],"okList":["23.8M","54.050003M","85.95M","83.75M","82.75M","82.05M","81.05M","78.45M","77.85M","74.3M","73.0M","71.6M","70.75M","70.45M","70.35M","69.9M","69.75M","69.2M","69.15M","68.850006M","68.3M","68.2M","67.5M","67.399994M","67.2M","67.05M","66.3M","66.15M","65.35M","65.0M","64.899994M","64.5M","64.5M","64.4M","64.4M","64.3M","64.15M","63.949997M","63.800003M","63.550003M","63.550003M","63.15M","63.15M","62.85M","62.800003M","62.699997M","62.550003M","62.449997M","62.25M","62.199997M","61.9M","61.85M","61.550003M","61.5M","61.25M","61.2M","60.949997M","60.9M","60.75M","60.699997M","60.6M","60.5M","60.3M","60.2M","59.949997M","59.75M","59.65M","59.4M","59.4M","59.25M","59.25M","59.15M","58.95M","58.8M","58.6M","58.5M","58.5M","58.45M","58.4M","58.300003M","58.25M","58.2M","58.2M","58.15M","57.25M","56.9M","56.75M","56.15M","56.0M","55.550003M","55.2M","55.0M","54.75M","54.5M","54.4M","54.2M","54.0M"],"nokList":["58.1M","57.QM","57.5M"]}