{"server":2029,"total":3245.4497,"average":35.276627,"cpValues":[],"cpList":["64.9M","61.3M","58.3M","55.1M","54.2M","51.6M","51.2M","49.3M","48.8M","47.9M","47.5M","46.8M","46.2M","46M","44.1M","43.9M","43.5M","43.4M","43.1M","42.1M","42.1M","40.2M","39.5M","39.4M","39.2M","39.1M","37.2M","37.1M","36.4M","A6M","A6M","35.7M","35.6M","35.4M","35.4M","35.4M","35.3M","35M","34.6M","34.4M","33.9M","33.8M","A3.6M","A3.6M","33.5M","33.4M","33.3M","33.2M","32.7M","32.6M","32.6M","32.5M","32.4M","32.3M","32.1M","32.1M","32M","31.9M","31.9M","31.9M","31.5M","31.4M","31.3M","31.1M","30.8M","30.6M","30.5M","30.1M","30.1M","30M","29.8M","29.7M","29.7M","29.6M","29.4M","29.4M","29M","29M","29M","29.7M","28.3M","28.3M","28.3M","28.1M","28M","28M","28M","27.8M","26.8M","26.8M","26.7M","26.3M","26.3M","26.1M","25.9M","25.8M","25.8M","25.7M","25.5M","25.3M"],"okList":["64.9M","61.6M","58.199997M","56.25M","53.35M","52.7M","50.449997M","50.0M","48.6M","48.15M","47.35M","46.85M","46.4M","45.15M","44.95M","43.8M","43.65M","43.3M","42.75M","42.6M","41.15M","40.8M","39.800003M","39.35M","39.25M","38.2M","38.1M","36.800003M","35.550003M","35.5M","35.4M","35.35M","35.2M","34.949997M","34.7M","34.25M","34.1M","33.4M","33.300003M","33.0M","32.9M","32.65M","32.55M","32.5M","32.4M","32.25M","32.199997M","32.05M","32.0M","31.95M","31.9M","31.7M","31.65M","31.4M","31.25M","31.05M","30.85M","30.65M","30.35M","30.3M","30.05M","29.95M","29.85M","29.75M","29.650002M","29.55M","29.5M","29.2M","29.2M","29.0M","29.0M","28.65M","29.0M","28.3M","28.2M","28.15M","28.05M","28.0M","27.9M","27.4M","27.3M","26.75M","26.55M","26.5M","26.2M","26.099998M","25.95M","25.849998M","25.75M","25.65M","25.5M","25.3M"],"nokList":["36.4M","A6M","A6M","35.7M","33.8M","A3.6M","A3.6M","33.5M"]}