{"server":2050,"total":4481.35,"average":45.72806,"cpValues":[],"cpList":["80.2M","79.1M","77M","76.8M","75.9M","72.1M","70.1M","70.1M","68.2M","66.3M","64.3M","60.9M","60.7M","60.1M","57.4M","56.8M","56.4M","56.4M","56.4M","55M","54.8M","54.7M","53.3M","52.3M","49.8M","49.7M","49.5M","49.2M","48.8M","48.4M","48.3M","47.9M","47.8M","47.M","47.4M","46.9M","46.3M","45.9M","45.9M","44.9M","44.9M","44.5M","44.3M","44.1M","43.8M","43.6M","43.3M","43.1M","42.7M","42.7M","42.4M","42.3M","42.1M","42M","41.6M","41.4M","41.2M","40.9M","40.5M","40M","39.8M","39.7M","39.7M","39.2M","38.8M","AA.6M","38.4M","38.1M","38.1M","37.8M","37.5M","37.4M","36.8M","36.7M","36.5M","35.8M","35.6M","35.2M","35.2M","35.1M","35M","34.8M","34.5M","34.5M","34M","33.9M","33.8M","33.5M","33.1M","32.8M","32.7M","32.4M","32.3M","32M","31.9M","31.7M","31.5M","31.2M","31.1M","31M"],"okList":["80.2M","78.6M","77.95M","76.45M","74.45M","73.0M","71.1M","69.149994M","68.2M","66.25M","63.600002M","62.5M","60.5M","59.050003M","58.449997M","56.9M","56.6M","56.4M","55.7M","55.6M","54.85M","54.05M","53.5M","51.55M","51.0M","49.65M","49.45M","49.15M","48.800003M","48.55M","48.15M","48.05M","47.45M","47.6M","46.95M","46.85M","46.4M","46.1M","45.4M","45.4M","44.7M","44.6M","44.3M","44.05M","43.85M","43.55M","43.35M","43.0M","42.9M","42.550003M","42.5M","42.25M","42.15M","41.85M","41.7M","41.4M","41.15M","40.85M","40.45M","40.15M","39.85M","39.75M","39.45M","39.25M","38.6M","38.25M","37.949997M","37.8M","37.6M","37.15M","37.050003M","36.65M","36.25M","36.05M","35.5M","35.4M","35.15M","35.1M","34.949997M","34.75M","34.65M","34.25M","34.2M","33.9M","33.7M","33.449997M","33.15M","32.9M","32.6M","32.5M","32.2M","32.1M","31.85M","31.7M","31.45M","31.3M","31.1M","31.0M"],"nokList":["38.8M","38.4M"]}