{"time":1755519894234,"server":2050,"cpList":["87.1M","82M","74.4M","742M","68.4M","68.3M","63M","61.3M","60.9M","60.1M","60.1M","58.6M","58.5M","58.5M","58.4M","57.3M","57.3M","56.7M","51.3M","51.3M","51.2M","50.6M","49.9M","49.8M","48.8M","48.8M","48.7M","48.4M","48M","47.9M","47.8M","47.8M","46.9M","468M","44.9M","44.9M","446M","44.5M","443M","43.8M","43.7M","43.7M","43.6M","43.1M","42.8M","42.7M","42.4M","42.4M","42.1M","42M","41.4M","40.7M","40.6M","40M","39.8M","39.7M","39.2M","38.9M","38.7M","38.6M","38.4M","37.6M","37.4M","36.8M","36.7M","35.8M","35.6M","35.2M","35.2M","35.1M","35M","34.5M","34.5M","34.4M","34M","33.9M","33.8M","33.5M","33.1M","33M","32.7M","32.7M","32.5M","32.4M","32.3M","32M","31.9M","31.7M","31.7M","31.6M","31.5M","31.4M","31.3M","31.2M","31.1M","30.9M","30.2M","30.2M","29.9M","29.9M"],"okList":["0.00871M","8.199999999999999E-5M","7.440000000000001E-6M","1.4199999999999997E-7M","6.84E-8M","6.83E-9M","6.3E-9M","6.13E-9M","6.09E-9M","6.01E-9M","6.01E-9M","5.86E-9M","5.8499999999999994E-9M","5.8499999999999994E-9M","5.84E-9M","5.73E-9M","5.73E-9M","5.6700000000000005E-9M","5.13E-9M","5.13E-9M","5.1200000000000005E-9M","5.06E-9M","4.989999999999999E-9M","4.979999999999999E-9M","4.8800000000000005E-9M","4.8800000000000005E-9M","4.870000000000001E-9M","4.839999999999999E-9M","4.8E-9M","4.79E-9M","4.779999999999999E-9M","4.779999999999999E-9M","4.689999999999999E-9M","4.6799999999999996E-8M","4.49E-9M","4.49E-9M","4.4599999999999996E-8M","4.45E-9M","4.43E-8M","4.379999999999999E-9M","4.3700000000000004E-9M","4.3700000000000004E-9M","4.360000000000001E-9M","4.31E-9M","4.279999999999999E-9M","4.27E-9M","4.24E-9M","4.24E-9M","4.21E-9M","4.2E-9M","4.139999999999999E-9M","4.070000000000001E-9M","4.0600000000000005E-9M","4.0E-9M","3.98E-9M","3.97E-9M","3.92E-9M","3.8900000000000004E-9M","3.87E-9M","3.86E-9M","3.84E-9M","3.7599999999999994E-9M","3.74E-9M","3.68E-9M","3.6700000000000004E-9M","3.5799999999999996E-9M","3.5600000000000005E-9M","3.5200000000000007E-9M","3.5200000000000007E-9M","3.5100000000000005E-9M","3.5E-9M","3.45E-9M","3.45E-9M","3.4399999999999997E-9M","3.4E-9M","3.3899999999999997E-9M","3.3799999999999995E-9M","3.3500000000000002E-9M","3.31E-9M","3.3E-9M","3.27E-9M","3.27E-9M","3.2500000000000006E-9M","3.24E-9M","3.229999999999999E-9M","3.2E-9M","3.1900000000000004E-9M","3.17E-9M","3.17E-9M","3.1600000000000003E-9M","3.15E-9M","3.14E-9M","3.13E-9M","3.12E-9M","3.11E-9M","3.09E-9M","3.0200000000000003E-9M","3.0200000000000003E-9M","2.9900000000000002E-9M","2.9900000000000002E-9M"],"nokList":[]}