{"time":1755519973446,"server":2069,"cpList":["77.8M","69.1M","67M","66.2M","65.4M","64.7M","646M","64.3M","62.5M","60.3M","59.4M","59.1M","59M","59M","58.8M","58M","57.3M","56.8M","56.3M","56.1M","55.2M","54.4M","53M","51.4M","57M","50.9M","50.7M","50.6M","50.5M","50.2M","49.5M","49.2M","47.9M","47.9M","47.8M","47.4M","47.2M","468M","46.7M","46.4M","462M","45.9M","45.8M","45.8M","45.6M","45.5M","45.1M","45M","448M","44.7M","44.5M","442M","441M","44M","43.8M","43.8M","43.6M","43.6M","43.4M","43.2M","42.9M","42.9M","42.8M","42.7M","42.7M","41.4M","41.3M","412M","41.1M","41M","40.8M","40.5M","40.3M","40.2M","39.9M","39.9M","39.4M","38.8M","38.7M","38.6M","38.4M","38M","37.9M","37.9M","37.8M","37.2M","36.6M","36.3M","36.2M","36.2M","36M","36M","35.7M","35.7M","35.6M","35.3M","35M","35M","34.5M","34.5M"],"okList":["77.8M","69.1M","67.0M","66.2M","65.4M","64.7M","64.6M","64.3M","62.5M","60.3M","59.4M","59.1M","59.0M","59.0M","58.8M","58.0M","57.3M","56.8M","56.3M","56.1M","0.552M","0.00544M","5.3E-5M","5.140000000000001E-7M","5.6999999999999994E-8M","5.0900000000000004E-9M","5.07E-9M","5.06E-9M","5.0500000000000006E-9M","5.0200000000000004E-9M","4.949999999999999E-9M","4.920000000000001E-9M","4.79E-9M","4.79E-9M","4.779999999999999E-9M","4.739999999999999E-9M","4.72E-9M","4.6799999999999996E-8M","4.670000000000001E-9M","4.6400000000000005E-9M","4.62E-8M","4.59E-9M","4.58E-9M","4.58E-9M","4.559999999999999E-9M","4.55E-9M","4.51E-9M","4.500000000000001E-9M","4.4800000000000004E-8M","4.4700000000000005E-9M","4.45E-9M","4.419999999999999E-8M","4.4100000000000004E-8M","4.4000000000000005E-9M","4.379999999999999E-9M","4.379999999999999E-9M","4.360000000000001E-9M","4.360000000000001E-9M","4.34E-9M","4.320000000000001E-9M","4.289999999999999E-9M","4.289999999999999E-9M","4.279999999999999E-9M","4.27E-9M","4.27E-9M","4.139999999999999E-9M","4.1300000000000004E-9M","4.12E-8M","4.109999999999999E-9M","4.0999999999999995E-9M","4.079999999999999E-9M","4.050000000000001E-9M","4.03E-9M","4.020000000000001E-9M","3.99E-9M","3.99E-9M","3.94E-9M","3.879999999999999E-9M","3.87E-9M","3.86E-9M","3.84E-9M","3.8E-9M","3.7899999999999995E-9M","3.7899999999999995E-9M","3.78E-9M","3.7200000000000012E-9M","3.66E-9M","3.63E-9M","3.6200000000000003E-9M","3.6200000000000003E-9M","3.6E-9M","3.6E-9M","3.57E-9M","3.57E-9M","3.5600000000000005E-9M","3.53E-9M","3.5E-9M","3.5E-9M","3.45E-9M","3.45E-9M"],"nokList":[]}