{"server":2073,"total":3628.0505,"average":39.868687,"cpValues":[],"cpList":["67.6M","65M","62M","60M","59.2M","59.1M","54.7M","54.3M","54.2M","53.7M","53.4M","52.6M","52.4M","52.3M","49.3M","49.1M","48.3M","45.9M","45.8M","45.3M","44.7M","44.5M","44.5M","43.5M","43.3M","43.2M","43.1M","42.4M","41.9M","41.6M","41.1M","40.9M","40.3M","40M","40M","40M","39.9M","39.6M","39.5M","39.5M","39.3M","39.3M","39.2M","38.8M","AA.6M","AA.6M","AA.6M","38.1M","37.6M","37.4M","37.4M","37.3M","37.2M","37.1M","36.8M","36.2M","A6M","35.9M","35.8M","35.7M","35.6M","35.5M","35.4M","35.1M","35M","34.8M","34.7M","34.6M","34.4M","34.4M","34.1M","A3.6M","33.5M","33.5M","33.3M","33.2M","33.1M","33M","32.2M","32.1M","31.8M","31.6M","31.5M","31.5M","31.3M","31.2M","30.8M","30.4M","30.4M","30.4M","30.2M","30.1M","30M","30M","29.9M","29.8M","29.7M","29.7M","29.7M","29.6M"],"okList":["67.6M","64.8M","62.5M","60.6M","59.55M","56.95M","56.699997M","54.45M","54.0M","53.800003M","53.15M","52.9M","52.449997M","50.85M","50.699997M","48.8M","47.5M","47.05M","45.6M","45.25M","44.9M","44.6M","44.0M","43.9M","43.35M","43.199997M","42.800003M","42.5M","42.0M","41.5M","41.25M","40.699997M","40.45M","40.15M","40.0M","39.95M","39.8M","39.7M","39.55M","39.4M","39.4M","39.25M","39.05M","37.75M","37.5M","37.35M","37.300003M","37.199997M","37.0M","36.65M","36.050003M","35.800003M","35.699997M","35.6M","35.5M","35.3M","35.2M","34.949997M","34.85M","34.699997M","34.550003M","34.5M","34.25M","33.8M","33.4M","33.35M","33.199997M","33.1M","32.65M","32.55M","32.0M","31.849998M","31.65M","31.55M","31.4M","31.35M","31.05M","30.8M","30.599998M","30.4M","30.3M","30.25M","30.1M","30.05M","29.95M","29.9M","29.8M","29.75M","29.7M","29.650002M","29.6M"],"nokList":["38.8M","AA.6M","AA.6M","AA.6M","38.1M","36.2M","35.9M","34.1M","33.5M"]}