{"time":1755520026350,"server":2078,"cpList":["92.3M","85.1M","84M","76.5M","74.1M","73.8M","73.8M","70.9M","67.2M","66.3M","65.5M","65.4M","65.1M","64.7M","62.9M","62.7M","62M","61.7M","61.4M","61.1M","61.1M","61M","60M","59.8M","59.3M","59M","59M","59M","58.4M","57.7M","56.6M","56.4M","56.3M","55.6M","55.3M","55.1M","55M","54.5M","54.1M","54.1M","53.8M","53.4M","53.4M","53.3M","52.9M","52.8M","52.8M","52.7M","52M","51.8M","51.5M","51.5M","51.5M","57M","50.5M","50.5M","50.2M","49.9M","49.5M","49.4M","49.1M","48.7M","48.7M","48.7M","48.1M","48.1M","47.9M","47.9M","47.9M","47.8M","46.7M","46.7M","46.4M","46.4M","462M","462M","448M","442M","442M","441M","441M","43.8M","43.7M","43.7M","43.2M","43.1M","43.1M","42.9M","426M","42.4M","41.7M","41.4M","41.2M","41M","40.7M","40.6M","40.3M","40.2M","393M","39.3M"],"okList":["92.3M","85.1M","84.0M","76.5M","74.1M","73.8M","73.8M","70.9M","67.2M","66.3M","65.5M","65.4M","65.1M","64.7M","62.9M","62.7M","62.0M","61.7M","61.4M","61.1M","61.1M","61.0M","60.0M","59.8M","59.3M","59.0M","59.0M","59.0M","58.4M","57.7M","56.6M","56.4M","56.3M","55.6M","55.3M","55.1M","55.0M","54.5M","54.1M","54.1M","53.8M","53.4M","53.4M","53.3M","52.9M","52.8M","52.8M","52.7M","52.0M","0.518M","0.00515M","5.15E-5M","5.149999999999999E-7M","5.6999999999999994E-8M","5.0500000000000006E-9M","5.0500000000000006E-9M","5.0200000000000004E-9M","4.989999999999999E-9M","4.949999999999999E-9M","4.940000000000001E-9M","4.910000000000001E-9M","4.870000000000001E-9M","4.870000000000001E-9M","4.870000000000001E-9M","4.8100000000000006E-9M","4.8100000000000006E-9M","4.79E-9M","4.79E-9M","4.79E-9M","4.779999999999999E-9M","4.670000000000001E-9M","4.670000000000001E-9M","4.6400000000000005E-9M","4.6400000000000005E-9M","4.62E-8M","4.62E-8M","4.4800000000000004E-8M","4.419999999999999E-8M","4.419999999999999E-8M","4.4100000000000004E-8M","4.4100000000000004E-8M","4.379999999999999E-9M","4.3700000000000004E-9M","4.3700000000000004E-9M","4.320000000000001E-9M","4.31E-9M","4.31E-9M","4.289999999999999E-9M","4.26E-8M","4.24E-9M","4.17E-9M","4.139999999999999E-9M","4.120000000000001E-9M","4.0999999999999995E-9M","4.070000000000001E-9M","4.0600000000000005E-9M","4.03E-9M","4.020000000000001E-9M","3.930000000000001E-8M","3.9299999999999995E-9M"],"nokList":[]}