{"time":1755510140718,"server":208,"cpList":["102M","93.5M","92.4M","87.7M","86.1M","846M","83.4M","82.9M","82.7M","82.5M","82.3M","79.6M","79.5M","79.1M","78.7M","78.5M","78M","76.4M","76.4M","76.3M","76M","74.9M","746M","73.8M","72.9M","72.6M","72.6M","71.4M","71.3M","77M","70.9M","70.7M","70M","69.5M","69.4M","68.3M","67.9M","67.7M","67.7M","67.7M","66.7M","66.7M","66.5M","66.5M","66.3M","65.2M","64.9M","646M","64.3M","642M","642M","63.6M","63.5M","63.5M","63.3M","63.2M","62.8M","62.8M","62.8M","62.4M","61.7M","61.6M","61.5M","612M","61.1M","61.1M","60.7M","60.5M","60.5M","60.3M","59.8M","59.6M","59.3M","59.2M","58.2M","57.8M","57.6M","57.3M","57.2M","56.9M","56.9M","56.8M","56.7M","56.6M","56.5M","56.4M","56.2M","55.8M","55.6M","55.5M","55.5M","55.4M","55.4M","55M","54.7M","54.7M","54.6M","54.3M","542M","54M"],"okList":["102.0M","93.5M","92.4M","87.7M","86.1M","84.6M","83.4M","82.9M","82.7M","82.5M","82.3M","79.6M","79.5M","79.1M","78.7M","78.5M","78.0M","76.4M","0.764M","0.0076300000000000005M","7.6E-5M","7.490000000000001E-6M","1.4599999999999998E-7M","7.38E-8M","7.290000000000001E-9M","7.26E-9M","7.26E-9M","7.14E-9M","7.13E-9M","7.700000000000001E-9M","7.09E-9M","7.070000000000001E-9M","7.0E-9M","6.949999999999999E-9M","6.9400000000000004E-9M","6.83E-9M","6.790000000000001E-9M","6.77E-9M","6.77E-9M","6.77E-9M","6.670000000000001E-9M","6.670000000000001E-9M","6.65E-9M","6.65E-9M","6.63E-9M","6.5200000000000015E-9M","6.4900000000000005E-9M","6.460000000000001E-8M","6.43E-9M","6.419999999999999E-8M","6.419999999999999E-8M","6.36E-9M","6.35E-9M","6.35E-9M","6.3299999999999994E-9M","6.3200000000000005E-9M","6.28E-9M","6.28E-9M","6.28E-9M","6.24E-9M","6.17E-9M","6.159999999999999E-9M","6.1500000000000005E-9M","6.119999999999999E-8M","6.11E-9M","6.11E-9M","6.07E-9M","6.05E-9M","6.05E-9M","6.03E-9M","5.9800000000000004E-9M","5.96E-9M","5.93E-9M","5.920000000000001E-9M","5.820000000000001E-9M","5.7799999999999995E-9M","5.760000000000001E-9M","5.73E-9M","5.72E-9M","5.69E-9M","5.69E-9M","5.6799999999999986E-9M","5.6700000000000005E-9M","5.660000000000001E-9M","5.65E-9M","5.6399999999999995E-9M","5.620000000000001E-9M","5.5799999999999985E-9M","5.560000000000001E-9M","5.55E-9M","5.55E-9M","5.54E-9M","5.54E-9M","5.500000000000001E-9M","5.47E-9M","5.47E-9M","5.4600000000000006E-9M","5.43E-9M","5.4199999999999996E-8M","5.4E-9M"],"nokList":[]}