{"server":2081,"total":4952.1,"average":51.584377,"cpValues":[],"cpList":["N3M","89.2M","84.2M","82.5M","77.1M","74.2M","73.1M","12.4M","69M","67.7M","67.1M","66.1M","65.9M","65.9M","64.2M","64.2M","62.5M","62.2M","61.8M","61.7M","61.5M","61.3M","60.1M","59.8M","59.7M","59.5M","58.8M","58.8M","58.6M","58.4M","58.3M","58.2M","5AM","57.5M","57.4M","56.4M","56.3M","56.1M","56.1M","55.5M","54.4M","54.1M","54M","53.9M","53.1M","53.1M","51.8M","50.8M","50.8M","50.7M","50.6M","50.5M","50.3M","50.2M","49.7M","49.5M","49.3M","49.1M","49M","48.7M","48.1M","48M","48M","46.5M","46.2M","46.2M","45.9M","45.3M","45.2M","44.9M","44.8M","44.8M","44.2M","44.2M","44.1M","44.1M","43.9M","43.8M","43.7M","43M","42.4M","41.8M","41.7M","41.2M","40.8M","40.7M","40.6M","40.6M","40.5M","40.5M","40.5M","40.3M","40.3M","+0.3M","40.2M","40.2M","39.6M","39.2M","38.9M","38.7M"],"okList":["85.85M","80.649994M","78.35M","75.1M","43.3M","71.05M","40.05M","68.05M","66.899994M","66.5M","66.0M","65.05M","65.05M","63.35M","63.199997M","62.15M","61.95M","61.65M","61.5M","60.8M","60.55M","59.9M","59.65M","59.25M","59.15M","58.699997M","58.6M","58.449997M","58.300003M","57.85M","56.95M","56.85M","56.25M","56.199997M","55.8M","55.25M","54.8M","54.2M","54.0M","53.55M","53.5M","52.449997M","51.949997M","51.3M","50.75M","50.699997M","50.6M","50.449997M","50.35M","50.0M","49.85M","49.5M","49.3M","49.15M","48.9M","48.55M","48.35M","48.05M","47.25M","47.1M","46.35M","46.050003M","45.75M","45.550003M","45.1M","45.0M","44.85M","44.5M","44.5M","44.15M","44.15M","44.0M","43.949997M","43.800003M","43.4M","43.050003M","42.4M","42.050003M","41.5M","41.25M","40.95M","40.699997M","40.65M","40.55M","40.55M","40.5M","40.4M","40.4M","20.3M","40.25M","40.2M","39.9M","39.7M","39.25M","38.95M","38.7M"],"nokList":["N3M","89.2M","58.2M","57.5M"]}