{"time":1755520052998,"server":2081,"cpList":["99.5M","91.4M","86M","79.7M","77.3M","73.1M","72.5M","71.8M","71.6M","77M","69.6M","68.4M","67.9M","66.1M","65.5M","64.5M","642M","63.4M","63.3M","63M","62.7M","62.7M","62.7M","61.7M","61.6M","60.6M","60.6M","60.1M","60.1M","60.1M","60.1M","59.5M","58.6M","58.6M","58.4M","57.8M","56.8M","56.5M","55.7M","55.6M","55.5M","55.5M","55.4M","54.4M","54M","53.4M","53.2M","52.3M","52.3M","52.2M","51.9M","51.5M","51.2M","51.2M","57M","50.8M","50.7M","50M","49.3M","49.3M","49.1M","49.1M","48.7M","48.6M","48.1M","48M","47.9M","47.7M","47M","462M","462M","45.9M","45.7M","45.4M","45.3M","44.9M","44.9M","44.5M","44.4M","44.4M","443M","442M","441M","441M","43.8M","43.7M","43.5M","43.1M","42.7M","41.8M","41.5M","41.3M","40.6M","40.6M","40.5M","40.5M","40.3M","40.3M","40.2M","39.9M"],"okList":["99.5M","91.4M","86.0M","79.7M","77.3M","0.731M","0.0072499999999999995M","7.18E-5M","7.159999999999999E-7M","7.699999999999999E-8M","6.96E-9M","6.840000000000001E-9M","6.790000000000001E-9M","6.609999999999999E-9M","6.550000000000001E-9M","6.45E-9M","6.419999999999999E-8M","6.34E-9M","6.3299999999999994E-9M","6.3E-9M","6.270000000000001E-9M","6.270000000000001E-9M","6.270000000000001E-9M","6.17E-9M","6.159999999999999E-9M","6.06E-9M","6.06E-9M","6.01E-9M","6.01E-9M","6.01E-9M","6.01E-9M","5.9499999999999995E-9M","5.86E-9M","5.86E-9M","5.84E-9M","5.7799999999999995E-9M","5.6799999999999986E-9M","5.65E-9M","5.57E-9M","5.560000000000001E-9M","5.55E-9M","5.55E-9M","5.54E-9M","5.44E-9M","5.4E-9M","5.34E-9M","5.32E-9M","5.23E-9M","5.23E-9M","5.22E-9M","5.1900000000000005E-9M","5.15E-9M","5.1200000000000005E-9M","5.1200000000000005E-9M","5.7E-9M","5.080000000000001E-9M","5.07E-9M","5.0E-9M","4.930000000000001E-9M","4.930000000000001E-9M","4.910000000000001E-9M","4.910000000000001E-9M","4.870000000000001E-9M","4.86E-9M","4.8100000000000006E-9M","4.8E-9M","4.79E-9M","4.770000000000001E-9M","4.699999999999999E-9M","4.62E-8M","4.62E-8M","4.59E-9M","4.57E-9M","4.5400000000000005E-9M","4.529999999999999E-9M","4.49E-9M","4.49E-9M","4.45E-9M","4.44E-9M","4.44E-9M","4.43E-8M","4.419999999999999E-8M","4.4100000000000004E-8M","4.4100000000000004E-8M","4.379999999999999E-9M","4.3700000000000004E-9M","4.35E-9M","4.31E-9M","4.27E-9M","4.18E-9M","4.15E-9M","4.1300000000000004E-9M","4.0600000000000005E-9M","4.0600000000000005E-9M","4.050000000000001E-9M","4.050000000000001E-9M","4.03E-9M","4.03E-9M","4.020000000000001E-9M","3.99E-9M"],"nokList":[]}