{"server":2085,"total":5671.5,"average":59.7,"cpValues":[],"cpList":["79.5M","78.9M","74.2M","73.2M","12.4M","71.5M","70.7M","70.4M","70.4M","70.2M","70.1M","70.1M","69.8M","69.5M","68.9M","68.9M","68.7M","68.5M","68.4M","68.1M","67.9M","67.9M","67.8M","67.4M","67M","66.7M","66.5M","66.1M","65.5M","65.1M","64.3M","63.5M","63.1M","63.1M","62.2M","61.6M","61.6M","61.3M","61.1M","60.4M","60.2M","60.2M","60.1M","59.8M","59.6M","59.6M","59M","58.9M","58.1M","5AM","5AM","57.QM","57.8M","57.6M","57.1M","57.1M","56.9M","56.8M","56.6M","56.5M","56.5M","56.2M","56.2M","56.2M","56M","55.8M","55.7M","55.6M","55.6M","55.3M","55.3M","55.1M","55M","55M","54.9M","54.7M","54.4M","54.4M","54.2M","53.5M","53.5M","53.5M","53.3M","53.3M","53.2M","53.1M","53.1M","53M","51.9M","51.9M","51.6M","51.1M","51.1M","50.8M","50.8M","50.7M","50.7M","50.6M","50.4M","50.0"],"okList":["79.5M","76.85M","76.05M","43.3M","72.35M","41.55M","70.95M","70.55M","70.3M","70.25M","70.149994M","69.95M","69.8M","69.350006M","69.2M","68.8M","68.7M","68.55M","68.3M","68.15M","68.0M","67.850006M","67.65M","67.4M","67.05M","66.75M","66.399994M","66.0M","65.6M","64.9M","64.3M","63.7M","63.3M","62.65M","62.35M","61.9M","61.449997M","61.35M","60.85M","60.65M","60.300003M","60.15M","60.0M","59.85M","59.699997M","59.3M","59.25M","58.55M","57.449997M","57.35M","57.0M","56.949997M","56.75M","56.65M","56.55M","56.35M","56.35M","56.2M","56.1M","56.0M","55.85M","55.699997M","55.65M","55.449997M","55.449997M","55.199997M","55.15M","55.05M","54.95M","54.85M","54.65M","54.550003M","54.300003M","53.95M","53.85M","53.5M","53.4M","53.4M","53.25M","53.199997M","53.15M","53.05M","52.5M","52.45M","51.75M","51.5M","51.35M","50.949997M","50.949997M","50.75M","50.75M","50.65M","50.550003M","50.3M","50.0M"],"nokList":["58.1M","5AM","5AM","57.QM","57.8M"]}