{"time":1755520158952,"server":2091,"cpList":["88.8M","85M","78.3M","75.4M","75M","74.8M","73.8M","73.1M","72.5M","71.8M","71.7M","71.2M","71.2M","77M","70.5M","70.3M","70M","69.8M","69.7M","69.3M","69.3M","68.8M","68.7M","68.2M","68M","67.6M","66.9M","66.9M","66.9M","66.6M","66M","65.9M","65.9M","65.6M","65.5M","65.4M","65.3M","65.1M","64.9M","64.4M","64.4M","642M","63.8M","63.7M","63.4M","63.3M","63.3M","63.1M","62.8M","62.8M","62.5M","62.4M","62.3M","62.1M","62.1M","62.1M","61.7M","61.6M","61.5M","61.4M","61.1M","60.9M","60.7M","60.7M","60.6M","60.5M","60.4M","60.3M","60.2M","60M","60M","59.8M","59.5M","59.5M","59.1M","59M","58.8M","58.7M","58.6M","58.4M","58.1M","58M","57.8M","57.7M","57.4M","57.2M","57.1M","57.1M","57M","57M","56.8M","56.8M","56.6M","56.6M","56.3M","56.3M","56.2M","56M","56M","56M"],"okList":["88.8M","85.0M","78.3M","75.4M","75.0M","74.8M","73.8M","73.1M","72.5M","0.718M","0.007170000000000001M","7.120000000000001E-5M","7.120000000000001E-7M","7.699999999999999E-8M","7.0499999999999994E-9M","7.03E-9M","7.0E-9M","6.9799999999999995E-9M","6.97E-9M","6.929999999999999E-9M","6.929999999999999E-9M","6.879999999999999E-9M","6.8700000000000005E-9M","6.82E-9M","6.8E-9M","6.759999999999999E-9M","6.69E-9M","6.69E-9M","6.69E-9M","6.66E-9M","6.6E-9M","6.590000000000001E-9M","6.590000000000001E-9M","6.56E-9M","6.550000000000001E-9M","6.54E-9M","6.53E-9M","6.51E-9M","6.4900000000000005E-9M","6.440000000000001E-9M","6.440000000000001E-9M","6.419999999999999E-8M","6.380000000000001E-9M","6.37E-9M","6.34E-9M","6.3299999999999994E-9M","6.3299999999999994E-9M","6.31E-9M","6.28E-9M","6.28E-9M","6.2500000000000005E-9M","6.24E-9M","6.23E-9M","6.210000000000001E-9M","6.210000000000001E-9M","6.210000000000001E-9M","6.17E-9M","6.159999999999999E-9M","6.1500000000000005E-9M","6.14E-9M","6.11E-9M","6.09E-9M","6.07E-9M","6.07E-9M","6.06E-9M","6.05E-9M","6.040000000000001E-9M","6.03E-9M","6.02E-9M","6.0E-9M","6.0E-9M","5.9800000000000004E-9M","5.9499999999999995E-9M","5.9499999999999995E-9M","5.91E-9M","5.9E-9M","5.88E-9M","5.870000000000001E-9M","5.86E-9M","5.84E-9M","5.8099999999999996E-9M","5.8E-9M","5.7799999999999995E-9M","5.7700000000000005E-9M","5.74E-9M","5.72E-9M","5.71E-9M","5.71E-9M","5.7E-9M","5.7E-9M","5.6799999999999986E-9M","5.6799999999999986E-9M","5.660000000000001E-9M","5.660000000000001E-9M","5.63E-9M","5.63E-9M","5.620000000000001E-9M","5.6000000000000005E-9M","5.6000000000000005E-9M","5.6000000000000005E-9M"],"nokList":[]}