{"server":2102,"total":3905.1494,"average":39.848465,"cpValues":[],"cpList":["62.8M","55M","53.2M","51.9M","51.4M","51.4M","50.8M","50.6M","50.5M","50.2M","50.2M","48.7M","48.5M","48.4M","47.M","47.3M","46.9M","46.6M","46.1M","45.5M","45.2M","44.8M","44.4M","44.3M","43.7M","43.6M","42.5M","42M","41.9M","41.9M","41M","40.5M","40.3M","40.1M","39.6M","39.5M","39.4M","39.4M","39.1M","39M","38.9M","38.4M","38.3M","38.1M","38.1M","78M","78M","37.9M","37.9M","37.8M","37.6M","37.2M","37M","36.8M","36.7M","A6.6M","36.5M","35.9M","35.8M","35.5M","35.4M","35.2M","35.2M","35.2M","35.1M","35M","34.8M","34.8M","34.7M","34.6M","34.3M","34.3M","34.3M","33.7M","33.5M","33.4M","33.4M","33.4M","33.1M","33.1M","33M","32.7M","32.4M","32.3M","32.1M","32M","31.6M","31.5M","31.3M","31.3M","31.2M","30.8M","30.8M","30.7M","30.5M","30.4M","30.3M","30.2M","30.2M","30.2M"],"okList":["62.8M","58.0M","53.45M","52.300003M","51.65M","51.1M","51.0M","50.65M","50.4M","50.35M","49.45M","49.35M","48.550003M","47.75M","47.85M","46.95M","46.949997M","46.5M","46.05M","45.65M","45.15M","44.800003M","44.55M","44.050003M","43.949997M","43.1M","42.8M","42.2M","41.95M","41.45M","41.2M","40.65M","40.3M","39.949997M","39.8M","39.5M","39.45M","39.25M","39.2M","39.0M","38.7M","38.6M","38.25M","38.199997M","38.1M","78.0M","57.95M","57.95M","37.85M","37.75M","37.5M","37.3M","37.0M","36.85M","36.6M","36.15M","35.7M","35.6M","35.35M","35.300003M","35.2M","35.15M","35.1M","34.949997M","34.9M","34.75M","34.699997M","34.5M","34.449997M","34.3M","34.0M","33.9M","33.550003M","33.45M","33.4M","33.25M","33.25M","33.05M","32.9M","32.7M","32.5M","32.25M","32.15M","31.849998M","31.75M","31.45M","31.4M","31.25M","31.05M","31.0M","30.75M","30.65M","30.55M","30.4M","30.3M","30.25M","30.2M","30.2M"],"nokList":["36.7M","36.5M"]}