{"time":1755510166836,"server":211,"cpList":["123M","107M","88.7M","86.4M","848M","84.5M","83.7M","83.4M","83M","81.9M","81.4M","81M","80.9M","79.4M","79.1M","78.9M","78.7M","77.9M","77.2M","766M","76.5M","76.4M","75.7M","75.4M","75.3M","75M","74.9M","742M","73.7M","72.8M","72.4M","70.4M","69.8M","68.6M","68.4M","66.9M","66.7M","66.6M","66M","65.9M","65.9M","65.3M","65.3M","65.3M","64.7M","646M","64.4M","64.3M","64.3M","62.9M","62.8M","62.6M","62.4M","61.7M","61.6M","61.6M","61.3M","612M","60.9M","60.8M","60.7M","60.7M","60.7M","60.5M","60.2M","59.9M","59.6M","59.3M","59M","58.9M","58.4M","58.1M","57.6M","57.4M","57.4M","56.7M","56.7M","56.6M","56.5M","56.3M","56M","55.9M","55.5M","55.1M","55.1M","54.6M","543M","543M","54.1M","53.8M","53.8M","53.8M","53.7M","53.4M","53.4M","53.3M","53.1M","53M","524M","52.3M"],"okList":["123.0M","107.0M","88.7M","86.4M","84.8M","84.5M","83.7M","83.4M","83.0M","81.9M","81.4M","81.0M","80.9M","79.4M","79.1M","78.9M","78.7M","0.779M","0.00772M","1.66E-5M","7.649999999999999E-8M","7.640000000000001E-9M","7.570000000000001E-9M","7.54E-9M","7.53E-9M","7.5E-9M","7.490000000000001E-9M","1.4199999999999998E-8M","7.37E-9M","7.28E-9M","7.240000000000001E-9M","7.040000000000001E-9M","6.9799999999999995E-9M","6.86E-9M","6.840000000000001E-9M","6.69E-9M","6.670000000000001E-9M","6.66E-9M","6.6E-9M","6.590000000000001E-9M","6.590000000000001E-9M","6.53E-9M","6.53E-9M","6.53E-9M","6.47E-9M","6.460000000000001E-8M","6.440000000000001E-9M","6.43E-9M","6.43E-9M","6.290000000000001E-9M","6.28E-9M","6.26E-9M","6.24E-9M","6.17E-9M","6.159999999999999E-9M","6.159999999999999E-9M","6.13E-9M","6.119999999999999E-8M","6.09E-9M","6.08E-9M","6.07E-9M","6.07E-9M","6.07E-9M","6.05E-9M","6.02E-9M","5.99E-9M","5.96E-9M","5.93E-9M","5.9E-9M","5.89E-9M","5.84E-9M","5.8099999999999996E-9M","5.760000000000001E-9M","5.74E-9M","5.74E-9M","5.6700000000000005E-9M","5.6700000000000005E-9M","5.660000000000001E-9M","5.65E-9M","5.63E-9M","5.6000000000000005E-9M","5.59E-9M","5.55E-9M","5.51E-9M","5.51E-9M","5.4600000000000006E-9M","5.4299999999999997E-8M","5.4299999999999997E-8M","5.410000000000001E-9M","5.38E-9M","5.38E-9M","5.38E-9M","5.37E-9M","5.34E-9M","5.34E-9M","5.329999999999999E-9M","5.310000000000001E-9M","5.3E-9M","5.2400000000000006E-8M","5.23E-9M"],"nokList":[]}