{"server":2112,"total":4407.3496,"average":47.390858,"cpValues":[],"cpList":["88.9M","69.3M","61.8M","61.6M","60.9M","60.8M","60.2M","58.9M","58.8M","58.5M","57.7M","57.7M","57.5M","56.8M","56.5M","56.4M","56M","55.9M","55.2M","55.1M","55M","54.6M","54.2M","54.1M","53.8M","53.6M","53.6M","53.2M","53.2M","52.5M","52.4M","51.8M","51.5M","51.3M","50.6M","50.3M","50.2M","48.5M","48.5M","48.4M","48.3M","47.9M","46.7M","46.5M","45.9M","45.8M","45.5M","44.9M","44.7M","44.6M","44.3M","44.1M","44M","43.9M","43.6M","43M","43M","42.6M","42.2M","42.1M","42M","41.5M","40.1M","39.9M","39.6M","39.5M","39.4M","39.4M","39.3M","39.2M","39.1M","38.9M","38.9M","38.8M","38.7M","AA.6M","38.2M","38.1M","38.1M","78M","37.3M","37.2M","A6.9M","A6.9M","36.4M","A6M","35.8M","35.8M","35.7M","35.7M","35.6M","35.5M","35.5M","35.1M","35.1M","34.9M","34.7M","34.3M","34.3M","34.3M"],"okList":["88.9M","75.35M","65.45M","61.35M","61.199997M","60.550003M","59.85M","59.5M","58.7M","58.25M","58.1M","57.6M","57.25M","57.0M","56.6M","56.25M","56.15M","55.6M","55.5M","55.1M","54.85M","54.6M","54.35M","54.0M","53.85M","53.699997M","53.4M","53.4M","52.85M","52.800003M","52.15M","51.95M","51.55M","51.05M","50.8M","50.4M","49.4M","49.35M","48.45M","48.4M","48.15M","47.5M","47.2M","46.300003M","46.15M","45.7M","45.35M","45.1M","44.75M","44.5M","44.35M","44.15M","44.0M","43.8M","43.45M","43.3M","42.8M","42.6M","42.35M","42.1M","41.8M","41.05M","40.7M","39.85M","39.7M","39.5M","39.45M","39.35M","39.300003M","39.199997M","39.050003M","39.0M","38.85M","38.800003M","38.45M","38.15M","38.1M","37.699997M","57.6M","36.1M","35.75M","35.75M","35.65M","35.6M","35.55M","35.3M","35.3M","35.0M","34.9M","34.6M","34.5M","34.3M","34.3M"],"nokList":["38.7M","38.2M","37.2M","A6.9M","A6.9M","36.4M","35.8M"]}