{"time":1755520290983,"server":2116,"cpList":["75.4M","72.2M","70.6M","68.9M","67.8M","67.5M","66.7M","65.9M","64.5M","64.5M","64.3M","64.1M","62.8M","62.3M","61.1M","61.1M","59.3M","59.1M","59.1M","58.9M","58.6M","58.2M","57M","56.7M","56.6M","56.5M","55.9M","55.5M","55.4M","54.7M","53.9M","53.9M","53.7M","53.6M","53.5M","53.5M","53M","52.8M","52.5M","52.4M","52.4M","52.2M","52.2M","52.1M","52M","51.4M","51.3M","51.2M","57M","50.9M","50.8M","50.8M","50.7M","50.7M","50.1M","50M","49.4M","49.3M","49.2M","49.1M","48.7M","48.5M","48.4M","48.3M","47.6M","47.5M","47M","47M","46.5M","461M","461M","46M","45.7M","45.4M","45.4M","45.3M","45.3M","45.1M","45.1M","45.1M","45.1M","45M","448M","44.7M","44.7M","446M","446M","446M","44.5M","44.4M","44.4M","43.9M","43.9M","43.8M","43.8M","43.6M","43.6M","43.5M","42.9M","42.9M"],"okList":["75.4M","72.2M","70.6M","68.9M","67.8M","67.5M","66.7M","65.9M","64.5M","64.5M","64.3M","64.1M","62.8M","62.3M","61.1M","61.1M","59.3M","59.1M","59.1M","58.9M","58.6M","58.2M","57.0M","56.7M","56.6M","56.5M","55.9M","55.5M","55.4M","54.7M","53.9M","53.9M","53.7M","53.6M","53.5M","53.5M","53.0M","52.8M","52.5M","52.4M","52.4M","52.2M","52.2M","52.1M","0.52M","0.0051400000000000005M","5.13E-5M","5.12E-7M","5.6999999999999994E-8M","5.0900000000000004E-9M","5.080000000000001E-9M","5.080000000000001E-9M","5.07E-9M","5.07E-9M","5.01E-9M","5.0E-9M","4.940000000000001E-9M","4.930000000000001E-9M","4.920000000000001E-9M","4.910000000000001E-9M","4.870000000000001E-9M","4.8500000000000004E-9M","4.839999999999999E-9M","4.83E-9M","4.76E-9M","4.7499999999999995E-9M","4.699999999999999E-9M","4.699999999999999E-9M","4.65E-9M","4.610000000000001E-8M","4.610000000000001E-8M","4.6E-9M","4.57E-9M","4.5400000000000005E-9M","4.5400000000000005E-9M","4.529999999999999E-9M","4.529999999999999E-9M","4.51E-9M","4.51E-9M","4.51E-9M","4.51E-9M","4.500000000000001E-9M","4.4800000000000004E-8M","4.4700000000000005E-9M","4.4700000000000005E-9M","4.4599999999999996E-8M","4.4599999999999996E-8M","4.4599999999999996E-8M","4.45E-9M","4.44E-9M","4.44E-9M","4.389999999999999E-9M","4.389999999999999E-9M","4.379999999999999E-9M","4.379999999999999E-9M","4.360000000000001E-9M","4.360000000000001E-9M","4.35E-9M","4.289999999999999E-9M","4.289999999999999E-9M"],"nokList":[]}