{"server":2142,"total":4244.2505,"average":44.21094,"cpValues":[],"cpList":["81.8M","69.8M","66.1M","62.6M","60.7M","58.8M","58.5M","56.5M","55.8M","54.6M","53.2M","53.1M","53.1M","51.9M","51.5M","51M","50.6M","50.3M","50.3M","50M","50M","49.8M","49.2M","48.5M","47.9M","47.4M","47.2M","46.3M","46.2M","46.1M","46.1M","46.1M","45.8M","45.1M","44.7M","44.6M","44.5M","44.5M","44.1M","43.9M","43.9M","43.4M","43.2M","42.8M","42.7M","42.2M","41.6M","40.9M","40.8M","40.8M","40.4M","40.3M","39.6M","39.4M","39.3M","39.3M","39.1M","39.1M","39.1M","39M","39M","38.7M","AA.6M","38.5M","38.4M","38.4M","38.4M","38.2M","38.1M","78M","37.9M","37.8M","37.7M","37.6M","37.4M","37.3M","37.1M","36.7M","36.4M","36.4M","36.4M","36.4M","A6M","35.8M","35.8M","35.8M","35.6M","35.6M","35.5M","35.4M","35.4M","35.3M","35.1M","35M","34.8M","34.7M","34.6M","34.5M","34.2M","34.1M"],"okList":["81.8M","73.95M","66.2M","63.4M","60.699997M","59.6M","57.65M","57.15M","55.55M","54.5M","53.85M","53.15M","52.5M","52.3M","51.45M","51.05M","50.65M","50.449997M","50.15M","50.15M","49.9M","49.6M","49.15M","48.550003M","47.95M","47.550003M","46.85M","46.7M","46.199997M","46.15M","46.1M","45.949997M","45.6M","45.25M","44.85M","44.6M","44.55M","44.3M","44.2M","44.0M","43.65M","43.550003M","43.1M","42.95M","42.5M","42.15M","41.550003M","41.199997M","40.85M","40.6M","40.55M","40.0M","39.85M","39.449997M","39.35M","39.199997M","39.199997M","39.1M","39.05M","39.05M","38.85M","38.6M","38.45M","38.4M","38.300003M","38.25M","58.1M","38.0M","57.9M","37.800003M","37.699997M","37.550003M","37.449997M","37.25M","37.0M","36.75M","36.550003M","36.4M","36.4M","36.1M","35.8M","35.699997M","35.699997M","35.55M","35.5M","35.45M","35.35M","35.25M","35.15M","34.949997M","34.85M","34.699997M","34.6M","34.4M","34.3M","34.1M"],"nokList":["38.7M","38.5M","36.4M","35.8M"]}