{"server":2147,"total":6364.351,"average":64.28638,"cpValues":[],"cpList":["80.9M","76.9M","75.6M","74.6M","72.1M","72.1M","69.7M","68.3M","67.7M","67.6M","67.5M","66.9M","66.3M","66.3M","65.7M","65.6M","65.3M","65.2M","65.2M","64.9M","64.6M","64.2M","64M","63.9M","63.8M","63M","62.3M","62.3M","62.1M","62M","62M","61.4M","61.3M","61.3M","61.3M","61.1M","60.9M","60.7M","59.9M","59.9M","59.7M","59.7M","59.7M","59.4M","59.2M","59.1M","58.4M","58.3M","58.1M","57.7M","57.7M","57.6M","57.5M","57.1M","56.4M","56.1M","56.1M","56.1M","56M","56M","55.8M","55.8M","55.6M","55.2M","55.2M","55.2M","55.1M","55M","54.9M","54.8M","54.8M","54.7M","54.6M","54.3M","53.9M","53.7M","53.5M","53.4M","53.3M","53.3M","53.2M","53.2M","53M","52.9M","52.7M","52.2M","52.2M","52.1M","52M","51.9M","51.9M","51.9M","51.7M","551.M","51.5M","51.4M","51.4M","51.3M","51.1M","51M"],"okList":["80.9M","78.25M","75.75M","73.85M","73.35M","70.899994M","70.2M","68.7M","67.95M","67.6M","67.25M","66.9M","66.600006M","66.0M","65.95M","65.5M","65.399994M","65.25M","65.05M","64.899994M","64.55M","64.3M","64.05M","63.9M","63.45M","63.05M","62.65M","62.199997M","62.15M","62.05M","61.7M","61.65M","61.35M","61.3M","61.199997M","61.1M","60.9M","60.4M","60.300003M","59.800003M","59.800003M","59.7M","59.550003M","59.45M","59.25M","58.800003M","58.699997M","58.25M","58.0M","57.9M","57.65M","57.6M","57.35M","56.95M","56.6M","56.25M","56.1M","56.05M","56.05M","55.9M","55.9M","55.699997M","55.5M","55.4M","55.2M","55.15M","55.1M","55.0M","54.9M","54.85M","54.75M","54.699997M","54.5M","54.25M","54.0M","53.7M","53.550003M","53.4M","53.35M","53.25M","53.25M","53.1M","53.050003M","52.85M","52.550003M","52.45M","52.15M","52.1M","52.0M","51.95M","51.9M","51.800003M","301.45M","301.2M","51.45M","51.35M","51.25M","51.15M","51.0M"],"nokList":["551.M"]}