{"server":2153,"total":2880.0005,"average":31.648357,"cpValues":[],"cpList":["5AM","55.9M","55.6M","52.6M","51.7M","50.3M","47.1M","46.2M","44.1M","43.8M","43.5M","43M","43M","42.6M","42.3M","41.1M","40.7M","39.4M","38.8M","38.8M","AA.6M","78M","37.9M","37.7M","37.7M","37.5M","37.1M","A6.9M","36.7M","A6.6M","35.7M","35.7M","35.5M","35.2M","35M","34.9M","34.7M","34.6M","34.4M","33.8M","32.4M","32M","31.9M","31.9M","31.1M","31.1M","30.7M","29.7M","29.6M","29.5M","29.1M","29M","29M","28.8M","28.5M","27.7M","27.5M","27.4M","27.3M","27M","26.7M","26.6M","26.6M","26.6M","26M","25.7M","25.1M","25M","24.6M","24.6M","24.5M","24.1M","23.8M","23.7M","23.7M","23.7M","23.6M","23.5M","22.7M","22.6M","22.3M","21.9M","21.8M","21.3M","21.2M","21.2M","21.2M","21M","20.9M","20.9M","20.8M","20.7M","Z0.6M","20.4M","20.3M","20.2M","20.2M","20.1M","20.1M","20.1M"],"okList":["58.0M","54.25M","53.65M","51.449997M","49.4M","48.25M","45.6M","45.0M","43.8M","43.4M","43.25M","42.8M","42.65M","41.85M","41.5M","40.25M","39.75M","39.1M","58.4M","57.85M","37.800003M","37.6M","37.4M","36.9M","36.2M","35.6M","35.45M","35.25M","35.050003M","34.85M","34.75M","34.550003M","34.199997M","33.4M","32.9M","32.15M","31.95M","31.5M","31.5M","30.900002M","30.400002M","30.150002M","29.6M","29.35M","29.25M","29.05M","28.9M","28.75M","28.25M","28.0M","27.55M","27.4M","27.2M","27.0M","26.8M","26.650002M","26.6M","26.3M","26.150002M","25.55M","25.35M","24.85M","24.8M","24.55M","24.35M","24.15M","23.900002M","23.75M","23.7M","23.650002M","23.6M","23.150002M","23.05M","22.5M","22.25M","22.05M","21.599998M","21.5M","21.25M","21.2M","21.1M","21.05M","20.95M","20.849998M","20.8M","20.3M","20.25M","20.150002M","20.150002M","20.1M","20.1M"],"nokList":["55.9M","38.8M","78M","37.1M","36.7M","35.7M","20.7M","Z0.6M","20.4M"]}