{"time":1756152714633,"server":216,"cpList":["126M","M6M","113M","MTM","106M","102M","96.9M","95.8M","91.3M","90.5M","90.4M","89M","88.6M","88.6M","88.6M","88M","87.2M","85.2M","85.1M","85.1M","85.1M","84.8M","84.8M","84.4M","84.4M","83.8M","83.5M","83.5M","83.4M","82.9M","82.7M","82.3M","82.1M","82M","82M","80.4M","80.3M","79.9M","79.1M","78.2M","77.4M","76.9M","75.7M","75.4M","75.4M","75.1M","74.7M","74.6M","74.2M","74.1M","73.2M","73.1M","72.6M","72.5M","72.3M","71.8M","70.7M","70.5M","70.4M","70.2M","69.7M","69.6M","69.5M","69.4M","69.1M","68.8M","68.4M","68.2M","67.8M","67.7M","67.2M","67M","66.8M","66.6M","66.4M","66.4M","66.2M","66.1M","66M","65.9M","65.8M","65.6M","65.4M","65.3M","65.2M","65.1M","65.1M","64.9M","64.3M","64.3M","64M","63.8M","63.5M","63.4M","63.2M","63.2M","63.1M","62.8M","627M","62.6M"],"okList":["126.0M","6.0M","11.3M","7.0M","10.6M","10.2M","9.690000000000001M","9.58M","9.129999999999999M","9.05M","9.040000000000001M","8.9M","8.86M","8.86M","8.86M","8.8M","8.72M","8.52M","8.51M","8.51M","8.51M","8.48M","8.48M","8.440000000000001M","8.440000000000001M","8.379999999999999M","8.35M","8.35M","8.34M","8.290000000000001M","8.27M","8.23M","8.209999999999999M","8.2M","8.2M","8.040000000000001M","8.03M","7.99M","7.909999999999999M","7.82M","7.74M","7.69M","7.57M","7.540000000000001M","7.540000000000001M","7.51M","7.470000000000001M","7.459999999999999M","7.42M","7.409999999999999M","7.32M","7.31M","7.26M","7.25M","7.2299999999999995M","7.18M","7.07M","7.05M","7.040000000000001M","7.0200000000000005M","6.970000000000001M","6.959999999999999M","6.95M","6.94M","6.909999999999999M","6.88M","6.840000000000001M","6.82M","6.779999999999999M","6.7700000000000005M","6.720000000000001M","6.7M","6.68M","6.659999999999999M","6.640000000000001M","6.640000000000001M","6.62M","6.609999999999999M","6.6M","6.590000000000001M","6.58M","6.56M","6.540000000000001M","6.529999999999999M","6.5200000000000005M","6.51M","6.51M","6.49M","6.43M","6.43M","6.4M","6.38M","6.35M","6.34M","6.32M","6.32M","6.3100000000000005M","6.279999999999999M","6.2700000000000005M","6.26M"],"nokList":[]}