{"time":1755510193039,"server":216,"cpList":["125M","176M","113M","112M","106M","102M","968M","95.6M","912M","90.5M","90.3M","88.8M","88.6M","88.5M","88.1M","87.8M","87M","85M","85M","85M","85M","848M","848M","84.4M","843M","83.8M","83.5M","83.4M","83.2M","83M","82.9M","82.8M","82.3M","82.1M","82M","80.3M","80.2M","79.5M","79M","78.2M","77.4M","76.9M","75.7M","75.4M","75.3M","75.1M","74.4M","74.4M","742M","74.1M","73.1M","73M","72.6M","72.5M","71.8M","70.5M","70.5M","70.4M","70.4M","70.2M","69.7M","69.6M","69.3M","69.2M","69.1M","68.3M","68.2M","68.2M","67.8M","67.6M","67M","67M","66.7M","66.6M","66.3M","66.1M","66.1M","66M","65.9M","65.8M","65.7M","65.5M","65.4M","65.2M","65.1M","65.1M","64.7M","64.4M","64.3M","64.1M","64M","63.8M","63.5M","63.2M","63.1M","63.1M","63M","62.6M","62.5M","62.4M"],"okList":["1.25E-5M","1.7600000000000003E-6M","1.1299999999999998E-7M","1.12E-7M","1.06E-7M","1.0199999999999999E-7M","9.679999999999999E-7M","9.559999999999998E-7M","9.119999999999999E-7M","9.05E-7M","9.03E-7M","8.88E-7M","8.86E-7M","8.85E-7M","8.809999999999999E-7M","8.779999999999999E-7M","8.7E-7M","8.5E-7M","8.5E-7M","8.5E-7M","8.5E-7M","8.48E-7M","8.48E-7M","8.440000000000002E-7M","8.43E-7M","8.380000000000001E-7M","8.349999999999999E-7M","8.340000000000001E-7M","8.320000000000001E-7M","8.3E-7M","8.290000000000001E-7M","8.28E-7M","8.23E-7M","8.210000000000001E-7M","8.199999999999999E-7M","8.029999999999999E-7M","8.020000000000001E-7M","7.950000000000001E-7M","7.900000000000001E-7M","7.82E-7M","7.74E-7M","7.69E-7M","7.57E-7M","7.54E-7M","7.53E-7M","7.51E-7M","7.440000000000002E-7M","7.440000000000002E-7M","1.4199999999999997E-7M","7.410000000000001E-8M","7.31E-9M","7.3E-9M","7.26E-9M","7.25E-9M","7.18E-9M","7.0499999999999994E-9M","7.0499999999999994E-9M","7.040000000000001E-9M","7.040000000000001E-9M","7.020000000000001E-9M","6.97E-9M","6.96E-9M","6.929999999999999E-9M","6.92E-9M","6.91E-9M","6.83E-9M","6.82E-9M","6.82E-9M","6.779999999999999E-9M","6.759999999999999E-9M","6.7000000000000004E-9M","6.7000000000000004E-9M","6.670000000000001E-9M","6.66E-9M","6.63E-9M","6.609999999999999E-9M","6.609999999999999E-9M","6.6E-9M","6.590000000000001E-9M","6.579999999999999E-9M","6.57E-9M","6.550000000000001E-9M","6.54E-9M","6.5200000000000015E-9M","6.51E-9M","6.51E-9M","6.47E-9M","6.440000000000001E-9M","6.43E-9M","6.409999999999999E-9M","6.4E-9M","6.380000000000001E-9M","6.35E-9M","6.3200000000000005E-9M","6.31E-9M","6.31E-9M","6.3E-9M","6.26E-9M","6.2500000000000005E-9M","6.24E-9M"],"nokList":[]}