{"server":2173,"total":3166.2502,"average":32.641754,"cpValues":[],"cpList":["62.6M","52M","51.7M","51.5M","48.4M","48.2M","47.M","46.6M","45.3M","45M","44M","43.9M","43.5M","42.3M","42.3M","41M","40.1M","78M","37.9M","37.8M","37.4M","37M","36.4M","36.2M","35.9M","35.7M","34.9M","34.7M","34.7M","34.3M","34.2M","34.1M","33.3M","32.9M","32.5M","32.5M","32.3M","31.7M","31.7M","31.6M","31M","30.7M","30.7M","30.7M","30.6M","30.6M","30.6M","30.5M","30.4M","30M","29.8M","29.7M","29.6M","29.1M","28.6M","28.5M","28.3M","28.3M","28M","27.9M","27.8M","27.8M","27.7M","27.6M","27.4M","27.1M","27.1M","26.9M","26.9M","26.7M","26.5M","26.5M","26.4M","26.4M","26.4M","26.1M","25.QM","25.8M","25.5M","24.8M","24.7M","24.6M","24.6M","24.6M","24.4M","24.4M","24.3M","24.1M","24.1M","24.1M","24M","23.9M","23.7M","23.6M","23.6M","23.5M","23.5M","23.2M","23M","22.9M"],"okList":["62.6M","57.15M","51.75M","50.050003M","49.85M","47.7M","47.4M","46.15M","45.8M","44.65M","44.45M","43.75M","43.1M","42.9M","41.65M","41.199997M","59.5M","39.0M","57.9M","37.65M","37.4M","36.9M","36.6M","36.15M","35.95M","35.4M","35.2M","34.800003M","34.5M","34.45M","34.199997M","33.75M","33.5M","32.9M","32.7M","32.4M","32.1M","32.0M","31.650002M","31.35M","31.150002M","30.85M","30.7M","30.650002M","30.650002M","30.6M","30.55M","30.5M","30.25M","30.099998M","29.85M","29.7M","29.400002M","29.1M","28.8M","28.45M","28.4M","28.15M","28.099998M","27.9M","27.849998M","27.75M","27.7M","27.55M","27.35M","27.25M","27.0M","27.0M","26.8M","26.7M","26.6M","26.45M","26.45M","26.4M","26.25M","25.3M","25.1M","24.7M","24.650002M","24.6M","24.5M","24.5M","24.349998M","24.25M","24.2M","24.1M","24.05M","24.0M","23.85M","23.75M","23.650002M","23.55M","23.55M","23.35M","23.25M","23.05M","22.9M"],"nokList":["26.1M","25.QM","25.8M"]}