{"time":1755520502574,"server":2176,"cpList":["742M","74M","67.5M","67.5M","66.1M","65.6M","65.4M","64.7M","646M","64.5M","64.3M","64M","63.3M","63.2M","62.1M","61.4M","60.4M","60.4M","60.1M","59.7M","59.1M","58.9M","58.7M","58.3M","57.8M","57.7M","57.7M","57.2M","56.7M","56.6M","56.6M","56.5M","56.3M","56.1M","55.8M","55.2M","55.2M","55M","54.9M","54.4M","543M","53.8M","53.7M","53.6M","53.4M","53.1M","52.7M","52.6M","52.5M","52.3M","52.3M","52.1M","52.1M","52M","51.7M","51.7M","51.7M","51.4M","51.4M","51.4M","57M","57M","50.9M","50.7M","50.6M","50.5M","50.5M","50.3M","50M","49.6M","49.6M","49.4M","49.4M","49.4M","49.3M","49.3M","49.1M","48.5M","48.3M","46.9M","468M","468M","468M","468M","46.7M","462M","461M","46M","45.8M","45.8M","45.5M","45.2M","45.1M","44.8M","44.4M","44.4M","44.3M","44.3M","442M","44.2M"],"okList":["142.0M","74.0M","67.5M","67.5M","66.1M","65.6M","65.4M","64.7M","64.6M","64.5M","64.3M","64.0M","63.3M","63.2M","62.1M","61.4M","60.4M","60.4M","60.1M","59.7M","59.1M","58.9M","58.7M","58.3M","57.8M","57.7M","57.7M","57.2M","56.7M","56.6M","56.6M","56.5M","56.3M","56.1M","55.8M","55.2M","55.2M","55.0M","54.9M","54.4M","54.3M","53.8M","53.7M","53.6M","53.4M","53.1M","52.7M","52.6M","52.5M","52.3M","52.3M","52.1M","52.1M","52.0M","51.7M","51.7M","0.517M","0.0051400000000000005M","5.14E-5M","5.140000000000001E-7M","5.6999999999999994E-8M","5.7E-9M","5.0900000000000004E-9M","5.07E-9M","5.06E-9M","5.0500000000000006E-9M","5.0500000000000006E-9M","5.03E-9M","5.0E-9M","4.96E-9M","4.96E-9M","4.940000000000001E-9M","4.940000000000001E-9M","4.940000000000001E-9M","4.930000000000001E-9M","4.930000000000001E-9M","4.910000000000001E-9M","4.8500000000000004E-9M","4.83E-9M","4.689999999999999E-9M","4.6799999999999996E-8M","4.6799999999999996E-8M","4.6799999999999996E-8M","4.6799999999999996E-8M","4.670000000000001E-9M","4.62E-8M","4.610000000000001E-8M","4.6E-9M","4.58E-9M","4.58E-9M","4.55E-9M","4.519999999999999E-9M","4.51E-9M","4.48E-9M","4.44E-9M","4.44E-9M","4.43E-9M","4.43E-9M","4.419999999999999E-8M","4.42E-9M"],"nokList":[]}