{"server":2176,"total":5855.35,"average":60.99323,"cpValues":[],"cpList":["104M","N2.1M","89.7M","84.3M","81.5M","80.6M","79M","72.2M","72M","71.2M","69.1M","67.5M","67.2M","66.4M","65.8M","65.2M","64.8M","64.7M","64.7M","64.5M","64.5M","64.5M","64.4M","64.3M","64.2M","64M","63.9M","63.6M","63.5M","63.5M","63.2M","63.2M","62.9M","62.7M","62.6M","62.2M","62.2M","62M","61.9M","61.8M","61.6M","61.5M","61.5M","61.5M","61.4M","61M","60.7M","60.5M","60.4M","60.2M","60M","59.7M","59.5M","59.5M","59.1M","59.1M","58.8M","58.7M","58.7M","58.5M","58.2M","58.1M","5AM","57.8M","57.7M","57.7M","57.5M","57.5M","57.2M","56.7M","56.7M","56.6M","56.3M","56.2M","56.1M","55.6M","55.5M","55.3M","55.2M","55.2M","54.9M","54.4M","54.4M","54.3M","53.9M","53.8M","53.4M","53.4M","53.1M","52.9M","52.8M","52.6M","52.5M","52.5M","52.3M","52.2M","52.1M","52.1M","52.1M","52.1M"],"okList":["104.0M","85.6M","82.45M","80.25M","76.399994M","75.5M","71.7M","70.55M","69.35M","68.149994M","66.95M","66.5M","65.8M","65.3M","64.95M","64.75M","64.6M","64.6M","64.5M","64.45M","64.4M","64.3M","64.15M","64.05M","63.8M","63.7M","63.55M","63.35M","63.35M","63.050003M","62.95M","62.75M","62.45M","62.4M","62.1M","62.050003M","61.9M","61.75M","61.65M","61.55M","61.5M","61.45M","61.25M","61.050003M","60.75M","60.550003M","60.35M","60.2M","59.95M","59.75M","59.6M","59.3M","59.3M","58.949997M","58.9M","58.75M","58.6M","58.45M","58.3M","57.949997M","57.75M","57.6M","57.6M","57.35M","57.1M","56.95M","56.65M","56.5M","56.4M","56.199997M","55.9M","55.8M","55.449997M","55.35M","55.25M","55.050003M","54.800003M","54.65M","54.35M","54.15M","54.05M","53.65M","53.6M","53.25M","53.15M","52.949997M","52.75M","52.65M","52.55M","52.4M","52.35M","52.199997M","52.15M","52.1M","52.1M","52.1M"],"nokList":["N2.1M","89.7M","58.1M","57.8M"]}