{"server":2178,"total":4539.1,"average":46.31735,"cpValues":[],"cpList":["71.3M","67M","65.5M","63.6M","62.4M","61.1M","60.4M","59.5M","59.4M","59.3M","58.5M","58.4M","58.3M","57.8M","57.5M","55.8M","55.6M","55.5M","55.4M","55M","54.3M","54.2M","53.7M","53.1M","52.4M","52M","51.9M","51.4M","51.3M","51.1M","50.7M","50.6M","49.8M","49.8M","49.4M","48.M","48.8M","48.2M","47.1M","46.8M","46.5M","46.4M","45.7M","45.4M","45.4M","45.3M","45M","44.7M","44.2M","44.2M","44.1M","43.9M","43.6M","43.1M","42.6M","42.6M","42.3M","41.8M","41.7M","41.7M","41.4M","41M","40.8M","40.7M","40.7M","40.6M","40.2M","40M","39.6M","39.3M","39.1M","39.1M","38.8M","38.2M","38.1M","38.1M","78M","37.8M","37.5M","37.4M","37.2M","36.7M","36.7M","A6.6M","36.4M","36.3M","35.6M","35.6M","35.5M","35.4M","35.3M","35.3M","35.1M","35M","35M","35M","34.9M","34.8M","34.7M","34.5M"],"okList":["71.3M","68.4M","65.3M","63.95M","62.35M","61.4M","60.3M","59.9M","59.4M","58.95M","58.85M","58.4M","58.1M","57.9M","56.8M","56.55M","55.65M","55.5M","55.25M","54.85M","54.6M","54.0M","53.65M","53.050003M","52.55M","52.15M","51.7M","51.6M","51.25M","51.0M","50.85M","50.25M","50.199997M","49.6M","48.9M","49.1M","48.1M","47.949997M","47.5M","46.8M","46.6M","46.1M","45.9M","45.550003M","45.35M","45.2M","45.0M","44.6M","44.45M","44.15M","44.050003M","43.85M","43.5M","43.1M","42.85M","42.449997M","42.199997M","42.0M","41.75M","41.550003M","41.35M","41.1M","40.85M","40.75M","40.65M","40.45M","40.3M","39.9M","39.65M","39.35M","39.199997M","38.949997M","38.65M","38.449997M","38.15M","38.1M","37.949997M","57.75M","37.6M","37.35M","37.050003M","36.95M","36.550003M","36.0M","35.949997M","35.55M","35.5M","35.4M","35.35M","35.199997M","35.15M","35.05M","35.0M","34.95M","34.9M","34.800003M","34.65M","34.5M"],"nokList":["36.7M","36.4M"]}