{"server":2185,"total":3704.3,"average":38.58646,"cpValues":[],"cpList":["71.3M","70.2M","66.9M","59.5M","58.9M","58.6M","56.9M","54.4M","53.6M","53.3M","53M","52.8M","51.6M","51.2M","50.7M","50.2M","48.4M","47.3M","47.2M","47.1M","46.8M","46.4M","46M","45.7M","45.4M","45.2M","44.9M","44.8M","44.7M","44.2M","43.9M","43.6M","42.5M","42.3M","41.4M","41.3M","40.4M","40.4M","40.2M","40M","39.5M","38.4M","38.3M","38.3M","37.9M","37.8M","37.7M","37.4M","36.5M","36.5M","A6M","35.9M","35M","34.2M","A3.6M","33.4M","32.7M","32.6M","32.2M","32.1M","31.9M","31.7M","31.4M","31.4M","31.4M","31.2M","31M","30.8M","30.2M","30.2M","29.8M","29.8M","29.7M","29.6M","29.6M","29.6M","29.5M","29.4M","29.4M","29.1M","28.8M","28.8M","28.8M","28.6M","28.4M","28.3M","28.1M","28M","27.9M","27.8M","27.6M","27.4M","27.3M","21.2M","27M","26.9M","26.9M","26.7M","26.5M","26.2M"],"okList":["71.3M","69.100006M","64.85M","62.9M","59.05M","57.9M","56.5M","55.25M","53.85M","53.3M","53.05M","52.3M","52.0M","51.15M","50.7M","49.550003M","48.75M","47.800003M","47.199997M","47.0M","46.75M","46.4M","46.050003M","45.7M","45.45M","45.15M","45.0M","44.800003M","44.5M","44.300003M","43.9M","43.2M","42.949997M","41.95M","41.8M","40.9M","40.85M","40.300003M","40.2M","39.85M","39.2M","38.9M","38.35M","38.1M","38.05M","37.800003M","37.6M","37.1M","36.95M","36.2M","35.050003M","33.800003M","33.0M","32.45M","32.35M","32.05M","31.9M","31.65M","31.55M","31.4M","31.3M","31.2M","31.0M","30.6M","30.5M","30.0M","30.0M","29.75M","29.7M","29.650002M","29.6M","29.55M","29.5M","29.45M","29.25M","29.099998M","28.95M","28.8M","28.7M","28.599998M","28.45M","28.25M","28.15M","28.0M","27.9M","27.75M","27.599998M","27.45M","24.3M","27.15M","24.05M","26.95M","26.8M","26.7M","26.45M","26.2M"],"nokList":["36.5M","35.9M","34.2M","33.4M"]}