{"server":2189,"total":2781.9507,"average":29.913448,"cpValues":[],"cpList":["61.4M","55.8M","53.4M","52.9M","51.9M","50.3M","49.5M","46.7M","44.9M","40.5M","39.8M","39.2M","AA.6M","38.5M","38.4M","37.9M","37.8M","36.3M","36.2M","A6M","35.7M","35.5M","35.4M","35.2M","35.2M","34.5M","34.1M","34.1M","33.8M","33.8M","33.1M","32.6M","32.6M","32.4M","32M","31.7M","31.2M","30.6M","29.9M","29.7M","29.5M","29.3M","29.2M","29.7M","29.7M","28.6M","28.4M","28.4M","28.1M","27.6M","27.4M","27.1M","27.1M","27M","26.9M","26.7M","26.5M","26.2M","26.2M","25.QM","25.8M","25.6M","25.3M","25.2M","25.1M","25M","24.7M","24.6M","24.6M","24.1M","23.9M","23.8M","23.6M","23.1M","23M","22.9M","22.7M","22.5M","22.5M","22.5M","22.4M","22.2M","22.2M","22M","22M","21.7M","21.3M","21.3M","21.3M","21.2M","21.2M","21M","20.8M","20.7M","20.4M","20.2M","20M","19.9M","19.7M","19.7M"],"okList":["61.4M","57.4M","54.35M","52.65M","51.6M","50.7M","48.5M","47.2M","43.6M","42.35M","39.85M","38.85M","38.2M","38.1M","37.1M","37.0M","35.95M","35.550003M","35.35M","35.300003M","34.85M","34.65M","34.3M","33.949997M","33.949997M","33.449997M","33.199997M","32.85M","32.5M","32.3M","32.050003M","31.6M","31.150002M","30.55M","30.150002M","29.7M","29.5M","29.35M","29.5M","29.7M","29.150002M","29.05M","28.5M","28.25M","28.0M","27.75M","27.35M","27.25M","27.05M","27.0M","26.85M","26.7M","26.45M","26.35M","25.55M","25.400002M","25.2M","25.1M","24.900002M","24.8M","24.650002M","24.35M","24.25M","23.95M","23.75M","23.45M","23.3M","23.0M","22.85M","22.7M","22.6M","22.5M","22.45M","22.35M","22.3M","22.1M","22.1M","21.85M","21.65M","21.5M","21.3M","21.25M","21.25M","21.1M","21.0M","20.85M","20.599998M","20.45M","20.2M","20.05M","19.85M","19.8M","19.7M"],"nokList":["39.2M","38.5M","36.2M","35.7M","26.2M","25.QM","25.8M"]}