{"server":2195,"total":3245.3994,"average":34.525524,"cpValues":[],"cpList":["58.4M","55.8M","55.7M","54.1M","52.8M","52.7M","52.2M","51.7M","50.9M","50.1M","49.6M","48.6M","48M","47M","45.8M","45.8M","45.3M","43.8M","43.6M","43M","42.9M","42.2M","42M","41.8M","41.7M","41.1M","40.9M","40M","39.7M","39.1M","37.9M","37.5M","37.5M","A6.9M","A6.9M","A6.6M","36.5M","A6M","34.8M","34.7M","34.5M","33.9M","33.7M","33.4M","33.1M","33.1M","33.1M","32.8M","32.3M","32.2M","32.1M","32.1M","31.9M","31.8M","31.5M","31.4M","31M","30.9M","30.8M","30M","29.9M","29.8M","29.7M","29.6M","29.3M","28.8M","28.5M","28.4M","28.3M","28.2M","28.1M","28M","27.7M","27.4M","27.1M","26.7M","26.4M","26.3M","26.2M","26.1M","26M","25.5M","25.4M","25M","25M","25M","24.9M","24.8M","24.5M","24.4M","24.2M","24.1M","24M","23.9M","23.9M","23.5M","23.4M","22.9M","22.9M","22.7M"],"okList":["58.4M","57.050003M","54.949997M","54.25M","53.4M","52.5M","52.2M","51.550003M","50.9M","50.25M","49.35M","48.8M","47.8M","46.9M","46.4M","45.55M","44.8M","44.449997M","43.4M","43.25M","42.6M","42.45M","42.0M","41.85M","41.449997M","41.300003M","40.55M","40.300003M","39.55M","38.800003M","38.3M","37.7M","35.65M","34.65M","34.300003M","34.1M","33.65M","33.4M","33.25M","33.1M","32.949997M","32.699997M","32.5M","32.199997M","32.15M","32.0M","31.949999M","31.7M","31.599998M","31.25M","31.15M","30.9M","30.45M","30.349998M","29.9M","29.8M","29.7M","29.5M","29.2M","28.9M","28.599998M","28.4M","28.3M","28.2M","28.1M","27.900002M","27.7M","27.400002M","27.05M","26.75M","26.5M","26.3M","26.2M","26.1M","25.8M","25.7M","25.25M","25.2M","25.0M","24.95M","24.9M","24.7M","24.599998M","24.35M","24.25M","24.1M","24.0M","23.95M","23.7M","23.65M","23.2M","23.15M","22.8M","22.7M"],"nokList":["37.5M","A6.9M","A6.9M","A6.6M","36.5M","34.8M"]}