{"server":2196,"total":3035.85,"average":34.498295,"cpValues":[],"cpList":["55M","46.9M","46.7M","46.7M","45.7M","44.4M","44.3M","44M","42.7M","42.1M","41.5M","41.4M","41.3M","41.2M","41.2M","41M","39.9M","39.5M","39.2M","39.2M","78M","37.8M","37.8M","37.7M","37.6M","37.5M","37.3M","36.8M","36.7M","36.7M","A6.6M","A6.6M","36.4M","36.3M","A6.1M","A6.1M","35.9M","35.8M","35.7M","35.4M","35M","34.7M","34.7M","34.5M","34.5M","34.2M","34M","33.7M","A3.6M","A3.6M","33.5M","33.4M","33.3M","33.3M","33.2M","32.8M","32.7M","32.5M","32.3M","32.2M","32.1M","32.1M","32M","31.8M","31.6M","31.3M","31.1M","31.1M","31M","30.9M","30.9M","30.8M","30.7M","30.6M","30.2M","29.6M","29.6M","29.3M","29.1M","29.1M","29M","29M","28.8M","28.8M","29.7M","28.4M","28.4M","28.3M","28.1M","28M","27.8M","27.8M","27.8M","21.4M","27.4M","21.2M","27.2M","27.2M","27.1M","27.1M"],"okList":["55.0M","50.85M","46.800003M","46.2M","45.550003M","45.0M","44.2M","43.5M","43.05M","42.1M","41.75M","41.4M","41.300003M","41.25M","41.1M","40.550003M","40.25M","39.550003M","39.35M","39.2M","38.5M","57.9M","37.75M","37.699997M","37.6M","37.449997M","37.15M","37.0M","36.75M","35.800003M","35.6M","35.35M","35.050003M","34.85M","34.6M","34.6M","34.35M","34.25M","33.95M","33.4M","33.35M","33.25M","33.05M","32.95M","32.65M","32.5M","32.35M","32.199997M","32.15M","32.05M","31.949999M","31.8M","31.55M","31.35M","31.2M","31.05M","31.0M","30.95M","30.849998M","30.8M","30.7M","30.45M","30.1M","29.900002M","29.45M","29.35M","29.2M","29.05M","29.05M","28.9M","28.9M","28.8M","28.599998M","29.05M","28.349998M","28.25M","28.15M","27.95M","27.9M","27.8M","24.599998M","27.599998M","21.3M","27.3M","27.2M","27.150002M","27.150002M","27.1M"],"nokList":["36.7M","A6.6M","A6.6M","36.4M","36.3M","A6.1M","A6.1M","35.9M","33.7M","A3.6M","A3.6M","33.5M"]}