{"time":1755520608621,"server":2197,"cpList":["113M","100M","86.6M","848M","84.7M","83.2M","82.8M","82.3M","82.1M","76.8M","76.4M","75.9M","75M","74.4M","74M","73.8M","73.7M","73.3M","73.2M","72.8M","72.2M","71.9M","71.8M","71.6M","71.5M","71.3M","77M","70.9M","70.4M","70.2M","70.2M","69.2M","68.6M","68.4M","68.1M","67.8M","67.6M","67.6M","66.8M","66.7M","66.2M","66.1M","66.1M","66M","65.9M","65.7M","65.7M","65.7M","65.6M","65.4M","65M","64.9M","64.8M","64.7M","646M","64.4M","642M","642M","64.1M","64.1M","63.9M","63.8M","63.7M","63.6M","63.5M","63.1M","62.9M","62.5M","62.2M","62.2M","62.2M","62M","62M","61.8M","61.5M","61.5M","61.5M","61.3M","61.3M","61.1M","61.1M","61M","60.9M","60.9M","60.9M","60.8M","60.6M","60.5M","60.4M","60.3M","60.1M","60.1M","60M","60M","59.9M","59.7M","59.4M","59.4M","59M","58.8M"],"okList":["113.0M","100.0M","86.6M","84.8M","84.7M","83.2M","82.8M","82.3M","82.1M","76.8M","76.4M","75.9M","75.0M","74.4M","74.0M","73.8M","73.7M","73.3M","73.2M","72.8M","72.2M","71.9M","0.718M","0.00716M","7.15E-5M","7.13E-7M","7.699999999999999E-8M","7.09E-9M","7.040000000000001E-9M","7.020000000000001E-9M","7.020000000000001E-9M","6.92E-9M","6.86E-9M","6.840000000000001E-9M","6.8099999999999994E-9M","6.779999999999999E-9M","6.759999999999999E-9M","6.759999999999999E-9M","6.68E-9M","6.670000000000001E-9M","6.62E-9M","6.609999999999999E-9M","6.609999999999999E-9M","6.6E-9M","6.590000000000001E-9M","6.57E-9M","6.57E-9M","6.57E-9M","6.56E-9M","6.54E-9M","6.500000000000001E-9M","6.4900000000000005E-9M","6.48E-9M","6.47E-9M","6.460000000000001E-8M","6.440000000000001E-9M","6.419999999999999E-8M","6.419999999999999E-8M","6.409999999999999E-9M","6.409999999999999E-9M","6.39E-9M","6.380000000000001E-9M","6.37E-9M","6.36E-9M","6.35E-9M","6.31E-9M","6.290000000000001E-9M","6.2500000000000005E-9M","6.22E-9M","6.22E-9M","6.22E-9M","6.2E-9M","6.2E-9M","6.18E-9M","6.1500000000000005E-9M","6.1500000000000005E-9M","6.1500000000000005E-9M","6.13E-9M","6.13E-9M","6.11E-9M","6.11E-9M","6.099999999999998E-9M","6.09E-9M","6.09E-9M","6.09E-9M","6.08E-9M","6.06E-9M","6.05E-9M","6.040000000000001E-9M","6.03E-9M","6.01E-9M","6.01E-9M","6.0E-9M","6.0E-9M","5.99E-9M","5.97E-9M","5.9400000000000006E-9M","5.9400000000000006E-9M","5.9E-9M","5.88E-9M"],"nokList":[]}