{"server":2200,"total":3101.201,"average":33.346245,"cpValues":[],"cpList":["6M","63.3M","62.5M","61.1M","56M","52.8M","50.7M","49.8M","48.5M","48M","47.5M","45.4M","45.3M","45M","42.8M","41.9M","41.7M","41.6M","40.9M","40.1M","39.9M","39.2M","38.2M","78M","37.2M","37.1M","37M","36.4M","36.3M","A6.1M","A6M","35.8M","35.5M","35.3M","35.3M","35.2M","35M","34.7M","34.3M","33.5M","33.3M","33.1M","33.1M","33.1M","33.1M","32.9M","32.3M","31.7M","31.5M","31.4M","31.3M","31.1M","31M","31M","30.8M","30.7M","30.5M","30.5M","29.8M","29.5M","29.2M","29.2M","29M","28.9M","29.7M","28.6M","28.4M","27.6M","27.5M","27.2M","27.1M","27M","26.7M","26.6M","26.2M","26.1M","26M","25.QM","25.6M","25.3M","25.2M","25M","25M","24.8M","24.4M","24.4M","24.1M","24.1M","24.1M","24M","24M","23.7M","23.4M","23.3M","23.2M","22.9M","22.9M","22.6M","22M","21.9M"],"okList":["6.0M","34.25M","62.199997M","59.25M","56.949997M","53.35M","51.3M","49.6M","48.9M","48.0M","46.7M","46.4M","45.2M","44.05M","43.45M","42.25M","41.75M","41.300003M","40.85M","40.4M","39.65M","39.050003M","58.6M","37.7M","57.55M","37.1M","36.75M","36.65M","35.55M","35.4M","35.25M","35.15M","34.95M","34.65M","34.1M","33.8M","33.3M","33.199997M","33.1M","33.1M","33.0M","32.699997M","32.300003M","31.9M","31.55M","31.4M","31.25M","31.15M","31.05M","30.9M","30.85M","30.65M","30.6M","30.15M","30.0M","29.5M","29.35M","29.1M","29.05M","29.35M","28.75M","29.05M","28.1M","27.95M","27.400002M","27.3M","27.1M","26.900002M","26.8M","26.45M","26.35M","26.1M","25.400002M","25.15M","25.1M","24.9M","24.7M","24.599998M","24.25M","24.25M","24.1M","24.05M","24.05M","23.85M","23.7M","23.5M","23.3M","23.099998M","23.05M","22.75M","22.45M","22.25M","21.9M"],"nokList":["36.3M","A6.1M","A6M","35.8M","26M","25.QM","25.6M"]}