{"time":1755520635291,"server":2205,"cpList":["128M","113M","99.7M","93.5M","92.6M","90.8M","87.1M","86.7M","85.4M","83.4M","83M","82.9M","82.4M","81M","80M","79.5M","79.4M","78M","77.9M","77.1M","762M","75.8M","75.6M","74M","74M","73.9M","73.7M","73.5M","73.3M","73.3M","73.1M","73.1M","72.9M","72.2M","71.9M","71.1M","70.9M","70.7M","70.6M","70.6M","70.5M","70.1M","69.7M","69.6M","69.6M","69.5M","69.4M","69.4M","69.1M","69.1M","68.4M","68.4M","68.4M","68.2M","68M","67.8M","67.6M","67.6M","67.5M","67.4M","67.4M","67.3M","67M","67M","66.9M","66.7M","66.5M","66.3M","66.1M","65.8M","65.7M","65.4M","64.8M","64.7M","64.7M","64.7M","64.5M","64.5M","64.3M","64.3M","642M","64.1M","64M","63.9M","63.9M","63.8M","63.6M","63.5M","63.3M","63.2M","63.2M","63M","63M","62.8M","62.7M","62.6M","62.6M","62.4M","62.4M","62.4M"],"okList":["128.0M","113.0M","99.7M","93.5M","92.6M","90.8M","87.1M","86.7M","85.4M","83.4M","83.0M","82.9M","82.4M","81.0M","80.0M","79.5M","79.4M","78.0M","0.779M","0.007709999999999999M","1.62E-5M","7.580000000000002E-8M","7.56E-9M","7.400000000000001E-9M","7.400000000000001E-9M","7.39E-9M","7.37E-9M","7.35E-9M","7.329999999999999E-9M","7.329999999999999E-9M","7.31E-9M","7.31E-9M","7.290000000000001E-9M","7.2199999999999995E-9M","7.190000000000001E-9M","7.11E-9M","7.09E-9M","7.070000000000001E-9M","7.06E-9M","7.06E-9M","7.0499999999999994E-9M","7.0099999999999996E-9M","6.97E-9M","6.96E-9M","6.96E-9M","6.949999999999999E-9M","6.9400000000000004E-9M","6.9400000000000004E-9M","6.91E-9M","6.91E-9M","6.840000000000001E-9M","6.840000000000001E-9M","6.840000000000001E-9M","6.82E-9M","6.8E-9M","6.779999999999999E-9M","6.759999999999999E-9M","6.759999999999999E-9M","6.750000000000001E-9M","6.74E-9M","6.74E-9M","6.73E-9M","6.7000000000000004E-9M","6.7000000000000004E-9M","6.69E-9M","6.670000000000001E-9M","6.65E-9M","6.63E-9M","6.609999999999999E-9M","6.579999999999999E-9M","6.57E-9M","6.54E-9M","6.48E-9M","6.47E-9M","6.47E-9M","6.47E-9M","6.45E-9M","6.45E-9M","6.43E-9M","6.43E-9M","6.419999999999999E-8M","6.409999999999999E-9M","6.4E-9M","6.39E-9M","6.39E-9M","6.380000000000001E-9M","6.36E-9M","6.35E-9M","6.3299999999999994E-9M","6.3200000000000005E-9M","6.3200000000000005E-9M","6.3E-9M","6.3E-9M","6.28E-9M","6.270000000000001E-9M","6.26E-9M","6.26E-9M","6.24E-9M","6.24E-9M","6.24E-9M"],"nokList":[]}