{"time":1755520688320,"server":2216,"cpList":["125M","122M","121M","113M","771M","107M","107M","104M","102M","101M","100M","99.4M","97.1M","94.8M","94.4M","94.3M","94.3M","93.4M","93.4M","92.6M","90.8M","90.4M","90M","89.9M","89.6M","89.3M","89.2M","89.1M","89M","87.9M","87.8M","86.9M","85.9M","85.7M","85M","84.9M","84.9M","848M","84.5M","842M","842M","83.4M","83.2M","83.2M","82.8M","82.7M","82.7M","82.6M","82.5M","82.5M","82.4M","82M","82M","81.8M","81.8M","81.6M","81.5M","81.5M","81.5M","81.5M","81.4M","81.4M","81.2M","81M","81M","80.7M","80.6M","80.3M","80.3M","80.2M","79.5M","79.3M","79.3M","79.3M","78.8M","78.5M","78.5M","78.5M","78.5M","78.1M","78M","77.7M","77.7M","77.6M","77.5M","77.3M","77.2M","77.2M","77.2M","77.1M","77.1M","76.9M","76.7M","76.6M","76.6M","76.6M","76.5M","76.4M","763M","76.3M"],"okList":["12.5M","0.122M","0.00121M","1.1299999999999999E-5M","1.7100000000000001E-6M","1.0699999999999999E-7M","1.0699999999999999E-7M","1.0400000000000002E-7M","1.0199999999999999E-7M","1.0099999999999998E-7M","1.0000000000000001E-7M","9.940000000000002E-8M","9.71E-9M","9.479999999999998E-9M","9.44E-9M","9.429999999999999E-9M","9.429999999999999E-9M","9.340000000000001E-9M","9.340000000000001E-9M","9.259999999999998E-9M","9.080000000000001E-9M","9.039999999999999E-9M","9.000000000000001E-9M","8.99E-9M","8.96E-9M","8.930000000000001E-9M","8.920000000000001E-9M","8.91E-9M","8.9E-9M","8.79E-9M","8.779999999999998E-9M","8.69E-9M","8.590000000000001E-9M","8.57E-9M","8.5E-9M","8.49E-9M","8.49E-9M","8.48E-8M","8.45E-9M","8.419999999999999E-8M","8.419999999999999E-8M","8.34E-9M","8.320000000000001E-9M","8.320000000000001E-9M","8.279999999999999E-9M","8.270000000000002E-9M","8.270000000000002E-9M","8.260000000000001E-9M","8.250000000000001E-9M","8.250000000000001E-9M","8.240000000000001E-9M","8.199999999999999E-9M","8.199999999999999E-9M","8.18E-9M","8.18E-9M","8.159999999999998E-9M","8.149999999999999E-9M","8.149999999999999E-9M","8.149999999999999E-9M","8.149999999999999E-9M","8.140000000000002E-9M","8.140000000000002E-9M","8.120000000000001E-9M","8.100000000000001E-9M","8.100000000000001E-9M","8.07E-9M","8.06E-9M","8.029999999999998E-9M","8.029999999999998E-9M","8.020000000000002E-9M","7.950000000000002E-9M","7.929999999999999E-9M","7.929999999999999E-9M","7.929999999999999E-9M","7.88E-9M","7.85E-9M","7.85E-9M","7.85E-9M","7.85E-9M","7.809999999999998E-9M","7.799999999999999E-9M","7.770000000000001E-9M","7.770000000000001E-9M","7.759999999999998E-9M","7.75E-9M","7.729999999999999E-9M","7.72E-9M","7.72E-9M","7.72E-9M","7.71E-9M","7.71E-9M","7.69E-9M","7.669999999999999E-9M","7.659999999999999E-9M","7.659999999999999E-9M","7.659999999999999E-9M","7.649999999999999E-9M","7.640000000000001E-9M","1.6299999999999997E-8M","7.630000000000001E-9M"],"nokList":[]}