{"time":1756242687654,"server":2216,"cpList":["125M","123M","121M","113M","MTM","107M","105M","104M","102M","101M","100M","99.4M","97.1M","94.8M","94.4M","94.3M","94.3M","94M","93.4M","93.4M","90.8M","90.4M","90M","89.9M","89.6M","89.3M","89.2M","89.2M","89.1M","87.9M","87.8M","87.2M","85.9M","85.7M","85.3M","85M","84.9M","84.9M","84.8M","84.5M","84.2M","84.2M","83.4M","83.4M","83.2M","82.8M","82.7M","82.6M","82.5M","82.5M","82.4M","82M","82M","81.8M","81.8M","81.6M","81.5M","81.5M","81.5M","81.5M","81.4M","81.4M","812M","81M","81M","80.8M","80.6M","80.3M","80.3M","80.2M","79.5M","79.4M","79.3M","79.3M","78.9M","78.7M","78.5M","78.5M","78.5M","78.1M","78M","77.8M","77.8M","77.7M","77.6M","77.5M","77.3M","77.2M","77.2M","77.2M","77.1M","77M","76.9M","76.7M","76.6M","76.6M","76.6M","76.4M","763M","76.3M"],"okList":["125.0M","123.0M","121.0M","113.0M","7.0M","10.7M","10.5M","10.4M","10.2M","10.1M","10.0M","9.940000000000001M","9.709999999999999M","9.48M","9.440000000000001M","9.43M","9.43M","9.4M","9.34M","9.34M","9.08M","9.040000000000001M","9.0M","8.99M","8.959999999999999M","8.93M","8.92M","8.92M","8.91M","8.790000000000001M","8.78M","8.72M","8.59M","8.57M","8.53M","8.5M","8.49M","8.49M","8.48M","8.45M","8.42M","8.42M","8.34M","8.34M","8.32M","8.28M","8.27M","8.26M","8.25M","8.25M","8.24M","8.2M","8.2M","8.18M","8.18M","8.16M","8.15M","8.15M","8.15M","8.15M","8.14M","8.14M","8.120000000000001M","8.1M","8.1M","8.08M","8.059999999999999M","8.03M","8.03M","8.02M","7.95M","7.94M","7.93M","7.93M","7.890000000000001M","7.87M","7.85M","7.85M","7.85M","7.81M","7.8M","7.779999999999999M","7.779999999999999M","7.7700000000000005M","7.76M","7.75M","7.7299999999999995M","7.720000000000001M","7.720000000000001M","7.720000000000001M","7.709999999999999M","7.7M","7.69M","7.67M","7.659999999999999M","7.659999999999999M","7.659999999999999M","7.640000000000001M","7.63M","7.63M"],"nokList":[]}