{"server":2216,"total":7819.5005,"average":84.08065,"cpValues":[],"cpList":["147M","125M","121M","121M","118M","113M","113M","107M","107M","106M","105M","104M","104M","103M","103M","102M","101M","100M","29.4M","29.3M","97.8M","M7.1M","N6M","24.8M","24.4M","94.3M","94.3M","23.4M","23.4M","23.4M","21.5M","21.3M","20.8M","70M","89.8M","89.6M","89.2M","89M","88.5M","88.5M","88.2M","87.9M","87.9M","87.8M","87.6M","97.1M","86.8M","86.5M","85.9M","85.9M","85.8M","85.8M","85.8M","85.7M","85.4M","85.1M","84.9M","84.9M","84.8M","84.8M","84.7M","84.7M","84.6M","84.5M","84.2M","84.1M","83.5M","83.4M","83.2M","83.2M","82.8M","82.7M","82.5M","82.5M","82.4M","82.4M","82.4M","82M","82M","81.8M","81.6M","81.5M","81.5M","81.4M","81.4M","81.4M","81.4M","81.2M","81.2M","81.1M","81M","81M","A1M","80.9M","80.8M","80.6M","80.6M","A0.6M","80.4M","80.3M"],"okList":["147.0M","134.0M","123.0M","119.5M","117.0M","115.5M","110.0M","110.0M","106.5M","106.0M","105.0M","104.5M","103.5M","103.5M","102.5M","102.0M","101.0M","65.2M","64.65M","63.600002M","18.199999M","59.550003M","94.3M","58.850002M","58.850002M","23.4M","22.45M","22.349998M","21.15M","45.65M","70.0M","79.8M","89.5M","89.3M","88.85M","88.75M","88.35M","88.2M","88.05M","87.850006M","87.75M","92.45M","87.2M","91.8M","86.350006M","86.2M","85.850006M","85.850006M","85.8M","85.75M","85.600006M","85.399994M","85.15M","85.0M","84.850006M","84.850006M","84.75M","84.75M","84.649994M","84.6M","84.399994M","84.3M","83.85M","83.75M","83.35M","83.3M","83.0M","82.95M","82.65M","82.6M","82.45M","82.45M","82.4M","82.2M","82.2M","81.9M","81.8M","81.65M","81.55M","81.45M","81.45M","81.4M","81.4M","81.3M","81.3M","81.149994M","81.1M","81.05M","80.95M","80.75M","80.7M","80.5M","80.3M"],"nokList":["M7.1M","N6M","24.8M","81M","80.9M","80.6M","80.4M"]}