{"server":2218,"total":4633.1494,"average":47.764427,"cpValues":[],"cpList":["81.2M","81M","78.4M","74.3M","68.8M","66.7M","64.7M","64.2M","63.8M","63.5M","61.7M","61.4M","60.7M","59.7M","59.6M","59.3M","57.QM","57.8M","57.2M","56.6M","55.8M","55.1M","54.4M","53M","52.8M","52.6M","51.8M","51.7M","51.1M","50.9M","50.6M","50.6M","49.8M","49.8M","49.7M","48.7M","48.5M","48.3M","48.2M","47.6M","47.4M","47.1M","47.1M","46.3M","45.8M","45.8M","45.7M","45.1M","45M","44.9M","44.8M","44.8M","44.7M","44.7M","44.6M","44.5M","44.1M","43.5M","43.3M","43.1M","42.9M","42.9M","42.9M","42.7M","42.5M","41.9M","41.8M","41.8M","41.7M","41.6M","41.5M","41.4M","41.3M","41.2M","41M","40.7M","40.5M","40.2M","40.2M","39.8M","39.7M","39.7M","39.4M","39.2M","39.1M","38.8M","38.8M","38.8M","38.7M","38.7M","38.7M","38.1M","37.9M","31.4M","37M","32M","36.8M","36.8M","36.8M","36.8M"],"okList":["81.2M","79.8M","77.65M","73.600006M","70.5M","66.75M","65.45M","64.25M","63.85M","62.75M","62.45M","61.2M","60.550003M","60.15M","59.5M","57.199997M","56.5M","55.85M","55.1M","54.05M","53.6M","52.8M","52.3M","52.15M","51.449997M","51.300003M","50.85M","50.75M","50.199997M","50.199997M","49.75M","49.25M","49.1M","48.5M","48.35M","47.949997M","47.800003M","47.35M","47.25M","46.699997M","46.449997M","46.05M","45.75M","45.449997M","45.35M","45.0M","44.9M","44.85M","44.75M","44.75M","44.65M","44.6M","44.35M","44.0M","43.699997M","43.3M","43.1M","43.0M","42.9M","42.800003M","42.7M","42.300003M","42.15M","41.85M","41.75M","41.699997M","41.6M","41.5M","41.4M","41.300003M","41.15M","40.95M","40.75M","40.45M","40.35M","40.0M","39.95M","39.75M","39.550003M","39.45M","39.25M","39.0M","38.949997M","38.8M","38.75M","38.75M","38.7M","38.4M","38.300003M","34.75M","37.45M","31.7M","36.9M","36.8M","36.8M","36.8M","36.8M"],"nokList":["59.3M","57.QM","57.8M"]}