{"server":2219,"total":4056.901,"average":44.09675,"cpValues":[],"cpList":["69M","63.6M","62.5M","59.7M","59.7M","59.1M","58.9M","56.1M","55.7M","55.6M","55.1M","54.6M","53.6M","53.4M","53.1M","52.9M","52.7M","52.3M","52.1M","51.9M","51.5M","51.4M","51.1M","50.8M","50.7M","50.5M","50.4M","50.3M","49.6M","49M","48.5M","48.4M","48.1M","48M","47.M","47.6M","47.3M","46.7M","46.3M","46.2M","46.1M","45.9M","45.5M","45.4M","45M","44.8M","44.6M","44.5M","43.9M","43.8M","43.5M","43.3M","42.1M","41.7M","41.7M","41.5M","40.5M","39.6M","39.6M","39.4M","39.3M","38.8M","38.8M","38.7M","38.7M","AA.6M","AA.6M","38.5M","38.1M","37.9M","37.7M","37.3M","37.2M","36.5M","36.3M","A6.1M","35.9M","35.7M","35.4M","34.5M","34.2M","34.1M","33.5M","33.3M","32.7M","32.2M","31.6M","31.6M","30.5M","30.5M","30.2M","30.1M","30M","29.7M","29M","28.8M","28.5M","28.2M","28M","ZAM"],"okList":["69.0M","65.75M","61.65M","61.1M","59.4M","59.300003M","57.6M","57.300003M","55.85M","55.4M","55.1M","54.35M","54.0M","53.35M","53.15M","52.9M","52.6M","52.4M","52.1M","51.8M","51.65M","51.3M","51.1M","50.9M","50.65M","50.550003M","50.4M","50.0M","49.65M","49.05M","48.7M","48.3M","48.2M","47.55M","47.8M","47.15M","47.15M","46.8M","46.45M","46.199997M","46.050003M","45.8M","45.65M","45.25M","45.1M","44.8M","44.65M","44.25M","44.15M","43.7M","43.55M","42.8M","42.5M","41.9M","41.6M","41.1M","40.55M","40.05M","39.5M","39.449997M","39.1M","39.05M","38.75M","38.75M","38.2M","37.9M","37.6M","37.45M","36.9M","36.75M","36.1M","35.65M","35.1M","34.800003M","34.3M","33.85M","33.699997M","33.1M","32.75M","32.15M","31.900002M","31.05M","31.05M","30.35M","30.3M","30.1M","29.900002M","29.5M","29.25M","28.75M","28.5M","28.25M"],"nokList":["38.7M","AA.6M","AA.6M","38.5M","36.3M","35.9M","28M","ZAM"]}