{"time":1755520741326,"server":2219,"cpList":["69M","68.9M","63.6M","62.5M","59.9M","59.1M","58.3M","56.1M","55.7M","55.1M","53.9M","53.7M","53.1M","52.9M","52.3M","52.1M","51.6M","51.6M","51.4M","51.1M","50.8M","50.7M","50.5M","50.4M","50.3M","50.2M","49.6M","49.4M","48.4M","48M","47.7M","47.3M","46.7M","46.4M","462M","462M","45M","448M","446M","44.5M","43.9M","43.8M","43.5M","43.3M","42.1M","41.8M","41.7M","41.7M","41.5M","41M","40.6M","40.6M","40.5M","39.6M","39.6M","39.3M","38.8M","38.7M","38.7M","38.6M","38.6M","38.5M","38.1M","37.9M","37.9M","37.7M","37.3M","36.5M","36.3M","36.1M","35.9M","35.7M","35.4M","34.5M","342M","34.1M","34.1M","33.5M","32.7M","32.2M","31.6M","31.6M","30.8M","30.5M","30.5M","30.2M","30.1M","30M","29.8M","29.7M","29.6M","29M","28.8M","28.2M","28M","23.7M","27.7M","27.6M","27.5M","27.4M"],"okList":["69.0M","68.9M","63.6M","62.5M","59.9M","59.1M","58.3M","56.1M","55.7M","55.1M","53.9M","53.7M","53.1M","52.9M","52.3M","52.1M","51.6M","51.6M","51.4M","51.1M","50.8M","50.7M","50.5M","50.4M","50.3M","50.2M","49.6M","49.4M","48.4M","48.0M","47.7M","47.3M","46.7M","46.4M","46.2M","46.2M","45.0M","44.8M","44.6M","44.5M","43.9M","43.8M","43.5M","43.3M","42.1M","41.8M","41.7M","41.7M","41.5M","41.0M","40.6M","40.6M","40.5M","39.6M","39.6M","39.3M","38.8M","38.7M","38.7M","38.6M","38.6M","38.5M","38.1M","37.9M","37.9M","37.7M","37.3M","36.5M","36.3M","36.1M","35.9M","35.7M","35.4M","34.5M","34.2M","34.1M","34.1M","33.5M","32.7M","32.2M","31.6M","31.6M","30.8M","30.5M","30.5M","30.2M","30.1M","30.0M","29.8M","29.7M","29.6M","29.0M","0.28800000000000003M","0.0028199999999999996M","2.8000000000000003E-5M","2.3699999999999996E-7M","2.7700000000000003E-8M","2.7600000000000004E-9M","2.7500000000000006E-9M","2.74E-9M"],"nokList":[]}