{"server":2222,"total":5322.6504,"average":58.490665,"cpValues":[],"cpList":["N8.8M","N3M","88.9M","76M","74.3M","71.1M","69.2M","68.4M","6AM","66.9M","66.7M","66.5M","65.6M","65.4M","65.4M","65M","64.7M","64.2M","63.9M","63.3M","63.3M","63.1M","63M","62.6M","62.3M","62M","62M","61.8M","61.8M","61.4M","61M","60.9M","60.6M","60.1M","60.1M","59.7M","59.5M","59.5M","59.3M","59.2M","58.9M","58.8M","58.4M","58.2M","58.1M","5AM","5AM","57.8M","57.8M","57.8M","57.5M","57.4M","57.3M","57.2M","57.2M","57M","56.9M","56.7M","56.4M","56.1M","56.1M","55.8M","55.6M","55.6M","55.5M","55.5M","55.4M","55.4M","55.3M","55.3M","55.1M","55.1M","55M","54.9M","54.9M","54.9M","54.9M","54.8M","54.8M","54.7M","54.4M","54.1M","53.8M","53.8M","53.7M","53.6M","53.4M","53.3M","52.9M","52.9M","52.9M","52.8M","52.8M","52.6M","52.6M","52.5M","52.2M","52.1M","51.9M","51.9M"],"okList":["81.600006M","73.55M","71.75M","69.75M","67.65M","66.7M","66.149994M","65.95M","65.5M","65.2M","65.05M","64.6M","64.3M","63.75M","63.6M","63.199997M","63.15M","62.85M","62.65M","62.3M","62.15M","61.9M","61.9M","61.6M","61.4M","61.15M","60.8M","60.5M","60.35M","59.9M","59.8M","59.6M","59.4M","59.35M","59.1M","59.0M","58.65M","58.5M","58.25M","57.8M","57.65M","57.6M","57.4M","57.300003M","57.25M","57.1M","57.050003M","56.85M","56.65M","56.4M","56.25M","55.949997M","55.85M","55.699997M","55.55M","55.55M","55.45M","55.45M","55.35M","55.35M","55.199997M","55.199997M","55.05M","55.0M","54.95M","54.9M","54.9M","54.85M","54.85M","54.75M","54.6M","54.4M","54.1M","53.949997M","53.75M","53.699997M","53.550003M","53.449997M","53.15M","53.1M","52.9M","52.85M","52.85M","52.699997M","52.699997M","52.55M","52.4M","52.3M","52.050003M","52.0M","51.9M"],"nokList":["N8.8M","N3M","88.9M","68.4M","66.9M","58.1M","5AM","5AM","57.8M"]}