{"time":1755520820622,"server":2234,"cpList":["95.2M","67.1M","59.1M","59M","58.3M","58.2M","57.3M","56.3M","54.1M","53.2M","51.2M","57M","48.8M","48.8M","48.7M","46.4M","46.3M","461M","44.4M","43M","42.9M","42.3M","41.5M","40.3M","39.8M","39.4M","38.8M","38.7M","38.6M","38.1M","37.9M","37.8M","37.8M","37.1M","36.6M","36.6M","36.4M","36.2M","35.9M","35.8M","35.7M","35.5M","35.2M","34.8M","346M","346M","34.5M","34.5M","34.5M","34.4M","33.8M","33.3M","33.2M","32.7M","32.5M","32.4M","32.2M","32.2M","32.1M","31.6M","31.5M","31.3M","31.2M","31.2M","30.7M","30M","30M","30M","30M","29.8M","29.8M","29.6M","29.5M","29.1M","29M","28.9M","28.6M","28.5M","28.3M","27.9M","27.8M","27.6M","27.1M","27.1M","26.6M","26.5M","26.5M","26.2M","261M","261M","25.6M","25.5M","25.3M","24.4M","24.4M","24.3M","24.2M","23.9M","23.9M","23.6M"],"okList":["95.2M","67.1M","59.1M","59.0M","58.3M","58.2M","57.3M","0.563M","0.005410000000000001M","5.32E-5M","5.12E-7M","5.6999999999999994E-8M","4.8800000000000005E-9M","4.8800000000000005E-9M","4.870000000000001E-9M","4.6400000000000005E-9M","4.629999999999999E-9M","4.610000000000001E-8M","4.44E-9M","4.3000000000000005E-9M","4.289999999999999E-9M","4.2300000000000005E-9M","4.15E-9M","4.03E-9M","3.98E-9M","3.94E-9M","3.879999999999999E-9M","3.87E-9M","3.86E-9M","3.81E-9M","3.7899999999999995E-9M","3.78E-9M","3.78E-9M","3.7100000000000002E-9M","3.66E-9M","3.66E-9M","3.64E-9M","3.6200000000000003E-9M","3.59E-9M","3.5799999999999996E-9M","3.57E-9M","3.5499999999999995E-9M","3.5200000000000007E-9M","3.48E-9M","3.46E-8M","3.46E-8M","3.45E-9M","3.45E-9M","3.45E-9M","3.4399999999999997E-9M","3.3799999999999995E-9M","3.33E-9M","3.32E-9M","3.27E-9M","3.2500000000000006E-9M","3.24E-9M","3.2200000000000005E-9M","3.2200000000000005E-9M","3.2100000000000003E-9M","3.1600000000000003E-9M","3.15E-9M","3.13E-9M","3.12E-9M","3.12E-9M","3.07E-9M","3.0E-9M","3.0E-9M","3.0E-9M","3.0E-9M","2.98E-9M","2.98E-9M","2.9600000000000005E-9M","2.95E-9M","2.9100000000000005E-9M","2.9E-9M","2.8899999999999997E-9M","2.86E-9M","2.85E-9M","2.8300000000000004E-9M","2.7899999999999993E-9M","2.7800000000000003E-9M","2.7600000000000004E-9M","2.7100000000000004E-9M","2.7100000000000004E-9M","2.66E-9M","2.65E-9M","2.65E-9M","2.62E-9M","2.61E-8M","2.61E-8M","2.5600000000000003E-9M","2.5500000000000005E-9M","2.53E-9M","2.4400000000000003E-9M","2.4400000000000003E-9M","2.43E-9M","2.4199999999999995E-9M","2.3899999999999994E-9M","2.3899999999999994E-9M","2.36E-9M"],"nokList":[]}