{"time":1756125905045,"server":2240,"cpList":["MT4M","MTM","105M","104M","98.1M","90.8M","88.9M","88M","87.8M","86.7M","86.4M","84.1M","83.9M","82.3M","82.1M","79.7M","79.5M","78.9M","78.7M","78.7M","78.3M","77.6M","77.5M","77.4M","77.3M","76.9M","76.8M","76.8M","76.7M","76.7M","76.1M","75.8M","75M","75M","74.4M","74.4M","73.7M","73.5M","73.4M","73.3M","73.3M","72.8M","72.7M","72.5M","71.5M","71.4M","71.2M","71.1M","71.1M","70.9M","70.2M","70.2M","70.1M","70M","69.8M","69.7M","69.6M","69.6M","69.1M","69M","69M","68.9M","68.7M","68.7M","68.6M","68.5M","68.5M","68.4M","68.3M","67.9M","67.9M","67.7M","67.6M","67.6M","67.4M","67.2M","67.2M","67.1M","67M","67M","66.9M","66.8M","66.7M","66.5M","66.5M","66.4M","66.3M","66.1M","65.5M","65.5M","65.4M","65.4M","65.2M","65.2M","65.2M","65.2M","65.1M","65M","64.9M","64.8M"],"okList":["74.0M","7.0M","10.5M","10.4M","9.809999999999999M","9.08M","8.89M","8.8M","8.78M","8.67M","8.64M","8.41M","8.39M","8.23M","8.209999999999999M","7.970000000000001M","7.95M","7.890000000000001M","7.87M","7.87M","7.83M","7.76M","7.75M","7.74M","7.7299999999999995M","7.69M","7.68M","7.68M","7.67M","7.67M","7.609999999999999M","7.58M","7.5M","7.5M","7.44M","7.44M","7.37M","7.35M","7.340000000000001M","7.33M","7.33M","7.279999999999999M","7.2700000000000005M","7.25M","7.15M","7.140000000000001M","7.12M","7.109999999999999M","7.109999999999999M","7.090000000000001M","7.0200000000000005M","7.0200000000000005M","7.01M","7.0M","6.9799999999999995M","6.970000000000001M","6.959999999999999M","6.959999999999999M","6.909999999999999M","6.9M","6.9M","6.890000000000001M","6.87M","6.87M","6.859999999999999M","6.85M","6.85M","6.840000000000001M","6.83M","6.790000000000001M","6.790000000000001M","6.7700000000000005M","6.76M","6.76M","6.74M","6.720000000000001M","6.720000000000001M","6.709999999999999M","6.7M","6.7M","6.69M","6.68M","6.67M","6.65M","6.65M","6.640000000000001M","6.63M","6.609999999999999M","6.55M","6.55M","6.540000000000001M","6.540000000000001M","6.5200000000000005M","6.5200000000000005M","6.5200000000000005M","6.5200000000000005M","6.51M","6.5M","6.49M","6.4799999999999995M"],"nokList":[]}