{"server":2240,"total":6760.15,"average":68.981125,"cpValues":[],"cpList":["104M","101M","29.6M","25.2M","70M","87.4M","84.3M","82.M","82.3M","82M","81.4M","81.1M","80.5M","80.4M","79.4M","78.7M","77.5M","76.9M","76.7M","75.8M","75.3M","75.2M","74.8M","74.3M","74.1M","73.8M","72.9M","72.7M","72.6M","72.5M","72.3M","72.2M","72.2M","72.2M","71.8M","71.6M","71.2M","71.1M","70.9M","70.7M","70.6M","70.4M","69.9M","69.6M","69.6M","69.5M","69.5M","69.3M","69.1M","69.1M","69M","68.8M","68.7M","6A.6M","68.5M","68.3M","67.4M","66.9M","66.8M","66.8M","66.7M","66.7M","66.6M","66.3M","66.2M","66.1M","6M","65.7M","65.6M","65.6M","65.5M","65.4M","64.9M","64.9M","64.9M","64.9M","64.7M","64.5M","64.4M","64.3M","64.3M","64.1M","64.1M","64M","64M","63.8M","63.8M","63.6M","63.5M","63.1M","63M","62.8M","62.8M","62.7M","62.7M","62.7M","62.7M","62.6M","62.6M","62.4M"],"okList":["104.0M","66.8M","63.1M","49.8M","70.0M","77.15M","84.7M","83.3M","82.0M","81.850006M","81.55M","80.95M","80.75M","79.95M","79.55M","78.45M","77.8M","77.1M","76.350006M","76.0M","75.5M","75.05M","74.75M","74.45M","74.05M","73.5M","73.25M","72.75M","72.6M","72.45M","72.35M","72.25M","72.2M","72.0M","71.899994M","71.5M","71.35M","71.05M","70.899994M","70.75M","70.55M","70.25M","70.0M","69.75M","69.55M","69.55M","69.4M","69.3M","69.2M","69.05M","68.95M","68.85M","68.6M","67.95M","67.600006M","67.100006M","66.850006M","66.75M","66.75M","66.649994M","66.5M","66.399994M","66.2M","36.1M","65.899994M","35.8M","65.649994M","65.55M","65.5M","65.2M","65.15M","64.9M","64.9M","64.8M","64.7M","64.55M","64.4M","64.350006M","64.2M","64.2M","64.05M","64.05M","63.9M","63.9M","63.699997M","63.65M","63.35M","63.25M","62.949997M","62.9M","62.75M","62.75M","62.7M","62.7M","62.65M","62.65M","62.5M","62.4M"],"nokList":["68.7M","68.5M"]}