{"time":1755520847258,"server":2240,"cpList":["113M","771M","106M","105M","98.2M","92.6M","90.8M","89.1M","88M","87.8M","846M","84M","83.9M","83.6M","82.3M","81.9M","79.4M","79.4M","78.9M","78.7M","78.7M","78.2M","77.6M","77.5M","77.3M","77.1M","76.9M","76.8M","76.7M","766M","76M","75.7M","75M","75M","74.3M","742M","74.1M","73.7M","73.5M","73.3M","73.3M","73.2M","72.8M","72.7M","72.5M","71.4M","71.3M","71.1M","71.1M","77M","70.9M","70.7M","70.1M","69.9M","69.9M","69.8M","69.8M","69.6M","69.6M","69.1M","69M","69M","68.9M","68.7M","68.7M","68.6M","68.5M","68.4M","68.3M","68.2M","67.9M","67.8M","67.7M","67.5M","67.4M","67.2M","67.1M","67.1M","67M","67M","66.9M","66.8M","66.6M","66.5M","66.3M","66.3M","66.3M","66.1M","65.8M","65.5M","65.4M","65.4M","65.3M","65.2M","65.1M","65.1M","65M","65M","64.9M","64.8M"],"okList":["1.1299999999999999E-5M","1.7100000000000001E-6M","1.06E-7M","1.05E-7M","9.82E-8M","9.259999999999998E-9M","9.080000000000001E-9M","8.91E-9M","8.800000000000001E-9M","8.779999999999998E-9M","8.46E-8M","8.4E-9M","8.390000000000003E-9M","8.36E-9M","8.23E-9M","8.190000000000001E-9M","7.94E-9M","7.94E-9M","7.890000000000001E-9M","7.87E-9M","7.87E-9M","7.82E-9M","7.759999999999998E-9M","7.75E-9M","7.729999999999999E-9M","7.71E-9M","7.69E-9M","7.68E-9M","7.669999999999999E-9M","1.66E-8M","7.6E-9M","7.570000000000001E-9M","7.5E-9M","7.5E-9M","7.43E-9M","1.4199999999999998E-8M","7.41E-9M","7.37E-9M","7.35E-9M","7.329999999999999E-9M","7.329999999999999E-9M","7.32E-9M","7.28E-9M","7.269999999999999E-9M","7.25E-9M","7.14E-9M","7.13E-9M","7.11E-9M","7.11E-9M","7.700000000000001E-9M","7.09E-9M","7.070000000000001E-9M","7.0099999999999996E-9M","6.99E-9M","6.99E-9M","6.9799999999999995E-9M","6.9799999999999995E-9M","6.96E-9M","6.96E-9M","6.91E-9M","6.9E-9M","6.9E-9M","6.890000000000001E-9M","6.8700000000000005E-9M","6.8700000000000005E-9M","6.86E-9M","6.85E-9M","6.840000000000001E-9M","6.83E-9M","6.82E-9M","6.790000000000001E-9M","6.779999999999999E-9M","6.77E-9M","6.750000000000001E-9M","6.74E-9M","6.720000000000001E-9M","6.709999999999999E-9M","6.709999999999999E-9M","6.7000000000000004E-9M","6.7000000000000004E-9M","6.69E-9M","6.68E-9M","6.66E-9M","6.65E-9M","6.63E-9M","6.63E-9M","6.63E-9M","6.609999999999999E-9M","6.579999999999999E-9M","6.550000000000001E-9M","6.54E-9M","6.54E-9M","6.53E-9M","6.5200000000000015E-9M","6.51E-9M","6.51E-9M","6.500000000000001E-9M","6.500000000000001E-9M","6.4900000000000005E-9M","6.48E-9M"],"nokList":[]}