{"time":1755520873507,"server":2242,"cpList":["81.3M","81M","75.8M","77M","69M","68.6M","68.1M","68.1M","67.6M","67.1M","66.9M","66.5M","66.3M","65.7M","65.2M","65.1M","64.7M","646M","64.4M","63.9M","63.7M","63.6M","63.6M","63.5M","63.2M","63M","63M","62.8M","62.8M","62.7M","62.4M","62.1M","62.1M","61.7M","612M","60.9M","60.4M","60.1M","60M","59.9M","59.7M","59.7M","59.3M","59.2M","59.2M","58.7M","58.7M","58.5M","58.5M","58.4M","57.9M","57.8M","57.8M","57.6M","57.4M","57.3M","57M","56.8M","56.8M","56.7M","56.5M","56.1M","55.9M","55.8M","55.7M","55.7M","55.7M","55.7M","55.5M","55.2M","55.1M","54.8M","54.7M","54.5M","54.5M","54.4M","543M","542M","53.9M","53.6M","53.5M","53.1M","53.1M","52.9M","52.5M","52.4M","52.4M","52.3M","52.3M","52.3M","52.1M","51.7M","51.7M","51.5M","51.4M","51.4M","51.2M","57M","51M","50.9M"],"okList":["0.00813M","8.100000000000002E-5M","7.58E-7M","7.699999999999999E-8M","6.9E-9M","6.86E-9M","6.8099999999999994E-9M","6.8099999999999994E-9M","6.759999999999999E-9M","6.709999999999999E-9M","6.69E-9M","6.65E-9M","6.63E-9M","6.57E-9M","6.5200000000000015E-9M","6.51E-9M","6.47E-9M","6.460000000000001E-8M","6.440000000000001E-9M","6.39E-9M","6.37E-9M","6.36E-9M","6.36E-9M","6.35E-9M","6.3200000000000005E-9M","6.3E-9M","6.3E-9M","6.28E-9M","6.28E-9M","6.270000000000001E-9M","6.24E-9M","6.210000000000001E-9M","6.210000000000001E-9M","6.17E-9M","6.119999999999999E-8M","6.09E-9M","6.040000000000001E-9M","6.01E-9M","6.0E-9M","5.99E-9M","5.97E-9M","5.97E-9M","5.93E-9M","5.920000000000001E-9M","5.920000000000001E-9M","5.870000000000001E-9M","5.870000000000001E-9M","5.8499999999999994E-9M","5.8499999999999994E-9M","5.84E-9M","5.79E-9M","5.7799999999999995E-9M","5.7799999999999995E-9M","5.760000000000001E-9M","5.74E-9M","5.73E-9M","5.7E-9M","5.6799999999999986E-9M","5.6799999999999986E-9M","5.6700000000000005E-9M","5.65E-9M","5.61E-9M","5.59E-9M","5.5799999999999985E-9M","5.57E-9M","5.57E-9M","5.57E-9M","5.57E-9M","5.55E-9M","5.520000000000001E-9M","5.51E-9M","5.48E-9M","5.47E-9M","5.45E-9M","5.45E-9M","5.44E-9M","5.4299999999999997E-8M","5.4199999999999996E-8M","5.390000000000001E-9M","5.3600000000000005E-9M","5.350000000000001E-9M","5.310000000000001E-9M","5.310000000000001E-9M","5.2900000000000006E-9M","5.250000000000001E-9M","5.24E-9M","5.24E-9M","5.23E-9M","5.23E-9M","5.23E-9M","5.21E-9M","5.17E-9M","5.17E-9M","5.15E-9M","5.140000000000001E-9M","5.140000000000001E-9M","5.1200000000000005E-9M","5.7E-9M","5.100000000000001E-9M","5.0900000000000004E-9M"],"nokList":[]}