{"server":2242,"total":5867.35,"average":58.6735,"cpValues":[],"cpList":["86M","81.6M","77.8M","74.1M","73M","70.6M","69.9M","68.3M","68.2M","67.5M","67.2M","66.8M","66.5M","66.1M","65.3M","64.7M","63.4M","62.9M","62.7M","62.5M","62.4M","61.6M","61.3M","61.1M","61.1M","60.8M","60.5M","60.5M","60.4M","60.3M","59.7M","59.6M","59.6M","59.5M","59.4M","59.4M","59.2M","59M","58.9M","58.9M","58.8M","58.7M","58.7M","58.5M","58.5M","58.4M","57.6M","57.4M","57.4M","57.4M","57.1M","57.1M","57M","57M","56.9M","56.9M","56.9M","56.9M","56.8M","56.7M","56.4M","55.9M","55.8M","55.6M","55.6M","55.2M","55.1M","55M","55M","54.5M","54.3M","54.3M","54.2M","54.1M","53.9M","53.6M","53.5M","53.5M","53.1M","53.1M","53M","52.8M","52.6M","52.5M","52.4M","52.4M","52.3M","52M","52M","51.9M","51.9M","51.9M","51.8M","51.3M","51.2M","50.8M","50.5M","50.5M","50.4M","50.3M"],"okList":["86.0M","81.9M","77.85M","75.4M","72.35M","71.45M","69.45M","69.05M","67.9M","67.7M","67.15M","66.85M","66.45M","65.9M","65.399994M","64.350006M","63.8M","63.050003M","62.7M","62.550003M","62.05M","61.85M","61.35M","61.199997M","60.949997M","60.8M","60.65M","60.45M","60.4M","60.050003M","59.949997M","59.65M","59.55M","59.5M","59.45M","59.300003M","59.2M","59.050003M","58.95M","58.85M","58.800003M","58.75M","58.6M","58.6M","58.45M","58.05M","57.9M","57.5M","57.4M","57.25M","57.25M","57.05M","57.05M","56.95M","56.95M","56.9M","56.9M","56.85M","56.800003M","56.6M","56.300003M","56.1M","55.75M","55.699997M","55.4M","55.35M","55.1M","55.05M","54.75M","54.65M","54.4M","54.25M","54.199997M","54.050003M","53.85M","53.7M","53.55M","53.3M","53.3M","53.05M","52.949997M","52.8M","52.65M","52.5M","52.45M","52.35M","52.2M","52.15M","51.95M","51.95M","51.9M","51.85M","51.6M","51.5M","51.05M","50.85M","50.65M","50.45M","50.4M","50.3M"],"nokList":[]}