{
    "server": 2243,
    "total": 3008.0,
    "average": 32.344086,
    "cpValues": [],
    "cpList": [
        "78.4M",
        "74.9M",
        "62M",
        "60.1M",
        "55.8M",
        "55.3M",
        "54.1M",
        "52.1M",
        "50M",
        "49.4M",
        "48.M",
        "47.5M",
        "46.5M",
        "45.7M",
        "45.1M",
        "44.1M",
        "43.6M",
        "42.3M",
        "41M",
        "40.8M",
        "40.3M",
        "40.3M",
        "40.3M",
        "40.2M",
        "39.7M",
        "39.4M",
        "39.4M",
        "39.2M",
        "38.3M",
        "A6.6M",
        "34.9M",
        "34.8M",
        "33.7M",
        "33.5M",
        "33.5M",
        "33.2M",
        "33.2M",
        "33.2M",
        "33.1M",
        "33M",
        "33M",
        "32.1M",
        "31.8M",
        "31.8M",
        "31.7M",
        "31.6M",
        "31.3M",
        "31.3M",
        "31.2M",
        "30.9M",
        "30.8M",
        "30.3M",
        "30.1M",
        "28.5M",
        "28.4M",
        "28.3M",
        "28M",
        "27.4M",
        "25.QM",
        "25.8M",
        "24.8M",
        "24.1M",
        "24M",
        "23.5M",
        "23.4M",
        "23.3M",
        "23.2M",
        "23M",
        "22.8M",
        "22.7M",
        "22.1M",
        "22M",
        "21.9M",
        "21.4M",
        "21.3M",
        "21.3M",
        "20.6M",
        "20.5M",
        "20.5M",
        "20.4M",
        "20.4M",
        "20.3M",
        "20.3M",
        "20.2M",
        "20.1M",
        "20M",
        "19.8M",
        "19.6M",
        "19.6M",
        "19.1M",
        "18.7M",
        "18.6M",
        "18.5M",
        "18.2M",
        "18.2M",
        "18.1M",
        "18M",
        "1AM",
        "17.8M",
        "17.7M"
    ],
    "okList": [
        "78.4M",
        "70.2M",
        "67.5M",
        "58.9M",
        "57.699997M",
        "54.949997M",
        "53.699997M",
        "52.05M",
        "50.75M",
        "49.0M",
        "48.45M",
        "47.25M",
        "46.6M",
        "45.8M",
        "44.9M",
        "44.35M",
        "43.199997M",
        "42.3M",
        "41.55M",
        "40.65M",
        "40.55M",
        "40.3M",
        "40.25M",
        "40.0M",
        "39.800003M",
        "39.550003M",
        "39.300003M",
        "38.85M",
        "38.3M",
        "36.6M",
        "34.9M",
        "34.300003M",
        "34.15M",
        "33.6M",
        "33.35M",
        "33.35M",
        "33.2M",
        "33.15M",
        "33.1M",
        "33.05M",
        "32.55M",
        "32.4M",
        "31.949999M",
        "31.75M",
        "31.7M",
        "31.5M",
        "31.45M",
        "31.25M",
        "31.099998M",
        "31.0M",
        "30.599998M",
        "30.45M",
        "29.4M",
        "29.25M",
        "28.4M",
        "28.2M",
        "27.849998M",
        "27.4M",
        "25.9M",
        "25.8M",
        "24.95M",
        "24.4M",
        "23.8M",
        "23.7M",
        "23.4M",
        "23.3M",
        "23.15M",
        "23.0M",
        "22.85M",
        "22.45M",
        "22.35M",
        "22.0M",
        "21.7M",
        "21.599998M",
        "21.349998M",
        "20.95M",
        "20.9M",
        "20.55M",
        "20.45M",
        "20.45M",
        "20.349998M",
        "20.349998M",
        "20.25M",
        "20.2M",
        "20.1M",
        "19.95M",
        "19.8M",
        "19.7M",
        "19.35M",
        "19.150002M",
        "18.85M",
        "18.6M",
        "18.400002M",
        "18.35M",
        "18.150002M",
        "18.1M",
        "18M",
        "17.9M",
        "17.8M",
        "17.7M"
    ],
    "nokList": [
        
    ]
}