{"time":1755520900179,"server":2243,"cpList":["86.5M","74.9M","646M","60.1M","59.1M","58.7M","56.6M","52.1M","51.5M","57M","50.9M","50.2M","48.6M","47.6M","45.7M","45.2M","44.5M","441M","43.6M","43.4M","43.3M","43.1M","42.9M","42.7M","42.3M","41M","40.3M","39.4M","39.4M","38.3M","38M","37.3M","36.6M","35.6M","35.2M","34.3M","33.7M","33.6M","33.5M","33.3M","33.2M","33M","32.7M","32.7M","32.3M","32.1M","32.1M","31.8M","31.7M","31.3M","31.2M","30.9M","30.8M","30.3M","30.1M","28.5M","28.4M","28.3M","28M","27.4M","25.9M","25.8M","24.8M","24.1M","24M","23.5M","23.4M","23.3M","23.2M","23M","22.8M","22.7M","22.1M","22M","21.9M","21.4M","21.3M","21.3M","20.6M","20.5M","20.4M","20.4M","20.3M","20.3M","20.2M","20.1M","20M","19.8M","19.6M","19.6M","19.1M","18.7M","18.6M","18.5M","18.2M","18.2M","18.1M","18M","18M","17.9M"],"okList":["86.5M","74.9M","64.6M","60.1M","59.1M","0.5870000000000001M","0.005660000000000001M","5.21E-5M","5.149999999999999E-7M","5.6999999999999994E-8M","5.0900000000000004E-9M","5.0200000000000004E-9M","4.86E-9M","4.76E-9M","4.57E-9M","4.519999999999999E-9M","4.45E-9M","4.4100000000000004E-8M","4.360000000000001E-9M","4.34E-9M","4.33E-9M","4.31E-9M","4.289999999999999E-9M","4.27E-9M","4.2300000000000005E-9M","4.0999999999999995E-9M","4.03E-9M","3.94E-9M","3.94E-9M","3.829999999999999E-9M","3.8E-9M","3.729999999999999E-9M","3.66E-9M","3.5600000000000005E-9M","3.5200000000000007E-9M","3.43E-9M","3.37E-9M","3.3600000000000004E-9M","3.3500000000000002E-9M","3.33E-9M","3.32E-9M","3.3E-9M","3.27E-9M","3.27E-9M","3.229999999999999E-9M","3.2100000000000003E-9M","3.2100000000000003E-9M","3.18E-9M","3.17E-9M","3.13E-9M","3.12E-9M","3.09E-9M","3.0799999999999997E-9M","3.03E-9M","3.01E-9M","2.85E-9M","2.8399999999999993E-9M","2.8300000000000004E-9M","2.8000000000000003E-9M","2.74E-9M","2.5900000000000004E-9M","2.5800000000000006E-9M","2.48E-9M","2.4100000000000006E-9M","2.4E-9M","2.3499999999999995E-9M","2.34E-9M","2.33E-9M","2.3200000000000003E-9M","2.3E-9M","2.2799999999999996E-9M","2.2700000000000002E-9M","2.21E-9M","2.2000000000000003E-9M","2.1899999999999997E-9M","2.1399999999999996E-9M","2.13E-9M","2.13E-9M","2.0600000000000003E-9M","2.0499999999999997E-9M","2.0399999999999996E-9M","2.0399999999999996E-9M","2.0300000000000002E-9M","2.0300000000000002E-9M","2.0199999999999996E-9M","2.0100000000000003E-9M","2.0E-9M","1.98E-9M","1.96E-9M","1.96E-9M","1.9100000000000002E-9M","1.87E-9M","1.8600000000000006E-9M","1.8500000000000002E-9M","1.82E-9M","1.82E-9M","1.8100000000000002E-9M","1.8E-9M","1.8E-9M","1.7899999999999998E-9M"],"nokList":[]}