{"time":1755520926449,"server":2244,"cpList":["83.2M","78.3M","75.6M","74M","66M","65.9M","65.8M","62M","60.5M","59.2M","56.6M","56.4M","55.9M","55.7M","54.7M","54.1M","52.9M","52M","51.8M","57M","50.4M","50M","49.7M","49.6M","48.7M","48.3M","468M","462M","462M","45.6M","45.2M","44.7M","43.4M","426M","42.1M","40.8M","40.6M","40.4M","40.1M","39.9M","39.8M","39M","38.3M","37.7M","36.3M","36.2M","35M","34.1M","33.7M","33.3M","33.1M","32.9M","32.2M","32M","31.7M","31.1M","30.9M","30.7M","30.4M","30.1M","30M","30M","29.7M","29.5M","29.5M","29.2M","28.6M","28.1M","28M","27.7M","27.5M","26.4M","26.3M","26.2M","261M","26M","25.9M","25.6M","25.6M","25.3M","25M","25M","24.5M","24.4M","24.1M","24.1M","23.9M","23.6M","23.4M","23.3M","23.3M","23.1M","22.8M","22.5M","22.4M","22.2M","22M","22M","21.9M","21.8M"],"okList":["83.2M","78.3M","75.6M","74.0M","66.0M","65.9M","65.8M","62.0M","60.5M","59.2M","56.6M","56.4M","55.9M","55.7M","54.7M","0.541M","0.00529M","5.2E-5M","5.180000000000001E-7M","5.6999999999999994E-8M","5.040000000000001E-9M","5.0E-9M","4.970000000000001E-9M","4.96E-9M","4.870000000000001E-9M","4.83E-9M","4.6799999999999996E-8M","4.62E-8M","4.62E-8M","4.559999999999999E-9M","4.519999999999999E-9M","4.4700000000000005E-9M","4.34E-9M","4.26E-8M","4.21E-9M","4.079999999999999E-9M","4.0600000000000005E-9M","4.039999999999999E-9M","4.010000000000001E-9M","3.99E-9M","3.98E-9M","3.899999999999999E-9M","3.829999999999999E-9M","3.77E-9M","3.63E-9M","3.6200000000000003E-9M","3.5E-9M","3.41E-9M","3.37E-9M","3.33E-9M","3.31E-9M","3.2899999999999996E-9M","3.2200000000000005E-9M","3.2E-9M","3.17E-9M","3.11E-9M","3.09E-9M","3.07E-9M","3.04E-9M","3.01E-9M","3.0E-9M","3.0E-9M","2.9700000000000003E-9M","2.95E-9M","2.95E-9M","2.92E-9M","2.86E-9M","2.8100000000000004E-9M","2.8000000000000003E-9M","2.77E-9M","2.7500000000000006E-9M","2.6400000000000004E-9M","2.6300000000000002E-9M","2.62E-9M","2.61E-8M","2.6E-9M","2.5900000000000004E-9M","2.5600000000000003E-9M","2.5600000000000003E-9M","2.53E-9M","2.5E-9M","2.5E-9M","2.45E-9M","2.4400000000000003E-9M","2.4100000000000006E-9M","2.4100000000000006E-9M","2.3899999999999994E-9M","2.36E-9M","2.34E-9M","2.33E-9M","2.33E-9M","2.31E-9M","2.2799999999999996E-9M","2.2500000000000003E-9M","2.24E-9M","2.22E-9M","2.2000000000000003E-9M","2.2000000000000003E-9M","2.1899999999999997E-9M","2.1800000000000003E-9M"],"nokList":[]}