{"server":2244,"total":3407.5007,"average":37.03805,"cpValues":[],"cpList":["78.9M","74.4M","74M","73.5M","63.2M","62.5M","62M","58.4M","56.6M","55.6M","54.4M","54.2M","53.1M","52.7M","52.5M","50M","49.7M","49.6M","49.1M","48.7M","48.5M","47.8M","46.8M","46.7M","46.2M","45.7M","44.4M","43.4M","42.8M","40.5M","40.4M","40M","39.8M","39.6M","39M","AA.6M","38.5M","38.2M","38.1M","37.4M","37.2M","36.3M","35M","34.5M","34.1M","33.7M","33.1M","32.4M","32M","31.7M","31.7M","31.6M","31.1M","30.9M","30.4M","30M","30M","29.7M","29.5M","29.5M","29.2M","29M","28.6M","28.1M","28M","26.9M","26.4M","26.3M","26.1M","26M","25.QM","25.6M","25M","25M","25M","24.8M","24.4M","24.3M","24.1M","24.1M","23.9M","23.8M","23.3M","22.7M","22.5M","22.4M","22.2M","22.2M","22M","21.9M","21.8M","21.8M","21.6M","21.6M","21.5M","21.4M","21M","ZIM","20.9M","20.9M"],"okList":["78.9M","76.45M","73.95M","68.6M","68.0M","62.6M","60.45M","59.3M","57.0M","55.5M","54.9M","53.75M","53.45M","52.8M","51.35M","51.1M","49.8M","49.4M","49.15M","48.8M","48.25M","47.65M","47.25M","46.5M","46.2M","45.300003M","44.550003M","43.6M","41.95M","41.6M","40.25M","40.1M","39.8M","39.4M","38.75M","38.3M","37.800003M","37.65M","36.85M","36.1M","35.4M","34.55M","34.1M","33.6M","33.050003M","32.55M","32.050003M","31.85M","31.650002M","31.400002M","31.25M","30.75M","30.45M","30.2M","29.85M","29.75M","29.6M","29.35M","29.25M","28.900002M","28.55M","28.3M","27.5M","27.2M","26.599998M","26.25M","26.15M","25.3M","25.0M","24.9M","24.7M","24.55M","24.25M","24.2M","24.0M","23.95M","23.599998M","23.25M","22.9M","22.55M","22.35M","22.3M","22.1M","22.05M","21.9M","21.849998M","21.7M","21.7M","21.55M","21.5M","21.25M","20.9M"],"nokList":["39M","38.5M","26M","25.QM","25.6M","21M","ZIM","20.9M"]}