{"time":1755510219190,"server":225,"cpList":["101M","916M","89.7M","88.8M","88.2M","85.7M","81.2M","79.2M","79M","77.5M","77.1M","75.5M","75M","74.3M","73.3M","72.9M","72.5M","71.6M","71.6M","77M","70.9M","68.5M","68.4M","68.3M","67.7M","67.7M","67.5M","67.1M","67.1M","67M","64.9M","64.4M","63.9M","63.3M","62.6M","61.5M","612M","61.1M","61M","60.2M","59.7M","59.3M","58.3M","57.1M","56.4M","55.7M","55.5M","55.1M","55M","542M","542M","54.1M","54M","53.1M","53M","52.7M","52.5M","52.4M","52M","51.7M","51.6M","51.4M","51.4M","51.3M","51.2M","51.2M","50.7M","50.5M","50.1M","49.2M","48.9M","48.9M","48.9M","48.9M","48.8M","48.8M","48.7M","48.6M","48.3M","48.1M","47.9M","47.8M","47.2M","47M","46.7M","45.5M","45.3M","45.3M","45M","44.4M","44.4M","43.9M","43.8M","43.4M","43.4M","43M","42.9M","42.8M","425M","42.4M"],"okList":["101.0M","91.6M","89.7M","88.8M","88.2M","85.7M","81.2M","79.2M","79.0M","77.5M","77.1M","75.5M","75.0M","74.3M","73.3M","0.7290000000000001M","0.0072499999999999995M","7.159999999999999E-5M","7.159999999999999E-7M","7.699999999999999E-8M","7.09E-9M","6.85E-9M","6.840000000000001E-9M","6.83E-9M","6.77E-9M","6.77E-9M","6.750000000000001E-9M","6.709999999999999E-9M","6.709999999999999E-9M","6.7000000000000004E-9M","6.4900000000000005E-9M","6.440000000000001E-9M","6.39E-9M","6.3299999999999994E-9M","6.26E-9M","6.1500000000000005E-9M","6.119999999999999E-8M","6.11E-9M","6.099999999999998E-9M","6.02E-9M","5.97E-9M","5.93E-9M","5.83E-9M","5.71E-9M","5.6399999999999995E-9M","5.57E-9M","5.55E-9M","5.51E-9M","5.500000000000001E-9M","5.4199999999999996E-8M","5.4199999999999996E-8M","5.410000000000001E-9M","5.4E-9M","5.310000000000001E-9M","5.3E-9M","5.270000000000001E-9M","5.250000000000001E-9M","5.24E-9M","5.2E-9M","5.17E-9M","5.160000000000001E-9M","5.140000000000001E-9M","5.140000000000001E-9M","5.13E-9M","5.1200000000000005E-9M","5.1200000000000005E-9M","5.07E-9M","5.0500000000000006E-9M","5.01E-9M","4.920000000000001E-9M","4.89E-9M","4.89E-9M","4.89E-9M","4.89E-9M","4.8800000000000005E-9M","4.8800000000000005E-9M","4.870000000000001E-9M","4.86E-9M","4.83E-9M","4.8100000000000006E-9M","4.79E-9M","4.779999999999999E-9M","4.72E-9M","4.699999999999999E-9M","4.670000000000001E-9M","4.55E-9M","4.529999999999999E-9M","4.529999999999999E-9M","4.500000000000001E-9M","4.44E-9M","4.44E-9M","4.389999999999999E-9M","4.379999999999999E-9M","4.34E-9M","4.34E-9M","4.3000000000000005E-9M","4.289999999999999E-9M","4.279999999999999E-9M","4.25E-8M","4.24E-9M"],"nokList":[]}