{"server":225,"total":5620.249,"average":57.34948,"cpValues":[],"cpList":["N8.6M","87.6M","87.5M","86.3M","85.8M","80.1M","79.3M","79.1M","76.6M","75.5M","75M","74.4M","73.3M","73.2M","72.9M","72M","69.9M","69.6M","69.6M","68.7M","68.5M","68.5M","68.5M","67.9M","67.9M","67.5M","66.2M","65.8M","65.5M","65.3M","65.1M","64.7M","64.1M","64M","63.4M","61.5M","61.2M","60.2M","60M","59.7M","59.3M","59.3M","59M","57.5M","57.4M","57.3M","55.9M","54.5M","54.3M","54.1M","52.7M","52.5M","52.3M","52M","52M","51.9M","51.7M","51.6M","51.4M","51.4M","51.2M","51.2M","51.1M","50M","49.7M","49.7M","49.6M","48.7M","48.3M","48.3M","48.3M","48.2M","47.9M","47.8M","47.8M","47.5M","47.3M","47.1M","47M","47M","46.9M","46.6M","46.5M","46.3M","46.3M","46.2M","46M","45.3M","45.1M","44.6M","44.5M","44.5M","44.2M","43.8M","43.8M","43M","42.8M","42.7M","42.5M","42.5M"],"okList":["86.95M","86.65M","83.2M","82.55M","79.6M","77.95M","77.3M","75.8M","74.95M","74.15M","73.8M","73.100006M","72.6M","71.4M","70.8M","69.75M","69.149994M","69.05M","68.6M","68.5M","68.2M","68.2M","67.7M","67.05M","66.65M","65.85M","65.55M","65.3M","65.0M","64.6M","64.35M","63.75M","62.75M","62.300003M","60.85M","60.6M","59.95M","59.65M","59.5M","59.15M","58.4M","58.2M","57.4M","56.65M","55.9M","55.1M","54.3M","53.5M","53.3M","52.5M","52.25M","52.15M","51.95M","51.85M","51.75M","51.550003M","51.5M","51.300003M","51.300003M","51.15M","50.6M","50.4M","49.85M","49.65M","49.2M","48.949997M","48.5M","48.3M","48.25M","48.1M","48.0M","47.85M","47.65M","47.55M","47.3M","47.15M","47.05M","46.95M","46.8M","46.7M","46.449997M","46.4M","46.25M","46.15M","45.75M","45.55M","44.949997M","44.8M","44.55M","44.35M","44.15M","44.0M","43.4M","43.3M","42.85M","42.65M","42.6M","42.5M"],"nokList":["N8.6M","87.6M"]}