{"server":2254,"total":2950.6504,"average":33.530117,"cpValues":[],"cpList":["60.8M","57M","54M","52.6M","52.4M","51.9M","50.8M","50.3M","50.1M","50M","49.6M","47.6M","47.4M","46M","44M","43.6M","43.2M","41.2M","41.2M","40.4M","40.2M","39.4M","39.2M","39.1M","38.9M","38.4M","37.9M","37.5M","37.5M","36.7M","A6.6M","A6.6M","36.3M","36.3M","36.2M","35.8M","35.3M","35.1M","34.9M","34.7M","34.4M","34.4M","34.3M","33.1M","32.9M","32.8M","32.5M","32.2M","32.1M","31.6M","31.5M","31.4M","31.4M","31.2M","30.8M","29.1M","28.9M","28.9M","28.6M","27.9M","27.9M","27.8M","27.7M","27.7M","26.9M","26.9M","26.8M","25.QM","25.QM","25.QM","25.5M","25.4M","25.3M","24.5M","24.1M","23.4M","23.3M","23.2M","22.9M","22.8M","22.6M","22.6M","22.6M","22.5M","22.5M","22.3M","22.2M","22.1M","22M","21.7M","21.5M","21.5M","21M","20.9M","20.8M","20.3M","20.2M","2OM","19.9M","19.8M"],"okList":["60.8M","57.4M","54.8M","53.2M","52.25M","51.6M","51.1M","50.449997M","50.15M","49.85M","48.8M","48.5M","46.8M","45.7M","44.8M","43.6M","42.4M","42.2M","40.800003M","40.7M","39.9M","39.7M","39.25M","39.050003M","38.75M","38.4M","37.95M","37.7M","37.1M","36.25M","36.05M","35.75M","35.449997M","35.1M","34.9M","34.65M","34.550003M","34.35M","33.75M","33.6M","32.949997M","32.7M","32.5M","32.3M","31.900002M","31.8M","31.5M","31.45M","31.3M","31.099998M","30.150002M","29.849998M","29.0M","28.75M","28.4M","28.25M","27.849998M","27.8M","27.75M","27.3M","27.3M","26.849998M","25.4M","24.95M","24.7M","23.95M","23.7M","23.3M","23.099998M","23.0M","22.75M","22.7M","22.6M","22.55M","22.55M","22.4M","22.35M","22.2M","22.1M","21.900002M","21.75M","21.6M","21.25M","21.2M","20.9M","20.599998M","20.5M","19.8M"],"nokList":["36.7M","A6.6M","A6.6M","36.3M","26.8M","25.QM","25.QM","25.QM","25.5M","20.2M","2OM","19.9M"]}