{"server":2256,"total":4420.899,"average":47.53655,"cpValues":[],"cpList":["70.3M","67.8M","67.1M","64.5M","63M","62.9M","61.7M","59.8M","58.7M","58.7M","57.5M","57M","56.2M","55.9M","54.6M","54.6M","54.3M","53.4M","53M","52.2M","51.8M","51.6M","51.2M","51.2M","51.2M","51M","50.8M","50.7M","50.5M","50.4M","50.4M","50.3M","50.1M","49.6M","49.4M","48.M","48.7M","47.9M","47.2M","47.2M","46.8M","46.2M","46.1M","46M","45.9M","45.7M","44.9M","44.7M","44.3M","44.2M","43.6M","43.6M","43.1M","43M","42.8M","42.3M","42.1M","41.6M","41.1M","40.9M","40.9M","40.3M","40.3M","40.1M","40M","40M","40M","39.8M","39.8M","39.6M","39.6M","39.2M","39.2M","39.1M","39.1M","39.1M","38.7M","AA.6M","AA.6M","AA.6M","38.4M","38.2M","78M","78M","37.8M","37.2M","37.2M","36.8M","36.8M","A6.6M","36.5M","36.3M","36.1M","36M","35.9M","35.8M","35.7M","35.7M","35.5M","35.5M"],"okList":["70.3M","68.7M","66.15M","65.05M","63.7M","62.35M","61.35M","60.2M","59.25M","58.1M","57.85M","56.85M","56.45M","55.4M","55.25M","54.449997M","54.0M","53.65M","52.800003M","52.4M","51.9M","51.5M","51.4M","51.2M","51.1M","51.0M","50.85M","50.65M","50.550003M","50.45M","50.35M","50.25M","49.949997M","49.75M","48.8M","49.050003M","47.95M","47.95M","47.550003M","47.0M","46.7M","46.449997M","46.1M","46.0M","45.85M","45.4M","45.2M","44.6M","44.45M","43.949997M","43.9M","43.35M","43.3M","42.949997M","42.65M","42.449997M","41.949997M","41.6M","41.25M","41.0M","40.6M","40.6M","40.199997M","40.15M","40.05M","40.0M","39.9M","39.9M","39.699997M","39.699997M","39.4M","39.4M","39.15M","39.15M","39.1M","38.9M","58.2M","78.0M","57.9M","57.6M","37.5M","37.0M","37.0M","36.65M","36.3M","36.15M","36.0M","35.9M","35.800003M","35.75M","35.6M","35.6M","35.5M"],"nokList":["38.7M","AA.6M","AA.6M","AA.6M","38.4M","36.8M","36.5M"]}