{"server":2263,"total":4343.199,"average":45.717888,"cpValues":[],"cpList":["97.9M","81.5M","71M","70.4M","68.4M","6AM","67.1M","6M","62.7M","61.9M","58.7M","58.2M","56.6M","56.3M","55.8M","54.2M","54.1M","53.8M","53.7M","53M","53M","52.7M","52.6M","52.6M","51.9M","51.9M","51.8M","50.9M","50.3M","48.M","48.7M","47.8M","47.6M","47.4M","47M","46.9M","46.5M","46.1M","45.9M","45.3M","44.9M","44.5M","44.4M","44.2M","43.9M","43M","42.8M","42.7M","42.5M","42.5M","42.2M","41.1M","40.9M","40.9M","40.9M","40.8M","40.6M","40.6M","40.6M","40.4M","40.3M","40.2M","40.1M","40M","40M","40M","39.8M","39.4M","39.1M","39M","38.9M","38.7M","38.4M","38.1M","78M","37.8M","37.4M","37.4M","37.1M","36.8M","36.7M","36.7M","A6.6M","36.3M","A6M","35.9M","35.7M","35.1M","35M","34.9M","34.5M","34.5M","34.3M","34.1M","33.8M","33.4M","33.3M","33.2M","32.9M","32.3M"],"okList":["97.9M","84.45M","75.95M","69.7M","67.75M","64.9M","33.95M","60.7M","60.050003M","57.65M","57.25M","56.199997M","55.25M","54.949997M","54.0M","53.9M","53.4M","53.35M","52.85M","52.8M","52.65M","52.25M","52.25M","51.85M","51.4M","51.05M","49.45M","49.5M","47.9M","48.15M","47.6M","47.3M","47.15M","46.75M","46.5M","46.2M","45.699997M","45.4M","44.9M","44.65M","44.35M","44.15M","43.6M","43.35M","42.85M","42.65M","42.6M","42.35M","41.8M","41.550003M","41.0M","40.9M","40.85M","40.75M","40.699997M","40.6M","40.5M","40.449997M","40.300003M","40.199997M","40.1M","40.05M","40.0M","39.9M","39.7M","39.449997M","39.2M","39.0M","38.85M","38.65M","38.4M","58.2M","37.949997M","57.7M","37.6M","37.25M","37.1M","36.9M","36.75M","36.5M","36.1M","35.5M","35.35M","35.0M","34.75M","34.7M","34.4M","34.3M","34.05M","33.75M","33.55M","33.300003M","33.1M","32.75M","32.3M"],"nokList":["68.4M","67.1M","36.7M","36.3M","35.9M"]}