{"server":2270,"total":3215.7505,"average":34.21011,"cpValues":[],"cpList":["63.1M","57.1M","55.9M","55.7M","54.7M","53.7M","50.5M","49.4M","49.1M","48.6M","47.6M","47.2M","46.7M","46M","43.6M","43.4M","43.3M","42.7M","42.4M","42M","41.6M","41.2M","40.2M","40M","39.5M","39.1M","AA.6M","AA.6M","38.2M","78M","37.7M","37.4M","37.2M","37.2M","37M","36.4M","36.2M","A6.1M","35.5M","35.5M","35.5M","35M","34.4M","34.4M","33.3M","33.2M","32.9M","32.8M","32.7M","32.5M","31.8M","31.6M","31.5M","31.3M","30.7M","30.5M","30.4M","30.1M","29.5M","29.4M","29M","28.9M","28.8M","28.4M","28.3M","28.1M","28.1M","27.9M","27.8M","27.7M","27.7M","27.5M","26.8M","26.7M","26.7M","26.5M","26.5M","26.2M","26M","26M","25.7M","25.5M","25.4M","25.1M","25M","24.5M","24.4M","24.2M","24.2M","24.2M","23.9M","23.8M","23.8M","23.6M","23.6M","23.4M","23.1M","23.1M","23.1M","22.9M"],"okList":["63.1M","59.5M","56.4M","55.300003M","54.7M","52.6M","51.550003M","49.8M","49.0M","48.35M","47.9M","47.15M","46.6M","45.15M","44.7M","43.449997M","43.050003M","42.85M","42.35M","42.0M","41.6M","40.9M","40.6M","39.85M","39.55M","37.95M","57.7M","37.45M","37.300003M","37.1M","36.800003M","36.6M","35.85M","35.5M","35.25M","34.95M","34.7M","33.85M","33.800003M","33.1M","33.0M","32.800003M","32.65M","32.25M","32.05M","31.65M","31.45M","31.1M","30.9M","30.55M","30.3M","29.95M","29.75M","29.25M","29.15M","28.9M","28.65M","28.55M","28.25M","28.2M","28.0M","27.95M","27.8M","27.75M","27.6M","27.25M","27.1M","26.75M","26.6M","26.6M","26.35M","26.25M","26.1M","25.85M","25.75M","25.55M","25.3M","25.2M","24.8M","24.7M","24.35M","24.3M","24.2M","24.05M","24.0M","23.849998M","23.7M","23.7M","23.5M","23.35M","23.25M","23.1M","23.0M","22.9M"],"nokList":["39.1M","AA.6M","AA.6M","38.2M","36.2M","35.5M"]}