{
    "server": 2274,
    "total": 4723.1494,
    "average": 47.231495,
    "cpValues": [],
    "cpList": [
        "67.3M",
        "62.6M",
        "61.9M",
        "60.2M",
        "59.8M",
        "58.6M",
        "57.6M",
        "57.6M",
        "57.6M",
        "56.9M",
        "56.5M",
        "55.7M",
        "55.3M",
        "54.7M",
        "54.5M",
        "53.7M",
        "53.5M",
        "53.3M",
        "52.9M",
        "52.7M",
        "52.5M",
        "52.4M",
        "52.3M",
        "52.2M",
        "51.9M",
        "50.9M",
        "50.7M",
        "50.5M",
        "50.3M",
        "50.2M",
        "50.2M",
        "50.1M",
        "50M",
        "49.8M",
        "49.8M",
        "49.3M",
        "49.1M",
        "48.8M",
        "48.5M",
        "48.3M",
        "48.3M",
        "48.2M",
        "48.1M",
        "48M",
        "47.9M",
        "47.8M",
        "47.8M",
        "47.M",
        "47.3M",
        "47.2M",
        "47.2M",
        "47.1M",
        "46.9M",
        "46.8M",
        "46.7M",
        "46.6M",
        "46.3M",
        "46.2M",
        "45.7M",
        "45.3M",
        "44.7M",
        "44.1M",
        "44M",
        "43.9M",
        "43.8M",
        "43.6M",
        "43.4M",
        "43.4M",
        "43M",
        "42.7M",
        "42.7M",
        "42.7M",
        "42.5M",
        "42.4M",
        "42.3M",
        "42.3M",
        "42.1M",
        "42M",
        "41.8M",
        "41.2M",
        "40.9M",
        "40.7M",
        "40.6M",
        "39.6M",
        "39.3M",
        "39.2M",
        "39.2M",
        "39.1M",
        "38.8M",
        "38.4M",
        "38.3M",
        "38.2M",
        "38.2M",
        "37.5M",
        "37.4M",
        "37.2M",
        "36.9M",
        "36.6M",
        "36.5M",
        "36.5M"
    ],
    "okList": [
        "67.3M",
        "64.600006M",
        "61.4M",
        "60.85M",
        "59.4M",
        "58.699997M",
        "58.1M",
        "57.6M",
        "57.25M",
        "57.05M",
        "56.300003M",
        "55.9M",
        "55.2M",
        "54.9M",
        "54.2M",
        "54.0M",
        "53.5M",
        "53.2M",
        "53.0M",
        "52.7M",
        "52.550003M",
        "52.4M",
        "52.300003M",
        "52.1M",
        "51.550003M",
        "51.300003M",
        "50.7M",
        "50.5M",
        "50.35M",
        "50.25M",
        "50.15M",
        "50.1M",
        "49.949997M",
        "49.9M",
        "49.55M",
        "49.449997M",
        "49.05M",
        "48.8M",
        "48.55M",
        "48.4M",
        "48.25M",
        "48.199997M",
        "48.1M",
        "48.0M",
        "47.9M",
        "47.85M",
        "47.4M",
        "47.55M",
        "47.1M",
        "47.25M",
        "47.15M",
        "47.050003M",
        "46.949997M",
        "46.800003M",
        "46.699997M",
        "46.5M",
        "46.4M",
        "46.0M",
        "45.75M",
        "45.2M",
        "44.699997M",
        "44.35M",
        "44.0M",
        "43.9M",
        "43.75M",
        "43.6M",
        "43.5M",
        "43.2M",
        "43.050003M",
        "42.85M",
        "42.7M",
        "42.6M",
        "42.550003M",
        "42.4M",
        "42.35M",
        "42.199997M",
        "42.15M",
        "41.949997M",
        "41.6M",
        "41.35M",
        "40.95M",
        "40.75M",
        "40.15M",
        "39.949997M",
        "39.4M",
        "39.25M",
        "39.15M",
        "39.0M",
        "38.75M",
        "38.55M",
        "38.300003M",
        "38.25M",
        "37.85M",
        "37.800003M",
        "37.35M",
        "37.15M",
        "36.9M",
        "36.7M",
        "36.55M",
        "36.5M"
    ],
    "nokList": []
}