{"time":1756125317013,"server":2275,"cpList":["M6M","1T0M","105M","99.3M","98M","95.6M","95.5M","94.4M","90.9M","90.2M","90.1M","89.6M","87.1M","86.3M","86.3M","85.2M","85M","84.3M","84.1M","83.9M","82.9M","82.7M","82.4M","82.4M","82M","82M","81.6M","81.3M","80.3M","80.1M","79.9M","78.9M","78.3M","77.9M","77.4M","77M","76.8M","76.8M","75.7M","75.6M","74.8M","74.8M","74.7M","74.7M","74.2M","73.9M","73.9M","73.9M","73.8M","73.4M","72.8M","72.6M","72.4M","72.2M","72.2M","72.1M","72M","71.6M","71.4M","71.4M","70.8M","70.6M","70.5M","70.5M","70.3M","69.8M","69.7M","69.6M","69.5M","69.4M","69.4M","69M","68.5M","68.4M","68M","67.7M","67.7M","67.7M","67.6M","67.4M","67.3M","67.2M","66.8M","66.8M","66.6M","66.3M","66.2M","66.1M","66.1M","66M","66M","66M","65.7M","65.6M","65.6M","65.5M","65.4M","65.3M","65.2M","65M"],"okList":["6.0M","17.0M","10.5M","9.93M","9.8M","9.559999999999999M","9.55M","9.440000000000001M","9.09M","9.02M","9.01M","8.959999999999999M","8.709999999999999M","8.629999999999999M","8.629999999999999M","8.52M","8.5M","8.43M","8.41M","8.39M","8.290000000000001M","8.27M","8.24M","8.24M","8.2M","8.2M","8.16M","8.129999999999999M","8.03M","8.01M","7.99M","7.890000000000001M","7.83M","7.790000000000001M","7.74M","7.7M","7.68M","7.68M","7.57M","7.56M","7.4799999999999995M","7.4799999999999995M","7.470000000000001M","7.470000000000001M","7.42M","7.390000000000001M","7.390000000000001M","7.390000000000001M","7.38M","7.340000000000001M","7.279999999999999M","7.26M","7.24M","7.220000000000001M","7.220000000000001M","7.209999999999999M","7.2M","7.159999999999999M","7.140000000000001M","7.140000000000001M","7.08M","7.06M","7.05M","7.05M","7.029999999999999M","6.9799999999999995M","6.970000000000001M","6.959999999999999M","6.95M","6.94M","6.94M","6.9M","6.85M","6.840000000000001M","6.8M","6.7700000000000005M","6.7700000000000005M","6.7700000000000005M","6.76M","6.74M","6.7299999999999995M","6.720000000000001M","6.68M","6.68M","6.659999999999999M","6.63M","6.62M","6.609999999999999M","6.609999999999999M","6.6M","6.6M","6.6M","6.57M","6.56M","6.56M","6.55M","6.540000000000001M","6.529999999999999M","6.5200000000000005M","6.5M"],"nokList":[]}