{"time":1755521085141,"server":2275,"cpList":["115M","770M","105M","99.2M","97.9M","95.5M","95.3M","94.4M","90.8M","89.9M","89.8M","89.4M","86.3M","86.2M","86.1M","85M","85M","84.4M","842M","83.8M","83.7M","82.9M","82.6M","82.4M","82.3M","82M","81.5M","81.3M","80.2M","80.1M","78.3M","78.2M","77.8M","77.4M","77M","76.8M","76.7M","75.7M","75.5M","74.7M","74.7M","746M","742M","73.9M","73.8M","73.8M","73.7M","73.6M","73.3M","72.9M","72.4M","72.4M","72.2M","72M","71.6M","71.6M","71.6M","71.3M","71.3M","77M","70.8M","70.5M","70.5M","70.4M","69.9M","69.8M","69.6M","69.5M","69.4M","69.4M","69M","68.5M","68.2M","67.9M","67.9M","67.9M","67.7M","67.7M","67.7M","67.3M","67.3M","67.2M","67.2M","66.9M","66.8M","66.6M","66.3M","66.1M","66.1M","66M","65.9M","65.9M","65.7M","65.7M","65.6M","65.6M","65.5M","65.4M","65.2M","65M"],"okList":["1.15E-5M","1.7E-6M","1.05E-7M","9.92E-8M","9.789999999999999E-9M","9.55E-9M","9.53E-9M","9.44E-9M","9.080000000000001E-9M","8.99E-9M","8.98E-9M","8.940000000000001E-9M","8.630000000000002E-9M","8.62E-9M","8.609999999999999E-9M","8.5E-9M","8.5E-9M","8.440000000000001E-9M","8.419999999999999E-8M","8.380000000000001E-9M","8.37E-9M","8.290000000000002E-9M","8.260000000000001E-9M","8.240000000000001E-9M","8.23E-9M","8.199999999999999E-9M","8.149999999999999E-9M","8.13E-9M","8.020000000000002E-9M","8.009999999999999E-9M","7.829999999999998E-9M","7.82E-9M","7.780000000000001E-9M","7.74E-9M","7.700000000000001E-9M","7.68E-9M","7.669999999999999E-9M","7.570000000000001E-9M","7.550000000000001E-9M","7.47E-9M","7.47E-9M","1.46E-8M","1.4199999999999998E-8M","7.39E-9M","7.3800000000000006E-9M","7.3800000000000006E-9M","7.37E-9M","7.36E-9M","7.329999999999999E-9M","7.290000000000001E-9M","7.240000000000001E-9M","7.240000000000001E-9M","7.2199999999999995E-9M","7.2E-9M","7.159999999999999E-9M","7.159999999999999E-9M","7.159999999999999E-9M","7.13E-9M","7.13E-9M","7.700000000000001E-9M","7.08E-9M","7.0499999999999994E-9M","7.0499999999999994E-9M","7.040000000000001E-9M","6.99E-9M","6.9799999999999995E-9M","6.96E-9M","6.949999999999999E-9M","6.9400000000000004E-9M","6.9400000000000004E-9M","6.9E-9M","6.85E-9M","6.82E-9M","6.790000000000001E-9M","6.790000000000001E-9M","6.790000000000001E-9M","6.77E-9M","6.77E-9M","6.77E-9M","6.73E-9M","6.73E-9M","6.720000000000001E-9M","6.720000000000001E-9M","6.69E-9M","6.68E-9M","6.66E-9M","6.63E-9M","6.609999999999999E-9M","6.609999999999999E-9M","6.6E-9M","6.590000000000001E-9M","6.590000000000001E-9M","6.57E-9M","6.57E-9M","6.56E-9M","6.56E-9M","6.550000000000001E-9M","6.54E-9M","6.5200000000000015E-9M","6.500000000000001E-9M"],"nokList":[]}