{"server":2287,"total":7243.3013,"average":85.21531,"cpValues":[],"cpList":["119M","114M","114M","114M","112M","19M","107M","106M","105M","104M","102M","100M","100M","100M","N8.5M","24.8M","24.5M","N3M","92.7M","N2.6M","22.4M","N2.1M","M1M","M1M","N0.6M","20.1M","89.7M","89.1M","89M","88.9M","88.8M","88.8M","A8.6M","88.4M","88.2M","87.8M","87M","86.7M","86.6M","86.4M","86.3M","86.1M","85.9M","85.7M","85.4M","85M","84.9M","84.5M","84.5M","84.2M","84.1M","83.9M","83.8M","83.6M","83.6M","83.6M","83.6M","83.5M","83.3M","83.1M","83M","82.M","82.4M","82.3M","82.1M","81.9M","81.6M","81.5M","81.3M","81.2M","81.1M","80.9M","80.9M","80.9M","80.6M","80.6M","80.6M","80.4M","80.4M","80.3M","80.2M","80.1M","80.1M","80M","80M","79.8M","79.7M","79.6M","79.5M","79.4M","79.4M","79.3M","79.3M","79M","78.9M","78.8M","78.8M","78.8M","78.7M","78.7M"],"okList":["119.0M","116.5M","114.0M","113.0M","66.5M","109.5M","62.5M","106.0M","105.0M","103.5M","102.0M","101.0M","100.0M","54.6M","89.35M","89.0M","88.9M","88.850006M","88.600006M","88.100006M","87.6M","87.25M","86.8M","86.55M","86.45M","86.25M","86.100006M","85.899994M","85.65M","85.35M","85.15M","84.75M","84.7M","84.35M","84.3M","84.05M","83.95M","83.75M","83.7M","83.6M","83.6M","83.55M","83.45M","83.3M","83.15M","82.55M","82.7M","82.15M","82.25M","82.100006M","81.85M","81.7M","81.45M","81.35M","81.2M","81.05M","81.0M","80.9M","80.75M","80.75M","80.6M","80.5M","80.5M","80.350006M","80.3M","80.2M","80.149994M","80.05M","80.05M","79.9M","79.85M","79.7M","79.6M","79.5M","79.45M","79.350006M","79.350006M","79.15M","79.100006M","78.9M","78.850006M","78.8M","78.75M","78.75M","78.7M"],"nokList":["100M","N8.5M","24.8M","24.5M","N3M","92.7M","N2.6M","22.4M","N2.1M","M1M","M1M","N0.6M","20.1M","88.8M","88.4M"]}