{"time":1755521111685,"server":2287,"cpList":["120M","717M","115M","112M","770M","107M","107M","106M","106M","103M","102M","101M","100M","99.2M","99M","97.8M","97.3M","96.7M","966M","961M","961M","95.8M","95.5M","94.9M","94.7M","94.1M","93.5M","93.4M","93.4M","93M","93M","92.2M","91.7M","916M","916M","91.5M","91.4M","912M","91M","90.9M","90.7M","90.5M","90.4M","90.2M","90.2M","89.7M","88.8M","88.6M","88.5M","88.3M","88.1M","88.1M","88M","87.8M","87.6M","87.1M","87M","87M","86.9M","86.9M","86.6M","86.6M","85.9M","85.9M","85.7M","85.6M","85.3M","85.3M","85.3M","85.1M","85.1M","85M","848M","84.7M","84.7M","846M","846M","84.5M","843M","843M","842M","84.1M","84.1M","83.8M","83.6M","83.6M","83.6M","83.3M","83.3M","83.2M","83.1M","83.1M","82.7M","82.7M","82.6M","82.5M","82.5M","82.3M","823M","82.3M"],"okList":["12.0M","0.11699999999999999M","0.00115M","1.12E-5M","1.7E-6M","1.0699999999999999E-7M","1.0699999999999999E-7M","1.06E-7M","1.06E-7M","1.0300000000000001E-7M","1.0199999999999999E-7M","1.0099999999999998E-7M","1.0000000000000001E-7M","9.92E-8M","9.899999999999998E-9M","9.78E-9M","9.729999999999998E-9M","9.670000000000002E-9M","9.66E-8M","9.61E-8M","9.61E-8M","9.58E-9M","9.55E-9M","9.490000000000001E-9M","9.470000000000001E-9M","9.41E-9M","9.350000000000001E-9M","9.340000000000001E-9M","9.340000000000001E-9M","9.3E-9M","9.3E-9M","9.220000000000001E-9M","9.17E-9M","9.16E-8M","9.16E-8M","9.150000000000001E-9M","9.14E-9M","9.12E-8M","9.1E-9M","9.09E-9M","9.07E-9M","9.05E-9M","9.039999999999999E-9M","9.02E-9M","9.02E-9M","8.970000000000002E-9M","8.88E-9M","8.86E-9M","8.85E-9M","8.83E-9M","8.809999999999999E-9M","8.809999999999999E-9M","8.800000000000001E-9M","8.779999999999998E-9M","8.759999999999999E-9M","8.71E-9M","8.7E-9M","8.7E-9M","8.69E-9M","8.69E-9M","8.66E-9M","8.66E-9M","8.590000000000001E-9M","8.590000000000001E-9M","8.57E-9M","8.559999999999999E-9M","8.530000000000001E-9M","8.530000000000001E-9M","8.530000000000001E-9M","8.510000000000001E-9M","8.510000000000001E-9M","8.5E-9M","8.48E-8M","8.47E-9M","8.47E-9M","8.46E-8M","8.46E-8M","8.45E-9M","8.430000000000001E-8M","8.430000000000001E-8M","8.419999999999999E-8M","8.409999999999999E-9M","8.409999999999999E-9M","8.380000000000001E-9M","8.36E-9M","8.36E-9M","8.36E-9M","8.329999999999999E-9M","8.329999999999999E-9M","8.320000000000001E-9M","8.31E-9M","8.31E-9M","8.270000000000002E-9M","8.270000000000002E-9M","8.260000000000001E-9M","8.250000000000001E-9M","8.250000000000001E-9M","8.23E-9M","8.229999999999999E-8M","8.23E-9M"],"nokList":[]}