{"server":2290,"total":2903.4998,"average":30.24479,"cpValues":[],"cpList":["55.6M","55.5M","51.4M","51.4M","50.8M","49.5M","47.9M","47.8M","44.3M","44.1M","43.8M","42.8M","41.4M","40.1M","38.5M","38.4M","37.8M","37.6M","37.4M","37.3M","36.7M","A6.6M","35.8M","35.6M","34.3M","34M","33.9M","A3.6M","33.2M","33.2M","33M","32.9M","32.9M","32.7M","32M","31.5M","31.4M","31.2M","30.8M","30.6M","30.2M","29.9M","29.9M","29.6M","29.1M","29M","29M","28.9M","28.9M","28.8M","29.7M","28.6M","27.3M","27.1M","27.1M","27M","27M","26.7M","26.7M","26.4M","25.8M","25.7M","25.7M","25.7M","25.6M","25.3M","25.1M","25.1M","24.8M","24.7M","24.5M","24.5M","24.4M","24.4M","24.1M","24.1M","23.8M","23.3M","22.9M","22.7M","22.7M","22.7M","22.5M","22.3M","22.1M","22M","22M","21.4M","21.3M","21.3M","21.1M","20.9M","20.9M","20.7M","20.4M","20.4M","20.2M","20.2M","20.1M","20.1M"],"okList":["55.6M","53.5M","53.45M","51.1M","50.45M","49.35M","48.65M","46.1M","45.949997M","44.05M","43.449997M","42.6M","41.449997M","39.95M","39.25M","38.15M","38.0M","37.6M","37.449997M","37.050003M","36.25M","35.05M","34.8M","34.1M","33.550003M","33.1M","33.050003M","32.95M","32.800003M","32.45M","32.1M","31.7M","31.35M","31.099998M","30.900002M","30.5M","30.25M","30.05M","29.75M","29.5M","29.3M","29.05M","28.95M","28.95M","28.849998M","29.3M","28.7M","28.5M","27.85M","27.2M","27.05M","27.05M","26.85M","26.85M","26.55M","26.25M","26.05M","25.75M","25.7M","25.650002M","25.5M","25.35M","25.2M","24.95M","24.900002M","24.65M","24.6M","24.45M","24.45M","24.25M","24.25M","23.95M","23.7M","23.349998M","23.0M","22.8M","22.7M","22.6M","22.5M","22.3M","22.15M","22.05M","21.7M","21.65M","21.349998M","21.2M","21.099998M","21.0M","20.8M","20.65M","20.55M","20.3M","20.3M","20.150002M","20.150002M","20.1M"],"nokList":["36.7M","35.8M","33.9M","33.2M"]}