{"server":2299,"total":4570.85,"average":46.641327,"cpValues":[],"cpList":["69.8M","69.4M","67.1M","63.7M","60.4M","60.2M","59.9M","59.8M","59M","58.9M","58.7M","57.2M","57.2M","56.4M","55.4M","55.2M","54.3M","52.3M","51.9M","51.6M","51.4M","51.3M","51.1M","50.8M","50.7M","50.6M","50M","49.7M","49.5M","49.2M","49.1M","49.1M","48.8M","48.7M","48M","47.8M","47.5M","47.2M","46.7M","46.2M","46M","45.9M","45.8M","45.5M","45.4M","45.4M","45.3M","45.2M","44.9M","44.9M","44.8M","44.5M","44.3M","43.8M","43.6M","43.6M","43.6M","43.6M","43.5M","43M","42.1M","41.9M","41.7M","41.6M","41.3M","41.2M","41.2M","40.7M","40.7M","40.6M","40.4M","40M","40M","39.9M","39.9M","39.7M","39.5M","39.5M","39.4M","39.2M","39M","38.7M","38.3M","38.1M","78M","37.9M","37.7M","37.4M","37.3M","37.2M","A6.6M","36.5M","36.3M","36.2M","36.1M","35.8M","35.8M","35.7M","35.5M","35.2M"],"okList":["69.8M","68.45M","66.55M","63.75M","61.95M","60.15M","60.0M","59.45M","59.35M","58.85M","58.050003M","57.95M","56.800003M","56.300003M","55.800003M","54.85M","53.75M","53.1M","51.949997M","51.65M","51.449997M","51.25M","51.05M","50.9M","50.699997M","50.35M","50.15M","49.75M","49.45M","49.3M","49.15M","48.949997M","48.9M","48.4M","48.25M","47.75M","47.5M","47.1M","46.7M","46.35M","46.050003M","45.9M","45.7M","45.6M","45.45M","45.35M","45.300003M","45.1M","45.050003M","44.85M","44.7M","44.55M","44.15M","43.949997M","43.699997M","43.6M","43.6M","43.55M","43.3M","42.8M","42.45M","41.9M","41.75M","41.5M","41.4M","41.25M","40.95M","40.95M","40.65M","40.550003M","40.3M","40.2M","39.95M","39.95M","39.800003M","39.7M","39.6M","39.45M","39.35M","39.2M","38.95M","38.65M","38.4M","58.15M","38.0M","57.85M","37.65M","37.5M","37.300003M","36.85M","36.35M","36.199997M","36.0M","35.949997M","35.75M","35.65M","35.45M","35.2M"],"nokList":["37.2M","36.5M"]}