{"time":1755521190971,"server":2304,"cpList":["129M","102M","946M","89.6M","87.8M","87.7M","82.9M","82.8M","82.6M","82.5M","81.4M","77.4M","77.3M","77M","75.4M","74.9M","74.9M","746M","742M","73.9M","73.5M","73.1M","72.3M","72M","71.9M","71.3M","71.1M","70.7M","70.6M","70.6M","69.9M","69.6M","69.3M","68M","68M","67.6M","67.5M","67M","67M","67M","65.8M","65.3M","65M","64.8M","64.5M","64.3M","642M","642M","64M","64M","63.7M","63.6M","63.6M","63.5M","63.5M","63.4M","63.1M","63M","62.7M","62.5M","62.4M","62.2M","61.7M","61.7M","61.5M","61.4M","61.4M","61.3M","612M","61.1M","61.1M","60.9M","60.6M","60.6M","60.6M","60.5M","60.5M","60.5M","60.5M","60.3M","60.2M","60.2M","60.1M","60.1M","59.9M","59.8M","59.7M","59.7M","59.5M","59.4M","59.3M","59.3M","59.2M","59.1M","59.1M","59M","59M","58.6M","58.6M","58.5M"],"okList":["129.0M","102.0M","94.6M","89.6M","87.8M","87.7M","82.9M","82.8M","82.6M","82.5M","81.4M","77.4M","77.3M","0.77M","0.00754M","7.49E-5M","7.490000000000001E-6M","1.4599999999999998E-7M","1.4199999999999997E-7M","7.39E-8M","7.35E-9M","7.31E-9M","7.23E-9M","7.2E-9M","7.190000000000001E-9M","7.13E-9M","7.11E-9M","7.070000000000001E-9M","7.06E-9M","7.06E-9M","6.99E-9M","6.96E-9M","6.929999999999999E-9M","6.8E-9M","6.8E-9M","6.759999999999999E-9M","6.750000000000001E-9M","6.7000000000000004E-9M","6.7000000000000004E-9M","6.7000000000000004E-9M","6.579999999999999E-9M","6.53E-9M","6.500000000000001E-9M","6.48E-9M","6.45E-9M","6.43E-9M","6.419999999999999E-8M","6.419999999999999E-8M","6.4E-9M","6.4E-9M","6.37E-9M","6.36E-9M","6.36E-9M","6.35E-9M","6.35E-9M","6.34E-9M","6.31E-9M","6.3E-9M","6.270000000000001E-9M","6.2500000000000005E-9M","6.24E-9M","6.22E-9M","6.17E-9M","6.17E-9M","6.1500000000000005E-9M","6.14E-9M","6.14E-9M","6.13E-9M","6.119999999999999E-8M","6.11E-9M","6.11E-9M","6.09E-9M","6.06E-9M","6.06E-9M","6.06E-9M","6.05E-9M","6.05E-9M","6.05E-9M","6.05E-9M","6.03E-9M","6.02E-9M","6.02E-9M","6.01E-9M","6.01E-9M","5.99E-9M","5.9800000000000004E-9M","5.97E-9M","5.97E-9M","5.9499999999999995E-9M","5.9400000000000006E-9M","5.93E-9M","5.93E-9M","5.920000000000001E-9M","5.91E-9M","5.91E-9M","5.9E-9M","5.9E-9M","5.86E-9M","5.86E-9M","5.8499999999999994E-9M"],"nokList":[]}