{"server":2304,"total":6176.2007,"average":65.70426,"cpValues":[],"cpList":["123M","26.2M","89.1M","85.9M","85.6M","85.5M","83M","82.8M","82.6M","79.7M","79.5M","7AM","76M","74.7M","73.5M","73.1M","72.8M","12.4M","72.3M","72.1M","72M","71.7M","71.3M","70.6M","70.3M","70.1M","70M","69.3M","69.1M","69M","69M","6A.6M","67.8M","67.7M","67.5M","67.5M","67.1M","67M","67M","66.1M","65.3M","65.1M","65M","64.9M","64.7M","64.5M","64.2M","63.7M","62.9M","62.6M","62.6M","62.5M","62.4M","62.4M","62.3M","62.1M","62.1M","62M","62M","61.8M","61.4M","61.3M","61.1M","61.1M","60.8M","60.8M","60.6M","60.6M","60.5M","60.3M","60.3M","60.2M","60.2M","60.1M","60.1M","60M","59.9M","59.7M","59.7M","59.7M","59.5M","59.4M","59.4M","59.1M","59.1M","59M","59M","59M","58.9M","58.8M","58.8M","58.7M","58.7M","58.7M","58.6M","58.6M","58.6M","5A.3M","58.3M","58.2M"],"okList":["123.0M","106.05M","56.050003M","87.35M","85.7M","84.3M","84.15M","82.8M","81.25M","81.05M","77.75M","74.75M","73.899994M","73.15M","42.75M","72.55M","42.25M","72.15M","71.899994M","71.65M","71.149994M","70.8M","70.35M","70.15M","69.7M","69.55M","69.15M","69.05M","68.4M","67.65M","67.6M","67.3M","67.25M","67.05M","66.55M","66.15M","65.6M","65.15M","65.0M","64.85M","64.7M","64.45M","64.1M","63.55M","63.15M","62.75M","62.55M","62.5M","62.45M","62.35M","62.25M","62.199997M","62.05M","62.05M","61.9M","61.7M","61.55M","61.25M","61.199997M","60.949997M","60.949997M","60.699997M","60.699997M","60.55M","60.449997M","60.4M","60.25M","60.25M","60.15M","60.15M","60.05M","60.0M","59.85M","59.800003M","59.7M","59.6M","59.550003M","59.45M","59.25M","59.25M","59.05M","59.05M","59.0M","58.95M","58.9M","58.85M","58.75M","58.75M","58.7M","58.65M","58.65M","58.6M","58.449997M","58.2M"],"nokList":["79.5M","76M","69M","67.8M","58.6M","58.3M"]}