{"time":1755521217557,"server":2311,"cpList":["94.4M","93M","86.3M","86.2M","85.9M","85.1M","848M","848M","82.9M","82.6M","82.2M","81.8M","81M","80.3M","78.9M","78.7M","78.4M","78.1M","76.3M","762M","75.9M","75.6M","75.3M","74.1M","73.6M","73M","72.8M","72.3M","71.8M","71.6M","71.4M","71.2M","71.1M","77M","70.6M","70M","69.8M","69.1M","69M","68.9M","68.8M","68.6M","68.5M","68.2M","68.1M","68M","67.9M","67.7M","67M","66.9M","66.7M","66.3M","66.2M","66.2M","66M","65.9M","65.9M","65.9M","65.8M","65.6M","65.6M","65.4M","65.4M","65.4M","65.3M","65.3M","65.2M","65.2M","65.2M","65.2M","65.1M","65.1M","65.1M","64.9M","64.9M","64.9M","64.9M","646M","646M","64.5M","64.3M","64.3M","64M","63.9M","63.8M","63.6M","63.5M","63.4M","63M","62.9M","62.8M","62.5M","62.2M","62.2M","62.1M","61.9M","61.8M","61.8M","61.6M","61.5M"],"okList":["94.4M","93.0M","86.3M","86.2M","85.9M","85.1M","84.8M","84.8M","82.9M","82.6M","82.2M","81.8M","81.0M","80.3M","78.9M","78.7M","78.4M","0.7809999999999999M","0.0076300000000000005M","1.62E-5M","7.590000000000001E-8M","7.56E-9M","7.53E-9M","7.41E-9M","7.36E-9M","7.3E-9M","7.28E-9M","7.23E-9M","7.18E-9M","7.159999999999999E-9M","7.14E-9M","7.120000000000001E-9M","7.11E-9M","7.700000000000001E-9M","7.06E-9M","7.0E-9M","6.9799999999999995E-9M","6.91E-9M","6.9E-9M","6.890000000000001E-9M","6.879999999999999E-9M","6.86E-9M","6.85E-9M","6.82E-9M","6.8099999999999994E-9M","6.8E-9M","6.790000000000001E-9M","6.77E-9M","6.7000000000000004E-9M","6.69E-9M","6.670000000000001E-9M","6.63E-9M","6.62E-9M","6.62E-9M","6.6E-9M","6.590000000000001E-9M","6.590000000000001E-9M","6.590000000000001E-9M","6.579999999999999E-9M","6.56E-9M","6.56E-9M","6.54E-9M","6.54E-9M","6.54E-9M","6.53E-9M","6.53E-9M","6.5200000000000015E-9M","6.5200000000000015E-9M","6.5200000000000015E-9M","6.5200000000000015E-9M","6.51E-9M","6.51E-9M","6.51E-9M","6.4900000000000005E-9M","6.4900000000000005E-9M","6.4900000000000005E-9M","6.4900000000000005E-9M","6.460000000000001E-8M","6.460000000000001E-8M","6.45E-9M","6.43E-9M","6.43E-9M","6.4E-9M","6.39E-9M","6.380000000000001E-9M","6.36E-9M","6.35E-9M","6.34E-9M","6.3E-9M","6.290000000000001E-9M","6.28E-9M","6.2500000000000005E-9M","6.22E-9M","6.22E-9M","6.210000000000001E-9M","6.19E-9M","6.18E-9M","6.18E-9M","6.159999999999999E-9M","6.1500000000000005E-9M"],"nokList":[]}