{"time":1755521243983,"server":2312,"cpList":["86.1M","75.5M","66.8M","65.7M","64.5M","63.7M","62.5M","61.6M","61.6M","61.4M","60.5M","59.5M","59.2M","58.1M","58M","56.5M","56.3M","56M","55.8M","55.5M","55M","543M","53.8M","52.6M","52.4M","52.1M","51.7M","51.2M","57M","50.4M","50.1M","49.5M","49.5M","49.2M","49.1M","49.1M","49.1M","48.6M","48.5M","48.4M","48.1M","48M","47.3M","46.6M","46.4M","461M","461M","45.2M","45M","45M","45M","44.7M","446M","443M","442M","441M","43.7M","43.7M","43.6M","43.2M","43.1M","43.1M","42.8M","42.8M","42.8M","426M","42.3M","422M","422M","42.1M","42.1M","41.7M","41.5M","41.3M","41.3M","412M","41.1M","41.1M","41.1M","40.8M","40.8M","40.6M","40.5M","40.4M","40.3M","40.3M","40.1M","40.1M","40.1M","40.1M","39.8M","39.7M","39.7M","39.4M","39.4M","39.4M","39.2M","39.2M","39.2M","39M"],"okList":["86.1M","75.5M","66.8M","65.7M","64.5M","63.7M","62.5M","61.6M","61.6M","61.4M","60.5M","59.5M","59.2M","58.1M","58.0M","56.5M","56.3M","56.0M","55.8M","55.5M","55.0M","54.3M","53.8M","52.6M","0.524M","0.00521M","5.17E-5M","5.12E-7M","5.6999999999999994E-8M","5.040000000000001E-9M","5.01E-9M","4.949999999999999E-9M","4.949999999999999E-9M","4.920000000000001E-9M","4.910000000000001E-9M","4.910000000000001E-9M","4.910000000000001E-9M","4.86E-9M","4.8500000000000004E-9M","4.839999999999999E-9M","4.8100000000000006E-9M","4.8E-9M","4.73E-9M","4.66E-9M","4.6400000000000005E-9M","4.610000000000001E-8M","4.610000000000001E-8M","4.519999999999999E-9M","4.500000000000001E-9M","4.500000000000001E-9M","4.500000000000001E-9M","4.4700000000000005E-9M","4.4599999999999996E-8M","4.43E-8M","4.419999999999999E-8M","4.4100000000000004E-8M","4.3700000000000004E-9M","4.3700000000000004E-9M","4.360000000000001E-9M","4.320000000000001E-9M","4.31E-9M","4.31E-9M","4.279999999999999E-9M","4.279999999999999E-9M","4.279999999999999E-9M","4.26E-8M","4.2300000000000005E-9M","4.2199999999999994E-8M","4.2199999999999994E-8M","4.21E-9M","4.21E-9M","4.17E-9M","4.15E-9M","4.1300000000000004E-9M","4.1300000000000004E-9M","4.12E-8M","4.109999999999999E-9M","4.109999999999999E-9M","4.109999999999999E-9M","4.079999999999999E-9M","4.079999999999999E-9M","4.0600000000000005E-9M","4.050000000000001E-9M","4.039999999999999E-9M","4.03E-9M","4.03E-9M","4.010000000000001E-9M","4.010000000000001E-9M","4.010000000000001E-9M","4.010000000000001E-9M","3.98E-9M","3.97E-9M","3.97E-9M","3.94E-9M","3.94E-9M","3.94E-9M","3.92E-9M","3.92E-9M","3.92E-9M","3.899999999999999E-9M"],"nokList":[]}