{"server":2315,"total":6499.001,"average":70.64131,"cpValues":[],"cpList":["108M","104M","103M","100M","N3.3M","20.2M","89.9M","89.9M","85.6M","82.7M","80.8M","80.3M","80.1M","79.9M","79.5M","78.9M","77.M","77.5M","77.3M","77M","76.3M","75.7M","75.4M","75M","74.9M","74.4M","73.9M","73.1M","73M","73M","72.6M","72.1M","71.9M","71.1M","70.9M","70.6M","69.1M","69M","68.8M","68.7M","68.7M","68.4M","68.2M","68.1M","6AM","6AM","6AM","67.9M","67.8M","67.7M","67.7M","67.5M","67.5M","67.4M","67.3M","67.3M","67.1M","67M","66.8M","66.8M","66.7M","66.6M","66.4M","66.3M","66.3M","66.2M","65.8M","65.8M","65.7M","65.5M","65.3M","65.2M","65M","64.9M","64.8M","64.8M","64.7M","64.6M","64.5M","64.4M","64.4M","64.4M","64.4M","64.3M","64.2M","63.9M","63.9M","63.9M","63.8M","63.8M","63.7M","63.6M","63.6M","63.6M","63.5M","63.3M","63.3M","63.1M","63.1M","63.1M"],"okList":["108.0M","105.5M","102.0M","89.9M","87.75M","86.3M","83.2M","81.5M","80.45M","80.100006M","79.8M","79.4M","78.25M","78.2M","77.15M","77.25M","76.8M","76.35M","75.850006M","75.35M","75.15M","74.7M","74.4M","73.75M","73.45M","73.05M","72.8M","72.55M","72.25M","71.6M","71.4M","70.85M","70.0M","69.8M","68.95M","68.85M","68.75M","68.55M","68.45M","68.25M","67.8M","67.75M","67.6M","67.6M","67.45M","67.4M","67.350006M","67.2M","67.15M","66.95M","66.9M","66.75M","66.7M","66.55M","66.45M","66.350006M","66.25M","66.05M","66.0M","65.75M","65.65M","65.5M","65.35M","65.15M","65.05M","64.9M","64.850006M","64.75M","64.7M","64.6M","64.5M","64.45M","64.4M","64.4M","64.350006M","64.3M","64.100006M","64.05M","63.9M","63.85M","63.85M","63.75M","63.699997M","63.65M","63.6M","63.55M","63.449997M","63.4M","63.199997M","63.199997M","63.1M","63.1M"],"nokList":["100M","N3.3M","20.2M","68.1M","6AM","6AM","6AM","67.9M"]}