{"time":1755521270533,"server":2315,"cpList":["108M","101M","95M","91.8M","89.9M","88.7M","88.3M","86.3M","83.7M","83.6M","83.5M","82.8M","81.5M","81.2M","81.1M","80.9M","80.7M","79.8M","79.2M","79.1M","78.9M","78M","77.5M","77.1M","77.1M","76.9M","76.5M","76.4M","762M","76M","75.8M","75.7M","75.6M","75.5M","75.2M","75M","74.7M","74.5M","74.5M","74.4M","74.3M","74M","73.8M","73.7M","73.4M","73.3M","73.1M","72.8M","72.6M","72.5M","72.3M","71.9M","71.8M","71.7M","71.4M","77M","70.8M","70.7M","70.7M","70.7M","70.6M","70.5M","70.3M","70.2M","69.9M","69.7M","69.6M","69.6M","69.4M","69.4M","69.3M","69.2M","68.8M","68.8M","68.7M","68.7M","68.6M","68.5M","68.4M","68.4M","68.4M","68.2M","68.2M","68M","68M","68M","68M","67.9M","67.5M","67.5M","67.4M","67.3M","67.2M","67.2M","67.1M","67M","67M","66.9M","66.8M","66.6M"],"okList":["108.0M","101.0M","95.0M","91.8M","89.9M","88.7M","88.3M","86.3M","83.7M","83.6M","83.5M","82.8M","81.5M","81.2M","81.1M","80.9M","80.7M","79.8M","79.2M","79.1M","78.9M","78.0M","77.5M","77.1M","77.1M","76.9M","0.765M","0.00764M","1.62E-5M","7.599999999999999E-8M","7.579999999999999E-9M","7.570000000000001E-9M","7.56E-9M","7.550000000000001E-9M","7.519999999999999E-9M","7.5E-9M","7.47E-9M","7.45E-9M","7.45E-9M","7.4400000000000024E-9M","7.43E-9M","7.400000000000001E-9M","7.3800000000000006E-9M","7.37E-9M","7.340000000000001E-9M","7.329999999999999E-9M","7.31E-9M","7.28E-9M","7.26E-9M","7.25E-9M","7.23E-9M","7.190000000000001E-9M","7.18E-9M","7.170000000000001E-9M","7.14E-9M","7.700000000000001E-9M","7.08E-9M","7.070000000000001E-9M","7.070000000000001E-9M","7.070000000000001E-9M","7.06E-9M","7.0499999999999994E-9M","7.03E-9M","7.020000000000001E-9M","6.99E-9M","6.97E-9M","6.96E-9M","6.96E-9M","6.9400000000000004E-9M","6.9400000000000004E-9M","6.929999999999999E-9M","6.92E-9M","6.879999999999999E-9M","6.879999999999999E-9M","6.8700000000000005E-9M","6.8700000000000005E-9M","6.86E-9M","6.85E-9M","6.840000000000001E-9M","6.840000000000001E-9M","6.840000000000001E-9M","6.82E-9M","6.82E-9M","6.8E-9M","6.8E-9M","6.8E-9M","6.8E-9M","6.790000000000001E-9M","6.750000000000001E-9M","6.750000000000001E-9M","6.74E-9M","6.73E-9M","6.720000000000001E-9M","6.720000000000001E-9M","6.709999999999999E-9M","6.7000000000000004E-9M","6.7000000000000004E-9M","6.69E-9M","6.68E-9M","6.66E-9M"],"nokList":[]}