{"server":2317,"total":6067.0996,"average":65.23763,"cpValues":[],"cpList":["113M","N6.5M","N1.2M","89.7M","86.9M","85.9M","85.6M","84.9M","82.3M","78.9M","76.2M","75.8M","75.4M","75.2M","74.1M","74M","73.4M","73.1M","71.5M","71.5M","70.8M","69.7M","6A.6M","6AM","67.8M","67.2M","67.1M","67M","67M","66.9M","66.5M","66.4M","66.4M","65.9M","65.9M","65.6M","65.5M","65.3M","65.3M","65.1M","65.1M","64.9M","64.9M","64.9M","64.8M","64.7M","64.7M","64.3M","63.8M","63.5M","63.5M","63.3M","63.3M","63.2M","62.9M","62.7M","62.6M","62.6M","62.2M","62.2M","62.2M","62M","61.5M","61.2M","61M","60.9M","60.6M","60.4M","60.3M","60.2M","60.1M","59.9M","59.9M","59.8M","59.6M","59.5M","59.3M","59.3M","59.2M","59.1M","58.8M","58.7M","58.7M","58.7M","58.6M","58.5M","58.4M","58.3M","58.3M","58.3M","58.3M","58.2M","58.2M","58.1M","57.9M","57.8M","57.8M","57.6M","57.6M","57.5M"],"okList":["113.0M","87.8M","86.25M","85.4M","83.95M","81.9M","79.25M","77.350006M","75.8M","75.5M","74.75M","74.6M","73.75M","73.55M","72.45M","72.3M","71.15M","70.6M","67.45M","67.1M","67.05M","66.95M","66.75M","66.65M","66.45M","66.15M","66.15M","65.75M","65.7M","65.45M","65.4M","65.2M","65.2M","65.0M","65.0M","64.9M","64.850006M","64.8M","64.75M","64.5M","64.25M","63.9M","63.65M","63.4M","63.4M","63.25M","63.1M","62.95M","62.75M","62.65M","62.4M","62.4M","62.2M","62.1M","61.85M","61.6M","61.25M","61.050003M","60.8M","60.65M","60.449997M","60.300003M","60.199997M","60.050003M","60.0M","59.85M","59.75M","59.65M","59.449997M","59.4M","59.25M","59.199997M","59.0M","58.9M","58.75M","58.7M","58.65M","58.6M","58.5M","58.4M","58.35M","58.3M","58.3M","58.25M","58.25M","58.15M","58.050003M","57.949997M","57.85M","57.699997M","57.699997M","57.55M","57.5M"],"nokList":["N6.5M","N1.2M","89.7M","69.7M","6A.6M","6AM","67.8M"]}