{"time":1755521296813,"server":2317,"cpList":["142M","123M","121M","120M","118M","104M","102M","101M","98.8M","97.4M","95.5M","93.7M","92.7M","90M","89.7M","89.7M","89.6M","89.2M","88.7M","88.5M","87.5M","87.2M","86.4M","86.2M","85.1M","85.1M","83.9M","83.6M","80.4M","80.1M","79.9M","79.5M","79M","79M","78.9M","78.3M","78.1M","78M","76.8M","75.7M","75.5M","75.2M","74.3M","742M","74M","73.9M","73.7M","73.4M","73.3M","73.2M","73.1M","73.1M","72.6M","72.5M","72.4M","72.4M","71.9M","71.7M","71.6M","71.5M","71.4M","71.4M","71.3M","77M","77M","70.5M","70.3M","70.2M","70.1M","70M","70M","69.7M","69.7M","69.4M","69.4M","69.4M","69.2M","68.9M","68.4M","68.3M","68.2M","68.1M","67.8M","67.8M","67.5M","67.4M","67.4M","67.2M","67.2M","67.1M","66.9M","66.8M","66.8M","66.7M","66.7M","66.6M","66.5M","66.5M","66.4M","66.2M"],"okList":["142.0M","123.0M","121.0M","120.0M","118.0M","104.0M","102.0M","101.0M","98.8M","97.4M","95.5M","93.7M","92.7M","90.0M","89.7M","89.7M","89.6M","89.2M","88.7M","88.5M","87.5M","87.2M","86.4M","86.2M","85.1M","85.1M","83.9M","83.6M","80.4M","80.1M","79.9M","79.5M","79.0M","79.0M","78.9M","78.3M","78.1M","78.0M","76.8M","0.757M","0.00755M","7.52E-5M","7.429999999999999E-6M","1.4199999999999997E-7M","7.400000000000001E-8M","7.39E-9M","7.37E-9M","7.340000000000001E-9M","7.329999999999999E-9M","7.32E-9M","7.31E-9M","7.31E-9M","7.26E-9M","7.25E-9M","7.240000000000001E-9M","7.240000000000001E-9M","7.190000000000001E-9M","7.170000000000001E-9M","7.159999999999999E-9M","7.15E-9M","7.14E-9M","7.14E-9M","7.13E-9M","7.700000000000001E-9M","7.700000000000001E-9M","7.0499999999999994E-9M","7.03E-9M","7.020000000000001E-9M","7.0099999999999996E-9M","7.0E-9M","7.0E-9M","6.97E-9M","6.97E-9M","6.9400000000000004E-9M","6.9400000000000004E-9M","6.9400000000000004E-9M","6.92E-9M","6.890000000000001E-9M","6.840000000000001E-9M","6.83E-9M","6.82E-9M","6.8099999999999994E-9M","6.779999999999999E-9M","6.779999999999999E-9M","6.750000000000001E-9M","6.74E-9M","6.74E-9M","6.720000000000001E-9M","6.720000000000001E-9M","6.709999999999999E-9M","6.69E-9M","6.68E-9M","6.68E-9M","6.670000000000001E-9M","6.670000000000001E-9M","6.66E-9M","6.65E-9M","6.65E-9M","6.64E-9M","6.62E-9M"],"nokList":[]}