{"time":1755521323476,"server":2325,"cpList":["71.7M","69.7M","66.6M","66.5M","65.7M","65.2M","64.8M","646M","64.3M","63.4M","62.3M","60.7M","60.2M","59.5M","59.4M","59.4M","58.8M","58.7M","58.3M","58.2M","58M","57.9M","57.8M","57.6M","57.5M","57.2M","56.9M","56.5M","56.4M","55.9M","55.7M","55.7M","55.4M","54.7M","542M","53.8M","53.7M","53.4M","53.3M","52.5M","52.5M","52.5M","52.3M","52M","52M","52M","51.9M","51.8M","51.3M","57M","50.8M","50.6M","50.4M","50.3M","50M","49.9M","49.8M","49.8M","49.3M","49.3M","49.1M","48.5M","48.5M","48.3M","48.2M","48M","47.8M","47.8M","47.7M","47.5M","47.2M","47.1M","46.7M","46.3M","45.7M","44.9M","443M","443M","443M","43.5M","43.3M","43M","42.4M","42.1M","41.8M","41.6M","41.4M","412M","41M","40.6M","40.2M","40.1M","40M","39.7M","39.5M","39.4M","39.4M","39.2M","39.1M","39M"],"okList":["71.7M","69.7M","66.6M","66.5M","65.7M","65.2M","64.8M","64.6M","64.3M","63.4M","62.3M","60.7M","60.2M","59.5M","59.4M","59.4M","58.8M","58.7M","58.3M","58.2M","58.0M","57.9M","57.8M","57.6M","57.5M","57.2M","56.9M","56.5M","56.4M","55.9M","55.7M","55.7M","55.4M","54.7M","54.2M","53.8M","53.7M","53.4M","53.3M","52.5M","52.5M","52.5M","52.3M","52.0M","52.0M","0.52M","0.00519M","5.1800000000000005E-5M","5.13E-7M","5.6999999999999994E-8M","5.080000000000001E-9M","5.06E-9M","5.040000000000001E-9M","5.03E-9M","5.0E-9M","4.989999999999999E-9M","4.979999999999999E-9M","4.979999999999999E-9M","4.930000000000001E-9M","4.930000000000001E-9M","4.910000000000001E-9M","4.8500000000000004E-9M","4.8500000000000004E-9M","4.83E-9M","4.820000000000001E-9M","4.8E-9M","4.779999999999999E-9M","4.779999999999999E-9M","4.770000000000001E-9M","4.7499999999999995E-9M","4.72E-9M","4.7100000000000005E-9M","4.670000000000001E-9M","4.629999999999999E-9M","4.57E-9M","4.49E-9M","4.43E-8M","4.43E-8M","4.43E-8M","4.35E-9M","4.33E-9M","4.3000000000000005E-9M","4.24E-9M","4.21E-9M","4.18E-9M","4.1600000000000005E-9M","4.139999999999999E-9M","4.12E-8M","4.0999999999999995E-9M","4.0600000000000005E-9M","4.020000000000001E-9M","4.010000000000001E-9M","4.0E-9M","3.97E-9M","3.950000000000001E-9M","3.94E-9M","3.94E-9M","3.92E-9M","3.91E-9M","3.899999999999999E-9M"],"nokList":[]}