{"server":233,"total":5596.298,"average":60.829323,"cpValues":[],"cpList":["N2M","89.9M","85.1M","82.8M","81.8M","81.4M","79.2M","76.5M","74.4M","74M","72.6M","72.1M","71.3M","71.1M","70.8M","69.8M","69.1M","6A.6M","68.1M","6AM","67.9M","67.3M","67.3M","67M","66.8M","66.6M","66.5M","66.5M","66.4M","65.8M","65.5M","65.3M","64.6M","64.5M","63.6M","63.6M","62.7M","62.3M","62.3M","61.7M","61.6M","61.3M","61.2M","60.9M","60.8M","60.8M","60.7M","60.7M","60.6M","60.3M","60.2M","60.1M","59.9M","59.5M","59.4M","59.4M","59.4M","59.2M","58.7M","58.7M","58.6M","58.6M","58.3M","58.2M","58.1M","57.QM","57.8M","57.8M","56.5M","56M","55.4M","55.1M","55.1M","55M","55M","54.8M","54.3M","54.2M","54M","53.9M","53.4M","52.6M","52.5M","52.2M","52.2M","52M","51.6M","51.6M","51.5M","51M","51M","51M","50.9M","50.5M","50.4M","50.2M","50.1M","49.9M","+9.7M","49.7M"],"okList":["86.350006M","83.45M","82.100006M","80.5M","78.95M","76.8M","75.25M","73.5M","73.05M","71.95M","71.6M","71.05M","70.45M","69.95M","68.6M","68.0M","67.600006M","67.15M","67.05M","66.8M","66.65M","66.55M","66.45M","66.15M","65.95M","65.55M","65.05M","64.9M","64.1M","64.05M","63.15M","62.949997M","62.5M","62.0M","61.949997M","61.5M","61.4M","61.1M","61.0M","60.85M","60.75M","60.75M","60.65M","60.5M","60.4M","60.199997M","60.050003M","59.8M","59.65M","59.45M","59.4M","59.300003M","59.050003M","58.95M","58.65M","58.65M","58.449997M","58.4M","58.199997M","57.15M","56.9M","55.95M","55.55M","55.25M","55.05M","55.05M","54.9M","54.65M","54.5M","54.15M","54.050003M","53.7M","53.25M","52.95M","52.4M","52.35M","52.1M","51.9M","51.8M","51.55M","51.3M","51.25M","51.0M","50.95M","50.75M","50.65M","50.35M","50.25M","50.050003M","29.9M","49.800003M","49.7M"],"nokList":["N2M","89.9M","69.1M","68.1M","67.9M","58.1M","57.QM","57.8M"]}