{"time":1755510245602,"server":233,"cpList":["94.4M","93.6M","86.2M","85.8M","82.8M","82.8M","81.7M","80.3M","80M","74.4M","73.8M","73.1M","72.6M","72.5M","72.3M","71.7M","71.3M","77M","70.2M","70M","69.9M","69.8M","69.6M","69.4M","68.3M","68.1M","68M","67.9M","67.5M","67.3M","67.3M","66.4M","66.1M","65.8M","65.8M","65.2M","64.9M","642M","64.1M","63.6M","63.6M","63.5M","63.4M","63M","62.9M","62.8M","62.7M","62.5M","62.4M","62.4M","62.3M","612M","61.1M","60.9M","60.8M","60.8M","60.6M","60.3M","60.2M","60.1M","59.8M","59.7M","59.6M","59.4M","59.2M","58.7M","58.6M","58.4M","58.3M","57.6M","57.3M","56.7M","56.5M","56.5M","56.3M","56.1M","55.8M","55.3M","55.2M","54.5M","543M","542M","54.1M","53.5M","53.4M","53.2M","52.9M","52.5M","52.3M","52.2M","52.2M","52.1M","52M","51.9M","51.9M","51.5M","51.4M","51.4M","51.3M","51.1M"],"okList":["94.4M","93.6M","86.2M","85.8M","82.8M","82.8M","81.7M","80.3M","80.0M","74.4M","73.8M","73.1M","72.6M","0.725M","0.0072299999999999994M","7.170000000000001E-5M","7.13E-7M","7.699999999999999E-8M","7.020000000000001E-9M","7.0E-9M","6.99E-9M","6.9799999999999995E-9M","6.96E-9M","6.9400000000000004E-9M","6.83E-9M","6.8099999999999994E-9M","6.8E-9M","6.790000000000001E-9M","6.750000000000001E-9M","6.73E-9M","6.73E-9M","6.64E-9M","6.609999999999999E-9M","6.579999999999999E-9M","6.579999999999999E-9M","6.5200000000000015E-9M","6.4900000000000005E-9M","6.419999999999999E-8M","6.409999999999999E-9M","6.36E-9M","6.36E-9M","6.35E-9M","6.34E-9M","6.3E-9M","6.290000000000001E-9M","6.28E-9M","6.270000000000001E-9M","6.2500000000000005E-9M","6.24E-9M","6.24E-9M","6.23E-9M","6.119999999999999E-8M","6.11E-9M","6.09E-9M","6.08E-9M","6.08E-9M","6.06E-9M","6.03E-9M","6.02E-9M","6.01E-9M","5.9800000000000004E-9M","5.97E-9M","5.96E-9M","5.9400000000000006E-9M","5.920000000000001E-9M","5.870000000000001E-9M","5.86E-9M","5.84E-9M","5.83E-9M","5.760000000000001E-9M","5.73E-9M","5.6700000000000005E-9M","5.65E-9M","5.65E-9M","5.63E-9M","5.61E-9M","5.5799999999999985E-9M","5.53E-9M","5.520000000000001E-9M","5.45E-9M","5.4299999999999997E-8M","5.4199999999999996E-8M","5.410000000000001E-9M","5.350000000000001E-9M","5.34E-9M","5.32E-9M","5.2900000000000006E-9M","5.250000000000001E-9M","5.23E-9M","5.22E-9M","5.22E-9M","5.21E-9M","5.2E-9M","5.1900000000000005E-9M","5.1900000000000005E-9M","5.15E-9M","5.140000000000001E-9M","5.140000000000001E-9M","5.13E-9M","5.110000000000001E-9M"],"nokList":[]}