{"server":2341,"total":4879.451,"average":49.790318,"cpValues":[],"cpList":["68.8M","65.5M","65.4M","65.3M","64.3M","62.5M","62.3M","62M","61.3M","61M","60.7M","60.6M","59.9M","58.5M","5AM","57.4M","57.3M","57M","56.9M","56.6M","56.5M","56.3M","55.9M","55.6M","55.5M","55.2M","54.8M","54.7M","54.6M","54.3M","54.3M","54M","53.8M","53.5M","53.4M","53.1M","52.8M","52.6M","52M","52M","51.6M","51.2M","51M","50.9M","50.7M","50.4M","50.4M","50.4M","50M","49.9M","49.9M","49.8M","49.3M","49.1M","48.M","48.8M","48.7M","48M","47.8M","47.6M","47.6M","47.2M","46.5M","46.3M","45.8M","45.6M","45.4M","45M","44.5M","44.1M","43.9M","43.9M","43.7M","43.3M","43.2M","43.2M","42.8M","42.5M","42.4M","42.3M","42.2M","42.1M","42M","41.8M","41.8M","41.6M","41M","40.9M","40.8M","40.8M","40.7M","40.6M","40.2M","39.8M","39.2M","38.6M","38.1M","37.9M","37.7M","37.7M"],"okList":["68.8M","67.100006M","65.4M","64.850006M","63.9M","63.300003M","62.25M","61.8M","61.5M","61.0M","60.8M","60.300003M","59.55M","57.95M","57.2M","57.1M","56.8M","56.7M","56.449997M","56.2M","55.949997M","55.7M","55.4M","55.15M","54.95M","54.699997M","54.5M","54.449997M","54.15M","54.05M","53.75M","53.6M","53.3M","53.1M","52.85M","52.4M","52.3M","51.8M","51.6M","51.3M","51.050003M","50.85M","50.65M","50.550003M","50.4M","50.2M","50.15M","49.95M","49.85M","49.6M","49.449997M","48.65M","48.949997M","48.35M","48.4M","48.25M","47.8M","47.699997M","47.4M","47.05M","46.75M","46.15M","45.949997M","45.6M","45.3M","44.95M","44.55M","44.2M","44.0M","43.800003M","43.6M","43.45M","43.25M","43.0M","42.85M","42.6M","42.4M","42.300003M","42.199997M","42.1M","41.949997M","41.9M","41.699997M","41.4M","41.25M","40.9M","40.85M","40.75M","40.699997M","40.45M","40.199997M","39.7M","39.199997M","38.65M","38.25M","37.9M","37.800003M","37.7M"],"nokList":["58.5M","57.4M"]}