{"time":1755521376390,"server":2343,"cpList":["72.5M","72.1M","71.7M","69.8M","67.3M","64.4M","63.6M","62.9M","61.1M","59M","57.4M","57M","55.2M","54.6M","53.7M","53.5M","52.3M","52.2M","51.7M","51.5M","57M","50M","49.4M","49.4M","49.4M","48M","47.5M","45.6M","45.5M","45M","45M","44.9M","44M","44M","43.9M","43.5M","43.4M","43.3M","43.1M","43M","422M","40.9M","40.7M","40M","39.9M","39.4M","39.1M","38.7M","38.7M","37.6M","37.1M","37M","36.8M","36.3M","35.4M","34.8M","34.7M","34.1M","34M","34M","33.8M","33.8M","33.5M","33.3M","33.2M","33M","32.9M","32.9M","32.2M","31.8M","31.8M","31.6M","31.3M","31.2M","31.1M","31M","30.7M","30.7M","30.4M","30M","29.9M","29.8M","29.7M","29M","28.7M","28.3M","28M","27.9M","27.9M","27.7M","27.6M","26.7M","26.4M","26.3M","25.6M","25.2M","25.2M","25M","247M","24.7M"],"okList":["72.5M","72.1M","71.7M","69.8M","67.3M","64.4M","63.6M","62.9M","61.1M","59.0M","57.4M","57.0M","55.2M","54.6M","53.7M","53.5M","0.523M","0.00522M","5.17E-5M","5.149999999999999E-7M","5.6999999999999994E-8M","5.0E-9M","4.940000000000001E-9M","4.940000000000001E-9M","4.940000000000001E-9M","4.8E-9M","4.7499999999999995E-9M","4.559999999999999E-9M","4.55E-9M","4.500000000000001E-9M","4.500000000000001E-9M","4.49E-9M","4.4000000000000005E-9M","4.4000000000000005E-9M","4.389999999999999E-9M","4.35E-9M","4.34E-9M","4.33E-9M","4.31E-9M","4.3000000000000005E-9M","4.2199999999999994E-8M","4.09E-9M","4.070000000000001E-9M","4.0E-9M","3.99E-9M","3.94E-9M","3.91E-9M","3.87E-9M","3.87E-9M","3.7599999999999994E-9M","3.7100000000000002E-9M","3.7000000000000005E-9M","3.68E-9M","3.63E-9M","3.54E-9M","3.48E-9M","3.4700000000000002E-9M","3.41E-9M","3.4E-9M","3.4E-9M","3.3799999999999995E-9M","3.3799999999999995E-9M","3.3500000000000002E-9M","3.33E-9M","3.32E-9M","3.3E-9M","3.2899999999999996E-9M","3.2899999999999996E-9M","3.2200000000000005E-9M","3.18E-9M","3.18E-9M","3.1600000000000003E-9M","3.13E-9M","3.12E-9M","3.11E-9M","3.1E-9M","3.07E-9M","3.07E-9M","3.04E-9M","3.0E-9M","2.9900000000000002E-9M","2.98E-9M","2.9700000000000003E-9M","2.9E-9M","2.87E-9M","2.8300000000000004E-9M","2.8000000000000003E-9M","2.7899999999999993E-9M","2.7899999999999993E-9M","2.77E-9M","2.7600000000000004E-9M","2.67E-9M","2.6400000000000004E-9M","2.6300000000000002E-9M","2.5600000000000003E-9M","2.5200000000000004E-9M","2.5200000000000004E-9M","2.5E-9M","2.4700000000000006E-8M","2.4700000000000004E-9M"],"nokList":[]}