{"server":2343,"total":4114.2495,"average":41.142494,"cpValues":[],"cpList":["70.4M","69.8M","69.7M","69.3M","66.3M","64.8M","61.8M","60.8M","59.9M","59.9M","56.7M","56.4M","56M","54.4M","53.7M","52.3M","51.7M","51.5M","51.3M","50.9M","50.6M","50.3M","50M","49.4M","49.2M","49M","48.6M","47.8M","46.9M","46.3M","45.6M","45.5M","45M","45M","44.9M","44M","44M","43.5M","43.4M","43.3M","43M","42.4M","41.9M","40.9M","40.7M","40M","39.4M","39.3M","39M","38.9M","38.8M","37.9M","37.6M","37.1M","37M","37M","36.8M","35.5M","35.4M","35.1M","34.8M","34.7M","34.5M","34.1M","34M","33.8M","33.3M","33.2M","33M","32.9M","32.9M","32.9M","32.2M","31.9M","31.8M","31.8M","31.6M","31.2M","31.1M","31M","30.9M","30.7M","30.7M","30.4M","29.9M","29.8M","29.7M","29M","29.7M","28.3M","28.3M","27.9M","27.9M","21.7M","27.6M","27.1M","26.7M","26.4M","26.3M","25.2M"],"okList":["70.4M","70.05M","69.55M","68.0M","67.05M","64.05M","62.800003M","60.85M","60.35M","58.300003M","58.15M","56.35M","55.4M","54.85M","53.35M","52.7M","51.9M","51.5M","51.2M","50.949997M","50.6M","50.3M","49.85M","49.6M","49.2M","48.9M","48.4M","47.75M","47.05M","46.25M","45.9M","45.3M","45.25M","44.95M","44.5M","44.45M","43.75M","43.7M","43.4M","43.2M","42.85M","42.45M","41.65M","41.300003M","40.45M","40.050003M","39.65M","39.2M","39.1M","38.9M","38.4M","38.199997M","37.5M","37.3M","37.05M","36.9M","36.25M","36.1M","35.3M","35.1M","34.9M","34.65M","34.4M","34.25M","33.949997M","33.65M","33.5M","33.15M","33.050003M","32.95M","32.9M","32.550003M","32.4M","32.0M","31.849998M","31.7M","31.5M","31.35M","31.1M","31.0M","30.85M","30.8M","30.55M","30.3M","30.099998M","29.8M","29.4M","29.7M","28.65M","29.0M","28.099998M","28.099998M","24.8M","27.75M","24.400002M","27.150002M","26.75M","26.5M","25.8M","25.2M"],"nokList":[]}