{"time":1755521402878,"server":2344,"cpList":["69.2M","63.9M","63M","61.3M","612M","61M","60.9M","59.9M","57.1M","57M","56.1M","54.7M","54.5M","53.5M","53.2M","52.9M","52.2M","52.2M","52M","51.9M","51.7M","51.1M","57M","50.2M","49.2M","49.1M","48.9M","46.5M","46M","45.8M","44.9M","448M","448M","442M","43.8M","43.4M","43.2M","42.1M","41.1M","40.9M","40.7M","40.6M","40.4M","39.9M","39.5M","39.5M","39.4M","38.7M","38.7M","38.4M","38.4M","38.4M","38.4M","38M","37.4M","37.4M","36.6M","36.3M","36.3M","35.7M","35.7M","35.4M","35.1M","35.1M","346M","34M","33.6M","33.5M","33.2M","33.1M","32.4M","32.3M","32.2M","32.1M","32.1M","32M","31.9M","31.8M","31.7M","31.5M","31.4M","31M","31M","30.9M","30.7M","30.4M","30.2M","30.2M","30.1M","29.7M","29.7M","29.7M","29.5M","29.3M","29.2M","28.6M","28.3M","28.2M","27.8M","27.6M"],"okList":["69.2M","63.9M","63.0M","61.3M","61.2M","61.0M","60.9M","59.9M","57.1M","57.0M","56.1M","54.7M","54.5M","53.5M","53.2M","52.9M","52.2M","52.2M","0.52M","0.00519M","5.17E-5M","5.110000000000001E-7M","5.6999999999999994E-8M","5.0200000000000004E-9M","4.920000000000001E-9M","4.910000000000001E-9M","4.89E-9M","4.65E-9M","4.6E-9M","4.58E-9M","4.49E-9M","4.4800000000000004E-8M","4.4800000000000004E-8M","4.419999999999999E-8M","4.379999999999999E-9M","4.34E-9M","4.320000000000001E-9M","4.21E-9M","4.109999999999999E-9M","4.09E-9M","4.070000000000001E-9M","4.0600000000000005E-9M","4.039999999999999E-9M","3.99E-9M","3.950000000000001E-9M","3.950000000000001E-9M","3.94E-9M","3.87E-9M","3.87E-9M","3.84E-9M","3.84E-9M","3.84E-9M","3.84E-9M","3.8E-9M","3.74E-9M","3.74E-9M","3.66E-9M","3.63E-9M","3.63E-9M","3.57E-9M","3.57E-9M","3.54E-9M","3.5100000000000005E-9M","3.5100000000000005E-9M","3.46E-8M","3.4E-9M","3.3600000000000004E-9M","3.3500000000000002E-9M","3.32E-9M","3.31E-9M","3.24E-9M","3.229999999999999E-9M","3.2200000000000005E-9M","3.2100000000000003E-9M","3.2100000000000003E-9M","3.2E-9M","3.1900000000000004E-9M","3.18E-9M","3.17E-9M","3.15E-9M","3.14E-9M","3.1E-9M","3.1E-9M","3.09E-9M","3.07E-9M","3.04E-9M","3.0200000000000003E-9M","3.0200000000000003E-9M","3.01E-9M","2.9700000000000003E-9M","2.9700000000000003E-9M","2.9700000000000003E-9M","2.95E-9M","2.93E-9M","2.92E-9M","2.86E-9M","2.8300000000000004E-9M","2.8199999999999998E-9M","2.7800000000000003E-9M","2.7600000000000004E-9M"],"nokList":[]}