{"time":1755521429465,"server":2350,"cpList":["66.3M","64.3M","63.9M","63.7M","63.7M","62.9M","62.7M","62.4M","62.3M","61M","60.6M","60.2M","60.2M","60M","60M","59.5M","59.5M","59.4M","58.7M","58.3M","57.7M","57M","56.7M","56.6M","56.4M","56M","55.9M","55.8M","55.6M","55.5M","55M","54.9M","542M","53M","52.9M","52.9M","52.8M","52.4M","52.3M","52M","51.8M","51.4M","51.3M","57M","50.3M","50.2M","50.1M","49.3M","48.6M","47.9M","47.8M","47.6M","47.3M","47.1M","46.9M","46.9M","468M","46.6M","46.6M","46.4M","462M","46M","45.7M","45.7M","45.3M","45M","448M","448M","44.4M","442M","441M","43.8M","43.7M","43.5M","43M","42.9M","426M","42.4M","42.4M","42.4M","42.4M","422M","41.8M","41.8M","41.8M","41.8M","41.7M","41.5M","41.5M","41.4M","412M","412M","41.1M","40.8M","40.7M","40.5M","40.5M","40M","40M","39.6M"],"okList":["66.3M","64.3M","63.9M","63.7M","63.7M","62.9M","62.7M","62.4M","62.3M","61.0M","60.6M","60.2M","60.2M","60.0M","60.0M","59.5M","59.5M","59.4M","58.7M","58.3M","57.7M","57.0M","56.7M","56.6M","56.4M","56.0M","55.9M","55.8M","55.6M","55.5M","55.0M","54.9M","54.2M","53.0M","52.9M","52.9M","52.8M","52.4M","52.3M","0.52M","0.005180000000000001M","5.14E-5M","5.13E-7M","5.6999999999999994E-8M","5.03E-9M","5.0200000000000004E-9M","5.01E-9M","4.930000000000001E-9M","4.86E-9M","4.79E-9M","4.779999999999999E-9M","4.76E-9M","4.73E-9M","4.7100000000000005E-9M","4.689999999999999E-9M","4.689999999999999E-9M","4.6799999999999996E-8M","4.66E-9M","4.66E-9M","4.6400000000000005E-9M","4.62E-8M","4.6E-9M","4.57E-9M","4.57E-9M","4.529999999999999E-9M","4.500000000000001E-9M","4.4800000000000004E-8M","4.4800000000000004E-8M","4.44E-9M","4.419999999999999E-8M","4.4100000000000004E-8M","4.379999999999999E-9M","4.3700000000000004E-9M","4.35E-9M","4.3000000000000005E-9M","4.289999999999999E-9M","4.26E-8M","4.24E-9M","4.24E-9M","4.24E-9M","4.24E-9M","4.2199999999999994E-8M","4.18E-9M","4.18E-9M","4.18E-9M","4.18E-9M","4.17E-9M","4.15E-9M","4.15E-9M","4.139999999999999E-9M","4.12E-8M","4.12E-8M","4.109999999999999E-9M","4.079999999999999E-9M","4.070000000000001E-9M","4.050000000000001E-9M","4.050000000000001E-9M","4.0E-9M","4.0E-9M","3.96E-9M"],"nokList":[]}