{"server":2365,"total":5903.8,"average":63.48172,"cpValues":[],"cpList":["25.4M","22.4M","84.4M","83.6M","82.3M","81.2M","80.9M","79.7M","79.6M","79.4M","78.8M","76.7M","76.3M","76.2M","74M","73.9M","73.5M","72.9M","72.9M","72.2M","71.7M","71.1M","70.6M","70.2M","69.3M","69.2M","69.1M","6A.6M","68.5M","68.4M","68.3M","68.1M","67.4M","66.8M","66.4M","66.3M","65.4M","65.3M","65.2M","65.2M","63.9M","63.9M","63.4M","63.1M","63M","62.4M","62.4M","62.2M","62.2M","61.9M","61.7M","61.7M","61.5M","61.2M","61.1M","60.7M","60.5M","60.2M","60M","59.4M","59.4M","59.2M","59.2M","58.9M","58.8M","58.6M","58.4M","58.3M","58.2M","58.2M","5AM","57.QM","57.QM","57.8M","57.8M","57.7M","57.6M","57.6M","57M","57M","57M","56.8M","56.8M","56.8M","56.8M","56.6M","56.4M","56.4M","56.2M","56.1M","56M","55.9M","55.8M","55.8M","55.7M","55.7M","55.7M","55.6M","55.5M","54.9M"],"okList":["25.4M","54.9M","53.0M","83.350006M","82.399994M","81.600006M","80.45M","80.25M","79.55M","79.2M","78.05M","77.55M","76.45M","75.15M","75.05M","73.75M","73.4M","73.2M","72.55M","72.3M","71.649994M","71.149994M","70.649994M","69.95M","69.7M","69.2M","68.8M","68.4M","68.25M","67.850006M","67.45M","66.9M","66.55M","65.9M","65.8M","65.3M","65.25M","64.55M","64.55M","63.65M","63.5M","63.2M","62.75M","62.7M","62.300003M","62.300003M","62.050003M","61.95M","61.800003M","61.6M","61.45M","61.3M","60.95M","60.8M","60.45M","60.25M","59.800003M","59.7M","59.300003M","59.300003M","59.050003M","59.0M","58.75M","58.6M","58.449997M","58.300003M","58.25M","57.75M","57.699997M","57.65M","57.3M","57.3M","57.0M","56.9M","56.9M","56.8M","56.8M","56.699997M","56.6M","56.5M","56.300003M","56.25M","56.1M","56.0M","55.9M","55.85M","55.75M","55.75M","55.7M","55.65M","55.6M","55.25M","54.9M"],"nokList":["69.1M","68.5M","58.2M","5AM","57.QM","57.QM","57.8M"]}