{"time":1755521455738,"server":2365,"cpList":["99M","88.9M","86.6M","86.4M","86.4M","83.2M","81.4M","80M","80M","79M","78.4M","78.4M","77.6M","77.2M","77.1M","76.9M","76.1M","75M","75M","742M","73.7M","73.4M","73.2M","72.9M","71.1M","70.8M","70.6M","70.4M","70.3M","69.9M","69.9M","69.3M","68.9M","68.5M","68.5M","67.7M","67.1M","66.9M","66.8M","66.8M","66.5M","66.2M","66.1M","65.7M","65.7M","65.6M","65.5M","65.5M","65.4M","65.3M","65.2M","64.7M","64.3M","63.8M","63.5M","63.3M","63.2M","63.1M","63.1M","63M","62.5M","62.5M","62.4M","612M","612M","61M","60.8M","60.7M","60.4M","60.3M","60.3M","60.1M","59.9M","59.7M","59.5M","59.4M","59.1M","59.1M","59M","59M","58.8M","58.7M","58.7M","58.6M","58.2M","58.1M","58.1M","58.1M","57.9M","57.8M","57.8M","57.6M","57.5M","57.5M","57.5M","53.4M","57.2M","57.2M","57M","57M"],"okList":["99.0M","88.9M","86.6M","86.4M","86.4M","83.2M","81.4M","80.0M","80.0M","79.0M","78.4M","78.4M","77.6M","77.2M","77.1M","0.769M","0.007609999999999999M","7.5E-5M","7.5E-6M","1.4199999999999997E-7M","7.37E-8M","7.340000000000001E-9M","7.32E-9M","7.290000000000001E-9M","7.11E-9M","7.08E-9M","7.06E-9M","7.040000000000001E-9M","7.03E-9M","6.99E-9M","6.99E-9M","6.929999999999999E-9M","6.890000000000001E-9M","6.85E-9M","6.85E-9M","6.77E-9M","6.709999999999999E-9M","6.69E-9M","6.68E-9M","6.68E-9M","6.65E-9M","6.62E-9M","6.609999999999999E-9M","6.57E-9M","6.57E-9M","6.56E-9M","6.550000000000001E-9M","6.550000000000001E-9M","6.54E-9M","6.53E-9M","6.5200000000000015E-9M","6.47E-9M","6.43E-9M","6.380000000000001E-9M","6.35E-9M","6.3299999999999994E-9M","6.3200000000000005E-9M","6.31E-9M","6.31E-9M","6.3E-9M","6.2500000000000005E-9M","6.2500000000000005E-9M","6.24E-9M","6.119999999999999E-8M","6.119999999999999E-8M","6.099999999999998E-9M","6.08E-9M","6.07E-9M","6.040000000000001E-9M","6.03E-9M","6.03E-9M","6.01E-9M","5.99E-9M","5.97E-9M","5.9499999999999995E-9M","5.9400000000000006E-9M","5.91E-9M","5.91E-9M","5.9E-9M","5.9E-9M","5.88E-9M","5.870000000000001E-9M","5.870000000000001E-9M","5.86E-9M","5.820000000000001E-9M","5.8099999999999996E-9M","5.8099999999999996E-9M","5.8099999999999996E-9M","5.79E-9M","5.7799999999999995E-9M","5.7799999999999995E-9M","5.760000000000001E-9M","5.75E-9M","5.75E-9M","5.75E-9M","5.34E-9M","5.72E-9M","5.72E-9M","5.7E-9M","5.7E-9M"],"nokList":[]}