{"server":2371,"total":3340.5005,"average":35.53724,"cpValues":[],"cpList":["88.1M","69M","68.7M","66.6M","63.8M","63.3M","62.2M","60.5M","59.2M","55.7M","55.4M","55.2M","55.1M","54.8M","54.8M","54.8M","49.2M","46.9M","45.9M","45.4M","45.2M","44.8M","43.3M","43M","41.9M","39.8M","39.2M","38.8M","37.4M","A6.1M","35.3M","35.2M","34.8M","34.8M","34.5M","34.4M","33.7M","A3.6M","A3.6M","33.2M","33.2M","33M","32.6M","32.3M","31.9M","31.9M","31.6M","30.2M","30.1M","30M","29.4M","29.2M","29M","29M","28.6M","28.4M","28.4M","28.2M","27.9M","27.9M","27.9M","27.6M","27.5M","27.5M","27.4M","27.3M","27.1M","26.8M","26.8M","26.7M","26.5M","26.4M","26.2M","26.2M","26M","25.8M","25.7M","25.4M","25.3M","25.1M","25.1M","24.9M","24.9M","24.8M","24.7M","24.7M","24.1M","24M","24M","23.9M","23.8M","23.6M","23.5M","23.4M","23.3M","23.2M","23.1M","23M","22.8M","22.6M"],"okList":["88.1M","78.399994M","67.8M","66.25M","64.95M","63.0M","61.9M","60.7M","58.1M","57.300003M","55.45M","55.25M","55.0M","54.949997M","54.8M","52.0M","50.85M","47.550003M","46.15M","45.550003M","45.1M","44.25M","43.9M","42.6M","41.4M","40.550003M","39.3M","38.300003M","36.35M","35.05M","35.0M","34.65M","34.6M","34.1M","33.1M","32.9M","32.65M","32.25M","32.1M","31.75M","31.05M","30.85M","30.1M","29.75M","29.6M","29.2M","29.1M","28.8M","28.7M","28.5M","28.3M","28.15M","28.05M","27.9M","27.75M","27.7M","27.55M","27.45M","27.4M","27.25M","27.05M","26.95M","26.75M","26.65M","26.55M","26.35M","26.3M","26.1M","26.0M","25.85M","25.599998M","25.5M","25.25M","25.2M","25.0M","25.0M","24.849998M","24.8M","24.75M","24.400002M","24.35M","24.05M","23.95M","23.9M","23.75M","23.65M","23.5M","23.4M","23.3M","23.2M","23.1M","22.95M","22.8M","22.6M"],"nokList":["37.4M","35.3M","33.7M","A3.6M","A3.6M","33.2M"]}