{"server":2372,"total":2961.7493,"average":33.656242,"cpValues":[],"cpList":["52.5M","50.7M","46.5M","44.9M","44.8M","44.3M","44.3M","43.6M","42.7M","42.5M","42.4M","42.4M","41.6M","41M","40.6M","40.2M","40M","39.6M","78M","37.8M","37.7M","37.6M","37M","A6.6M","36.4M","36.4M","36.2M","A6.1M","35.5M","35.5M","35.2M","35M","35M","34.5M","34.3M","34.2M","34M","34M","33.9M","33.7M","A3.6M","33.5M","33.2M","33M","32.9M","32.9M","32.8M","32.8M","32.6M","31.8M","31.7M","31.7M","31.7M","31.7M","31.6M","31.2M","31M","31M","30.8M","30.3M","29.9M","29.7M","29.4M","29.1M","28.9M","28.4M","28.4M","27.9M","27.8M","27.8M","27.8M","27.7M","27.5M","27.5M","27.3M","27.2M","27.1M","26.9M","26.9M","26.8M","26.7M","26.5M","26.4M","26.4M","26.4M","26.3M","26.1M","26.1M","25.QM","25.QM","25.QM","25.QM","25.8M","25.8M","25.5M","25.5M","25.4M","25.4M","25.2M","25.1M"],"okList":["52.5M","49.5M","47.800003M","45.65M","44.6M","44.55M","43.949997M","43.5M","43.05M","42.550003M","42.45M","42.0M","41.7M","41.1M","40.6M","40.3M","39.9M","59.0M","38.699997M","57.85M","37.699997M","37.35M","36.7M","36.300003M","35.85M","35.35M","35.25M","35.1M","34.75M","34.65M","34.35M","34.15M","34.1M","33.95M","33.85M","33.6M","33.25M","33.050003M","32.95M","32.85M","32.85M","32.699997M","32.3M","32.15M","31.75M","31.7M","31.7M","31.650002M","31.45M","31.3M","31.1M","30.9M","30.65M","30.349998M","30.0M","29.65M","29.400002M","29.15M","28.75M","28.65M","28.15M","28.099998M","27.849998M","27.8M","27.75M","27.65M","27.6M","27.4M","27.35M","27.2M","27.05M","27.0M","26.849998M","26.8M","26.65M","26.55M","26.45M","26.4M","26.349998M","26.25M","26.2M","25.65M","25.65M","25.45M","25.45M","25.3M","25.25M","25.1M"],"nokList":["37M","36.4M","36.2M","35.5M","33.7M","33.5M","26.1M","25.QM","25.QM","25.QM","25.QM","25.8M"]}