{"server":2373,"total":5387.5996,"average":54.975506,"cpValues":[],"cpList":["77.6M","72.1M","71.1M","71M","70.8M","68.9M","67.2M","66.3M","66.2M","66.1M","65.8M","65.7M","64.9M","64.5M","63.3M","62.9M","62.7M","61.8M","61.6M","61.4M","60.6M","59.7M","59.4M","59.3M","59.1M","59M","58.7M","58.7M","58.6M","58.4M","5AM","57.7M","57.5M","57.1M","56.4M","56.3M","56.2M","56M","55.7M","55.4M","55.3M","55.2M","55M","55M","54.9M","54.4M","54.1M","53.9M","53.9M","53.4M","53.3M","53.3M","53.2M","52.8M","52.8M","52.7M","52.6M","52.5M","52.4M","52.3M","52.2M","52.2M","52.2M","52.2M","52.2M","52M","51.5M","51.5M","51.2M","51M","50.5M","50.4M","50.4M","50.3M","50.3M","50M","49.8M","49.7M","49.4M","48.8M","48.7M","47.8M","47.M","47.5M","46.8M","46.8M","46.6M","46.6M","46.2M","46.1M","45.6M","45.6M","45.3M","45.0","45.2M","45.1M","45M","44.8M","44.5M","44.3M"],"okList":["77.6M","74.35M","71.55M","70.95M","69.95M","69.0M","67.600006M","66.7M","66.2M","66.0M","65.899994M","65.350006M","65.1M","64.1M","63.7M","63.0M","62.35M","62.15M","61.6M","61.1M","60.550003M","60.0M","59.5M","59.25M","59.15M","58.9M","58.85M","58.65M","58.550003M","58.050003M","57.4M","56.95M","56.699997M","56.300003M","56.15M","55.95M","55.7M","55.5M","55.300003M","55.15M","55.1M","54.95M","54.7M","54.5M","54.15M","54.0M","53.65M","53.6M","53.35M","53.25M","53.05M","53.0M","52.75M","52.699997M","52.6M","52.5M","52.4M","52.300003M","52.25M","52.2M","52.2M","52.2M","52.1M","51.85M","51.75M","51.35M","51.25M","50.85M","50.7M","50.45M","50.35M","50.35M","50.15M","50.05M","49.85M","49.6M","49.25M","49.050003M","48.3M","47.85M","47.65M","46.9M","47.15M","46.699997M","46.699997M","46.4M","46.35M","45.9M","45.85M","45.449997M","45.3M","45.25M","45.05M","45.1M","44.949997M","44.75M","44.55M","44.3M"],"nokList":["58.4M","57.7M"]}