{"server":2375,"total":2931.3496,"average":30.856312,"cpValues":[],"cpList":["67.9M","66.2M","57.2M","52M","50.6M","49.8M","49.8M","47.8M","47.M","47M","45.9M","44.6M","43.9M","43.6M","41.8M","40.9M","40.7M","40.6M","39.5M","39M","AA.6M","37.9M","36.7M","A6.6M","36.3M","A6M","35.9M","35.3M","35.3M","35M","34.8M","34.5M","34.5M","34.1M","33.4M","32.6M","31.5M","31.4M","31.2M","31.1M","31M","30.7M","30.7M","30.5M","30.4M","30.1M","29.8M","29.7M","29.3M","29.2M","28.6M","27.7M","27.3M","27.2M","26.9M","26.8M","26.5M","26.4M","25.7M","25.6M","25.5M","25.1M","24.3M","24.2M","24.2M","24.1M","24.1M","24.1M","24M","23.9M","23.9M","23.8M","23.6M","23.3M","23M","22.9M","22.8M","22.8M","22.6M","22.3M","22.3M","21.9M","21.9M","21.8M","21.6M","21.5M","21.5M","21.5M","21.5M","21.5M","21.4M","21.3M","21.1M","20.7M","20.7M","20.7M","20.5M","20.2M","20M","19.8M"],"okList":["67.9M","62.550003M","59.1M","53.9M","50.9M","50.199997M","48.8M","48.4M","47.4M","46.45M","45.8M","44.9M","44.1M","42.85M","42.25M","41.25M","40.75M","40.1M","39.8M","38.45M","36.5M","36.1M","35.6M","35.15M","35.05M","34.75M","34.65M","34.3M","33.95M","33.35M","32.45M","32.0M","31.35M","31.25M","31.1M","30.900002M","30.85M","30.6M","30.55M","30.3M","30.099998M","29.900002M","29.55M","29.45M","28.95M","28.45M","27.95M","27.45M","27.099998M","27.0M","26.7M","26.599998M","26.1M","26.0M","25.6M","25.35M","24.9M","24.650002M","24.25M","24.150002M","24.150002M","24.1M","24.05M","24.0M","23.95M","23.849998M","23.75M","23.55M","23.3M","23.099998M","22.9M","22.849998M","22.7M","22.55M","22.45M","22.099998M","22.099998M","21.849998M","21.75M","21.65M","21.55M","21.5M","21.5M","21.5M","21.45M","21.4M","21.25M","21.0M","20.900002M","20.7M","20.6M","20.45M","20.25M","20.0M","19.8M"],"nokList":["39M","37.9M","36.7M","36.3M","35.9M"]}