{"server":2388,"total":3772.9497,"average":39.30156,"cpValues":[],"cpList":["73.7M","72.7M","71.8M","64.1M","61.6M","61.6M","61.4M","61.2M","59.7M","58.9M","58.4M","57.5M","56M","54.5M","52.4M","51.6M","50.8M","49.9M","48.4M","48.3M","47M","44.7M","44.1M","43.5M","43.1M","42.7M","42.7M","42.5M","41.7M","41.6M","41.5M","41.1M","39.4M","38.5M","78M","37.6M","37.6M","37.2M","37M","A6.9M","36.8M","36.3M","36.2M","36.2M","35.8M","35.4M","35.2M","35M","34.8M","34.8M","34.3M","34M","33.9M","33.8M","33.8M","33.7M","33.7M","A3.6M","33.3M","33.3M","33.3M","33M","32.7M","32.4M","32.2M","32.2M","32.1M","32M","32M","31.6M","31.6M","31.4M","31.3M","31.2M","30.6M","30.6M","30.1M","30M","29.5M","29.3M","29.3M","29.1M","29M","29M","28.8M","29.7M","28.5M","28.3M","28.2M","28.1M","28M","27.9M","27.7M","21.6M","27.5M","27.4M","27.4M","27.4M","27.2M","27.2M"],"okList":["73.7M","72.75M","68.399994M","66.7M","62.85M","61.5M","61.4M","60.550003M","60.050003M","59.050003M","58.2M","57.2M","56.0M","54.2M","53.05M","51.6M","50.75M","49.6M","49.1M","47.7M","46.5M","45.55M","44.1M","43.6M","43.1M","42.9M","42.6M","42.2M","42.05M","41.6M","41.35M","40.45M","39.8M","58.7M","38.05M","57.8M","37.4M","37.3M","36.9M","36.5M","36.25M","36.0M","35.800003M","35.5M","35.2M","35.0M","34.9M","34.55M","34.4M","34.1M","33.9M","33.85M","33.75M","33.75M","33.5M","33.3M","33.15M","33.0M","32.7M","32.45M","32.300003M","32.15M","32.1M","32.05M","31.8M","31.8M","31.5M","31.45M","31.3M","30.95M","30.900002M","30.35M","30.3M","29.8M","29.65M","29.4M","29.2M","29.15M","29.05M","28.9M","29.35M","28.65M","29.0M","28.35M","28.2M","28.1M","28.0M","27.85M","24.75M","27.6M","24.5M","27.45M","27.4M","27.3M","27.3M","27.2M"],"nokList":["37M","36.8M","33.7M","33.3M"]}