{"server":2404,"total":2887.8997,"average":30.082289,"cpValues":[],"cpList":["57.QM","56M","52.6M","48.4M","47.3M","46.4M","42.8M","40.8M","39.4M","38.7M","38.4M","37.8M","37.6M","37.5M","A6.6M","35.9M","34.9M","34.8M","34.2M","34.2M","34.1M","33.8M","33.8M","33.7M","33.4M","33.2M","33.2M","33.1M","32.9M","32.8M","32.4M","31.8M","31.3M","31.1M","30.7M","30.4M","30.3M","30.1M","30M","29.9M","29.7M","29.7M","29.6M","29.6M","29.6M","29.2M","29.1M","29M","29.7M","29.7M","28.5M","28.4M","28.2M","28.2M","28.2M","28.2M","27.9M","27.8M","27.8M","27.7M","27.5M","27.5M","27.5M","27.5M","27.3M","27.2M","26.8M","26.7M","26.6M","26.6M","26.5M","26.5M","26.5M","26.1M","26.1M","26M","25.8M","25.8M","25.8M","25.7M","25.5M","25.3M","25.2M","25M","25M","24.9M","24.9M","24.8M","24.7M","24.5M","24.4M","24.4M","24.3M","24.1M","24M","24M","23.9M","23.9M","23.9M","23.9M"],"okList":["52.2M","49.949997M","47.4M","45.05M","43.6M","41.1M","39.75M","38.9M","38.25M","38.0M","37.65M","36.7M","35.35M","34.550003M","34.5M","34.15M","34.0M","33.949997M","33.75M","33.6M","33.45M","33.300003M","33.15M","33.050003M","32.949997M","32.65M","32.3M","31.85M","31.45M","31.0M","30.75M","30.5M","30.25M","30.15M","30.0M","29.85M","29.8M","29.650002M","29.650002M","29.6M","29.400002M","29.35M","29.1M","29.400002M","29.7M","29.1M","29.05M","28.35M","28.3M","28.2M","28.2M","28.05M","28.0M","27.849998M","27.75M","27.65M","27.6M","27.5M","27.5M","27.4M","27.35M","27.05M","26.95M","26.7M","26.650002M","26.55M","26.55M","26.5M","26.3M","26.3M","26.05M","25.95M","25.9M","25.8M","25.75M","25.65M","25.5M","25.35M","25.15M","25.1M","24.95M","24.95M","24.849998M","24.8M","24.65M","24.55M","24.45M","24.349998M","24.25M","24.15M","24.05M","23.95M","23.95M","23.9M","23.9M","23.9M"],"nokList":["57.QM","56M","37.5M","35.9M"]}