{"time":1755521641473,"server":2405,"cpList":["87.8M","82M","80.3M","77.1M","75.1M","74.7M","746M","74.4M","73.2M","72.7M","71.6M","70.5M","70.3M","70.3M","70.2M","69.2M","67M","66.5M","66.4M","65M","64.4M","64.3M","642M","63.1M","62.9M","62.2M","61.9M","61.9M","60.8M","60.5M","60.5M","60.1M","60M","60M","59.9M","59.8M","59.7M","59.6M","59.1M","59M","57.9M","57.4M","56.7M","56.7M","55.9M","55.8M","55.8M","55.7M","55.7M","55.4M","55.4M","54.7M","54.7M","54.4M","54M","53.7M","53.5M","53.2M","52.5M","52.4M","52.1M","52M","52M","51.6M","50.6M","50M","49.4M","48.7M","48.4M","48.3M","48.3M","47.8M","47.8M","47.7M","47.6M","47.4M","47.4M","46.9M","46.7M","461M","45.7M","45.4M","45.2M","45M","443M","441M","43.9M","43.7M","42.8M","426M","42.3M","41.6M","41.4M","40.7M","40.2M","40M","39.9M","39.6M","39.2M","38.6M"],"okList":["87.8M","82.0M","0.8029999999999999M","0.007709999999999999M","7.51E-5M","7.4700000000000005E-6M","1.4599999999999998E-7M","7.44E-8M","7.32E-9M","7.269999999999999E-9M","7.159999999999999E-9M","7.0499999999999994E-9M","7.03E-9M","7.03E-9M","7.020000000000001E-9M","6.92E-9M","6.7000000000000004E-9M","6.65E-9M","6.64E-9M","6.500000000000001E-9M","6.440000000000001E-9M","6.43E-9M","6.419999999999999E-8M","6.31E-9M","6.290000000000001E-9M","6.22E-9M","6.19E-9M","6.19E-9M","6.08E-9M","6.05E-9M","6.05E-9M","6.01E-9M","6.0E-9M","6.0E-9M","5.99E-9M","5.9800000000000004E-9M","5.97E-9M","5.96E-9M","5.91E-9M","5.9E-9M","5.79E-9M","5.74E-9M","5.6700000000000005E-9M","5.6700000000000005E-9M","5.59E-9M","5.5799999999999985E-9M","5.5799999999999985E-9M","5.57E-9M","5.57E-9M","5.54E-9M","5.54E-9M","5.47E-9M","5.47E-9M","5.44E-9M","5.4E-9M","5.37E-9M","5.350000000000001E-9M","5.32E-9M","5.250000000000001E-9M","5.24E-9M","5.21E-9M","5.2E-9M","5.2E-9M","5.160000000000001E-9M","5.06E-9M","5.0E-9M","4.940000000000001E-9M","4.870000000000001E-9M","4.839999999999999E-9M","4.83E-9M","4.83E-9M","4.779999999999999E-9M","4.779999999999999E-9M","4.770000000000001E-9M","4.76E-9M","4.739999999999999E-9M","4.739999999999999E-9M","4.689999999999999E-9M","4.670000000000001E-9M","4.610000000000001E-8M","4.57E-9M","4.5400000000000005E-9M","4.519999999999999E-9M","4.500000000000001E-9M","4.43E-8M","4.4100000000000004E-8M","4.389999999999999E-9M","4.3700000000000004E-9M","4.279999999999999E-9M","4.26E-8M","4.2300000000000005E-9M","4.1600000000000005E-9M","4.139999999999999E-9M","4.070000000000001E-9M","4.020000000000001E-9M","4.0E-9M","3.99E-9M","3.96E-9M","3.92E-9M","3.86E-9M"],"nokList":[]}