{"server":242,"total":5835.4487,"average":60.159264,"cpValues":[],"cpList":["102M","29.5M","N6.5M","25.5M","23.4M","M1M","89.6M","88.3M","79.7M","78.9M","76.4M","75.4M","74.5M","74.4M","74.1M","72.9M","72.7M","72.5M","71.6M","69.7M","67.8M","67.7M","67.6M","67.3M","67.3M","66.9M","66.7M","66.7M","66.4M","66.4M","66.2M","6M","65.8M","65.4M","65.3M","65.2M","65M","64.7M","64.3M","64.2M","63.8M","63.7M","63.7M","63.2M","62.5M","61.7M","60.9M","60.7M","60.5M","60.5M","60M","59.9M","59.8M","58.9M","58.8M","58.7M","58.6M","58.6M","58.4M","58.2M","57.5M","57.4M","57.2M","57.2M","57.1M","56.9M","56.7M","55.8M","55.7M","55.7M","55.7M","55.5M","55.4M","55.3M","54.9M","54.8M","54.4M","54.4M","53.6M","53.6M","53.6M","53.5M","53.4M","53.2M","53.1M","53.1M","53M","52.9M","52.8M","52.5M","52.5M","52.2M","52.1M","52M","51.7M","51.2M","51.5M","51.4M","51.4M","51.4M"],"okList":["102.0M","13.25M","56.5M","44.65M","84.649994M","83.600006M","78.05M","77.15M","75.45M","74.9M","74.3M","73.65M","73.399994M","72.7M","72.149994M","71.1M","69.7M","68.7M","67.7M","67.5M","67.45M","67.100006M","67.0M","66.8M","66.55M","66.55M","66.3M","36.2M","66.0M","35.7M","65.55M","65.3M","65.15M","64.95M","64.65M","64.45M","64.05M","63.949997M","63.75M","63.45M","63.1M","62.45M","61.7M","61.2M","60.7M","60.6M","60.25M","60.2M","59.9M","59.4M","59.3M","58.800003M","58.699997M","58.65M","58.5M","58.4M","57.95M","57.800003M","57.35M","57.300003M","57.15M","57.050003M","56.9M","56.35M","56.2M","55.75M","55.7M","55.6M","55.550003M","55.4M","55.15M","55.05M","54.65M","54.6M","54.0M","54.0M","53.6M","53.55M","53.5M","53.35M","53.25M","53.15M","53.05M","53.0M","52.9M","52.7M","52.65M","52.35M","52.3M","52.1M","51.9M","51.6M","51.6M","51.300003M","51.45M","51.4M","51.4M"],"nokList":["29.5M","N6.5M","25.5M"]}