{"time":1755510271653,"server":242,"cpList":["103M","103M","99.4M","98.4M","97.3M","94.5M","916M","90.2M","84.7M","81.6M","79M","78M","77.1M","766M","75.7M","75.4M","75.2M","74.5M","742M","72.8M","70.5M","70.5M","70.5M","70.2M","69.6M","69.2M","69.1M","69M","68.8M","68.7M","67.7M","67.5M","67.4M","67.1M","67M","66.5M","66.5M","66.4M","66.2M","66.2M","66M","65.2M","65M","64.5M","642M","64M","64M","63.8M","63.7M","63M","63M","62.3M","61.4M","61.3M","60.6M","60.1M","60.1M","59.8M","59.6M","58.9M","58.6M","58.6M","58.4M","58.4M","58.4M","58.2M","58.2M","57.9M","57.5M","57.4M","57.3M","57.2M","57.2M","57.2M","57M","56.9M","56.9M","56.4M","56.3M","55.7M","55.6M","55.5M","55.3M","55.1M","55.1M","54.8M","54.8M","54.8M","54.7M","54.4M","542M","54.1M","53.9M","53.6M","53.3M","53.2M","52.8M","52.8M","52.8M","52.8M"],"okList":["103.0M","103.0M","99.4M","98.4M","97.3M","94.5M","91.6M","90.2M","84.7M","81.6M","79.0M","0.78M","0.007709999999999999M","1.66E-5M","7.570000000000001E-8M","7.54E-9M","7.519999999999999E-9M","7.45E-9M","1.4199999999999998E-8M","7.28E-9M","7.0499999999999994E-9M","7.0499999999999994E-9M","7.0499999999999994E-9M","7.020000000000001E-9M","6.96E-9M","6.92E-9M","6.91E-9M","6.9E-9M","6.879999999999999E-9M","6.8700000000000005E-9M","6.77E-9M","6.750000000000001E-9M","6.74E-9M","6.709999999999999E-9M","6.7000000000000004E-9M","6.65E-9M","6.65E-9M","6.64E-9M","6.62E-9M","6.62E-9M","6.6E-9M","6.5200000000000015E-9M","6.500000000000001E-9M","6.45E-9M","6.419999999999999E-8M","6.4E-9M","6.4E-9M","6.380000000000001E-9M","6.37E-9M","6.3E-9M","6.3E-9M","6.23E-9M","6.14E-9M","6.13E-9M","6.06E-9M","6.01E-9M","6.01E-9M","5.9800000000000004E-9M","5.96E-9M","5.89E-9M","5.86E-9M","5.86E-9M","5.84E-9M","5.84E-9M","5.84E-9M","5.820000000000001E-9M","5.820000000000001E-9M","5.79E-9M","5.75E-9M","5.74E-9M","5.73E-9M","5.72E-9M","5.72E-9M","5.72E-9M","5.7E-9M","5.69E-9M","5.69E-9M","5.6399999999999995E-9M","5.63E-9M","5.57E-9M","5.560000000000001E-9M","5.55E-9M","5.53E-9M","5.51E-9M","5.51E-9M","5.48E-9M","5.48E-9M","5.48E-9M","5.47E-9M","5.44E-9M","5.4199999999999996E-8M","5.410000000000001E-9M","5.390000000000001E-9M","5.3600000000000005E-9M","5.329999999999999E-9M","5.32E-9M","5.280000000000001E-9M","5.280000000000001E-9M","5.280000000000001E-9M","5.280000000000001E-9M"],"nokList":[]}