{"server":2428,"total":5032.8003,"average":51.355106,"cpValues":[],"cpList":["77.3M","77.2M","76.3M","66.6M","64.9M","64.4M","64.1M","63.2M","62.9M","61.3M","60.9M","60.8M","60.7M","60.2M","59.7M","59.6M","59.4M","59.2M","59.2M","59.1M","58.4M","58.3M","57.7M","57.5M","57.3M","57M","57M","56.9M","56.7M","56.6M","56.6M","56.4M","55.8M","55.6M","55.4M","55.4M","55.3M","55M","55M","54.9M","54.7M","54.5M","53.6M","53.2M","52.6M","52.1M","52.1M","52M","51.3M","51.2M","50.6M","50.6M","50M","49.8M","49.7M","49.6M","49.6M","49.2M","49.2M","48.4M","48.3M","48.3M","47.4M","47.3M","47.1M","46.5M","46.2M","46M","45.4M","44.8M","44.6M","44.4M","44.2M","43.4M","42.8M","42.6M","42.4M","41.7M","41.6M","41.2M","41.1M","40.7M","40.6M","40.4M","40.1M","40M","39.7M","39.6M","39.4M","39M","38.9M","38.8M","38.5M","38.3M","38.2M","38.2M","38M","3AM","37.9M","37.4M"],"okList":["77.3M","76.8M","71.899994M","70.600006M","65.5M","64.5M","63.800003M","63.5M","62.25M","61.9M","61.05M","60.800003M","60.5M","60.2M","59.9M","59.550003M","59.4M","59.300003M","59.15M","58.800003M","58.699997M","58.050003M","57.9M","57.5M","57.25M","57.15M","56.95M","56.85M","56.75M","56.65M","56.5M","56.199997M","56.0M","55.6M","55.5M","55.35M","55.2M","55.15M","54.95M","54.85M","54.7M","54.15M","53.85M","53.1M","52.65M","52.35M","52.05M","51.699997M","51.6M","50.949997M","50.9M","50.3M","50.199997M","49.85M","49.699997M","49.65M","49.4M","49.4M","48.800003M","48.75M","48.35M","47.85M","47.8M","47.25M","46.9M","46.65M","46.25M","45.800003M","45.4M","45.0M","44.6M","44.4M","43.9M","43.5M","43.0M","42.6M","42.15M","42.0M","41.45M","41.35M","40.95M","40.85M","40.550003M","40.35M","40.2M","39.9M","39.8M","39.550003M","39.3M","39.15M","38.9M","38.7M","38.55M","38.35M","38.25M","38.1M","37.95M","37.4M"],"nokList":["38M","37.9M"]}