{"server":2430,"total":4335.4507,"average":47.124462,"cpValues":[],"cpList":["7A.6M","78.4M","71M","69.5M","66.9M","66.3M","65.9M","65.2M","64.1M","62.7M","62.7M","62.4M","60.6M","60M","59.8M","59.2M","58.7M","58.4M","58.2M","57.8M","57.5M","57.2M","56.9M","56.6M","56.4M","56.3M","55M","54.9M","54.7M","54.4M","53.4M","51.1M","50.3M","50M","49.4M","48.M","48.8M","48.7M","48.2M","47.6M","46.6M","46M","45.9M","45.6M","45.2M","44.7M","44.4M","44.4M","44.3M","44.1M","43.6M","43.1M","43M","42.6M","42.4M","42M","41.7M","41.7M","41.5M","41.3M","40.8M","40.4M","40.3M","40.3M","40.1M","39.7M","39.5M","39.2M","39M","38.3M","38.1M","78M","37.4M","37.4M","37.4M","36.3M","A6M","A6M","34.6M","34.4M","33.8M","32.9M","32.9M","32.9M","32.7M","32.4M","32.2M","31.9M","31.8M","31.1M","31M","30.3M","30.3M","30.2M","30.1M","29.7M","28.7M","2A.7M","28.7M","ZA.6M"],"okList":["78.6M","73.95M","68.95M","67.9M","66.4M","65.75M","65.0M","63.949997M","63.4M","62.550003M","61.65M","61.2M","60.199997M","59.6M","59.25M","58.800003M","58.45M","58.1M","57.85M","57.5M","57.2M","56.9M","56.65M","56.449997M","55.7M","55.6M","54.85M","54.65M","54.050003M","52.75M","51.85M","50.55M","49.85M","49.0M","49.1M","48.35M","48.5M","48.15M","47.4M","46.8M","46.25M","45.8M","45.550003M","45.15M","44.800003M","44.550003M","44.35M","44.25M","43.949997M","43.6M","43.3M","42.85M","42.7M","42.3M","42.050003M","41.85M","41.6M","41.5M","41.15M","40.85M","40.55M","40.35M","40.199997M","40.0M","39.8M","39.45M","39.25M","38.75M","38.55M","58.15M","37.75M","57.7M","37.4M","36.85M","34.199997M","33.65M","33.35M","32.9M","32.800003M","32.65M","32.45M","32.15M","32.0M","31.5M","31.4M","30.7M","30.65M","30.25M","30.2M","29.95M","29.400002M","28.7M"],"nokList":["78.4M","36.3M","A6M","A6M","34.6M","28.7M","28.7M","ZA.6M"]}