{"time":1755521720780,"server":2442,"cpList":["102M","968M","96.2M","88.4M","84.9M","84.4M","84M","83.3M","82.3M","79.9M","77M","75.6M","75.1M","75M","742M","74M","73.3M","73.1M","71.6M","77M","70.9M","70.7M","69.6M","69.5M","69.4M","69.3M","69.2M","68.4M","68.2M","67.9M","67.6M","67.4M","67.2M","66.1M","65.7M","65.4M","64.7M","64.7M","64.7M","64.7M","646M","64.4M","64.4M","64.3M","642M","642M","64.1M","64M","63.8M","63.7M","63.4M","63.2M","63.2M","62.8M","62.8M","62.2M","62.2M","61.9M","61.9M","61.8M","61.8M","61.5M","61.5M","612M","60.9M","60.7M","60.7M","60.5M","59.9M","59.7M","59.7M","59.3M","59.2M","59.2M","59.2M","59.2M","59.1M","58.9M","58.9M","58.8M","58.5M","58.4M","58.3M","58.1M","58M","58M","57.5M","57.5M","57.5M","57.3M","57.2M","57.1M","57.1M","57.1M","56.9M","56.4M","56.3M","55.9M","55.8M","55.6M"],"okList":["102.0M","96.8M","96.2M","88.4M","84.9M","84.4M","84.0M","83.3M","82.3M","79.9M","0.77M","0.007559999999999999M","7.51E-5M","7.5E-6M","1.4199999999999997E-7M","7.400000000000001E-8M","7.329999999999999E-9M","7.31E-9M","7.159999999999999E-9M","7.700000000000001E-9M","7.09E-9M","7.070000000000001E-9M","6.96E-9M","6.949999999999999E-9M","6.9400000000000004E-9M","6.929999999999999E-9M","6.92E-9M","6.840000000000001E-9M","6.82E-9M","6.790000000000001E-9M","6.759999999999999E-9M","6.74E-9M","6.720000000000001E-9M","6.609999999999999E-9M","6.57E-9M","6.54E-9M","6.47E-9M","6.47E-9M","6.47E-9M","6.47E-9M","6.460000000000001E-8M","6.440000000000001E-9M","6.440000000000001E-9M","6.43E-9M","6.419999999999999E-8M","6.419999999999999E-8M","6.409999999999999E-9M","6.4E-9M","6.380000000000001E-9M","6.37E-9M","6.34E-9M","6.3200000000000005E-9M","6.3200000000000005E-9M","6.28E-9M","6.28E-9M","6.22E-9M","6.22E-9M","6.19E-9M","6.19E-9M","6.18E-9M","6.18E-9M","6.1500000000000005E-9M","6.1500000000000005E-9M","6.119999999999999E-8M","6.09E-9M","6.07E-9M","6.07E-9M","6.05E-9M","5.99E-9M","5.97E-9M","5.97E-9M","5.93E-9M","5.920000000000001E-9M","5.920000000000001E-9M","5.920000000000001E-9M","5.920000000000001E-9M","5.91E-9M","5.89E-9M","5.89E-9M","5.88E-9M","5.8499999999999994E-9M","5.84E-9M","5.83E-9M","5.8099999999999996E-9M","5.8E-9M","5.8E-9M","5.75E-9M","5.75E-9M","5.75E-9M","5.73E-9M","5.72E-9M","5.71E-9M","5.71E-9M","5.71E-9M","5.69E-9M","5.6399999999999995E-9M","5.63E-9M","5.59E-9M","5.5799999999999985E-9M","5.560000000000001E-9M"],"nokList":[]}