{"server":2442,"total":5878.25,"average":61.23177,"cpValues":[],"cpList":["N2.9M","21.7M","84.5M","82M","81.3M","80.4M","79.9M","79.5M","77M","73.3M","73.1M","72.7M","71.6M","68.5M","6AM","67.8M","67.6M","67.3M","67.1M","67M","66.2M","65.4M","65.4M","65.1M","64.9M","64.7M","64.5M","64.2M","63.7M","63.6M","63.5M","62.8M","62.4M","62.3M","62.2M","62.1M","62M","62M","61.9M","61.9M","61.8M","61.8M","61.7M","61.6M","61.3M","61.3M","60.8M","60.7M","60.7M","60.5M","60.3M","59.9M","59.8M","59.7M","59.7M","59.6M","59.1M","59.1M","59M","58.9M","58.7M","58.7M","58.5M","58.5M","58.4M","58.1M","57.8M","57.8M","57.7M","57.6M","57.6M","57.5M","57.4M","57.3M","57.2M","57.2M","57.1M","57M","57M","57M","56.9M","56.8M","56.4M","55.8M","55.6M","55.4M","54.5M","54.3M","54.3M","54.1M","54M","53.9M","53.6M","53.5M","53.3M","53.1M","52.9M","52.8M","52.7M","52.6M"],"okList":["51.85M","82.9M","81.2M","80.600006M","79.95M","78.45M","76.4M","75.05M","73.0M","72.35M","70.6M","68.15M","67.55M","67.35M","67.15M","66.649994M","66.2M","65.8M","65.25M","65.15M","64.899994M","64.7M","64.45M","64.1M","63.899998M","63.6M","63.199997M","62.95M","62.55M","62.300003M","62.199997M","62.1M","62.05M","61.95M","61.95M","61.85M","61.85M","61.75M","61.699997M","61.5M","61.449997M","61.05M","61.0M","60.75M","60.6M","60.5M","60.2M","60.05M","59.800003M","59.75M","59.65M","59.4M","59.35M","59.05M","59.0M","58.85M","58.800003M","58.6M","58.6M","58.45M","58.3M","58.1M","57.949997M","57.75M","57.699997M","57.65M","57.55M","57.5M","57.4M","57.300003M","57.25M","57.15M","57.1M","57.05M","57.0M","56.95M","56.9M","56.65M","56.3M","56.0M","55.6M","55.05M","54.85M","54.4M","54.199997M","54.15M","54.0M","53.8M","53.7M","53.449997M","53.3M","53.1M","52.949997M","52.800003M","52.699997M","52.6M"],"nokList":["N2.9M","21.7M","68.5M","67.8M"]}