{"server":2443,"total":3025.0503,"average":30.250504,"cpValues":[],"cpList":["62.5M","60.4M","60.4M","59.5M","56.4M","55.7M","54M","51.2M","50.7M","49.8M","49.1M","48.5M","44.7M","43.6M","41.7M","41.1M","40.7M","40.3M","39.8M","38.9M","38.8M","38.7M","38.5M","38.4M","78M","37.4M","37M","35.5M","34.8M","34.8M","34.3M","34.3M","33.7M","33.5M","32.4M","32M","31.8M","31.7M","31.2M","31M","30.7M","30.4M","30.1M","29.9M","29.1M","28.2M","28.2M","27.5M","27.2M","26.6M","26.6M","26.4M","26.3M","25.6M","25.6M","25.1M","24.7M","24.6M","24.2M","23.9M","23.7M","23.6M","23.5M","23.4M","23.2M","23M","22.3M","22.2M","21M","20.4M","20M","19.8M","19.7M","19.5M","19.3M","19.2M","19M","18.6M","18.5M","18.3M","18.3M","18.2M","18.1M","17.8M","17.6M","17.4M","17.4M","16.8M","16.8M","16.6M","16.5M","16.5M","16.4M","16.4M","16.4M","16.3M","16.2M","16.2M","16.1M","16.1M"],"okList":["62.5M","61.45M","59.95M","58.4M","57.6M","55.2M","53.45M","52.35M","50.5M","49.9M","49.15M","46.9M","46.05M","43.2M","42.35M","41.2M","40.699997M","40.25M","39.6M","39.3M","38.800003M","38.65M","38.550003M","58.25M","37.9M","57.5M","36.45M","35.9M","35.15M","34.55M","34.55M","34.0M","33.9M","33.050003M","32.75M","32.1M","31.85M","31.5M","31.35M","30.95M","30.7M","30.400002M","30.15M","29.6M","29.05M","28.650002M","27.85M","27.7M","27.05M","26.900002M","26.5M","26.45M","26.0M","25.95M","25.35M","25.150002M","24.85M","24.45M","24.25M","23.95M","23.75M","23.6M","23.5M","23.35M","23.2M","22.75M","22.6M","21.65M","21.3M","20.5M","20.099998M","19.85M","19.65M","19.5M","19.35M","19.15M","18.900002M","18.75M","18.45M","18.4M","18.25M","18.2M","18.0M","17.85M","17.599998M","17.5M","17.099998M","17.099998M","16.7M","16.65M","16.55M","16.45M","16.45M","16.4M","16.349998M","16.3M","16.25M","16.150002M","16.150002M","16.1M"],"nokList":[]}