{"time":1755521773762,"server":2445,"cpList":["89.1M","83.8M","82.8M","78.9M","75.2M","72.9M","68.9M","68.6M","67.9M","67.7M","66M","65.9M","65.9M","63.8M","63.1M","62.8M","62.5M","62.2M","62.1M","61.7M","60.8M","60.8M","60.3M","60M","60M","59.8M","59.7M","58.2M","58M","57.8M","57.2M","57.1M","57M","57M","56.9M","56.9M","55.8M","55.7M","55.6M","55.3M","55.1M","54.9M","54.9M","54.5M","54.4M","53.3M","53.2M","52.5M","51.9M","51.9M","51.8M","51.7M","51.4M","51.4M","51.2M","51.1M","57M","50M","49.7M","49.2M","48.8M","48.2M","48.1M","47.6M","47.1M","46.9M","46.9M","46.5M","45.2M","45.2M","45M","44.9M","448M","442M","44M","43.8M","43.7M","43.5M","43.5M","43.2M","43M","43M","426M","42.5M","42.3M","42M","41.8M","41.5M","41.3M","412M","41M","40.8M","40.5M","40.1M","40M","39.9M","39.8M","39.4M","39.2M","39M"],"okList":["89.1M","83.8M","82.8M","78.9M","75.2M","72.9M","68.9M","68.6M","67.9M","67.7M","66.0M","65.9M","65.9M","63.8M","63.1M","62.8M","62.5M","62.2M","62.1M","61.7M","60.8M","60.8M","60.3M","60.0M","60.0M","59.8M","59.7M","58.2M","58.0M","57.8M","57.2M","57.1M","57.0M","57.0M","56.9M","56.9M","55.8M","55.7M","55.6M","55.3M","55.1M","54.9M","54.9M","54.5M","54.4M","53.3M","53.2M","52.5M","51.9M","51.9M","51.8M","51.7M","0.514M","0.0051400000000000005M","5.1200000000000004E-5M","5.110000000000001E-7M","5.6999999999999994E-8M","5.0E-9M","4.970000000000001E-9M","4.920000000000001E-9M","4.8800000000000005E-9M","4.820000000000001E-9M","4.8100000000000006E-9M","4.76E-9M","4.7100000000000005E-9M","4.689999999999999E-9M","4.689999999999999E-9M","4.65E-9M","4.519999999999999E-9M","4.519999999999999E-9M","4.500000000000001E-9M","4.49E-9M","4.4800000000000004E-8M","4.419999999999999E-8M","4.4000000000000005E-9M","4.379999999999999E-9M","4.3700000000000004E-9M","4.35E-9M","4.35E-9M","4.320000000000001E-9M","4.3000000000000005E-9M","4.3000000000000005E-9M","4.26E-8M","4.25E-9M","4.2300000000000005E-9M","4.2E-9M","4.18E-9M","4.15E-9M","4.1300000000000004E-9M","4.12E-8M","4.0999999999999995E-9M","4.079999999999999E-9M","4.050000000000001E-9M","4.010000000000001E-9M","4.0E-9M","3.99E-9M","3.98E-9M","3.94E-9M","3.92E-9M","3.899999999999999E-9M"],"nokList":[]}