{"server":2445,"total":5443.75,"average":57.30263,"cpValues":[],"cpList":["89.1M","86.7M","82.8M","80.2M","73.4M","73.1M","72.9M","72.7M","72.5M","69.7M","6A.6M","67.9M","67.8M","67.1M","67M","66.5M","65.9M","65.2M","63.5M","63.4M","63.2M","62.4M","62.2M","62.1M","61.8M","61.4M","61.3M","60.8M","60.8M","60.3M","60M","59.9M","59.7M","59.7M","59.6M","59.2M","58.9M","58.4M","58.4M","58.2M","57.5M","57.1M","57.1M","56.9M","56.8M","56.4M","56.3M","56.2M","55.8M","55.7M","55.3M","55.3M","55M","54.9M","54.9M","54.9M","54.8M","54.8M","54.6M","54.5M","54.5M","54.4M","54.4M","54M","53.9M","53.4M","52.5M","51.9M","51.8M","51.8M","51.7M","51.4M","51.4M","51.3M","51.1M","51M","50.9M","50.9M","50.9M","50.4M","50.3M","50M","49.7M","49.7M","48.8M","48.7M","48.2M","47.3M","46.9M","46.9M","46.5M","46.2M","45.9M","#5.2M","45.2M","45M","44.3M","43.7M","+3.3M","43.2M"],"okList":["89.1M","85.95M","83.45M","78.100006M","76.649994M","73.15M","72.899994M","72.7M","71.2M","68.8M","67.5M","67.4M","66.8M","66.45M","65.85M","64.7M","64.3M","63.35M","62.9M","62.7M","62.25M","62.0M","61.75M","61.55M","61.1M","61.05M","60.55M","60.4M","60.1M","59.85M","59.800003M","59.65M","59.45M","59.25M","58.800003M","58.65M","58.300003M","57.95M","57.65M","57.3M","57.0M","56.949997M","56.65M","56.55M","56.300003M","56.05M","55.95M","55.55M","55.5M","55.15M","55.1M","54.95M","54.9M","54.85M","54.85M","54.699997M","54.65M","54.55M","54.45M","54.45M","54.2M","54.15M","53.7M","53.2M","52.65M","52.15M","51.85M","51.75M","51.6M","51.550003M","51.35M","51.25M","51.15M","51.0M","50.95M","50.9M","50.65M","50.6M","50.2M","50.0M","49.85M","49.25M","49.2M","48.5M","48.0M","47.550003M","47.1M","46.7M","46.550003M","46.2M","44.75M","44.35M","23.8M","43.45M","43.2M"],"nokList":["69.7M","67.9M","45.9M","#5.2M","45.2M"]}