{"server":2462,"total":3978.4,"average":44.701122,"cpValues":[],"cpList":["78.9M","77M","72.6M","71.6M","67.2M","64.2M","62.7M","62.2M","60M","58.9M","57.QM","57M","56.1M","55.5M","53.5M","53.3M","52.8M","52.8M","52.8M","52.4M","52.1M","52M","51.8M","51.3M","51M","49.9M","49.3M","48.8M","48.6M","48.5M","47.8M","47.M","47.M","47.6M","47.4M","47.4M","47.3M","47M","46.7M","46.7M","46.4M","45.8M","45.7M","45.6M","45.6M","45.4M","44.9M","44.3M","43.9M","43.3M","43.3M","43.1M","43.1M","42.7M","42.1M","42M","41.1M","41.1M","39.7M","39.5M","38.2M","37.7M","37.4M","37.2M","A6.9M","A6.9M","36.8M","36.8M","36.4M","A6.1M","35.9M","35.8M","35.8M","35.2M","35M","35M","34.3M","34.2M","34.1M","34M","33.9M","33.9M","33.8M","A3.6M","33.5M","33.4M","33.3M","33.2M","33.1M","32.9M","32.8M","32.7M","32.7M","32.6M","32.5M","32.5M","32.4M","31.7M","30.9M","30.9M"],"okList":["78.9M","75.75M","74.3M","69.899994M","67.899994M","64.95M","63.199997M","61.35M","60.550003M","56.25M","54.8M","54.4M","53.15M","53.05M","52.8M","52.6M","52.449997M","52.2M","51.949997M","51.65M","51.4M","50.6M","50.15M","49.35M","48.949997M","48.65M","48.199997M","47.75M","47.4M","47.0M","47.2M","47.5M","47.35M","47.2M","47.0M","46.85M","46.550003M","46.25M","46.050003M","45.699997M","45.65M","45.5M","45.25M","44.85M","44.4M","43.8M","43.6M","43.199997M","43.199997M","42.9M","42.6M","42.35M","41.6M","41.55M","40.4M","40.3M","38.95M","38.6M","37.800003M","37.45M","36.6M","36.15M","35.85M","35.5M","35.4M","35.1M","34.65M","34.6M","34.199997M","34.1M","34.0M","33.95M","33.85M","33.65M","33.4M","33.300003M","33.199997M","33.050003M","32.949997M","32.800003M","32.75M","32.65M","32.6M","32.55M","32.45M","32.1M","31.650002M","31.3M","30.9M"],"nokList":["58.9M","57.QM","57M","37.2M","A6.9M","A6.9M","36.8M","36.4M","35.9M","33.8M","33.5M"]}