{"server":2465,"total":2815.0496,"average":28.724995,"cpValues":[],"cpList":["65.5M","60.2M","57.3M","54.9M","54.6M","50.6M","50.5M","50.4M","49.6M","46.9M","43.1M","42.8M","42.7M","42.5M","42.3M","40.9M","40.1M","39.9M","39.7M","AA.6M","37.2M","37.1M","35.6M","34.1M","33.9M","33.9M","32.9M","31.7M","31.1M","31.1M","30.9M","30.5M","30.4M","30.1M","29.3M","29.1M","29.1M","29.7M","28.5M","28.2M","28M","27.8M","27.7M","27.3M","27M","26.9M","26.3M","26.3M","26.3M","25.7M","25.3M","24.7M","24.6M","24.6M","24.4M","24.3M","24.2M","23.8M","23.3M","22.9M","22.7M","22.4M","22.4M","22.2M","22.1M","22.1M","22M","22M","21.9M","21.6M","21.4M","21.4M","21.2M","21M","20.9M","20.7M","20.6M","20.4M","20.2M","19.9M","19.8M","19.7M","19.6M","19.3M","19M","19M","18.3M","18.3M","18.1M","18.1M","17.9M","17.7M","17.M","17.6M","17.5M","17.5M","17.5M","17.3M","17.2M","16.0"],"okList":["65.5M","61.4M","57.550003M","55.949997M","52.75M","52.55M","50.5M","50.05M","48.65M","46.35M","44.85M","42.9M","42.65M","42.5M","41.7M","41.199997M","40.4M","39.9M","38.45M","36.4M","35.6M","34.75M","34.0M","33.4M","32.800003M","32.0M","31.400002M","31.0M","30.8M","30.65M","30.3M","29.849998M","29.6M","29.2M","29.1M","28.8M","28.95M","28.25M","28.0M","27.85M","27.55M","27.35M","27.099998M","26.65M","26.599998M","26.3M","26.0M","25.8M","25.2M","24.95M","24.650002M","24.5M","24.45M","24.3M","24.05M","23.75M","23.349998M","23.0M","22.65M","22.55M","22.3M","22.25M","22.150002M","22.05M","22.05M","21.95M","21.8M","21.65M","21.5M","21.3M","21.2M","21.05M","20.85M","20.75M","20.55M","20.400002M","20.15M","20.0M","19.8M","19.7M","19.5M","19.3M","19.15M","18.65M","18.65M","18.2M","18.2M","18.0M","17.900002M","17.45M","17.650002M","17.25M","17.55M","17.5M","17.4M","17.35M","16.65M","16.0M"],"nokList":["39.7M","37.2M"]}