{"time":1755510298055,"server":247,"cpList":["96.7M","92.7M","89.8M","89.6M","87.5M","87M","81M","80.8M","77.1M","762M","762M","75.9M","75.3M","74.7M","74.4M","73.8M","73.7M","73.4M","73M","72.8M","72.5M","72M","71.7M","71.6M","71.4M","71.2M","71.2M","70.8M","70.4M","70.3M","70.1M","69.9M","69.6M","69.5M","69.4M","69.3M","68.7M","68.2M","68M","67.5M","67.4M","67.1M","67M","66.7M","66.4M","66.4M","66.1M","65.9M","65.8M","64.8M","646M","64.1M","63.4M","63.3M","63.1M","62.8M","62.8M","62.6M","62.5M","62.2M","61.8M","61.4M","61.4M","61.1M","60.3M","60.2M","60M","59.9M","59.8M","59.7M","59.3M","59M","59M","58.7M","58.3M","58.2M","58.2M","58.1M","57.9M","57.8M","57.8M","57.5M","57.4M","57.2M","57.2M","57.2M","57.1M","57M","56.7M","56.7M","56.6M","56.4M","56.2M","56.1M","55.6M","55.5M","55.5M","55.4M","55.3M","55.2M"],"okList":["96.7M","92.7M","89.8M","89.6M","87.5M","87.0M","81.0M","80.8M","0.7709999999999999M","0.0016200000000000001M","1.62E-5M","7.590000000000001E-8M","7.53E-9M","7.47E-9M","7.4400000000000024E-9M","7.3800000000000006E-9M","7.37E-9M","7.340000000000001E-9M","7.3E-9M","7.28E-9M","7.25E-9M","7.2E-9M","7.170000000000001E-9M","7.159999999999999E-9M","7.14E-9M","7.120000000000001E-9M","7.120000000000001E-9M","7.08E-9M","7.040000000000001E-9M","7.03E-9M","7.0099999999999996E-9M","6.99E-9M","6.96E-9M","6.949999999999999E-9M","6.9400000000000004E-9M","6.929999999999999E-9M","6.8700000000000005E-9M","6.82E-9M","6.8E-9M","6.750000000000001E-9M","6.74E-9M","6.709999999999999E-9M","6.7000000000000004E-9M","6.670000000000001E-9M","6.64E-9M","6.64E-9M","6.609999999999999E-9M","6.590000000000001E-9M","6.579999999999999E-9M","6.48E-9M","6.460000000000001E-8M","6.409999999999999E-9M","6.34E-9M","6.3299999999999994E-9M","6.31E-9M","6.28E-9M","6.28E-9M","6.26E-9M","6.2500000000000005E-9M","6.22E-9M","6.18E-9M","6.14E-9M","6.14E-9M","6.11E-9M","6.03E-9M","6.02E-9M","6.0E-9M","5.99E-9M","5.9800000000000004E-9M","5.97E-9M","5.93E-9M","5.9E-9M","5.9E-9M","5.870000000000001E-9M","5.83E-9M","5.820000000000001E-9M","5.820000000000001E-9M","5.8099999999999996E-9M","5.79E-9M","5.7799999999999995E-9M","5.7799999999999995E-9M","5.75E-9M","5.74E-9M","5.72E-9M","5.72E-9M","5.72E-9M","5.71E-9M","5.7E-9M","5.6700000000000005E-9M","5.6700000000000005E-9M","5.660000000000001E-9M","5.6399999999999995E-9M","5.620000000000001E-9M","5.61E-9M","5.560000000000001E-9M","5.55E-9M","5.55E-9M","5.54E-9M","5.53E-9M","5.520000000000001E-9M"],"nokList":[]}