{"server":2473,"total":4899.351,"average":51.03491,"cpValues":[],"cpList":["71.9M","70.2M","69.4M","69.2M","68.3M","65.9M","65.5M","64.5M","64.4M","62.4M","62.1M","61.6M","61.4M","61.3M","60.8M","60.7M","60.4M","60.2M","59.7M","59.6M","59.2M","59.1M","58.1M","5AM","57.QM","57.5M","57M","56.8M","56.8M","56.8M","56.4M","56M","56M","55.1M","55M","54.4M","54.2M","53.9M","53.8M","53.7M","52.7M","52.4M","52.3M","51.7M","51.7M","51.4M","51.3M","51.2M","50.9M","50.8M","50.8M","50.7M","50.4M","50.1M","49.8M","49.2M","48.M","48.8M","48.1M","47.6M","47.4M","47.2M","46.8M","46.8M","46.5M","46.3M","46.2M","45.9M","45.5M","45.3M","45M","45M","44.9M","44.9M","44.8M","44.6M","43.9M","43.6M","43.6M","43.4M","43.1M","42.9M","42.1M","42.1M","41.9M","41.7M","41.6M","41.2M","40.9M","40.7M","40.6M","40.2M","39.2M","39M","38.9M","38.7M","38.6M","38.5M","37.9M","37.8M"],"okList":["71.9M","70.65M","69.7M","68.850006M","67.55M","66.9M","65.2M","64.95M","63.45M","63.25M","62.0M","61.75M","61.449997M","61.1M","61.0M","60.6M","60.45M","60.050003M","59.9M","59.45M","59.35M","58.65M","57.15M","56.9M","56.8M","56.6M","56.4M","56.2M","55.55M","55.5M","54.75M","54.6M","54.15M","54.0M","53.800003M","53.25M","53.050003M","52.5M","52.050003M","52.0M","51.550003M","51.5M","51.300003M","51.1M","51.0M","50.85M","50.75M","50.6M","50.4M","50.1M","49.65M","48.9M","49.0M","48.05M","48.199997M","47.75M","47.4M","47.1M","47.0M","46.65M","46.55M","46.35M","46.1M","45.85M","45.6M","45.25M","45.15M","44.95M","44.95M","44.85M","44.75M","44.35M","44.1M","43.75M","43.5M","43.35M","43.15M","42.6M","42.5M","42.0M","41.9M","41.75M","41.45M","41.25M","40.95M","40.75M","40.45M","39.9M","39.6M","39.050003M","38.85M","38.75M","38.6M","38.25M","38.15M","37.8M"],"nokList":["58.1M","5AM","57.QM","57.5M"]}