{"time":1756123274964,"server":2474,"cpList":["MTM","92.9M","90.9M","90.2M","90M","88.9M","86.8M","85.7M","80.2M","79.8M","79.4M","79M","78.9M","78.8M","77.3M","77.2M","77.2M","76.1M","73.9M","73.7M","73.6M","73.3M","72.9M","72.6M","72.5M","71.8M","71.3M","71.2M","70.4M","70.4M","69.9M","69.7M","69.6M","69.4M","69M","68.8M","68M","67.5M","67.4M","67.4M","67.4M","66.6M","65.9M","65.8M","65.7M","65.4M","65.3M","65.3M","65M","65M","64.9M","64.7M","64.5M","64.4M","64.2M","63.9M","63.9M","63.9M","63.8M","63.8M","63.7M","63.6M","63.5M","63.3M","63.2M","63.2M","62.8M","62.6M","62.5M","62.5M","62.4M","62.1M","62.1M","61.9M","61.8M","61.8M","61.6M","61.5M","61.5M","61.3M","612M","612M","61.1M","61.1M","60.9M","60.9M","60.9M","60.8M","60.8M","60.7M","60.4M","60.2M","60.1M","59.8M","59.8M","59.6M","59.5M","59.4M","59.4M","59.1M"],"okList":["7.0M","9.290000000000001M","9.09M","9.02M","9.0M","8.89M","8.68M","8.57M","8.02M","7.9799999999999995M","7.94M","7.9M","7.890000000000001M","7.88M","7.7299999999999995M","7.720000000000001M","7.720000000000001M","7.609999999999999M","7.390000000000001M","7.37M","7.359999999999999M","7.33M","7.290000000000001M","7.26M","7.25M","7.18M","7.13M","7.12M","7.040000000000001M","7.040000000000001M","6.99M","6.970000000000001M","6.959999999999999M","6.94M","6.9M","6.88M","6.8M","6.75M","6.74M","6.74M","6.74M","6.659999999999999M","6.590000000000001M","6.58M","6.57M","6.540000000000001M","6.529999999999999M","6.529999999999999M","6.5M","6.5M","6.49M","6.470000000000001M","6.45M","6.44M","6.42M","6.39M","6.39M","6.39M","6.38M","6.38M","6.37M","6.36M","6.35M","6.33M","6.32M","6.32M","6.279999999999999M","6.26M","6.25M","6.25M","6.24M","6.21M","6.21M","6.1899999999999995M","6.18M","6.18M","6.16M","6.15M","6.15M","6.13M","6.12M","6.12M","6.11M","6.11M","6.09M","6.09M","6.09M","6.08M","6.08M","6.07M","6.04M","6.0200000000000005M","6.01M","5.9799999999999995M","5.9799999999999995M","5.96M","5.95M","5.9399999999999995M","5.9399999999999995M","5.91M"],"nokList":[]}