{"server":2475,"total":2793.7993,"average":27.937994,"cpValues":[],"cpList":["75.3M","63.3M","60.8M","59M","49.9M","49.8M","45.9M","45.8M","44.9M","43.9M","43.4M","42.8M","40.6M","40.4M","40.3M","40M","39.8M","39M","78M","37.8M","35.7M","33.7M","33M","32.1M","31.7M","31M","31M","30.7M","30.2M","29.9M","29.9M","29.8M","29.7M","28.9M","29.7M","28.5M","28.3M","27.7M","27.6M","27.5M","27.4M","27.3M","27.1M","27M","26.3M","25.7M","25.6M","24.9M","24.6M","24.5M","23.8M","23.4M","23M","22.1M","22M","21.8M","21.6M","21M","21M","20.9M","20.8M","20.6M","20.4M","20.2M","20.1M","20M","20M","19.9M","19.9M","19.8M","19.8M","19.3M","19.1M","18.7M","18.3M","18.2M","18.2M","18.1M","18M","17.8M","17.8M","17.6M","17.3M","17.2M","17M","17M","16.8M","16.8M","16.6M","16.6M","16.5M","16.4M","16.4M","16.4M","16.3M","16.1M","16M","16M","15.9M","15.7M"],"okList":["75.3M","68.05M","61.15M","55.35M","54.4M","47.9M","47.8M","45.4M","44.85M","44.15M","43.35M","42.0M","41.6M","40.449997M","40.2M","40.05M","39.5M","58.9M","38.4M","56.85M","35.75M","34.35M","32.9M","32.35M","31.55M","31.35M","30.85M","30.6M","30.3M","30.05M","29.849998M","29.8M","29.349998M","29.7M","28.7M","29.0M","28.1M","27.95M","27.6M","27.5M","27.4M","27.25M","27.15M","26.7M","26.35M","25.95M","25.3M","25.1M","24.7M","24.2M","23.95M","23.4M","22.75M","22.5M","21.95M","21.8M","21.4M","21.3M","20.95M","20.9M","20.75M","20.599998M","20.400002M","20.25M","20.1M","20.05M","19.95M","19.95M","19.849998M","19.849998M","19.55M","19.45M","19.0M","18.7M","18.45M","18.25M","18.150002M","18.1M","17.95M","17.9M","17.7M","17.55M","17.400002M","17.15M","17.1M","16.9M","16.9M","16.7M","16.7M","16.55M","16.5M","16.45M","16.4M","16.349998M","16.25M","16.15M","16.05M","15.95M","15.85M","15.7M"],"nokList":[]}