{"server":2491,"total":4053.9004,"average":42.22813,"cpValues":[],"cpList":["80M","71.3M","70.4M","67.5M","6M","63.2M","62.7M","61.1M","60.8M","60.3M","59.6M","59.3M","58.8M","58.4M","5AM","56.1M","55.5M","55M","53.7M","53.7M","52.9M","52.8M","51.2M","50.6M","49.8M","49.4M","49.4M","47M","46.7M","46.5M","46.4M","45.9M","45.8M","45.6M","45M","44.7M","44.6M","44.4M","44.3M","44.1M","43.7M","43.5M","42.9M","42.2M","42.1M","41.7M","41M","40M","39.8M","39.7M","39.6M","38.8M","78M","78M","37.9M","37.7M","37.7M","37.5M","37.4M","37M","35.8M","35.5M","35.2M","34.7M","33.9M","A3.6M","33.4M","33.4M","33.4M","33.2M","33M","33M","32.7M","32.3M","32M","31.8M","31.2M","31.1M","30.7M","30.7M","30.7M","30.6M","30.4M","29.7M","29.6M","29.4M","29M","28.9M","28.8M","28.6M","28.3M","27.8M","27.6M","21.6M","27.5M","21.3M","27.1M","27M","27M","26.7M"],"okList":["80.0M","75.2M","69.4M","38.2M","65.35M","34.35M","62.15M","61.75M","60.699997M","60.199997M","59.8M","59.199997M","58.85M","57.25M","55.55M","54.6M","54.35M","53.300003M","53.25M","52.050003M","51.699997M","50.5M","50.0M","49.6M","48.2M","48.050003M","46.75M","46.550003M","46.2M","46.1M","45.75M","45.4M","45.15M","44.8M","44.550003M","44.449997M","44.25M","44.0M","43.8M","43.300003M","42.85M","42.5M","41.95M","41.55M","40.85M","40.4M","39.85M","39.699997M","39.25M","58.8M","78.0M","57.95M","57.85M","37.800003M","37.6M","37.550003M","37.25M","36.6M","36.25M","35.5M","35.1M","34.550003M","33.65M","33.4M","33.300003M","33.2M","33.1M","32.85M","32.65M","32.35M","32.05M","31.6M","31.45M","30.95M","30.900002M","30.7M","30.650002M","30.55M","30.150002M","30.0M","29.55M","29.3M","29.15M","28.9M","28.75M","28.55M","28.2M","27.95M","24.7M","27.55M","21.45M","27.3M","24.15M","27.05M","26.85M","26.7M"],"nokList":["58.4M","56.1M","33.9M","33.4M"]}