{"time":1755521985668,"server":2501,"cpList":["74.4M","73.8M","72.8M","71.6M","68.8M","67.9M","67.5M","67.5M","67.1M","66.7M","66.6M","66.4M","66M","65.7M","65.7M","65.7M","64.9M","64.7M","64.4M","64.3M","64M","63.1M","62.5M","62M","61.8M","61.7M","61.5M","61.4M","60.5M","60.2M","60M","58.8M","58.4M","58M","57.7M","57.6M","57.6M","56.9M","56.8M","56.2M","56.1M","55.8M","55.7M","55.6M","55.5M","55.2M","54.1M","53.7M","53.3M","53.1M","53M","52.8M","52.8M","51.8M","51.4M","57M","50.6M","50.5M","50M","49.7M","49.6M","49.6M","49.4M","49M","48.7M","48.2M","48.1M","48M","47.8M","47.4M","47.4M","47M","46.5M","462M","462M","461M","45.9M","45.9M","45.3M","45.3M","45.2M","45.2M","45.2M","45.2M","44.9M","44.9M","448M","44.5M","443M","441M","441M","441M","43.8M","43.8M","43.6M","43.5M","43.3M","43M","42.9M","42M"],"okList":["74.4M","73.8M","72.8M","71.6M","68.8M","67.9M","67.5M","67.5M","67.1M","66.7M","66.6M","66.4M","66.0M","65.7M","65.7M","65.7M","64.9M","64.7M","64.4M","64.3M","64.0M","63.1M","62.5M","62.0M","61.8M","61.7M","61.5M","61.4M","60.5M","60.2M","60.0M","58.8M","58.4M","58.0M","57.7M","57.6M","57.6M","56.9M","56.8M","56.2M","56.1M","55.8M","55.7M","55.6M","55.5M","55.2M","54.1M","53.7M","53.3M","53.1M","53.0M","0.528M","0.00528M","5.1800000000000005E-5M","5.140000000000001E-7M","5.6999999999999994E-8M","5.06E-9M","5.0500000000000006E-9M","5.0E-9M","4.970000000000001E-9M","4.96E-9M","4.96E-9M","4.940000000000001E-9M","4.9E-9M","4.870000000000001E-9M","4.820000000000001E-9M","4.8100000000000006E-9M","4.8E-9M","4.779999999999999E-9M","4.739999999999999E-9M","4.739999999999999E-9M","4.699999999999999E-9M","4.65E-9M","4.62E-8M","4.62E-8M","4.610000000000001E-8M","4.59E-9M","4.59E-9M","4.529999999999999E-9M","4.529999999999999E-9M","4.519999999999999E-9M","4.519999999999999E-9M","4.519999999999999E-9M","4.519999999999999E-9M","4.49E-9M","4.49E-9M","4.4800000000000004E-8M","4.45E-9M","4.43E-8M","4.4100000000000004E-8M","4.4100000000000004E-8M","4.4100000000000004E-8M","4.379999999999999E-9M","4.379999999999999E-9M","4.360000000000001E-9M","4.35E-9M","4.33E-9M","4.3000000000000005E-9M","4.289999999999999E-9M","4.2E-9M"],"nokList":[]}