{"time":1755522038567,"server":2511,"cpList":["771M","102M","868M","83.4M","81.3M","80.1M","77M","76.5M","762M","76M","75.7M","75.5M","75M","746M","746M","72.8M","72.6M","72.2M","72.1M","72.1M","72M","71.4M","71.3M","77M","70.9M","70.6M","69.5M","69.5M","69.4M","67.5M","67M","66.9M","66.5M","66.4M","65.3M","64.5M","64.4M","64.3M","642M","63.9M","63.7M","63.2M","63.2M","63.2M","62.6M","62.5M","62.5M","62.4M","62.3M","62.3M","62.3M","62.2M","62M","61.4M","61.1M","60.5M","60.2M","60.1M","59.3M","59.2M","58.5M","57.8M","57.8M","57.3M","56.7M","56.7M","56.6M","56.3M","56.2M","55.7M","55.5M","55M","54.9M","54.9M","54.8M","543M","543M","542M","54.1M","54M","53.9M","53.8M","53.5M","53.2M","53.2M","53.2M","53M","53M","52.6M","52.6M","51.7M","51.6M","51.3M","51M","50.6M","50.3M","50.1M","49.7M","49.7M","49.7M"],"okList":["171.0M","102.0M","86.8M","83.4M","81.3M","80.1M","0.77M","0.0076500000000000005M","1.62E-5M","7.599999999999999E-8M","7.570000000000001E-9M","7.550000000000001E-9M","7.5E-9M","1.46E-8M","1.46E-8M","7.28E-9M","7.26E-9M","7.2199999999999995E-9M","7.21E-9M","7.21E-9M","7.2E-9M","7.14E-9M","7.13E-9M","7.700000000000001E-9M","7.09E-9M","7.06E-9M","6.949999999999999E-9M","6.949999999999999E-9M","6.9400000000000004E-9M","6.750000000000001E-9M","6.7000000000000004E-9M","6.69E-9M","6.65E-9M","6.64E-9M","6.53E-9M","6.45E-9M","6.440000000000001E-9M","6.43E-9M","6.419999999999999E-8M","6.39E-9M","6.37E-9M","6.3200000000000005E-9M","6.3200000000000005E-9M","6.3200000000000005E-9M","6.26E-9M","6.2500000000000005E-9M","6.2500000000000005E-9M","6.24E-9M","6.23E-9M","6.23E-9M","6.23E-9M","6.22E-9M","6.2E-9M","6.14E-9M","6.11E-9M","6.05E-9M","6.02E-9M","6.01E-9M","5.93E-9M","5.920000000000001E-9M","5.8499999999999994E-9M","5.7799999999999995E-9M","5.7799999999999995E-9M","5.73E-9M","5.6700000000000005E-9M","5.6700000000000005E-9M","5.660000000000001E-9M","5.63E-9M","5.620000000000001E-9M","5.57E-9M","5.55E-9M","5.500000000000001E-9M","5.49E-9M","5.49E-9M","5.48E-9M","5.4299999999999997E-8M","5.4299999999999997E-8M","5.4199999999999996E-8M","5.410000000000001E-9M","5.4E-9M","5.390000000000001E-9M","5.38E-9M","5.350000000000001E-9M","5.32E-9M","5.32E-9M","5.32E-9M","5.3E-9M","5.3E-9M","5.2600000000000004E-9M","5.2600000000000004E-9M","5.17E-9M","5.160000000000001E-9M","5.13E-9M","5.100000000000001E-9M","5.06E-9M","5.03E-9M","5.01E-9M","4.970000000000001E-9M","4.970000000000001E-9M","4.970000000000001E-9M"],"nokList":[]}