{"time":1755510350454,"server":252,"cpList":["85.2M","84.4M","83.9M","79.3M","77.7M","76.8M","72.2M","71.9M","71.5M","71.3M","71.2M","70.3M","69.1M","68.9M","68.3M","67.1M","66.9M","66.6M","66.3M","65.8M","64.3M","62.8M","61.6M","61.6M","612M","59.9M","57.5M","57.3M","57M","56.1M","55.8M","55.3M","54.6M","542M","53.3M","52.9M","52.8M","52.4M","52.3M","52M","52M","51.8M","51.7M","51.3M","51.1M","51.1M","57M","50.9M","50.7M","49.5M","49.5M","49.2M","49M","49M","48.9M","48.9M","48.6M","48.5M","48.5M","48.5M","48.4M","48.3M","48.3M","48.2M","48.1M","47.9M","47.9M","462M","45.8M","45.6M","45.5M","45.5M","45.5M","45.3M","45.2M","45M","446M","446M","44.5M","44.5M","44.4M","44.4M","442M","43.7M","43.5M","43.4M","43.3M","426M","41.7M","41.4M","41M","40.7M","40.4M","40.4M","40.3M","39.6M","39.4M","39.2M","39M","39M"],"okList":["85.2M","84.4M","83.9M","79.3M","77.7M","76.8M","72.2M","71.9M","71.5M","71.3M","71.2M","70.3M","69.1M","68.9M","68.3M","67.1M","66.9M","66.6M","66.3M","65.8M","64.3M","62.8M","61.6M","61.6M","61.2M","59.9M","57.5M","57.3M","57.0M","56.1M","55.8M","55.3M","54.6M","54.2M","53.3M","52.9M","52.8M","52.4M","52.3M","52.0M","52.0M","51.8M","0.517M","0.00513M","5.11E-5M","5.110000000000001E-7M","5.6999999999999994E-8M","5.0900000000000004E-9M","5.07E-9M","4.949999999999999E-9M","4.949999999999999E-9M","4.920000000000001E-9M","4.9E-9M","4.9E-9M","4.89E-9M","4.89E-9M","4.86E-9M","4.8500000000000004E-9M","4.8500000000000004E-9M","4.8500000000000004E-9M","4.839999999999999E-9M","4.83E-9M","4.83E-9M","4.820000000000001E-9M","4.8100000000000006E-9M","4.79E-9M","4.79E-9M","4.62E-8M","4.58E-9M","4.559999999999999E-9M","4.55E-9M","4.55E-9M","4.55E-9M","4.529999999999999E-9M","4.519999999999999E-9M","4.500000000000001E-9M","4.4599999999999996E-8M","4.4599999999999996E-8M","4.45E-9M","4.45E-9M","4.44E-9M","4.44E-9M","4.419999999999999E-8M","4.3700000000000004E-9M","4.35E-9M","4.34E-9M","4.33E-9M","4.26E-8M","4.17E-9M","4.139999999999999E-9M","4.0999999999999995E-9M","4.070000000000001E-9M","4.039999999999999E-9M","4.039999999999999E-9M","4.03E-9M","3.96E-9M","3.94E-9M","3.92E-9M","3.899999999999999E-9M","3.899999999999999E-9M"],"nokList":[]}