{"server":252,"total":5126.5503,"average":52.311737,"cpValues":[],"cpList":["80.8M","75.2M","74.7M","74.5M","73.7M","72.2M","71.5M","71.3M","70.3M","69.1M","69M","67.9M","67.8M","67.1M","66.9M","66.3M","66.3M","63.6M","63.1M","62M","61.6M","61.6M","61.2M","60.8M","59.3M","57.5M","57M","56.1M","55.3M","55.1M","53.5M","53.3M","53.2M","53M","52.8M","52.1M","52M","51.8M","51.3M","51.1M","50.9M","50.8M","50.5M","50.4M","50.2M","49.7M","49.2M","49M","49M","48.M","48.M","48.8M","48.7M","48.6M","48.6M","48.6M","48.5M","48.5M","48.3M","47.9M","47.9M","47.3M","47.3M","47.1M","46.7M","45.9M","45.5M","45.5M","45.2M","45.2M","45M","44.6M","44.4M","44.4M","44.4M","44.2M","44.2M","43.7M","43.6M","43.5M","43.2M","42.9M","42.6M","42.6M","42.4M","41.9M","41.4M","41.2M","41M","40.4M","40.4M","40.3M","39.8M","39.6M","39.4M","38.7M","38.2M","3AM","38M","37.8M"],"okList":["80.8M","77.75M","74.85M","74.2M","73.35M","72.6M","71.75M","70.9M","70.2M","69.65M","68.5M","68.4M","67.5M","67.350006M","66.7M","66.600006M","64.95M","64.7M","62.8M","62.35M","61.8M","61.4M","61.199997M","60.25M","59.15M","58.15M","56.8M","56.15M","55.6M","54.4M","54.199997M","53.35M","53.15M","53.0M","52.55M","52.4M","51.949997M","51.65M","51.449997M","51.1M","50.949997M","50.7M","50.6M","50.35M","50.050003M","49.7M","49.35M","49.1M","48.5M","48.5M","48.0M","48.35M","48.699997M","48.65M","48.6M","48.55M","48.55M","48.4M","48.2M","48.1M","47.6M","47.6M","47.199997M","47.0M","46.5M","46.1M","45.7M","45.35M","45.35M","45.1M","44.9M","44.7M","44.5M","44.4M","44.300003M","44.300003M","43.95M","43.9M","43.6M","43.4M","43.2M","42.9M","42.75M","42.5M","42.25M","41.9M","41.550003M","41.2M","40.800003M","40.7M","40.35M","40.1M","39.949997M","39.6M","39.15M","38.800003M","38.1M","37.8M"],"nokList":["38.2M","38M"]}