{"server":2541,"total":3177.1995,"average":33.799995,"cpValues":[],"cpList":["89.6M","79.8M","65.2M","62.9M","59.7M","56.9M","52.9M","51.3M","49.6M","49.5M","48.2M","45M","44.4M","43.3M","43M","42.8M","42.3M","42.3M","40.7M","40.6M","39.5M","39.2M","38.5M","38.4M","38.3M","37.8M","37M","36.8M","34.9M","34.7M","34.4M","34.2M","34M","33.7M","33.1M","33M","32.9M","32.4M","32.1M","31.8M","31.6M","31.4M","31.4M","30.3M","30.2M","29.9M","29.8M","29.8M","29.6M","29.5M","29.5M","29.3M","29.2M","29M","28.8M","28.6M","28.5M","28.5M","28.4M","27.7M","27.4M","27.3M","26.4M","26.2M","26M","25.QM","25.8M","25.8M","25.5M","25.4M","25.4M","25.3M","24.6M","24.5M","24.5M","24.5M","24.5M","24.5M","24.4M","24.4M","24.2M","24M","23.8M","23.7M","23.7M","23.4M","23.3M","23.3M","23.2M","23.1M","23.1M","22.9M","22.8M","22.8M","22.7M","22.7M","22.1M","2ZM","22M","21.7M"],"okList":["89.6M","77.399994M","71.350006M","62.449997M","59.9M","56.300003M","54.1M","51.25M","50.4M","48.9M","47.25M","46.300003M","44.15M","43.7M","43.05M","42.65M","42.55M","41.5M","41.449997M","40.1M","39.9M","39.0M","38.800003M","38.4M","38.1M","37.65M","37.3M","35.95M","35.75M","34.65M","34.45M","34.2M","33.95M","33.55M","33.35M","33.0M","32.7M","32.5M","32.1M","31.849998M","31.599998M","31.5M","30.849998M","30.8M","30.099998M","30.0M","29.849998M","29.7M","29.65M","29.55M","29.4M","29.35M","29.15M","29.0M","28.8M","28.65M","28.55M","28.45M","28.1M","27.9M","27.5M","26.9M","26.75M","26.2M","25.65M","25.599998M","25.45M","25.349998M","25.0M","24.9M","24.55M","24.5M","24.5M","24.5M","24.45M","24.45M","24.3M","24.2M","24.0M","23.85M","23.75M","23.55M","23.5M","23.349998M","23.25M","23.2M","23.150002M","23.0M","22.95M","22.849998M","22.75M","22.75M","22.400002M","21.7M"],"nokList":["26M","25.QM","25.8M","22.1M","2ZM","22M"]}