{"time":1755522118077,"server":2541,"cpList":["68.8M","62.9M","58.5M","54.7M","53.8M","57M","50.6M","46M","45.5M","44.7M","43.3M","43M","42.8M","40.8M","40.6M","39.5M","39.2M","38.7M","38.3M","37.8M","37M","36.8M","35.1M","34.7M","346M","34.4M","342M","34M","33.7M","33.1M","33M","32.9M","32.1M","32M","31.8M","31.4M","31.4M","30.3M","30.2M","29.9M","29.8M","29.8M","29.6M","29.5M","29.5M","29.3M","29.2M","29.1M","29M","28.8M","28.6M","28.5M","28.5M","28.4M","27.7M","27.4M","27.3M","26.4M","26.2M","26M","25.9M","25.8M","25.8M","25.5M","25.4M","25.4M","25.3M","246M","24.5M","24.5M","24.5M","24.5M","24.4M","24.4M","242M","24M","23.8M","23.7M","23.7M","23.4M","23.3M","23.3M","23.2M","23.1M","23.1M","22.9M","22.8M","22.8M","22.7M","22.7M","22.1M","22M","22M","21.7M","21.5M","21.5M","21.4M","21.4M","21.4M","21.3M"],"okList":["68.8M","0.629M","0.005849999999999999M","5.47E-5M","5.38E-7M","5.6999999999999994E-8M","5.06E-9M","4.6E-9M","4.55E-9M","4.4700000000000005E-9M","4.33E-9M","4.3000000000000005E-9M","4.279999999999999E-9M","4.079999999999999E-9M","4.0600000000000005E-9M","3.950000000000001E-9M","3.92E-9M","3.87E-9M","3.829999999999999E-9M","3.78E-9M","3.7000000000000005E-9M","3.68E-9M","3.5100000000000005E-9M","3.4700000000000002E-9M","3.46E-8M","3.4399999999999997E-9M","3.42E-8M","3.4E-9M","3.37E-9M","3.31E-9M","3.3E-9M","3.2899999999999996E-9M","3.2100000000000003E-9M","3.2E-9M","3.18E-9M","3.14E-9M","3.14E-9M","3.03E-9M","3.0200000000000003E-9M","2.9900000000000002E-9M","2.98E-9M","2.98E-9M","2.9600000000000005E-9M","2.95E-9M","2.95E-9M","2.93E-9M","2.92E-9M","2.9100000000000005E-9M","2.9E-9M","2.8800000000000004E-9M","2.86E-9M","2.85E-9M","2.85E-9M","2.8399999999999993E-9M","2.77E-9M","2.74E-9M","2.7300000000000003E-9M","2.6400000000000004E-9M","2.62E-9M","2.6E-9M","2.5900000000000004E-9M","2.5800000000000006E-9M","2.5800000000000006E-9M","2.5500000000000005E-9M","2.5400000000000003E-9M","2.5400000000000003E-9M","2.53E-9M","2.4600000000000002E-8M","2.45E-9M","2.45E-9M","2.45E-9M","2.45E-9M","2.4400000000000003E-9M","2.4400000000000003E-9M","2.42E-8M","2.4E-9M","2.38E-9M","2.3699999999999995E-9M","2.3699999999999995E-9M","2.34E-9M","2.33E-9M","2.33E-9M","2.3200000000000003E-9M","2.31E-9M","2.31E-9M","2.29E-9M","2.2799999999999996E-9M","2.2799999999999996E-9M","2.2700000000000002E-9M","2.2700000000000002E-9M","2.21E-9M","2.2000000000000003E-9M","2.2000000000000003E-9M","2.17E-9M","2.1500000000000002E-9M","2.1500000000000002E-9M","2.1399999999999996E-9M","2.1399999999999996E-9M","2.1399999999999996E-9M","2.13E-9M"],"nokList":[]}