{"server":2542,"total":2872.2002,"average":29.610312,"cpValues":[],"cpList":["58.5M","53.9M","53.2M","53M","50.9M","50.4M","46.5M","46.2M","44.5M","43M","42.1M","41.4M","41.2M","40.8M","40.6M","37.9M","37.9M","35.9M","35.7M","35.2M","35.1M","34.9M","34.9M","34.8M","33.9M","33.5M","33.4M","32.3M","32.2M","32M","31.7M","30.9M","30.1M","30M","30M","29M","29.7M","29.7M","28.6M","28.4M","28.3M","28.1M","27.8M","27.8M","27.6M","27.1M","27M","26.8M","26.8M","26.7M","26.7M","26.5M","26.4M","26.4M","26M","25.7M","25.3M","25.3M","25.3M","25.2M","24.9M","24.9M","24.6M","24.4M","24.1M","24.1M","23.7M","23.7M","23.4M","23.4M","23.2M","23.1M","22.9M","22.8M","22.8M","22.3M","22.2M","21.8M","21.6M","21.4M","21.4M","21.2M","21.1M","21M","21M","20.8M","20.7M","20.6M","20.6M","20.6M","20.5M","20.3M","Z0.2M","20M","19.9M","19.9M","19.7M","19.7M","19.6M","19.4M"],"okList":["58.5M","55.85M","53.45M","52.050003M","51.7M","48.7M","48.300003M","45.5M","44.6M","43.3M","42.2M","41.65M","41.1M","40.9M","39.35M","39.25M","36.9M","36.800003M","35.550003M","35.4M","35.050003M","35.0M","34.85M","34.4M","34.15M","33.65M","32.9M","32.800003M","32.15M","31.95M","31.45M","30.900002M","30.45M","30.05M","29.5M","29.85M","29.7M","29.150002M","29.05M","28.45M","28.25M","28.05M","27.95M","27.7M","27.45M","27.3M","26.95M","26.9M","26.75M","26.75M","26.6M","26.55M","26.45M","26.2M","26.05M","25.65M","25.5M","25.3M","25.25M","25.099998M","25.05M","24.75M","24.65M","24.35M","24.25M","23.900002M","23.900002M","23.55M","23.55M","23.3M","23.25M","23.05M","22.95M","22.849998M","22.55M","22.5M","22.05M","21.900002M","21.599998M","21.5M","21.3M","21.25M","21.1M","21.05M","20.9M","20.85M","20.7M","20.650002M","20.6M","20.55M","20.45M","19.95M","19.8M","19.8M","19.650002M","19.55M","19.4M"],"nokList":["20.3M","Z0.2M","20M"]}