{"server":2543,"total":3627.4004,"average":37.01429,"cpValues":[],"cpList":["62.4M","60.9M","56.7M","49.6M","48.3M","48.1M","47.9M","47.4M","47.3M","45.8M","45.1M","45.1M","44.7M","44.4M","44M","43.9M","43.1M","42.5M","42.2M","41.4M","41.2M","41M","40.7M","40.5M","40.5M","40.2M","40.1M","39.9M","39.2M","39.1M","39.1M","38.2M","78M","78M","37.9M","37.3M","37.2M","36.7M","A6.6M","36.3M","35.8M","35.6M","35.3M","35M","34.9M","34.8M","34.5M","33.9M","33.9M","33.7M","33.5M","33.3M","32.9M","32.9M","32.8M","32.7M","32.7M","32.5M","32.4M","32.2M","32.2M","32.1M","32.1M","32M","31.9M","31.8M","31.6M","31.6M","31.6M","31.3M","31.1M","31.1M","31M","31M","30.9M","30.8M","30.6M","30.4M","30.2M","30.1M","29.9M","29.4M","29.4M","29.3M","29.3M","29.3M","29M","28.9M","28.9M","28.6M","28.4M","28.3M","28.3M","28.2M","28.1M","28M","27.8M","27.3M","27.2M","27.1M"],"okList":["62.4M","59.550003M","55.25M","52.5M","48.85M","48.1M","47.75M","47.6M","46.6M","46.199997M","45.449997M","44.9M","44.75M","44.35M","44.15M","43.55M","43.2M","42.65M","41.95M","41.7M","41.2M","40.95M","40.75M","40.6M","40.35M","40.3M","40.050003M","39.65M","39.5M","39.15M","38.65M","58.55M","78.0M","57.95M","57.65M","37.550003M","37.0M","36.5M","35.949997M","35.55M","35.3M","35.1M","34.9M","34.7M","34.35M","34.2M","33.800003M","33.7M","33.5M","33.2M","33.1M","32.85M","32.800003M","32.75M","32.6M","32.550003M","32.35M","32.300003M","32.15M","32.15M","32.05M","32.0M","31.9M","31.75M","31.7M","31.6M","31.45M","31.35M","31.2M","31.05M","31.05M","30.95M","30.9M","30.75M","30.599998M","30.400002M","30.25M","30.05M","29.75M","29.65M","29.349998M","29.349998M","29.3M","29.15M","29.099998M","28.95M","28.75M","28.65M","28.45M","28.349998M","28.25M","28.2M","28.1M","27.95M","27.65M","27.5M","27.2M","27.1M"],"nokList":["36.7M","36.3M"]}