{"time":1755522144510,"server":2543,"cpList":["70.2M","64.9M","64.1M","62.4M","60.9M","58.6M","58.2M","57M","56.9M","56.7M","56.3M","56.1M","55.7M","55.1M","54.9M","53.2M","52.4M","52.2M","51.7M","51.1M","57M","50.7M","50.7M","50.6M","50.4M","50.2M","49.9M","49.8M","49.6M","49.4M","49.4M","49.2M","48.7M","48.6M","48.5M","48.3M","48.1M","48.1M","47.7M","47.4M","47.3M","47.1M","46.9M","46.9M","468M","46.5M","46.3M","45.8M","45.7M","45.4M","45.2M","45.2M","45.1M","45.1M","448M","44.7M","446M","44M","43.9M","43.8M","43.8M","43.4M","43.4M","43.3M","43.1M","43M","42.7M","42.5M","42.4M","422M","422M","42.1M","42M","41.8M","41.7M","41.4M","41.4M","41.3M","412M","412M","41.1M","41M","40.9M","40.9M","40.9M","40.9M","40.7M","40.6M","40.2M","40.1M","40.1M","40M","40M","40M","39.9M","39.9M","39.7M","39.6M","393M","39.2M"],"okList":["70.2M","64.9M","64.1M","62.4M","60.9M","58.6M","58.2M","57.0M","56.9M","56.7M","56.3M","56.1M","55.7M","55.1M","54.9M","53.2M","0.524M","0.00522M","5.17E-5M","5.110000000000001E-7M","5.6999999999999994E-8M","5.07E-9M","5.07E-9M","5.06E-9M","5.040000000000001E-9M","5.0200000000000004E-9M","4.989999999999999E-9M","4.979999999999999E-9M","4.96E-9M","4.940000000000001E-9M","4.940000000000001E-9M","4.920000000000001E-9M","4.870000000000001E-9M","4.86E-9M","4.8500000000000004E-9M","4.83E-9M","4.8100000000000006E-9M","4.8100000000000006E-9M","4.770000000000001E-9M","4.739999999999999E-9M","4.73E-9M","4.7100000000000005E-9M","4.689999999999999E-9M","4.689999999999999E-9M","4.6799999999999996E-8M","4.65E-9M","4.629999999999999E-9M","4.58E-9M","4.57E-9M","4.5400000000000005E-9M","4.519999999999999E-9M","4.519999999999999E-9M","4.51E-9M","4.51E-9M","4.4800000000000004E-8M","4.4700000000000005E-9M","4.4599999999999996E-8M","4.4000000000000005E-9M","4.389999999999999E-9M","4.379999999999999E-9M","4.379999999999999E-9M","4.34E-9M","4.34E-9M","4.33E-9M","4.31E-9M","4.3000000000000005E-9M","4.27E-9M","4.25E-9M","4.24E-9M","4.2199999999999994E-8M","4.2199999999999994E-8M","4.21E-9M","4.2E-9M","4.18E-9M","4.17E-9M","4.139999999999999E-9M","4.139999999999999E-9M","4.1300000000000004E-9M","4.12E-8M","4.12E-8M","4.109999999999999E-9M","4.0999999999999995E-9M","4.09E-9M","4.09E-9M","4.09E-9M","4.09E-9M","4.070000000000001E-9M","4.0600000000000005E-9M","4.020000000000001E-9M","4.010000000000001E-9M","4.010000000000001E-9M","4.0E-9M","4.0E-9M","4.0E-9M","3.99E-9M","3.99E-9M","3.97E-9M","3.96E-9M","3.930000000000001E-8M","3.92E-9M"],"nokList":[]}