{"server":2545,"total":2714.3,"average":27.69694,"cpValues":[],"cpList":["129M","70.9M","58.2M","48.4M","40.1M","39.6M","38.8M","38.4M","38.3M","38.1M","35.1M","34M","34M","A3.6M","33M","32.7M","32.4M","32.4M","32.2M","32.1M","31.8M","31.5M","31M","30.9M","30.9M","30.7M","30.4M","30.2M","30.1M","29.7M","29.2M","28.4M","28.4M","28.3M","27.2M","27M","27M","26.7M","26.6M","26.4M","26.3M","26.1M","26M","25.6M","25.5M","25.4M","25.3M","25.1M","24M","24M","23.8M","23.3M","23M","22.8M","22.7M","22.4M","22.2M","22.1M","22.1M","22M","22M","21.8M","21.7M","21.7M","21.6M","21.5M","21.5M","21.4M","21.4M","21.4M","21.4M","21.4M","21.3M","21.2M","21.1M","21.1M","21M","21M","21M","21M","21M","20.9M","20.8M","20.5M","20.2M","20.2M","20.2M","20.1M","19.3M","19.3M","19.3M","19.1M","19.1M","19.1M","18.9M","18.8M","18.7M","18.7M","18.7M","18.5M"],"okList":["129.0M","93.6M","59.65M","49.15M","44.0M","39.449997M","39.0M","38.55M","38.25M","36.699997M","36.05M","34.55M","33.5M","32.7M","32.550003M","32.300003M","32.25M","32.0M","31.8M","31.4M","31.2M","30.95M","30.8M","30.65M","30.45M","30.25M","29.95M","29.650002M","29.05M","28.8M","28.349998M","27.8M","27.65M","27.1M","26.85M","26.8M","26.55M","26.45M","26.25M","26.15M","25.85M","25.75M","25.5M","25.4M","25.25M","24.65M","24.55M","23.9M","23.65M","23.4M","23.05M","22.85M","22.599998M","22.45M","22.25M","22.150002M","22.05M","22.05M","21.9M","21.85M","21.75M","21.650002M","21.6M","21.55M","21.45M","21.45M","21.4M","21.4M","21.4M","21.349998M","21.3M","21.2M","21.150002M","21.05M","21.05M","21.0M","21.0M","21.0M","20.95M","20.9M","20.7M","20.5M","20.35M","20.2M","20.150002M","19.75M","19.7M","19.3M","19.2M","19.2M","19.1M","19.0M","18.95M","18.8M","18.75M","18.7M","18.6M","18.5M"],"nokList":["34M","33M"]}