{"server":2558,"total":3064.0999,"average":31.917707,"cpValues":[],"cpList":["54M","51.4M","51.2M","50.5M","50.2M","49.7M","46.2M","46.2M","45.4M","44M","43.7M","42.4M","41.7M","40.8M","40.1M","38.9M","37.7M","37.4M","37.1M","36.8M","36.8M","35.9M","35.9M","35.8M","35.5M","35.2M","34.8M","34.8M","34.8M","34.7M","34.7M","34.5M","34.3M","34M","33.5M","33.1M","32.3M","31.9M","31.8M","31.8M","31.3M","31.3M","30.9M","30.7M","30.6M","29.8M","29.7M","29.7M","29.6M","29.2M","29.2M","28.9M","28.6M","28.5M","28.4M","28.4M","28.3M","28.2M","28M","27.8M","27.7M","27.6M","27.5M","27.5M","27.4M","26.8M","26.6M","26.3M","26.2M","26.1M","26.1M","25.QM","25.QM","25.8M","25.7M","25.5M","25.5M","25.5M","25.5M","25.4M","25.4M","25.4M","25.3M","24.9M","24.8M","24.5M","24.3M","24.3M","24M","23.8M","23.7M","23.6M","23.5M","23.5M","23.5M","23.5M","23.5M","23.4M","23.3M","23.2M"],"okList":["54.0M","52.6M","50.95M","50.7M","50.1M","48.2M","47.95M","45.800003M","45.1M","44.550003M","43.2M","42.7M","41.6M","40.9M","39.85M","38.9M","38.15M","37.4M","37.1M","36.949997M","36.35M","36.35M","35.85M","35.7M","35.5M","35.15M","35.0M","34.8M","34.75M","34.75M","34.6M","34.5M","34.25M","33.9M","33.55M","32.9M","32.5M","32.05M","31.849998M","31.55M","31.55M","31.099998M","31.0M","30.75M","30.25M","30.150002M","29.75M","29.650002M","29.45M","29.400002M","29.05M","28.900002M","28.7M","28.5M","28.45M","28.349998M","28.3M","28.15M","28.0M","27.85M","27.7M","27.6M","27.55M","27.45M","27.15M","27.0M","26.55M","26.400002M","26.2M","26.150002M","25.65M","25.6M","25.5M","25.5M","25.45M","25.45M","25.4M","25.349998M","25.15M","25.05M","24.7M","24.55M","24.4M","24.15M","24.05M","23.85M","23.7M","23.6M","23.55M","23.5M","23.5M","23.5M","23.45M","23.4M","23.3M","23.2M"],"nokList":["26.1M","25.QM","25.QM","25.8M"]}