{"server":2567,"total":3434.0999,"average":35.40309,"cpValues":[],"cpList":["65M","63.6M","61.6M","61.5M","58.6M","57.QM","57.6M","55.6M","54.4M","51.6M","51.1M","49.1M","48.M","48.3M","47M","44.3M","43.3M","43.1M","42.4M","42.1M","41.3M","40.8M","40M","39.9M","39.1M","38.9M","38.2M","37.8M","37.3M","37.2M","37M","37M","36.5M","35.8M","35.6M","35.6M","35.3M","35.3M","35.3M","35.2M","35.1M","34.7M","34.5M","34.5M","34.4M","34.3M","34.2M","34.1M","33.4M","32.7M","32.6M","32.4M","32.3M","32.2M","32.2M","32.2M","32.1M","32M","31.9M","31.8M","31.8M","31.3M","31M","30.8M","30.7M","30.6M","30.6M","30.5M","30.5M","30M","29.7M","29.6M","29.6M","29.2M","29.2M","29.1M","29.1M","29.1M","29M","28.9M","29.7M","29.7M","28.5M","28.4M","28.3M","28.3M","28.1M","27.5M","27.5M","27.5M","27.5M","27.4M","27.3M","27.3M","27.3M","21.3M","27M","26.9M","26.7M","26.4M"],"okList":["65.0M","63.3M","62.55M","60.1M","56.0M","53.6M","52.75M","50.35M","49.55M","48.699997M","47.5M","46.3M","45.15M","43.699997M","42.85M","42.6M","41.85M","41.449997M","40.65M","40.35M","39.55M","39.4M","38.65M","38.35M","37.75M","37.5M","37.15M","37.1M","36.75M","36.4M","36.05M","35.699997M","35.449997M","35.449997M","35.3M","35.25M","35.199997M","34.95M","34.8M","34.6M","34.45M","34.4M","34.300003M","34.199997M","33.800003M","33.4M","33.0M","32.550003M","32.449997M","32.300003M","32.25M","32.2M","32.15M","32.1M","32.0M","31.9M","31.849998M","31.55M","31.4M","31.05M","30.85M","30.7M","30.650002M","30.55M","30.55M","30.25M","30.1M","29.8M","29.650002M","29.400002M","29.400002M","29.150002M","29.150002M","29.1M","29.05M","29.0M","29.35M","29.7M","29.1M","29.05M","28.4M","28.349998M","28.2M","27.9M","27.8M","27.5M","27.5M","27.45M","27.4M","27.349998M","27.3M","24.3M","27.15M","24.099998M","26.85M","26.65M","26.4M"],"nokList":["58.6M","57.QM","57.6M"]}