{"time":1755522250283,"server":2569,"cpList":["76.4M","72.2M","77M","70M","69.8M","69.7M","68.6M","68.1M","67.4M","66.8M","66.8M","66.7M","66.2M","66.1M","65.2M","64.3M","63.5M","62.8M","62.8M","62.6M","62.5M","62.4M","62.3M","62M","61.9M","61.3M","61.1M","60.9M","60.9M","60.2M","59.8M","59.7M","59.7M","59.4M","58.7M","58.7M","58M","57.9M","57.8M","57.7M","57.5M","57.1M","56.8M","56.7M","56.7M","56.6M","56.5M","56.2M","55.8M","55.7M","55.2M","55.2M","55M","55M","54.9M","54.8M","54.7M","54.7M","54.7M","54.6M","543M","53.7M","53.5M","53.5M","53M","52.8M","52.4M","52.2M","52.2M","52.1M","52.1M","52.1M","51.8M","51.7M","51.4M","51.2M","51.2M","50.4M","50.3M","50.2M","50M","49.7M","49.5M","49.4M","49.1M","49.1M","49M","49M","49M","48.9M","48.9M","48.9M","48.7M","48.7M","48.7M","48.6M","48.6M","48.5M","48.5M","48.5M"],"okList":["7.64E-5M","7.219999999999999E-7M","7.699999999999999E-8M","7.0E-9M","6.9799999999999995E-9M","6.97E-9M","6.86E-9M","6.8099999999999994E-9M","6.74E-9M","6.68E-9M","6.68E-9M","6.670000000000001E-9M","6.62E-9M","6.609999999999999E-9M","6.5200000000000015E-9M","6.43E-9M","6.35E-9M","6.28E-9M","6.28E-9M","6.26E-9M","6.2500000000000005E-9M","6.24E-9M","6.23E-9M","6.2E-9M","6.19E-9M","6.13E-9M","6.11E-9M","6.09E-9M","6.09E-9M","6.02E-9M","5.9800000000000004E-9M","5.97E-9M","5.97E-9M","5.9400000000000006E-9M","5.870000000000001E-9M","5.870000000000001E-9M","5.8E-9M","5.79E-9M","5.7799999999999995E-9M","5.7700000000000005E-9M","5.75E-9M","5.71E-9M","5.6799999999999986E-9M","5.6700000000000005E-9M","5.6700000000000005E-9M","5.660000000000001E-9M","5.65E-9M","5.620000000000001E-9M","5.5799999999999985E-9M","5.57E-9M","5.520000000000001E-9M","5.520000000000001E-9M","5.500000000000001E-9M","5.500000000000001E-9M","5.49E-9M","5.48E-9M","5.47E-9M","5.47E-9M","5.47E-9M","5.4600000000000006E-9M","5.4299999999999997E-8M","5.37E-9M","5.350000000000001E-9M","5.350000000000001E-9M","5.3E-9M","5.280000000000001E-9M","5.24E-9M","5.22E-9M","5.22E-9M","5.21E-9M","5.21E-9M","5.21E-9M","5.180000000000001E-9M","5.17E-9M","5.140000000000001E-9M","5.1200000000000005E-9M","5.1200000000000005E-9M","5.040000000000001E-9M","5.03E-9M","5.0200000000000004E-9M","5.0E-9M","4.970000000000001E-9M","4.949999999999999E-9M","4.940000000000001E-9M","4.910000000000001E-9M","4.910000000000001E-9M","4.9E-9M","4.9E-9M","4.9E-9M","4.89E-9M","4.89E-9M","4.89E-9M","4.870000000000001E-9M","4.870000000000001E-9M","4.870000000000001E-9M","4.86E-9M","4.86E-9M","4.8500000000000004E-9M","4.8500000000000004E-9M","4.8500000000000004E-9M"],"nokList":[]}