{"server":2569,"total":5305.448,"average":55.846825,"cpValues":[],"cpList":["80M","12.4M","69.8M","69.7M","68.9M","68.1M","6AM","66.7M","66.6M","65.9M","65.5M","65.2M","64.6M","64.3M","64.2M","64M","63.5M","62.6M","61.9M","61.5M","61.3M","61.1M","60.9M","60.9M","60.2M","60.2M","60.2M","59.7M","59.7M","59.7M","59.1M","59.1M","58.7M","58.3M","58.2M","57.QM","57.5M","57.1M","56.7M","56.7M","56.6M","56.5M","56.4M","56.2M","56.2M","55.8M","55.3M","55.1M","54.9M","54.9M","54.8M","54.7M","54.6M","54.6M","54.5M","54.3M","54.2M","54.1M","54.1M","53.8M","53.7M","53.5M","53.4M","53M","53M","52.8M","52.4M","52.4M","52.4M","52.2M","52.1M","52.1M","51.8M","51.8M","51.5M","51.4M","51.2M","51.1M","50.4M","50.4M","50.3M","50.2M","50M","49.5M","49.5M","49.4M","49.3M","49.1M","49M","49M","48.M","48.M","48.9M","48.9M","48.7M","48.6M","48.5M","48.5M","48.4M","48.3M"],"okList":["80.0M","74.9M","41.05M","69.350006M","68.899994M","67.399994M","66.3M","66.05M","65.55M","65.05M","64.75M","64.399994M","64.15M","63.85M","63.3M","62.7M","62.05M","61.6M","61.3M","61.1M","61.0M","60.550003M","60.550003M","60.2M","59.95M","59.95M","59.7M","59.4M","59.4M","58.9M","58.699997M","58.45M","57.1M","56.9M","56.65M","56.6M","56.5M","56.35M","56.300003M","56.0M","55.75M","55.449997M","55.1M","55.0M","54.85M","54.800003M","54.699997M","54.65M","54.55M","54.449997M","54.35M","54.199997M","54.15M","53.949997M","53.9M","53.65M","53.550003M","53.25M","53.2M","52.9M","52.7M","52.6M","52.4M","52.300003M","52.25M","52.15M","51.949997M","51.949997M","51.65M","51.6M","51.35M","51.25M","50.800003M","50.75M","50.35M","50.300003M","50.15M","49.85M","49.75M","49.45M","49.4M","49.25M","49.15M","49.05M","48.5M","48.5M","48.0M","48.9M","48.800003M","48.75M","48.6M","48.55M","48.45M","48.4M","48.3M"],"nokList":["68.1M","66.7M","58.2M","57.QM","57.5M"]}