{"server":2570,"total":3298.6,"average":34.722107,"cpValues":[],"cpList":["64.5M","61.4M","56.5M","50.2M","50.1M","49.3M","48.8M","48.1M","46.6M","46.3M","46.2M","45.9M","44.8M","44.4M","44.3M","41.9M","41.9M","41.8M","40.7M","40.7M","40.4M","39.8M","39.6M","39.1M","39.1M","39.1M","38.7M","37.8M","37.6M","37.4M","37.4M","37.4M","37.3M","37.3M","36.8M","35.7M","35.3M","34.8M","34.6M","34.6M","34.4M","33.9M","33.8M","A3.6M","33.4M","33M","32.9M","32.8M","32.7M","32.5M","32.4M","32.4M","32.1M","32.1M","31.9M","31.1M","30.9M","30.3M","30.2M","30M","29.9M","29.8M","29.7M","29.6M","29.6M","29.5M","28.8M","28.6M","28.6M","28.6M","28.4M","28.3M","28.2M","28.1M","28M","27.9M","27.6M","27.6M","27.3M","27.2M","27.1M","26.9M","26.9M","26.7M","26.6M","26.6M","26.5M","26.2M","26.1M","26M","25.QM","25.8M","25.8M","25.7M","25.5M","25.4M","25.1M","25.1M","25.1M","25M"],"okList":["64.5M","60.5M","55.800003M","53.3M","49.75M","49.449997M","48.699997M","47.699997M","47.199997M","46.4M","46.1M","45.5M","45.15M","44.55M","43.15M","43.1M","41.85M","41.300003M","41.25M","40.550003M","40.25M","40.0M","39.449997M","39.35M","39.1M","38.9M","38.449997M","38.15M","37.6M","37.5M","37.4M","37.35M","37.35M","37.05M","36.5M","36.05M","35.25M","34.949997M","34.699997M","34.5M","34.25M","34.1M","33.6M","33.15M","32.9M","32.800003M","32.65M","32.550003M","32.45M","32.25M","32.25M","32.0M","31.599998M","31.4M","30.7M","30.55M","30.15M","30.05M","29.9M","29.8M","29.7M","29.650002M","29.55M","29.2M","29.05M","28.7M","28.6M","28.5M","28.45M","28.3M","28.2M","28.1M","28.0M","27.8M","27.75M","27.45M","27.400002M","27.2M","27.05M","27.0M","26.8M","26.75M","26.650002M","26.55M","26.400002M","26.3M","26.1M","25.75M","25.65M","25.55M","25.3M","25.25M","25.1M","25.05M","25.0M"],"nokList":["33.8M","33.4M","26M","25.QM","25.8M"]}