{"server":2576,"total":3537.4253,"average":39.304726,"cpValues":[],"cpList":["63.8M","63.2M","58.9M","58.2M","57.7M","55.7M","54.9M","53.8M","53.3M","53M","53M","52.6M","52.4M","52.2M","51.6M","51.1M","50.9M","50M","49M","46.6M","45.4M","45M","42.3M","41.6M","41.5M","41.1M","41M","40.9M","40.9M","40.8M","40.6M","40.4M","39.9M","39.7M","AA.6M","38.5M","38.4M","38.4M","38.2M","78M","37.7M","37.7M","37.1M","A6.9M","A6.9M","36.7M","36.5M","36.4M","36.3M","36.2M","36.2M","A6M","35.8M","35.5M","35.4M","35.1M","34.8M","34.7M","34.7M","34.6M","34.6M","34.6M","34.4M","33.5M","33.5M","33.3M","33.1M","32.8M","32.6M","32.4M","32.3M","31.9M","31.8M","31.8M","31.5M","31.5M","31.2M","31.2M","31.2M","31M","31M","30.9M","30.6M","30.2M","30M","29.6M","29.6M","29.5M","29.3M","29.2M","29.1M","29.1M","28.9M","28.8M","28.8M","28.7M","28.6M","2A.5M","28.55M","2A.2M"],"okList":["63.8M","61.35M","60.7M","58.300003M","56.95M","56.300003M","54.75M","54.1M","53.4M","53.15M","52.8M","52.7M","52.4M","52.0M","51.65M","51.25M","50.55M","49.95M","48.3M","47.2M","45.8M","43.85M","43.3M","41.9M","41.35M","41.25M","41.0M","40.95M","40.85M","40.75M","40.6M","40.25M","40.050003M","39.1M","38.45M","38.300003M","58.2M","37.95M","57.85M","37.4M","36.550003M","36.4M","36.300003M","36.25M","36.0M","35.6M","35.3M","35.1M","34.9M","34.75M","34.65M","34.65M","34.6M","34.5M","34.05M","33.95M","33.4M","33.3M","33.05M","32.85M","32.6M","32.449997M","32.15M","32.05M","31.849998M","31.65M","31.65M","31.35M","31.35M","31.2M","31.1M","31.1M","30.95M","30.8M","30.55M","30.3M","29.900002M","29.8M","29.55M","29.45M","29.35M","29.2M","29.150002M","29.0M","28.95M","28.849998M","28.75M","28.7M","28.575M","28.2M"],"nokList":["39.7M","38.5M","37.1M","A6.9M","A6.9M","36.7M","36.2M","35.8M","28.6M","28.55M"]}