{"time":1755522356255,"server":2579,"cpList":["71.5M","70.9M","64M","60M","59.5M","59.3M","58.6M","57.9M","56.7M","56.2M","56.1M","543M","53.9M","53.3M","52.2M","51.9M","51.8M","51.8M","51.4M","51.4M","51.4M","51.3M","51.1M","57M","50.7M","50.4M","50M","49.4M","49.4M","49M","48.8M","48.7M","48.6M","48.4M","48.3M","48.3M","48.2M","47.6M","47.5M","47.2M","47.1M","47M","46.9M","468M","46.5M","46.5M","461M","45.9M","45.9M","45.9M","45.8M","45.2M","45M","44.7M","446M","446M","44.4M","443M","443M","443M","443M","43.9M","43.9M","43.9M","43.7M","43.7M","43.6M","43.5M","43.5M","43.4M","43.4M","43.4M","43.3M","43.2M","43.2M","43.2M","43.1M","42.9M","42.9M","42.8M","42.7M","42.7M","426M","426M","42.5M","42.5M","42.4M","42.4M","42.3M","422M","42.1M","42.1M","42M","41.9M","41.8M","41.5M","41.5M","41.5M","413M","41.1M"],"okList":["71.5M","70.9M","64.0M","60.0M","59.5M","59.3M","58.6M","57.9M","56.7M","56.2M","56.1M","54.3M","53.9M","53.3M","52.2M","51.9M","51.8M","51.8M","51.4M","0.514M","0.0051400000000000005M","5.13E-5M","5.110000000000001E-7M","5.6999999999999994E-8M","5.07E-9M","5.040000000000001E-9M","5.0E-9M","4.940000000000001E-9M","4.940000000000001E-9M","4.9E-9M","4.8800000000000005E-9M","4.870000000000001E-9M","4.86E-9M","4.839999999999999E-9M","4.83E-9M","4.83E-9M","4.820000000000001E-9M","4.76E-9M","4.7499999999999995E-9M","4.72E-9M","4.7100000000000005E-9M","4.699999999999999E-9M","4.689999999999999E-9M","4.6799999999999996E-8M","4.65E-9M","4.65E-9M","4.610000000000001E-8M","4.59E-9M","4.59E-9M","4.59E-9M","4.58E-9M","4.519999999999999E-9M","4.500000000000001E-9M","4.4700000000000005E-9M","4.4599999999999996E-8M","4.4599999999999996E-8M","4.44E-9M","4.43E-8M","4.43E-8M","4.43E-8M","4.43E-8M","4.389999999999999E-9M","4.389999999999999E-9M","4.389999999999999E-9M","4.3700000000000004E-9M","4.3700000000000004E-9M","4.360000000000001E-9M","4.35E-9M","4.35E-9M","4.34E-9M","4.34E-9M","4.34E-9M","4.33E-9M","4.320000000000001E-9M","4.320000000000001E-9M","4.320000000000001E-9M","4.31E-9M","4.289999999999999E-9M","4.289999999999999E-9M","4.279999999999999E-9M","4.27E-9M","4.27E-9M","4.26E-8M","4.26E-8M","4.25E-9M","4.25E-9M","4.24E-9M","4.24E-9M","4.2300000000000005E-9M","4.2199999999999994E-8M","4.21E-9M","4.21E-9M","4.2E-9M","4.190000000000001E-9M","4.18E-9M","4.15E-9M","4.15E-9M","4.15E-9M","4.129999999999999E-8M","4.109999999999999E-9M"],"nokList":[]}