{"server":2586,"total":3405.0996,"average":34.745914,"cpValues":[],"cpList":["64M","56.2M","50M","47M","46.9M","46.8M","45.3M","44.4M","44.3M","43.5M","42.9M","42.4M","42.2M","42.1M","41.7M","41.5M","40.2M","40.1M","39.2M","38.8M","38.3M","78M","37.9M","37.2M","36.7M","36.3M","A6M","35.9M","35.8M","35.8M","35.6M","35.6M","35.5M","35.4M","35.1M","35M","34.6M","34.5M","33.8M","33.8M","33.5M","33.4M","33.3M","33.3M","32.9M","32.9M","32.8M","32.7M","32.4M","32.2M","32M","32M","31.9M","31.9M","31.8M","31.8M","31.7M","31.6M","31.6M","31.5M","31.4M","31M","30.9M","30.8M","30.6M","30.6M","30.4M","30.4M","30.3M","30.2M","30.1M","30M","29.8M","29.7M","29.6M","29.4M","29.3M","29.2M","29.1M","29.1M","29M","29M","28.8M","28.8M","28.8M","29.7M","29.7M","28.6M","28.5M","28.4M","28.4M","28.3M","28.1M","27.9M","27.8M","27.8M","27.7M","27.7M","27.6M","27.5M"],"okList":["64.0M","57.0M","51.6M","48.45M","46.9M","46.1M","45.6M","44.8M","43.95M","43.6M","42.95M","42.550003M","42.25M","41.95M","41.8M","40.95M","40.8M","39.7M","39.449997M","38.75M","58.4M","38.1M","57.6M","37.300003M","36.75M","36.1M","35.85M","35.699997M","35.699997M","35.55M","35.5M","35.3M","35.2M","34.85M","34.75M","34.199997M","34.15M","33.65M","33.6M","33.4M","33.35M","33.1M","33.1M","32.85M","32.800003M","32.6M","32.45M","32.2M","32.1M","31.95M","31.95M","31.849998M","31.849998M","31.75M","31.7M","31.650002M","31.55M","31.5M","31.25M","31.15M","30.9M","30.75M","30.7M","30.5M","30.5M","30.349998M","30.3M","30.2M","30.1M","29.95M","29.85M","29.7M","29.55M","29.45M","29.3M","29.2M","29.150002M","29.05M","29.05M","28.9M","28.9M","28.8M","28.8M","29.7M","29.150002M","29.1M","28.5M","28.45M","28.349998M","28.25M","28.099998M","27.95M","27.849998M","27.75M","27.75M","27.650002M","27.6M","27.5M"],"nokList":["36.3M","35.9M"]}