{"time":1755522408974,"server":2587,"cpList":["85.8M","77.1M","76.3M","75.4M","742M","72.7M","72.7M","70.9M","70.1M","69.1M","68.5M","68.5M","68.2M","67.6M","67.3M","66.2M","65.7M","65.5M","65.4M","64.7M","63.5M","63.3M","63.2M","63.1M","62.9M","62.8M","62.6M","62.3M","62.1M","62.1M","62M","61.8M","61.6M","61.6M","61.3M","612M","60.8M","60.6M","60.5M","60.3M","60M","60M","59.9M","59.7M","59.7M","59.4M","59.3M","59.2M","58.9M","58.7M","58.7M","58.5M","58.3M","58M","57.8M","57.7M","57.7M","57.7M","57.7M","57.6M","57.6M","56.9M","56.8M","56.8M","56.7M","56.3M","56.2M","56.2M","56.1M","56M","55.8M","55.8M","55.7M","55.5M","55.5M","55.4M","55.2M","55M","54.7M","54.6M","54.6M","54.1M","54M","53.9M","53.8M","53.7M","53.4M","53.1M","52.8M","52.7M","52.6M","52.5M","52.3M","52.3M","52.3M","52.2M","51.9M","51.4M","514M","51.3M"],"okList":["0.858M","0.007709999999999999M","7.630000000000001E-5M","7.5400000000000015E-6M","1.4199999999999997E-7M","7.27E-8M","7.269999999999999E-9M","7.09E-9M","7.0099999999999996E-9M","6.91E-9M","6.85E-9M","6.85E-9M","6.82E-9M","6.759999999999999E-9M","6.73E-9M","6.62E-9M","6.57E-9M","6.550000000000001E-9M","6.54E-9M","6.47E-9M","6.35E-9M","6.3299999999999994E-9M","6.3200000000000005E-9M","6.31E-9M","6.290000000000001E-9M","6.28E-9M","6.26E-9M","6.23E-9M","6.210000000000001E-9M","6.210000000000001E-9M","6.2E-9M","6.18E-9M","6.159999999999999E-9M","6.159999999999999E-9M","6.13E-9M","6.119999999999999E-8M","6.08E-9M","6.06E-9M","6.05E-9M","6.03E-9M","6.0E-9M","6.0E-9M","5.99E-9M","5.97E-9M","5.97E-9M","5.9400000000000006E-9M","5.93E-9M","5.920000000000001E-9M","5.89E-9M","5.870000000000001E-9M","5.870000000000001E-9M","5.8499999999999994E-9M","5.83E-9M","5.8E-9M","5.7799999999999995E-9M","5.7700000000000005E-9M","5.7700000000000005E-9M","5.7700000000000005E-9M","5.7700000000000005E-9M","5.760000000000001E-9M","5.760000000000001E-9M","5.69E-9M","5.6799999999999986E-9M","5.6799999999999986E-9M","5.6700000000000005E-9M","5.63E-9M","5.620000000000001E-9M","5.620000000000001E-9M","5.61E-9M","5.6000000000000005E-9M","5.5799999999999985E-9M","5.5799999999999985E-9M","5.57E-9M","5.55E-9M","5.55E-9M","5.54E-9M","5.520000000000001E-9M","5.500000000000001E-9M","5.47E-9M","5.4600000000000006E-9M","5.4600000000000006E-9M","5.410000000000001E-9M","5.4E-9M","5.390000000000001E-9M","5.38E-9M","5.37E-9M","5.34E-9M","5.310000000000001E-9M","5.280000000000001E-9M","5.270000000000001E-9M","5.2600000000000004E-9M","5.250000000000001E-9M","5.23E-9M","5.23E-9M","5.23E-9M","5.22E-9M","5.1900000000000005E-9M","5.140000000000001E-9M","5.139999999999999E-8M","5.13E-9M"],"nokList":[]}