{"server":2588,"total":3653.25,"average":38.455265,"cpValues":[],"cpList":["59.9M","57.8M","56.4M","55.8M","51.5M","51M","50.9M","50.7M","49.7M","49M","48.6M","48.1M","47.9M","47.M","47.3M","46.9M","46.8M","46.4M","46.3M","45.3M","44.8M","44.6M","43.3M","43.3M","43.2M","43.1M","41.3M","41.1M","41.1M","40.9M","40.8M","39.8M","39.1M","39.1M","39.1M","38.3M","38.3M","78M","37.8M","37.8M","37.6M","37.6M","37.4M","37.3M","37M","36.8M","36.7M","A6.6M","36.2M","A6M","35.8M","35.7M","35.4M","35.3M","35.3M","35M","35M","34.6M","34.5M","34.4M","34.1M","34.1M","33.9M","A3.6M","33.4M","33.4M","33.3M","33.2M","33.1M","33M","32.8M","32.6M","32.6M","32.4M","32.3M","32.1M","32.1M","31.9M","31.9M","31.8M","31.7M","31.6M","31.4M","31.4M","31.3M","31.2M","31.1M","31M","30.9M","30.7M","30.4M","30.4M","30.2M","30.1M","30M","29.9M","29.9M","29.9M","29.7M","29.6M"],"okList":["59.9M","58.15M","56.8M","53.95M","53.4M","51.2M","50.85M","50.300003M","49.85M","49.15M","48.55M","48.25M","47.55M","47.6M","46.95M","47.05M","46.65M","46.55M","45.85M","45.55M","44.949997M","44.05M","43.949997M","43.25M","43.199997M","42.25M","42.1M","41.199997M","41.0M","40.949997M","40.35M","39.949997M","39.449997M","39.1M","38.699997M","38.699997M","38.3M","38.05M","57.9M","37.699997M","37.699997M","37.5M","37.449997M","37.2M","37.05M","36.85M","36.45M","36.0M","35.6M","35.5M","35.35M","35.15M","35.15M","34.8M","34.75M","34.5M","34.3M","34.25M","34.0M","33.65M","33.35M","33.300003M","33.199997M","33.1M","32.949997M","32.8M","32.699997M","32.5M","32.449997M","32.25M","32.199997M","32.0M","32.0M","31.849998M","31.8M","31.7M","31.55M","31.5M","31.349998M","31.3M","31.2M","31.1M","31.0M","30.85M","30.65M","30.55M","30.3M","30.25M","30.1M","30.0M","29.95M","29.9M","29.8M","29.75M","29.6M"],"nokList":["36.7M","36.2M","35.8M","33.9M","33.4M"]}