{"time":1755522488542,"server":2596,"cpList":["78.5M","70.8M","70.3M","67.9M","66.7M","66.3M","65.1M","64.3M","64M","63.5M","62.9M","62.9M","62.7M","62.5M","62.4M","62.3M","61.7M","61.5M","61.3M","60.6M","59.8M","58.8M","58.7M","58.2M","58M","57.8M","57.8M","57.5M","57M","57M","56.6M","56.3M","56.1M","55.7M","55.7M","55.1M","54.9M","54.7M","53.8M","53.4M","53.3M","53.2M","53M","52.2M","51.7M","51.7M","57M","50.9M","50.9M","50.8M","50.4M","49.8M","49.6M","49.6M","49.2M","49.1M","49M","48.9M","48.9M","48.5M","48.3M","48.3M","48.2M","47.9M","47.9M","47.2M","47.1M","46.9M","46.7M","46.4M","46.3M","461M","461M","45.9M","45.8M","45.7M","45.5M","45.3M","45.2M","45.1M","45M","44.9M","44.9M","448M","446M","446M","44.4M","443M","442M","43.6M","43.5M","43.5M","43.1M","42.7M","42.6M","42.2M","41.8M","41.6M","41.6M","41.6M"],"okList":["78.5M","70.8M","70.3M","67.9M","66.7M","66.3M","65.1M","64.3M","64.0M","63.5M","62.9M","62.9M","62.7M","62.5M","62.4M","62.3M","61.7M","61.5M","61.3M","60.6M","59.8M","58.8M","58.7M","58.2M","58.0M","57.8M","57.8M","57.5M","57.0M","57.0M","56.6M","56.3M","56.1M","55.7M","55.7M","55.1M","54.9M","54.7M","53.8M","53.4M","53.3M","53.2M","0.53M","0.00522M","5.17E-5M","5.17E-7M","5.6999999999999994E-8M","5.0900000000000004E-9M","5.0900000000000004E-9M","5.080000000000001E-9M","5.040000000000001E-9M","4.979999999999999E-9M","4.96E-9M","4.96E-9M","4.920000000000001E-9M","4.910000000000001E-9M","4.9E-9M","4.89E-9M","4.89E-9M","4.8500000000000004E-9M","4.83E-9M","4.83E-9M","4.820000000000001E-9M","4.79E-9M","4.79E-9M","4.72E-9M","4.7100000000000005E-9M","4.689999999999999E-9M","4.670000000000001E-9M","4.6400000000000005E-9M","4.629999999999999E-9M","4.610000000000001E-8M","4.610000000000001E-8M","4.59E-9M","4.58E-9M","4.57E-9M","4.55E-9M","4.529999999999999E-9M","4.519999999999999E-9M","4.51E-9M","4.500000000000001E-9M","4.49E-9M","4.49E-9M","4.4800000000000004E-8M","4.4599999999999996E-8M","4.4599999999999996E-8M","4.44E-9M","4.43E-8M","4.419999999999999E-8M","4.360000000000001E-9M","4.35E-9M","4.35E-9M","4.31E-9M","4.27E-9M","4.26E-9M","4.220000000000001E-9M","4.18E-9M","4.1600000000000005E-9M","4.1600000000000005E-9M","4.1600000000000005E-9M"],"nokList":[]}