{"time":1755522515097,"server":2597,"cpList":["81.6M","67.3M","66.8M","66.6M","61.8M","61.5M","58.7M","56.1M","55.3M","51.8M","57M","49.9M","49.9M","49.5M","49.2M","48.8M","48.6M","48.1M","47.8M","47.8M","47.4M","47.3M","46.9M","468M","46.7M","46.7M","462M","45.9M","45.9M","45.1M","446M","442M","43.4M","43.4M","43.3M","43.1M","43.1M","42.5M","42.3M","41.3M","412M","41M","40.6M","40.4M","40.1M","40M","39.9M","39.8M","39.8M","39.6M","39.4M","38.4M","37.9M","37.5M","37.3M","37.2M","37.2M","36.9M","36.8M","36.5M","36.4M","36.2M","36M","35.9M","35.9M","35.8M","35.7M","35.7M","35.7M","35.5M","35.2M","35.1M","34.8M","34.7M","346M","346M","34.5M","34.5M","34.3M","34.3M","34.1M","34.1M","34M","33.9M","33.8M","33.6M","33.5M","33.5M","33.5M","33.3M","33.2M","33.2M","33.2M","33.2M","32.9M","32.8M","32.8M","32.7M","327M","32.6M"],"okList":["81.6M","67.3M","66.8M","66.6M","61.8M","61.5M","0.5870000000000001M","0.00561M","5.5299999999999996E-5M","5.180000000000001E-7M","5.6999999999999994E-8M","4.989999999999999E-9M","4.989999999999999E-9M","4.949999999999999E-9M","4.920000000000001E-9M","4.8800000000000005E-9M","4.86E-9M","4.8100000000000006E-9M","4.779999999999999E-9M","4.779999999999999E-9M","4.739999999999999E-9M","4.73E-9M","4.689999999999999E-9M","4.6799999999999996E-8M","4.670000000000001E-9M","4.670000000000001E-9M","4.62E-8M","4.59E-9M","4.59E-9M","4.51E-9M","4.4599999999999996E-8M","4.419999999999999E-8M","4.34E-9M","4.34E-9M","4.33E-9M","4.31E-9M","4.31E-9M","4.25E-9M","4.2300000000000005E-9M","4.1300000000000004E-9M","4.12E-8M","4.0999999999999995E-9M","4.0600000000000005E-9M","4.039999999999999E-9M","4.010000000000001E-9M","4.0E-9M","3.99E-9M","3.98E-9M","3.98E-9M","3.96E-9M","3.94E-9M","3.84E-9M","3.7899999999999995E-9M","3.75E-9M","3.729999999999999E-9M","3.7200000000000012E-9M","3.7200000000000012E-9M","3.6900000000000003E-9M","3.68E-9M","3.65E-9M","3.64E-9M","3.6200000000000003E-9M","3.6E-9M","3.59E-9M","3.59E-9M","3.5799999999999996E-9M","3.57E-9M","3.57E-9M","3.57E-9M","3.5499999999999995E-9M","3.5200000000000007E-9M","3.5100000000000005E-9M","3.48E-9M","3.4700000000000002E-9M","3.46E-8M","3.46E-8M","3.45E-9M","3.45E-9M","3.43E-9M","3.43E-9M","3.41E-9M","3.41E-9M","3.4E-9M","3.3899999999999997E-9M","3.3799999999999995E-9M","3.3600000000000004E-9M","3.3500000000000002E-9M","3.3500000000000002E-9M","3.3500000000000002E-9M","3.33E-9M","3.32E-9M","3.32E-9M","3.32E-9M","3.32E-9M","3.2899999999999996E-9M","3.28E-9M","3.28E-9M","3.27E-9M","3.2699999999999995E-8M","3.2600000000000007E-9M"],"nokList":[]}