{
    "server": 2600,
    "total": 4473.3,
    "average": 46.596874,
    "cpValues": [],
    "cpList": [
        "12.4M",
        "71.9M",
        "67.5M",
        "6M",
        "65M",
        "63.4M",
        "62.7M",
        "62M",
        "61.9M",
        "61.9M",
        "61.7M",
        "61.5M",
        "60.2M",
        "59.7M",
        "58.8M",
        "5AM",
        "57.6M",
        "56.4M",
        "55.7M",
        "55.4M",
        "54.1M",
        "54.1M",
        "53.8M",
        "53.7M",
        "53.7M",
        "53M",
        "52.6M",
        "52.6M",
        "52.3M",
        "52M",
        "52M",
        "51.9M",
        "51.9M",
        "51.7M",
        "51.6M",
        "50.8M",
        "50.5M",
        "50.4M",
        "50.1M",
        "50.1M",
        "49.6M",
        "49.3M",
        "49.3M",
        "48.5M",
        "48M",
        "47.9M",
        "47.2M",
        "47.2M",
        "46.3M",
        "46.2M",
        "46.1M",
        "46M",
        "45.9M",
        "45.7M",
        "45.7M",
        "45.6M",
        "45.6M",
        "45.2M",
        "45M",
        "45M",
        "44.8M",
        "44.7M",
        "44.6M",
        "44.5M",
        "44.4M",
        "44.3M",
        "43.9M",
        "42.8M",
        "42.6M",
        "42.5M",
        "42.5M",
        "42.2M",
        "42.1M",
        "41.7M",
        "41.4M",
        "41.2M",
        "40.4M",
        "40.2M",
        "40.2M",
        "39.9M",
        "39.7M",
        "39.4M",
        "39.1M",
        "38.9M",
        "38.8M",
        "38.8M",
        "AA.6M",
        "38.1M",
        "37.4M",
        "37.4M",
        "36.8M",
        "36.5M",
        "36.5M",
        "36.2M",
        "36.1M",
        "36M",
        "35.9M",
        "35.8M",
        "35.5M",
        "35.5M"
    ],
    "okList": [
        "12.4M",
        "39.95M",
        "38.95M",
        "66.25M",
        "34.7M",
        "63.85M",
        "62.7M",
        "62.300003M",
        "61.95M",
        "61.800003M",
        "61.7M",
        "60.95M",
        "60.6M",
        "59.5M",
        "58.8M",
        "58.199997M",
        "57.6M",
        "56.65M",
        "55.9M",
        "54.9M",
        "54.75M",
        "53.949997M",
        "53.9M",
        "53.75M",
        "53.35M",
        "53.15M",
        "52.8M",
        "52.449997M",
        "52.3M",
        "52.15M",
        "51.95M",
        "51.95M",
        "51.800003M",
        "51.75M",
        "51.25M",
        "51.05M",
        "50.6M",
        "50.3M",
        "50.25M",
        "49.85M",
        "49.699997M",
        "49.449997M",
        "48.9M",
        "48.65M",
        "48.2M",
        "47.6M",
        "47.550003M",
        "46.75M",
        "46.7M",
        "46.199997M",
        "46.1M",
        "46.0M",
        "45.85M",
        "45.800003M",
        "45.65M",
        "45.65M",
        "45.4M",
        "45.3M",
        "45.1M",
        "44.9M",
        "44.85M",
        "44.699997M",
        "44.6M",
        "44.5M",
        "44.4M",
        "44.15M",
        "43.55M",
        "43.25M",
        "42.65M",
        "42.55M",
        "42.35M",
        "42.3M",
        "41.95M",
        "41.75M",
        "41.45M",
        "40.9M",
        "40.7M",
        "40.300003M",
        "40.050003M",
        "39.95M",
        "39.65M",
        "39.4M",
        "39.15M",
        "38.949997M",
        "38.85M",
        "38.8M",
        "38.449997M",
        "38.1M",
        "37.75M",
        "37.1M",
        "36.95M",
        "36.65M",
        "36.35M",
        "36.3M",
        "36.1M",
        "36.0M",
        "35.9M",
        "35.7M",
        "35.65M",
        "35.5M"
    ],
    "nokList": [
        
    ]
}