{
    "server": 2606,
    "total": 6052.547,
    "average": 62.397392,
    "cpValues": [],
    "cpList": [
        "100M",
        "A8.6M",
        "87.7M",
        "84.8M",
        "83.3M",
        "82.2M",
        "79.1M",
        "7A.6M",
        "78.1M",
        "76.3M",
        "74.1M",
        "74.1M",
        "73.7M",
        "73.5M",
        "71M",
        "70.6M",
        "69.3M",
        "68.1M",
        "67.9M",
        "66.6M",
        "66.5M",
        "66.2M",
        "66.2M",
        "65.6M",
        "64.8M",
        "64.5M",
        "64.5M",
        "64.4M",
        "64.1M",
        "64M",
        "63.7M",
        "63.5M",
        "63.2M",
        "63.1M",
        "63.1M",
        "63M",
        "62.9M",
        "62.9M",
        "62.9M",
        "62.2M",
        "62.2M",
        "62.2M",
        "62.1M",
        "61.9M",
        "61.8M",
        "61.4M",
        "61.1M",
        "60.9M",
        "60.4M",
        "60.2M",
        "60.2M",
        "60.2M",
        "60.2M",
        "59.9M",
        "59.8M",
        "59.5M",
        "59.5M",
        "59.3M",
        "59.3M",
        "59M",
        "59M",
        "58.8M",
        "58.7M",
        "58.7M",
        "58.6M",
        "58.3M",
        "58.3M",
        "58.2M",
        "57.7M",
        "57.6M",
        "57.6M",
        "57.5M",
        "57.5M",
        "57.3M",
        "57.1M",
        "56.9M",
        "56.7M",
        "56.3M",
        "56.2M",
        "56M",
        "55.9M",
        "55.8M",
        "55.8M",
        "55.6M",
        "55.2M",
        "55M",
        "55M",
        "55M",
        "54.8M",
        "54.8M",
        "54.8M",
        "54.8M",
        "54.8M",
        "54.8M",
        "54.7M",
        "54.4M",
        "54.4M",
        "54.4M",
        "54.2M",
        "54.2M"
    ],
    "okList": [
        "100.0M",
        "93.85M",
        "87.7M",
        "85.5M",
        "83.5M",
        "81.2M",
        "79.1M",
        "78.6M",
        "78.1M",
        "76.1M",
        "75.2M",
        "73.899994M",
        "73.8M",
        "72.35M",
        "72.05M",
        "70.15M",
        "69.35M",
        "68.600006M",
        "67.35M",
        "67.2M",
        "66.399994M",
        "66.35M",
        "65.899994M",
        "65.5M",
        "65.05M",
        "64.65M",
        "64.45M",
        "64.3M",
        "64.2M",
        "63.9M",
        "63.75M",
        "63.45M",
        "63.3M",
        "63.15M",
        "63.05M",
        "63.0M",
        "62.95M",
        "62.9M",
        "62.550003M",
        "62.550003M",
        "62.2M",
        "62.15M",
        "62.050003M",
        "61.949997M",
        "61.65M",
        "61.449997M",
        "61.15M",
        "60.75M",
        "60.550003M",
        "60.300003M",
        "60.2M",
        "60.2M",
        "60.050003M",
        "60.0M",
        "59.7M",
        "59.65M",
        "59.4M",
        "59.4M",
        "59.15M",
        "59.15M",
        "58.9M",
        "58.85M",
        "58.75M",
        "58.65M",
        "58.5M",
        "58.449997M",
        "58.25M",
        "58.0M",
        "57.9M",
        "57.65M",
        "57.55M",
        "57.55M",
        "57.4M",
        "57.3M",
        "57.1M",
        "56.9M",
        "56.6M",
        "56.45M",
        "56.15M",
        "56.050003M",
        "55.9M",
        "55.85M",
        "55.699997M",
        "55.5M",
        "55.3M",
        "55.1M",
        "55.0M",
        "54.9M",
        "54.9M",
        "54.8M",
        "54.8M",
        "54.8M",
        "54.8M",
        "54.75M",
        "54.6M",
        "54.550003M",
        "54.4M",
        "54.300003M",
        "54.300003M",
        "54.2M"
    ],
    "nokList": [
        
    ]
}