{"time":1755522647531,"server":2607,"cpList":["89.5M","84.4M","83.8M","81.3M","79M","78.5M","78.5M","78.4M","76.5M","75.7M","75.2M","75.1M","73.3M","71.5M","70.5M","70.4M","69.3M","69.2M","69.1M","69.1M","69M","68.8M","68.4M","68.2M","68M","67.7M","67.7M","67.7M","67.6M","67.5M","67.4M","67.4M","67.3M","67.3M","67.3M","66.8M","66.8M","66.4M","66.2M","66.2M","66M","65.7M","65.1M","64.7M","646M","64.4M","64.4M","64.3M","64.3M","64.1M","64M","64M","64M","63.8M","63.3M","63.3M","63.2M","63M","62.9M","62.6M","62.6M","62.6M","62.5M","62.3M","62.1M","61.8M","61.4M","61.3M","612M","612M","612M","61.1M","61M","60.8M","60.8M","60.2M","60M","60M","60M","59.9M","59.7M","59.6M","59.5M","59.4M","59.3M","58.9M","58.9M","58.8M","58.7M","58.7M","58.5M","58.2M","58M","57.8M","57.8M","53.7M","57.7M","57.5M","57.4M","57.3M"],"okList":["89.5M","84.4M","83.8M","81.3M","79.0M","78.5M","78.5M","78.4M","76.5M","75.7M","75.2M","75.1M","73.3M","71.5M","70.5M","70.4M","69.3M","69.2M","69.1M","69.1M","69.0M","68.8M","68.4M","68.2M","68.0M","67.7M","67.7M","67.7M","67.6M","67.5M","67.4M","67.4M","67.3M","67.3M","67.3M","66.8M","66.8M","66.4M","66.2M","66.2M","66.0M","65.7M","65.1M","64.7M","64.6M","64.4M","64.4M","64.3M","64.3M","64.1M","64.0M","64.0M","64.0M","63.8M","63.3M","63.3M","63.2M","63.0M","62.9M","62.6M","62.6M","62.6M","62.5M","62.3M","62.1M","61.8M","61.4M","61.3M","61.2M","61.2M","61.2M","61.1M","61.0M","60.8M","60.8M","60.2M","60.0M","60.0M","60.0M","59.9M","59.7M","59.6M","59.5M","59.4M","59.3M","58.9M","58.9M","58.8M","58.7M","58.7M","58.5M","58.2M","0.58M","0.0057799999999999995M","5.7799999999999995E-5M","5.37E-7M","5.770000000000001E-8M","5.75E-9M","5.74E-9M","5.73E-9M"],"nokList":[]}