{"server":2608,"total":4009.5505,"average":41.76615,"cpValues":[],"cpList":["12.4M","63.9M","60.1M","59.1M","55.5M","55.5M","55.1M","54M","52M","51.9M","51.3M","50.1M","50M","49.9M","49.9M","49.8M","49.6M","49.5M","49.5M","49.5M","49.2M","48.M","48.7M","48.1M","47.9M","47.M","47.3M","45M","44.3M","44.3M","44.1M","44M","43.9M","43.9M","43.8M","43.3M","42.9M","42.8M","41.9M","41.8M","41.4M","40.9M","40.9M","40.5M","40.3M","40.1M","40M","39.8M","39.4M","39.1M","AA.6M","78M","78M","78M","37.9M","37.8M","37.7M","37.6M","37.6M","37.5M","37.4M","37.1M","37.1M","37M","36.8M","36.7M","36.5M","36.5M","35.7M","35.7M","35.7M","35.4M","35.3M","34.9M","34.9M","34.3M","34.3M","34.2M","34M","34M","33.9M","33.9M","33.8M","33.8M","33.8M","33.8M","33.7M","A3.6M","33.4M","33.3M","33.2M","33M","32.9M","32.9M","32.7M","32.7M","32.7M","32.7M","32.5M","32.2M"],"okList":["12.4M","36.25M","61.5M","57.8M","57.3M","55.3M","54.75M","53.55M","52.95M","51.65M","51.0M","50.65M","50.0M","49.95M","49.85M","49.75M","49.65M","49.55M","49.5M","49.35M","48.75M","48.95M","48.05M","48.300003M","47.55M","47.6M","46.0M","45.8M","44.65M","44.199997M","44.15M","44.0M","43.95M","43.85M","43.6M","43.35M","43.05M","42.4M","42.3M","41.65M","41.35M","41.15M","40.7M","40.6M","40.3M","40.15M","39.949997M","39.7M","39.449997M","58.55M","78.0M","57.95M","57.9M","37.800003M","37.699997M","37.65M","37.55M","37.5M","37.3M","37.25M","37.05M","36.949997M","36.85M","36.65M","36.6M","36.1M","36.1M","35.7M","35.550003M","35.5M","35.15M","35.1M","34.6M","34.6M","34.25M","34.15M","34.1M","33.95M","33.95M","33.85M","33.85M","33.8M","33.8M","33.75M","33.550003M","33.300003M","33.15M","33.050003M","32.95M","32.800003M","32.800003M","32.7M","32.7M","32.6M","32.45M","32.2M"],"nokList":["39.1M","78M","33.7M","33.4M"]}