{"time":1755522700560,"server":2609,"cpList":["86.7M","85.3M","83.6M","82.7M","81.1M","80.2M","79M","78.5M","77.2M","76.9M","76.8M","76.4M","76M","75.5M","75M","74.5M","73.4M","72.8M","72.7M","72.5M","71.6M","71.1M","70.2M","70.1M","70M","69.8M","69.7M","69.6M","69.1M","68.8M","68.5M","68.4M","68.2M","67.9M","67.8M","67.6M","67.5M","67.1M","67.1M","66.5M","66.4M","66.4M","66.1M","65.9M","65.8M","65.5M","65.3M","65.1M","65.1M","65.1M","64.8M","64.4M","64.3M","64.3M","63.7M","63.4M","63.4M","63.4M","63.1M","62.9M","62.4M","62.1M","61.7M","61.7M","61.7M","61.6M","61.6M","61.6M","61.5M","61.5M","61.4M","61.1M","61M","60.9M","60.8M","60.7M","60.7M","60.6M","60.5M","60.2M","60.2M","60.1M","60.1M","59.8M","59.8M","59.7M","59.5M","59.2M","59M","59M","58.5M","58.3M","58.2M","58.2M","59.2M","58.2M","57.8M","57.8M","57.6M","57.6M"],"okList":["86.7M","85.3M","83.6M","82.7M","81.1M","80.2M","79.0M","78.5M","77.2M","76.9M","76.8M","76.4M","76.0M","75.5M","75.0M","74.5M","73.4M","72.8M","72.7M","72.5M","71.6M","71.1M","70.2M","70.1M","70.0M","69.8M","69.7M","69.6M","69.1M","68.8M","68.5M","68.4M","68.2M","67.9M","67.8M","67.6M","67.5M","67.1M","67.1M","66.5M","66.4M","66.4M","66.1M","65.9M","65.8M","65.5M","65.3M","65.1M","65.1M","65.1M","64.8M","64.4M","64.3M","64.3M","63.7M","63.4M","63.4M","63.4M","63.1M","62.9M","62.4M","62.1M","61.7M","61.7M","61.7M","61.6M","61.6M","61.6M","61.5M","61.5M","61.4M","61.1M","61.0M","60.9M","60.8M","60.7M","60.7M","60.6M","60.5M","60.2M","60.2M","60.1M","60.1M","59.8M","59.8M","59.7M","59.5M","59.2M","59.0M","59.0M","0.585M","0.005829999999999999M","5.8200000000000005E-5M","5.820000000000001E-7M","5.920000000000001E-8M","5.820000000000001E-9M","5.7799999999999995E-9M","5.7799999999999995E-9M","5.760000000000001E-9M","5.760000000000001E-9M"],"nokList":[]}