{"server":2616,"total":6428.1494,"average":68.38457,"cpValues":[],"cpList":["97.9M","26.1M","N1.9M","2O.9M","89.2M","87.8M","86.1M","84.8M","83.6M","80.3M","79.4M","79.3M","78.1M","77.M","77.6M","77M","76.8M","76.6M","75.6M","75.2M","74.6M","74.1M","73.9M","73.2M","72.9M","72.9M","72.5M","12.4M","72M","71.2M","71M","70.7M","70.4M","70.3M","70.2M","70.1M","69.9M","69.9M","69.6M","69.6M","69.6M","69.6M","69M","68.7M","68.3M","68.3M","6AM","67.9M","67.7M","67.6M","67.4M","67.3M","67M","66.8M","66.8M","66.7M","66.7M","66.3M","66.2M","65.8M","65.7M","65.6M","65.5M","65.3M","64.9M","64.8M","64.7M","64.5M","64.5M","64.5M","64.4M","64.4M","64.2M","64.1M","64.1M","64.1M","64.1M","64M","63.9M","63.8M","63.6M","63.5M","63.5M","63.2M","63.1M","63.1M","63.1M","63M","62.7M","62.7M","62.7M","62.7M","62.6M","62.6M","62.5M","62.5M","62.4M","62.4M","62.2M","62.1M"],"okList":["97.9M","87.649994M","86.3M","84.85M","82.55M","81.5M","79.8M","78.75M","78.15M","77.85M","77.0M","77.2M","76.8M","76.2M","75.899994M","75.1M","74.649994M","74.25M","73.649994M","73.4M","73.05M","72.7M","42.65M","72.25M","41.8M","71.5M","70.95M","70.7M","70.5M","70.3M","70.2M","70.05M","70.0M","69.75M","69.75M","69.6M","69.6M","69.3M","69.149994M","68.65M","68.5M","68.100006M","67.75M","67.55M","67.45M","67.2M","67.05M","66.9M","66.75M","66.75M","66.5M","66.45M","66.05M","65.95M","65.7M","65.6M","65.45M","65.2M","65.05M","64.8M","64.65M","64.6M","64.5M","64.45M","64.45M","64.3M","64.25M","64.149994M","64.1M","64.1M","64.05M","64.0M","63.9M","63.75M","63.65M","63.55M","63.35M","63.3M","63.15M","63.1M","63.05M","62.9M","62.85M","62.7M","62.7M","62.65M","62.65M","62.55M","62.55M","62.45M","62.45M","62.300003M","62.25M","62.1M"],"nokList":["26.1M","N1.9M","2O.9M","89.2M","68.3M","67.9M"]}