{"time":1755522753480,"server":2616,"cpList":["97M","912M","91M","90M","89.2M","88.8M","87.3M","86.5M","84.7M","81M","80.8M","80.7M","79.7M","79.1M","79.1M","78.8M","77.6M","77.5M","762M","75.5M","75.4M","75.4M","75.3M","74M","73.5M","73.5M","73.3M","73M","72.5M","72.5M","72.3M","71.6M","77M","70.9M","70.8M","70.6M","70.6M","70.5M","70.3M","70.3M","70.2M","70.2M","70.1M","70M","69.8M","69.7M","69.6M","69.6M","69.5M","69.5M","69.4M","69.1M","69.1M","69.1M","68.4M","67.8M","67.8M","67.7M","67.6M","67.5M","67.5M","67.5M","67.4M","67.3M","67.2M","67.1M","67M","66.9M","66.8M","66.7M","66.6M","66.6M","66.4M","66M","66M","65.7M","65.6M","65.6M","65.4M","65.4M","65.3M","65.2M","65M","65M","64.9M","64.8M","64.7M","646M","646M","646M","64.4M","642M","64M","63.8M","63.4M","63.3M","63.3M","63M","62.8M","62.8M"],"okList":["97.0M","91.2M","91.0M","90.0M","89.2M","88.8M","87.3M","86.5M","84.7M","81.0M","80.8M","80.7M","79.7M","79.1M","79.1M","78.8M","0.7759999999999999M","0.00775M","1.62E-5M","7.550000000000001E-8M","7.54E-9M","7.54E-9M","7.53E-9M","7.400000000000001E-9M","7.35E-9M","7.35E-9M","7.329999999999999E-9M","7.3E-9M","7.25E-9M","7.25E-9M","7.23E-9M","7.159999999999999E-9M","7.700000000000001E-9M","7.09E-9M","7.08E-9M","7.06E-9M","7.06E-9M","7.0499999999999994E-9M","7.03E-9M","7.03E-9M","7.020000000000001E-9M","7.020000000000001E-9M","7.0099999999999996E-9M","7.0E-9M","6.9799999999999995E-9M","6.97E-9M","6.96E-9M","6.96E-9M","6.949999999999999E-9M","6.949999999999999E-9M","6.9400000000000004E-9M","6.91E-9M","6.91E-9M","6.91E-9M","6.840000000000001E-9M","6.779999999999999E-9M","6.779999999999999E-9M","6.77E-9M","6.759999999999999E-9M","6.750000000000001E-9M","6.750000000000001E-9M","6.750000000000001E-9M","6.74E-9M","6.73E-9M","6.720000000000001E-9M","6.709999999999999E-9M","6.7000000000000004E-9M","6.69E-9M","6.68E-9M","6.670000000000001E-9M","6.66E-9M","6.66E-9M","6.64E-9M","6.6E-9M","6.6E-9M","6.57E-9M","6.56E-9M","6.56E-9M","6.54E-9M","6.54E-9M","6.53E-9M","6.5200000000000015E-9M","6.500000000000001E-9M","6.500000000000001E-9M","6.4900000000000005E-9M","6.48E-9M","6.47E-9M","6.460000000000001E-8M","6.460000000000001E-8M","6.460000000000001E-8M","6.440000000000001E-9M","6.419999999999999E-8M","6.4E-9M","6.380000000000001E-9M","6.34E-9M","6.3299999999999994E-9M","6.3299999999999994E-9M","6.3E-9M","6.28E-9M","6.28E-9M"],"nokList":[]}