{"time":1755522779684,"server":2617,"cpList":["77.9M","71.1M","70.8M","70.5M","69.5M","69.2M","69M","69M","68.4M","67.3M","67.2M","65.2M","62.6M","61.7M","61.5M","61M","60.9M","60.5M","60.1M","60M","59.1M","59M","58.2M","57.6M","57.6M","57.4M","57.4M","57.3M","57M","56.8M","56.2M","56M","55M","54.7M","54.7M","54.4M","53.9M","53.4M","51.7M","51.7M","57M","57M","50.7M","50.5M","50.5M","50.4M","49.8M","49.5M","48M","47.9M","47.8M","47.7M","47.5M","47.3M","46.5M","46.3M","462M","45.8M","45.8M","45.7M","45.2M","44.9M","448M","44.7M","446M","446M","443M","43.8M","43.7M","43.6M","43.5M","43.5M","43M","43M","43M","42.7M","426M","422M","41.9M","41.8M","41.7M","41.6M","41.6M","41.6M","41.5M","412M","412M","41M","40.9M","40.2M","39.6M","39.6M","39.6M","39M","39M","39M","38.9M","38.8M","38.6M","38.3M"],"okList":["77.9M","71.1M","70.8M","70.5M","69.5M","69.2M","69.0M","69.0M","68.4M","67.3M","67.2M","65.2M","62.6M","61.7M","61.5M","61.0M","60.9M","60.5M","60.1M","60.0M","59.1M","59.0M","58.2M","57.6M","57.6M","57.4M","57.4M","57.3M","57.0M","56.8M","56.2M","56.0M","55.0M","54.7M","54.7M","54.4M","0.539M","0.00534M","5.17E-5M","5.17E-7M","5.6999999999999994E-8M","5.7E-9M","5.07E-9M","5.0500000000000006E-9M","5.0500000000000006E-9M","5.040000000000001E-9M","4.979999999999999E-9M","4.949999999999999E-9M","4.8E-9M","4.79E-9M","4.779999999999999E-9M","4.770000000000001E-9M","4.7499999999999995E-9M","4.73E-9M","4.65E-9M","4.629999999999999E-9M","4.62E-8M","4.58E-9M","4.58E-9M","4.57E-9M","4.519999999999999E-9M","4.49E-9M","4.4800000000000004E-8M","4.4700000000000005E-9M","4.4599999999999996E-8M","4.4599999999999996E-8M","4.43E-8M","4.379999999999999E-9M","4.3700000000000004E-9M","4.360000000000001E-9M","4.35E-9M","4.35E-9M","4.3000000000000005E-9M","4.3000000000000005E-9M","4.3000000000000005E-9M","4.27E-9M","4.26E-8M","4.2199999999999994E-8M","4.190000000000001E-9M","4.18E-9M","4.17E-9M","4.1600000000000005E-9M","4.1600000000000005E-9M","4.1600000000000005E-9M","4.15E-9M","4.12E-8M","4.12E-8M","4.0999999999999995E-9M","4.09E-9M","4.020000000000001E-9M","3.96E-9M","3.96E-9M","3.96E-9M","3.899999999999999E-9M","3.899999999999999E-9M","3.899999999999999E-9M","3.8900000000000004E-9M","3.879999999999999E-9M","3.86E-9M","3.829999999999999E-9M"],"nokList":[]}