{
    "server": 2618,
    "total": 3834.4502,
    "average": 39.127045,
    "cpValues": [],
    "cpList": [
        "70.1M",
        "59.3M",
        "58.1M",
        "56.4M",
        "55.5M",
        "54.9M",
        "53.8M",
        "53.5M",
        "53.3M",
        "50.5M",
        "50.3M",
        "50.2M",
        "49.8M",
        "49.3M",
        "48.8M",
        "48.3M",
        "47.4M",
        "47.2M",
        "47.1M",
        "46.5M",
        "45.8M",
        "45.1M",
        "45.1M",
        "45M",
        "45M",
        "44.5M",
        "44.2M",
        "44M",
        "43.9M",
        "43.7M",
        "42.8M",
        "42.8M",
        "42.4M",
        "42.2M",
        "42M",
        "41.6M",
        "40.9M",
        "40.4M",
        "40.2M",
        "39.5M",
        "39.4M",
        "39.1M",
        "37.9M",
        "37.9M",
        "37.8M",
        "37.7M",
        "37.4M",
        "37M",
        "36.7M",
        "36.5M",
        "36.3M",
        "36.2M",
        "36.2M",
        "A6.1M",
        "35.7M",
        "35.5M",
        "35.2M",
        "34.5M",
        "34.4M",
        "34.4M",
        "34.3M",
        "34.1M",
        "34M",
        "33.9M",
        "33.5M",
        "33.3M",
        "33.3M",
        "33.1M",
        "33.1M",
        "32.9M",
        "32.4M",
        "32.3M",
        "32.2M",
        "32.1M",
        "32M",
        "31.9M",
        "31.8M",
        "31.7M",
        "31.6M",
        "31.6M",
        "31.2M",
        "31.1M",
        "31.1M",
        "31M",
        "30.9M",
        "30.8M",
        "30.7M",
        "30.3M",
        "30.3M",
        "30M",
        "30M",
        "29.7M",
        "29.6M",
        "29.6M",
        "29.5M",
        "29.5M",
        "29.4M",
        "29.3M",
        "29.3M",
        "29.3M"
    ],
    "okList": [
        "70.1M",
        "64.1M",
        "57.85M",
        "56.8M",
        "55.65M",
        "54.65M",
        "54.2M",
        "53.55M",
        "52.0M",
        "51.8M",
        "50.35M",
        "50.05M",
        "49.75M",
        "49.3M",
        "48.8M",
        "48.1M",
        "47.75M",
        "47.25M",
        "46.85M",
        "46.449997M",
        "45.8M",
        "45.449997M",
        "45.05M",
        "45.05M",
        "44.75M",
        "44.6M",
        "44.25M",
        "44.050003M",
        "43.85M",
        "43.35M",
        "43.25M",
        "42.6M",
        "42.5M",
        "42.2M",
        "41.9M",
        "41.45M",
        "41.0M",
        "40.550003M",
        "39.95M",
        "39.800003M",
        "39.3M",
        "38.65M",
        "38.5M",
        "37.85M",
        "37.800003M",
        "37.6M",
        "37.35M",
        "37.050003M",
        "36.75M",
        "36.5M",
        "36.35M",
        "36.25M",
        "36.2M",
        "35.95M",
        "35.7M",
        "35.45M",
        "35.0M",
        "34.800003M",
        "34.45M",
        "34.35M",
        "34.25M",
        "34.15M",
        "34.0M",
        "33.75M",
        "33.6M",
        "33.4M",
        "33.199997M",
        "33.199997M",
        "33.0M",
        "32.75M",
        "32.6M",
        "32.300003M",
        "32.199997M",
        "32.1M",
        "32.0M",
        "31.9M",
        "31.8M",
        "31.7M",
        "31.650002M",
        "31.400002M",
        "31.35M",
        "31.150002M",
        "31.05M",
        "31.0M",
        "30.9M",
        "30.8M",
        "30.55M",
        "30.5M",
        "30.15M",
        "30.15M",
        "29.85M",
        "29.8M",
        "29.650002M",
        "29.55M",
        "29.55M",
        "29.45M",
        "29.4M",
        "29.349998M",
        "29.3M",
        "29.3M"
    ],
    "nokList": [
        
    ]
}