{"time":1755522806377,"server":2618,"cpList":["76.4M","646M","64.4M","62.2M","58.5M","58.5M","58.3M","57.6M","56.4M","53.9M","53.3M","53.2M","53.1M","52.2M","51.5M","51.2M","57M","50.6M","50.6M","50.3M","50.2M","50.1M","49.8M","49.5M","49.4M","47.1M","46.5M","46.5M","45.8M","45M","43.9M","43.8M","43.7M","42.8M","42.4M","42M","42M","41.7M","41.6M","40.4M","40.3M","40.2M","40.2M","39.5M","39.3M","39.2M","39.1M","38.8M","38.6M","37.8M","37.4M","37M","36.5M","36.2M","36.2M","36.1M","36.1M","35.7M","35.5M","35.2M","34.5M","34.4M","34.3M","34.1M","34M","33.9M","33.5M","33.3M","33.3M","33.1M","33.1M","32.4M","32.4M","32.4M","32.3M","32.2M","32.1M","31.9M","31.8M","31.8M","31.8M","31.7M","31.7M","31.6M","31.6M","31.6M","31.6M","31.1M","31.1M","31M","30.9M","30.8M","30.7M","30.3M","29.9M","29.7M","29.6M","29.5M","294M","29.3M"],"okList":["76.4M","64.6M","64.4M","62.2M","58.5M","58.5M","58.3M","57.6M","56.4M","53.9M","53.3M","53.2M","0.531M","0.00522M","5.15E-5M","5.12E-7M","5.6999999999999994E-8M","5.06E-9M","5.06E-9M","5.03E-9M","5.0200000000000004E-9M","5.01E-9M","4.979999999999999E-9M","4.949999999999999E-9M","4.940000000000001E-9M","4.7100000000000005E-9M","4.65E-9M","4.65E-9M","4.58E-9M","4.500000000000001E-9M","4.389999999999999E-9M","4.379999999999999E-9M","4.3700000000000004E-9M","4.279999999999999E-9M","4.24E-9M","4.2E-9M","4.2E-9M","4.17E-9M","4.1600000000000005E-9M","4.039999999999999E-9M","4.03E-9M","4.020000000000001E-9M","4.020000000000001E-9M","3.950000000000001E-9M","3.9299999999999995E-9M","3.92E-9M","3.91E-9M","3.879999999999999E-9M","3.86E-9M","3.78E-9M","3.74E-9M","3.7000000000000005E-9M","3.65E-9M","3.6200000000000003E-9M","3.6200000000000003E-9M","3.6099999999999997E-9M","3.6099999999999997E-9M","3.57E-9M","3.5499999999999995E-9M","3.5200000000000007E-9M","3.45E-9M","3.4399999999999997E-9M","3.43E-9M","3.41E-9M","3.4E-9M","3.3899999999999997E-9M","3.3500000000000002E-9M","3.33E-9M","3.33E-9M","3.31E-9M","3.31E-9M","3.24E-9M","3.24E-9M","3.24E-9M","3.229999999999999E-9M","3.2200000000000005E-9M","3.2100000000000003E-9M","3.1900000000000004E-9M","3.18E-9M","3.18E-9M","3.18E-9M","3.17E-9M","3.17E-9M","3.1600000000000003E-9M","3.1600000000000003E-9M","3.1600000000000003E-9M","3.1600000000000003E-9M","3.11E-9M","3.11E-9M","3.1E-9M","3.09E-9M","3.0799999999999997E-9M","3.07E-9M","3.03E-9M","2.9900000000000002E-9M","2.9700000000000003E-9M","2.9600000000000005E-9M","2.95E-9M","2.94E-8M","2.93E-9M"],"nokList":[]}