{"time":1755510376659,"server":262,"cpList":["966M","83.2M","81.1M","80.5M","80.2M","80M","79.3M","73.9M","73.5M","73.2M","73M","71.5M","71.4M","77M","69.2M","68.2M","68.2M","67.5M","67.5M","66.6M","66M","65.6M","65.3M","64.7M","646M","646M","63.9M","63.7M","63.2M","62.8M","62.7M","62.2M","62M","61.7M","61.6M","61.6M","612M","60.6M","60.2M","59.8M","59.3M","58.1M","57.7M","57.7M","57.4M","57.1M","57.1M","57M","55.7M","55.6M","55.1M","54.8M","54.6M","54.5M","54.5M","53.7M","53.7M","53.4M","52.9M","52.8M","52.6M","52.5M","52.4M","52.3M","51.7M","51.5M","57M","57M","50.6M","49.7M","49.4M","49.2M","49M","48.9M","48.9M","48.6M","48.6M","48.5M","48.5M","48.3M","48.3M","47.8M","47.7M","47.7M","47.6M","47.6M","47.2M","47.2M","47.1M","47.1M","47M","46.4M","45.7M","45.6M","45.6M","45.5M","45.3M","45.1M","45M","44.8M"],"okList":["96.6M","83.2M","81.1M","80.5M","80.2M","80.0M","79.3M","73.9M","73.5M","0.732M","0.0073M","7.15E-5M","7.14E-7M","7.699999999999999E-8M","6.92E-9M","6.82E-9M","6.82E-9M","6.750000000000001E-9M","6.750000000000001E-9M","6.66E-9M","6.6E-9M","6.56E-9M","6.53E-9M","6.47E-9M","6.460000000000001E-8M","6.460000000000001E-8M","6.39E-9M","6.37E-9M","6.3200000000000005E-9M","6.28E-9M","6.270000000000001E-9M","6.22E-9M","6.2E-9M","6.17E-9M","6.159999999999999E-9M","6.159999999999999E-9M","6.119999999999999E-8M","6.06E-9M","6.02E-9M","5.9800000000000004E-9M","5.93E-9M","5.8099999999999996E-9M","5.7700000000000005E-9M","5.7700000000000005E-9M","5.74E-9M","5.71E-9M","5.71E-9M","5.7E-9M","5.57E-9M","5.560000000000001E-9M","5.51E-9M","5.48E-9M","5.4600000000000006E-9M","5.45E-9M","5.45E-9M","5.37E-9M","5.37E-9M","5.34E-9M","5.2900000000000006E-9M","5.280000000000001E-9M","5.2600000000000004E-9M","5.250000000000001E-9M","5.24E-9M","5.23E-9M","5.17E-9M","5.15E-9M","5.7E-9M","5.7E-9M","5.06E-9M","4.970000000000001E-9M","4.940000000000001E-9M","4.920000000000001E-9M","4.9E-9M","4.89E-9M","4.89E-9M","4.86E-9M","4.86E-9M","4.8500000000000004E-9M","4.8500000000000004E-9M","4.83E-9M","4.83E-9M","4.779999999999999E-9M","4.770000000000001E-9M","4.770000000000001E-9M","4.76E-9M","4.76E-9M","4.72E-9M","4.72E-9M","4.7100000000000005E-9M","4.7100000000000005E-9M","4.699999999999999E-9M","4.6400000000000005E-9M","4.57E-9M","4.559999999999999E-9M","4.559999999999999E-9M","4.55E-9M","4.529999999999999E-9M","4.51E-9M","4.500000000000001E-9M","4.48E-9M"],"nokList":[]}