{"server":2620,"total":4487.0005,"average":47.734047,"cpValues":[],"cpList":["80.3M","73.1M","72.1M","69.3M","64.3M","61.8M","61.7M","60.3M","60.2M","59.9M","59.8M","59.6M","59.4M","58.6M","58.3M","58.3M","5AM","57.QM","57.7M","57.1M","57M","56.8M","55.6M","55.2M","54.8M","54M","53M","52.5M","52.4M","52M","51.3M","51.2M","51.1M","51.1M","50.6M","50.5M","50.4M","50.4M","50.4M","50.1M","49.8M","49.6M","48.8M","48.8M","47.8M","47.8M","47.5M","46.8M","46.4M","46.4M","46.4M","46.3M","46.1M","46.1M","46M","45.9M","45M","45M","44.9M","44.3M","43.7M","43.3M","43.3M","43.2M","42.7M","42.1M","42M","41.9M","41.6M","40.8M","40.8M","40.7M","40.2M","40.1M","39.7M","39.4M","39.3M","39M","38.9M","38.8M","38.7M","38.4M","38.2M","38.2M","38.1M","37.7M","37.6M","37.4M","37M","A6.6M","36.5M","36.2M","35.7M","35.6M","35.6M","35.3M","35.3M","35.1M","35.1M","34.9M"],"okList":["80.3M","76.2M","71.2M","68.2M","65.55M","63.0M","61.05M","60.95M","60.1M","60.0M","59.75M","59.6M","59.1M","58.85M","58.449997M","57.35M","56.949997M","56.3M","56.0M","55.199997M","54.6M","53.9M","53.25M","52.7M","52.25M","51.85M","51.6M","51.199997M","51.15M","50.85M","50.8M","50.5M","50.45M","50.4M","50.25M","50.1M","49.85M","49.3M","49.199997M","48.3M","48.3M","47.65M","47.3M","46.95M","46.6M","46.4M","46.35M","46.25M","46.199997M","46.05M","46.0M","45.5M","45.45M","44.95M","44.65M","44.300003M","43.8M","43.5M","43.25M","43.0M","42.65M","42.35M","42.0M","41.8M","41.35M","41.199997M","40.75M","40.5M","40.4M","39.95M","39.75M","39.5M","39.2M","39.1M","38.9M","38.800003M","38.6M","38.45M","38.300003M","38.15M","37.95M","37.85M","37.550003M","37.3M","36.75M","36.1M","35.9M","35.65M","35.449997M","35.449997M","35.199997M","35.199997M","35.0M","34.9M"],"nokList":["58.3M","5AM","57.QM","57.7M","37M","36.5M"]}