{
    "server": 2621,
    "total": 4072.5002,
    "average": 43.32447,
    "cpValues": [],
    "cpList": [
        "80.8M",
        "69.8M",
        "65M",
        "64.5M",
        "64.1M",
        "62.9M",
        "62M",
        "61.1M",
        "56.6M",
        "56.1M",
        "55M",
        "54.3M",
        "53.6M",
        "53.3M",
        "52.1M",
        "52.1M",
        "50.2M",
        "50.2M",
        "50M",
        "49.9M",
        "49.6M",
        "49.5M",
        "48.5M",
        "48.5M",
        "48.4M",
        "47.4M",
        "47.1M",
        "46.6M",
        "46.1M",
        "46M",
        "45.7M",
        "45.4M",
        "45.2M",
        "45M",
        "44.6M",
        "44.4M",
        "43.6M",
        "43.5M",
        "43.1M",
        "42.6M",
        "42.4M",
        "42.4M",
        "42.2M",
        "41.8M",
        "41.6M",
        "41.4M",
        "40.9M",
        "40.7M",
        "40.5M",
        "40.2M",
        "39.5M",
        "39.5M",
        "39.4M",
        "39.2M",
        "38.9M",
        "38.7M",
        "AA.6M",
        "38.5M",
        "38.1M",
        "78M",
        "37.9M",
        "37.5M",
        "37.5M",
        "A6.6M",
        "36.3M",
        "36.2M",
        "A6M",
        "35.9M",
        "35.8M",
        "35.8M",
        "35.5M",
        "35.4M",
        "35.1M",
        "35M",
        "34.9M",
        "34.8M",
        "34.8M",
        "34.7M",
        "34.3M",
        "34M",
        "33.9M",
        "33.7M",
        "33.3M",
        "33.2M",
        "32.6M",
        "32.6M",
        "32.6M",
        "32.5M",
        "32.4M",
        "32.4M",
        "32.4M",
        "32.3M",
        "32.1M",
        "32.1M",
        "31.9M",
        "31.9M",
        "31.9M",
        "31.7M",
        "31.6M",
        "31.6M"
    ],
    "okList": [
        "80.8M",
        "72.9M",
        "67.15M",
        "64.55M",
        "63.7M",
        "63.05M",
        "62.0M",
        "59.3M",
        "58.6M",
        "55.8M",
        "55.199997M",
        "54.3M",
        "53.8M",
        "52.85M",
        "52.699997M",
        "51.15M",
        "51.15M",
        "50.1M",
        "50.050003M",
        "49.8M",
        "49.7M",
        "49.05M",
        "49.0M",
        "48.45M",
        "47.95M",
        "47.75M",
        "47.0M",
        "46.6M",
        "46.3M",
        "45.9M",
        "45.7M",
        "45.45M",
        "45.2M",
        "44.9M",
        "44.7M",
        "44.1M",
        "43.95M",
        "43.35M",
        "43.05M",
        "42.75M",
        "42.5M",
        "42.300003M",
        "42.1M",
        "41.9M",
        "41.6M",
        "41.25M",
        "41.050003M",
        "40.7M",
        "40.45M",
        "40.0M",
        "39.85M",
        "39.45M",
        "39.35M",
        "39.15M",
        "38.95M",
        "38.7M",
        "38.6M",
        "38.5M",
        "38.25M",
        "38.0M",
        "37.75M",
        "37.7M",
        "37.5M",
        "36.9M",
        "36.3M",
        "36.2M",
        "36.050003M",
        "35.9M",
        "35.85M",
        "35.65M",
        "35.6M",
        "35.3M",
        "35.2M",
        "35.0M",
        "34.9M",
        "34.85M",
        "34.75M",
        "34.55M",
        "34.35M",
        "34.1M",
        "33.85M",
        "33.6M",
        "33.45M",
        "32.949997M",
        "32.9M",
        "32.6M",
        "32.55M",
        "32.5M",
        "32.45M",
        "32.4M",
        "32.35M",
        "32.25M",
        "32.199997M",
        "32.0M",
        "32.0M",
        "31.9M",
        "31.8M",
        "31.75M",
        "31.650002M",
        "31.6M"
    ],
    "nokList": [
        
    ]
}