{"time":1756237059727,"server":2622,"cpList":["MTM","106M","106M","102M","101M","101M","100M","96M","94.5M","92.2M","90.4M","89.4M","88.9M","87.1M","86.9M","86.4M","86.1M","85.5M","85.2M","85.1M","84.2M","83.6M","83.3M","82.5M","82.2M","82.2M","82.2M","82M","82M","81.6M","81.5M","812M","80.6M","80.4M","79.8M","79.5M","78.9M","78.9M","78.6M","78.4M","77.9M","77.4M","77.3M","77M","76.5M","76.4M","76.4M","762M","76.1M","76.1M","75.8M","75.7M","75.2M","75.1M","75.1M","75M","74.7M","74.6M","74.5M","74.4M","74.1M","74.1M","73.6M","73.6M","73.4M","73.4M","73.2M","73M","72.8M","72.8M","72.6M","72.5M","72.5M","72.4M","72.3M","72.3M","72M","71.5M","71.4M","71.4M","71.2M","70.8M","70.6M","70.6M","70.5M","70.2M","69.8M","69.8M","69.6M","69.5M","69.4M","69.4M","69.4M","69.3M","69.2M","69.2M","68.9M","68.9M","68.8M","68.5M"],"okList":["7.0M","10.6M","10.6M","10.2M","10.1M","10.1M","10.0M","9.6M","9.45M","9.22M","9.040000000000001M","8.940000000000001M","8.89M","8.709999999999999M","8.690000000000001M","8.64M","8.61M","8.55M","8.52M","8.51M","8.42M","8.36M","8.33M","8.25M","8.22M","8.22M","8.22M","8.2M","8.2M","8.16M","8.15M","8.120000000000001M","8.059999999999999M","8.040000000000001M","7.9799999999999995M","7.95M","7.890000000000001M","7.890000000000001M","7.859999999999999M","7.840000000000001M","7.790000000000001M","7.74M","7.7299999999999995M","7.7M","7.65M","7.640000000000001M","7.640000000000001M","7.62M","7.609999999999999M","7.609999999999999M","7.58M","7.57M","7.5200000000000005M","7.51M","7.51M","7.5M","7.470000000000001M","7.459999999999999M","7.45M","7.44M","7.409999999999999M","7.409999999999999M","7.359999999999999M","7.359999999999999M","7.340000000000001M","7.340000000000001M","7.32M","7.3M","7.279999999999999M","7.279999999999999M","7.26M","7.25M","7.25M","7.24M","7.2299999999999995M","7.2299999999999995M","7.2M","7.15M","7.140000000000001M","7.140000000000001M","7.12M","7.08M","7.06M","7.06M","7.05M","7.0200000000000005M","6.9799999999999995M","6.9799999999999995M","6.959999999999999M","6.95M","6.94M","6.94M","6.94M","6.93M","6.92M","6.92M","6.890000000000001M","6.890000000000001M","6.88M","6.85M"],"nokList":[]}