{"time":1755522912161,"server":2622,"cpList":["770M","106M","106M","102M","101M","101M","100M","95.3M","94.4M","92M","90.3M","89.3M","88.9M","87.1M","86.9M","86.2M","86M","85.5M","85.2M","84.9M","83.8M","83.4M","82.9M","82.2M","82.2M","82.1M","82.1M","82M","82M","81.3M","81.2M","81.1M","80.9M","80.4M","79.8M","79.6M","78.8M","78.5M","78.4M","77.9M","77.9M","77.2M","77.2M","76.9M","76.7M","76.4M","76.4M","762M","762M","75.8M","75.7M","75.6M","75.5M","75.1M","75.1M","75M","74.7M","74.5M","74.3M","742M","74.1M","74.1M","73.6M","73.4M","73.3M","73.2M","73.2M","73.1M","72.7M","72.7M","72.4M","72.3M","72.2M","72.2M","72.1M","72M","71.7M","71.6M","71.4M","71.2M","71.1M","70.8M","70.5M","70.5M","70.2M","69.8M","69.6M","69.5M","69.4M","69.3M","69.3M","69.2M","69.1M","69M","68.9M","68.8M","68.7M","68.5M","68.4M","68.4M"],"okList":["170.0M","106.0M","106.0M","102.0M","101.0M","101.0M","100.0M","95.3M","94.4M","92.0M","90.3M","89.3M","88.9M","87.1M","86.9M","86.2M","86.0M","85.5M","85.2M","84.9M","83.8M","83.4M","82.9M","82.2M","82.2M","82.1M","82.1M","82.0M","82.0M","81.3M","81.2M","81.1M","80.9M","80.4M","79.8M","79.6M","78.8M","78.5M","78.4M","77.9M","77.9M","77.2M","77.2M","76.9M","76.7M","76.4M","0.764M","0.0016200000000000001M","1.62E-5M","7.580000000000002E-8M","7.570000000000001E-9M","7.56E-9M","7.550000000000001E-9M","7.509999999999999E-9M","7.509999999999999E-9M","7.5E-9M","7.47E-9M","7.45E-9M","7.43E-9M","1.4199999999999998E-8M","7.41E-9M","7.41E-9M","7.36E-9M","7.340000000000001E-9M","7.329999999999999E-9M","7.32E-9M","7.32E-9M","7.31E-9M","7.269999999999999E-9M","7.269999999999999E-9M","7.240000000000001E-9M","7.23E-9M","7.2199999999999995E-9M","7.2199999999999995E-9M","7.21E-9M","7.2E-9M","7.170000000000001E-9M","7.159999999999999E-9M","7.14E-9M","7.120000000000001E-9M","7.11E-9M","7.08E-9M","7.0499999999999994E-9M","7.0499999999999994E-9M","7.020000000000001E-9M","6.9799999999999995E-9M","6.96E-9M","6.949999999999999E-9M","6.9400000000000004E-9M","6.929999999999999E-9M","6.929999999999999E-9M","6.92E-9M","6.91E-9M","6.9E-9M","6.890000000000001E-9M","6.879999999999999E-9M","6.8700000000000005E-9M","6.85E-9M","6.840000000000001E-9M","6.840000000000001E-9M"],"nokList":[]}