{"server":2623,"total":3894.5,"average":40.567707,"cpValues":[],"cpList":["85.3M","78.2M","64.9M","64.9M","64.4M","63.1M","61.1M","58.3M","57.2M","56.4M","56M","55.5M","54M","53.4M","53.1M","53.1M","51.8M","51.8M","51.2M","51M","49.6M","49.5M","49.4M","49.2M","48M","47.3M","46.7M","46.2M","45.5M","43.8M","43.4M","43.4M","43.4M","43.2M","43M","42.9M","42.8M","42.3M","42.1M","42M","41.9M","41.5M","40.4M","40.2M","39.8M","39.7M","39.5M","39M","38.7M","37.8M","37.8M","37.1M","36.2M","36.2M","A6M","A6M","35.4M","35.3M","35.3M","35.3M","35.3M","35.1M","34.3M","33.7M","33.4M","33.4M","32.8M","32.6M","32.2M","31.6M","31.6M","31.4M","31.4M","31.1M","31.1M","30.5M","30M","29.6M","29.5M","29.3M","29.2M","29M","29M","28.8M","28.6M","28.6M","28.3M","28.3M","28.1M","28.1M","27.9M","27.8M","27.7M","21.7M","27.6M","21.2M","27.1M","27M","27M","26.4M"],"okList":["85.3M","75.100006M","71.55M","64.65M","64.0M","62.75M","60.699997M","59.15M","57.35M","56.6M","55.95M","55.0M","54.45M","53.55M","53.25M","52.449997M","52.449997M","51.5M","51.4M","50.4M","50.25M","49.5M","49.35M","48.7M","48.25M","47.35M","46.75M","46.1M","45.0M","44.45M","43.6M","43.4M","43.300003M","43.2M","43.050003M","42.9M","42.6M","42.449997M","42.15M","42.0M","41.75M","41.15M","40.85M","40.1M","39.95M","39.65M","39.35M","39.1M","38.4M","38.25M","37.449997M","37.0M","36.65M","35.35M","35.3M","35.3M","35.199997M","34.8M","34.4M","33.85M","33.550003M","33.1M","33.0M","32.5M","32.1M","31.900002M","31.5M","31.5M","31.25M","31.25M","30.8M","30.55M","30.05M","29.75M","29.45M","29.35M","29.15M","29.1M","28.9M","28.8M","28.7M","28.45M","28.45M","28.2M","28.2M","28.0M","27.95M","27.8M","24.75M","27.650002M","21.45M","27.35M","24.1M","27.05M","26.7M","26.4M"],"nokList":["36.2M","A6M","A6M","35.4M"]}