{"time":1755522938493,"server":2631,"cpList":["88.4M","85.6M","83.5M","83.4M","81.8M","77.8M","77.7M","77.6M","77.2M","766M","75.5M","75M","74.7M","74.1M","74.1M","74M","74M","74M","73.8M","73.6M","73.4M","73.1M","72.7M","72.5M","72.3M","71.4M","71.2M","77M","70.9M","70.3M","69.8M","69.8M","69.2M","69M","69M","69M","68.9M","68.7M","68.6M","68.5M","68.4M","68.3M","68.3M","68.3M","68.1M","67.1M","67M","66.7M","66.5M","66.5M","66.5M","66.2M","66.1M","65.7M","65M","64.8M","64.5M","64.4M","64.3M","64.3M","63.7M","63.5M","63.1M","63.1M","63M","62.9M","62.6M","62.6M","62.1M","62.1M","62M","61.7M","61.6M","61.4M","612M","612M","60.8M","60.5M","60.5M","60.4M","60.3M","60.2M","60.2M","60.1M","59.8M","59.8M","59.8M","59.5M","58.9M","58.9M","58.7M","58.6M","58.6M","58.4M","58.4M","58.3M","58.3M","58M","58M","59M"],"okList":["88.4M","85.6M","83.5M","83.4M","81.8M","77.8M","77.7M","0.7759999999999999M","0.00772M","1.66E-5M","7.550000000000001E-8M","7.5E-9M","7.47E-9M","7.41E-9M","7.41E-9M","7.400000000000001E-9M","7.400000000000001E-9M","7.400000000000001E-9M","7.3800000000000006E-9M","7.36E-9M","7.340000000000001E-9M","7.31E-9M","7.269999999999999E-9M","7.25E-9M","7.23E-9M","7.14E-9M","7.120000000000001E-9M","7.700000000000001E-9M","7.09E-9M","7.03E-9M","6.9799999999999995E-9M","6.9799999999999995E-9M","6.92E-9M","6.9E-9M","6.9E-9M","6.9E-9M","6.890000000000001E-9M","6.8700000000000005E-9M","6.86E-9M","6.85E-9M","6.840000000000001E-9M","6.83E-9M","6.83E-9M","6.83E-9M","6.8099999999999994E-9M","6.709999999999999E-9M","6.7000000000000004E-9M","6.670000000000001E-9M","6.65E-9M","6.65E-9M","6.65E-9M","6.62E-9M","6.609999999999999E-9M","6.57E-9M","6.500000000000001E-9M","6.48E-9M","6.45E-9M","6.440000000000001E-9M","6.43E-9M","6.43E-9M","6.37E-9M","6.35E-9M","6.31E-9M","6.31E-9M","6.3E-9M","6.290000000000001E-9M","6.26E-9M","6.26E-9M","6.210000000000001E-9M","6.210000000000001E-9M","6.2E-9M","6.17E-9M","6.159999999999999E-9M","6.14E-9M","6.119999999999999E-8M","6.119999999999999E-8M","6.08E-9M","6.05E-9M","6.05E-9M","6.040000000000001E-9M","6.03E-9M","6.02E-9M","6.02E-9M","6.01E-9M","5.9800000000000004E-9M","5.9800000000000004E-9M","5.9800000000000004E-9M","5.9499999999999995E-9M","5.89E-9M","5.89E-9M","5.870000000000001E-9M","5.86E-9M","5.86E-9M","5.84E-9M","5.84E-9M","5.83E-9M","5.83E-9M","5.8E-9M","5.8E-9M","5.9E-9M"],"nokList":[]}