{"time":1755522965124,"server":2632,"cpList":["74.8M","746M","70.4M","66.5M","63.9M","62.1M","61.3M","60.8M","59.3M","59.3M","58.4M","57.6M","57.5M","54.7M","542M","53.7M","53.2M","52.9M","52.6M","51.5M","51.4M","49.7M","49.2M","49.1M","48M","48M","47.7M","47M","46.4M","462M","45.7M","44.7M","44.5M","44.5M","44.4M","443M","441M","43.9M","43M","42.9M","42.7M","42.5M","42.1M","41.8M","41M","39.6M","39.2M","39.2M","38.9M","38.6M","38.1M","37.8M","36.9M","36.6M","36.4M","36.2M","36M","36M","35.9M","35.7M","35.6M","35.4M","35.2M","34.5M","34.4M","34.4M","342M","342M","342M","34.1M","33.9M","33.8M","33.8M","33.7M","33.7M","33.6M","33.6M","33.5M","33.5M","33.4M","33.3M","32.8M","32.7M","32.5M","32.5M","32.3M","32.3M","32.1M","31.8M","31.6M","31.3M","31.3M","31.1M","31.1M","31M","30.8M","30.8M","30.2M","30.2M","30.2M"],"okList":["7.4799999999999995E-6M","1.4599999999999998E-7M","7.040000000000001E-8M","6.65E-9M","6.39E-9M","6.210000000000001E-9M","6.13E-9M","6.08E-9M","5.93E-9M","5.93E-9M","5.84E-9M","5.760000000000001E-9M","5.75E-9M","5.47E-9M","5.4199999999999996E-8M","5.37E-9M","5.32E-9M","5.2900000000000006E-9M","5.2600000000000004E-9M","5.15E-9M","5.140000000000001E-9M","4.970000000000001E-9M","4.920000000000001E-9M","4.910000000000001E-9M","4.8E-9M","4.8E-9M","4.770000000000001E-9M","4.699999999999999E-9M","4.6400000000000005E-9M","4.62E-8M","4.57E-9M","4.4700000000000005E-9M","4.45E-9M","4.45E-9M","4.44E-9M","4.43E-8M","4.4100000000000004E-8M","4.389999999999999E-9M","4.3000000000000005E-9M","4.289999999999999E-9M","4.27E-9M","4.25E-9M","4.21E-9M","4.18E-9M","4.0999999999999995E-9M","3.96E-9M","3.92E-9M","3.92E-9M","3.8900000000000004E-9M","3.86E-9M","3.81E-9M","3.78E-9M","3.6900000000000003E-9M","3.66E-9M","3.64E-9M","3.6200000000000003E-9M","3.6E-9M","3.6E-9M","3.59E-9M","3.57E-9M","3.5600000000000005E-9M","3.54E-9M","3.5200000000000007E-9M","3.45E-9M","3.4399999999999997E-9M","3.4399999999999997E-9M","3.42E-8M","3.42E-8M","3.42E-8M","3.41E-9M","3.3899999999999997E-9M","3.3799999999999995E-9M","3.3799999999999995E-9M","3.37E-9M","3.37E-9M","3.3600000000000004E-9M","3.3600000000000004E-9M","3.3500000000000002E-9M","3.3500000000000002E-9M","3.34E-9M","3.33E-9M","3.28E-9M","3.27E-9M","3.2500000000000006E-9M","3.2500000000000006E-9M","3.229999999999999E-9M","3.229999999999999E-9M","3.2100000000000003E-9M","3.18E-9M","3.1600000000000003E-9M","3.13E-9M","3.13E-9M","3.11E-9M","3.11E-9M","3.1E-9M","3.0799999999999997E-9M","3.0799999999999997E-9M","3.0200000000000003E-9M","3.0200000000000003E-9M","3.0200000000000003E-9M"],"nokList":[]}