{"time":1755523018163,"server":2635,"cpList":["63.8M","62.6M","62.3M","62.2M","62.2M","61.3M","612M","61M","60.8M","60.3M","59.9M","59.8M","59.7M","59.6M","59.4M","59.3M","59.1M","59M","59M","58.8M","58.4M","58.1M","58.1M","58M","57.9M","57.7M","57.4M","57.2M","57M","56.8M","56.8M","56.6M","56.4M","56.4M","56.3M","56.1M","55.9M","55.8M","55.5M","55.4M","55.2M","55M","55M","54.4M","543M","542M","54.1M","54.1M","54M","53.8M","53.7M","53.3M","53.3M","53.1M","52.8M","52.8M","52.8M","52.7M","52.6M","52.6M","52.5M","52.1M","52M","52M","51.9M","51.7M","51.6M","51.5M","51.4M","57M","50.5M","49.8M","49.7M","49.6M","49.5M","49.5M","49.5M","49.4M","49.4M","49.3M","49.2M","49M","48.2M","48.2M","48.1M","48.1M","48.1M","48.1M","48.1M","47.9M","47.8M","47.7M","47.7M","47.4M","47.4M","47.2M","47.2M","47.1M","47.1M","47.1M"],"okList":["63.8M","62.6M","62.3M","62.2M","62.2M","61.3M","61.2M","61.0M","60.8M","60.3M","59.9M","59.8M","59.7M","59.6M","59.4M","59.3M","59.1M","59.0M","59.0M","58.8M","58.4M","58.1M","58.1M","58.0M","57.9M","57.7M","57.4M","57.2M","57.0M","56.8M","56.8M","56.6M","56.4M","56.4M","56.3M","56.1M","55.9M","55.8M","55.5M","55.4M","55.2M","55.0M","55.0M","54.4M","54.3M","54.2M","54.1M","54.1M","54.0M","53.8M","53.7M","53.3M","53.3M","53.1M","52.8M","52.8M","52.8M","52.7M","52.6M","52.6M","52.5M","52.1M","52.0M","52.0M","51.9M","0.517M","0.0051600000000000005M","5.15E-5M","5.140000000000001E-7M","5.6999999999999994E-8M","5.0500000000000006E-9M","4.979999999999999E-9M","4.970000000000001E-9M","4.96E-9M","4.949999999999999E-9M","4.949999999999999E-9M","4.949999999999999E-9M","4.940000000000001E-9M","4.940000000000001E-9M","4.930000000000001E-9M","4.920000000000001E-9M","4.9E-9M","4.820000000000001E-9M","4.820000000000001E-9M","4.8100000000000006E-9M","4.8100000000000006E-9M","4.8100000000000006E-9M","4.8100000000000006E-9M","4.8100000000000006E-9M","4.79E-9M","4.779999999999999E-9M","4.770000000000001E-9M","4.770000000000001E-9M","4.739999999999999E-9M","4.739999999999999E-9M","4.72E-9M","4.72E-9M","4.7100000000000005E-9M","4.7100000000000005E-9M","4.7100000000000005E-9M"],"nokList":[]}