{"server":2641,"total":6342.1016,"average":69.69342,"cpValues":[],"cpList":["126M","100M","N8.6M","25.6M","D5M","87.8M","86.4M","85.9M","83.8M","83.4M","82.5M","81.5M","81.2M","78.5M","78.5M","78.3M","77.5M","77.4M","77.1M","76.6M","76.4M","74.7M","74.4M","74.1M","74M","73.7M","73.5M","73.2M","73.1M","73M","72.1M","71.8M","71.7M","71.6M","71.6M","71.6M","71.5M","71.2M","70.9M","69.9M","69.6M","69.5M","69.3M","68.7M","68.7M","6A.6M","68.5M","68.4M","68.4M","6AM","67.8M","67.8M","67.7M","67.4M","67M","66.9M","66.7M","66.6M","66.6M","66.4M","66.4M","66.2M","66.1M","65.8M","65.7M","65.6M","65.5M","65.4M","65.4M","65.2M","65.1M","65M","64.8M","64.5M","64.1M","64.1M","63.7M","63.6M","63.6M","63.4M","63.4M","63.2M","63M","63M","62.9M","62.8M","62.8M","62.8M","62.6M","62.6M","62.4M","62.4M","62.3M","62.1M","62M","61.8M","61.7M","61.7M","61.M","61.5M"],"okList":["126.0M","86.850006M","85.100006M","84.65M","83.15M","82.45M","81.85M","80.0M","79.85M","78.4M","78.0M","77.850006M","77.3M","77.0M","76.75M","75.649994M","75.4M","74.399994M","74.2M","73.899994M","73.75M","73.45M","73.3M","73.1M","72.6M","72.4M","71.899994M","71.7M","71.649994M","71.6M","71.55M","71.399994M","71.2M","70.55M","70.25M","69.7M","69.45M","69.1M","69.0M","68.6M","68.45M","68.100006M","67.75M","67.600006M","67.35M","67.15M","66.85M","66.75M","66.649994M","66.5M","66.5M","66.3M","66.25M","66.0M","65.899994M","65.7M","65.6M","65.5M","65.45M","65.3M","65.25M","65.1M","64.95M","64.75M","64.45M","64.3M","63.9M","63.85M","63.65M","63.5M","63.5M","63.300003M","63.2M","63.1M","62.95M","62.9M","62.85M","62.8M","62.699997M","62.699997M","62.5M","62.5M","62.35M","62.25M","62.15M","61.949997M","61.85M","61.75M","61.35M","61.6M","61.5M"],"nokList":["100M","N8.6M","25.6M","D5M","87.8M","68.7M","68.5M","68.4M","67.8M"]}