{"server":2643,"total":4889.4507,"average":48.89451,"cpValues":[],"cpList":["72.3M","69M","65.4M","64.1M","63.6M","63.1M","61.7M","60.8M","60.6M","60.3M","60M","60M","58.4M","56.1M","56.1M","55.9M","55.7M","55.6M","55.5M","55.4M","55M","55M","54.9M","54.3M","54.1M","53.9M","53.9M","52.7M","52.7M","52.4M","52.2M","51.9M","51.5M","51M","51M","50.8M","50.3M","50.2M","49.9M","49.8M","49.5M","49.3M","49.1M","49M","48.6M","48.5M","48.5M","48.4M","48.2M","48.2M","47.9M","47.9M","47.3M","47.1M","47.1M","46.9M","46.7M","46.6M","46.5M","46.3M","46.1M","45.6M","45.5M","45.4M","45.2M","44.4M","44.2M","43.7M","43.6M","43.5M","43.4M","43.2M","43M","43M","42.9M","42.5M","42.4M","42.3M","42.2M","41.8M","41.5M","41.4M","41.4M","41.4M","41.3M","41.2M","40.8M","40.6M","40.3M","40.1M","39.9M","39.7M","39.5M","39.2M","39M","38.8M","38.8M","38.5M","37.9M","37.9M"],"okList":["72.3M","68.850006M","66.55M","64.5M","63.6M","62.65M","61.949997M","61.15M","60.55M","60.3M","60.15M","59.2M","58.05M","57.25M","56.0M","55.9M","55.75M","55.6M","55.5M","55.25M","55.2M","54.95M","54.65M","54.5M","54.1M","54.0M","53.300003M","53.300003M","52.550003M","52.45M","52.15M","51.85M","51.45M","51.25M","50.9M","50.65M","50.5M","50.1M","50.0M","49.7M","49.55M","49.3M","49.15M","48.85M","48.75M","48.55M","48.45M","48.35M","48.300003M","48.050003M","48.050003M","47.6M","47.5M","47.199997M","47.0M","46.9M","46.75M","46.6M","46.449997M","46.3M","45.949997M","45.8M","45.5M","45.35M","44.9M","44.7M","44.050003M","43.9M","43.6M","43.5M","43.35M","43.2M","43.1M","42.95M","42.75M","42.65M","42.4M","42.300003M","42.05M","41.85M","41.6M","41.45M","41.4M","41.35M","41.300003M","41.05M","40.9M","40.55M","40.35M","40.1M","39.9M","39.7M","39.45M","39.25M","39.0M","38.9M","38.65M","38.35M","38.2M","37.9M"],"nokList":[]}