{"time":1755523097525,"server":2643,"cpList":["72.9M","69.7M","68.4M","66.5M","65.8M","65.4M","65M","62.8M","62.5M","62M","62M","61.5M","61.4M","60.4M","60M","59.9M","59.4M","59.3M","58.8M","58.7M","57.9M","57.5M","56.6M","56.6M","56.3M","56.2M","56.2M","55.5M","55.2M","55.1M","54.6M","54.4M","54.1M","54M","54M","53.9M","53.8M","53.5M","53.5M","52M","51.3M","51.2M","51.2M","57M","50.2M","50.1M","49.9M","49.8M","49.6M","49.3M","49.3M","49.3M","48.5M","48.4M","48.3M","48.2M","48.2M","48.1M","47.6M","47.2M","46.9M","461M","45.4M","45.2M","446M","446M","44.5M","44.4M","443M","43.7M","43.6M","43.6M","43M","42.9M","42.4M","422M","41.8M","41.5M","41.4M","41.3M","412M","40.8M","40.1M","40M","39.9M","39.8M","39.4M","39.2M","39.1M","39M","38.8M","38.5M","38.3M","37.9M","37.9M","33.9M","37.7M","37.3M","37.2M","36.9M"],"okList":["72.9M","69.7M","68.4M","66.5M","65.8M","65.4M","65.0M","62.8M","62.5M","62.0M","62.0M","61.5M","61.4M","60.4M","60.0M","59.9M","59.4M","59.3M","58.8M","58.7M","57.9M","57.5M","56.6M","56.6M","56.3M","56.2M","56.2M","55.5M","55.2M","55.1M","54.6M","54.4M","54.1M","54.0M","54.0M","53.9M","53.8M","53.5M","53.5M","0.52M","0.00513M","5.1200000000000004E-5M","5.12E-7M","5.6999999999999994E-8M","5.0200000000000004E-9M","5.01E-9M","4.989999999999999E-9M","4.979999999999999E-9M","4.96E-9M","4.930000000000001E-9M","4.930000000000001E-9M","4.930000000000001E-9M","4.8500000000000004E-9M","4.839999999999999E-9M","4.83E-9M","4.820000000000001E-9M","4.820000000000001E-9M","4.8100000000000006E-9M","4.76E-9M","4.72E-9M","4.689999999999999E-9M","4.610000000000001E-8M","4.5400000000000005E-9M","4.519999999999999E-9M","4.4599999999999996E-8M","4.4599999999999996E-8M","4.45E-9M","4.44E-9M","4.43E-8M","4.3700000000000004E-9M","4.360000000000001E-9M","4.360000000000001E-9M","4.3000000000000005E-9M","4.289999999999999E-9M","4.24E-9M","4.2199999999999994E-8M","4.18E-9M","4.15E-9M","4.139999999999999E-9M","4.1300000000000004E-9M","4.12E-8M","4.079999999999999E-9M","4.010000000000001E-9M","4.0E-9M","3.99E-9M","3.98E-9M","3.94E-9M","3.92E-9M","3.91E-9M","3.899999999999999E-9M","3.879999999999999E-9M","3.8500000000000006E-9M","3.829999999999999E-9M","3.7899999999999995E-9M","3.7899999999999995E-9M","3.3899999999999997E-9M","3.77E-9M","3.729999999999999E-9M","3.7200000000000012E-9M","3.6900000000000003E-9M"],"nokList":[]}