{"server":2644,"total":3754.7,"average":43.15747,"cpValues":[],"cpList":["76.6M","65.9M","64.6M","59.5M","59.3M","58.2M","57.7M","57.6M","57.4M","56.9M","56.6M","55.2M","53.8M","53.6M","52.8M","52.7M","52.2M","51.9M","50.6M","50.2M","50.1M","49.2M","49.2M","48.4M","48.1M","48.1M","47.9M","47.6M","47.1M","46.4M","45.7M","45.6M","45.2M","44.9M","44.2M","44M","43.5M","42.8M","42M","41.9M","41.8M","41.4M","41.2M","41.1M","41M","40.8M","40.6M","40.6M","40.5M","40M","39.5M","38.9M","38.9M","38.8M","AA.6M","38.1M","37.9M","37.8M","37.8M","37.2M","37.1M","37M","A6.9M","A6.9M","A6.9M","36.5M","36.5M","36.2M","A6.1M","35.9M","35.7M","35.2M","35.1M","35M","35M","34.1M","34.1M","34M","33.8M","A3.6M","A3.6M","33.3M","33.2M","33M","32.7M","32.7M","32.7M","32.7M","32.5M","32.5M","32.3M","32.2M","32.2M","32.1M","32.1M","31.9M","31.8M","31.7M","31.7M","31.2M"],"okList":["76.6M","70.6M","62.7M","61.949997M","58.85M","58.5M","57.9M","57.550003M","57.25M","57.0M","56.050003M","55.199997M","54.4M","53.3M","53.15M","52.5M","52.300003M","51.4M","51.050003M","50.35M","49.7M","49.65M","48.800003M","48.65M","48.25M","48.0M","47.85M","47.5M","47.0M","46.4M","46.0M","45.45M","45.25M","44.7M","44.45M","43.85M","43.4M","42.75M","42.35M","41.9M","41.65M","41.5M","41.25M","41.1M","40.949997M","40.8M","40.699997M","40.55M","40.3M","40.0M","39.45M","39.2M","38.85M","38.449997M","37.949997M","37.85M","37.5M","37.449997M","37.1M","36.35M","36.050003M","35.550003M","35.4M","35.1M","35.05M","34.55M","34.55M","34.05M","33.949997M","33.15M","32.95M","32.85M","32.7M","32.7M","32.6M","32.6M","32.4M","32.35M","32.25M","32.15M","32.15M","32.0M","31.949999M","31.8M","31.75M","31.45M","31.2M"],"nokList":["38.8M","38.1M","37M","A6.9M","A6.9M","A6.9M","36.5M","36.2M","35.9M","33.8M","A3.6M","A3.6M","33.3M"]}