{"server":2645,"total":3139.2,"average":34.12174,"cpValues":[],"cpList":["51M","50.7M","50.4M","48.1M","45.4M","44M","43.4M","42.9M","42.2M","41.8M","41.2M","39.9M","39.6M","38.9M","78M","78M","37.9M","37.6M","37.5M","37.4M","A6.9M","36.8M","36.4M","36.3M","36.2M","A6.1M","35.9M","35.5M","35.3M","35.3M","35M","35M","34.2M","34.1M","34M","33.7M","A3.6M","A3.6M","33.2M","33.1M","32.9M","32.8M","32.7M","32.6M","32.6M","32.3M","32.3M","32.2M","32.1M","32M","31.9M","31.6M","31.6M","31.5M","31.4M","31.2M","31.1M","31M","31M","30.6M","30.5M","30.5M","30.5M","30.4M","30.1M","30M","29.9M","29.8M","29.7M","29.6M","29.6M","29.5M","29.4M","29.4M","29.3M","29.2M","29.1M","29.1M","28.9M","29.7M","28.5M","28.5M","28.3M","28.2M","28.2M","28.1M","28M","27.8M","27.7M","27.6M","27.6M","27.6M","27.6M","21.5M","27.3M","21.2M","27.2M","27.1M","27M","26.9M"],"okList":["51.0M","50.7M","49.4M","47.9M","46.05M","44.4M","43.45M","42.800003M","42.35M","41.7M","40.85M","40.4M","39.4M","58.8M","78.0M","57.95M","57.8M","37.7M","37.5M","37.1M","36.55M","36.300003M","36.050003M","35.6M","35.4M","35.15M","35.15M","34.6M","34.55M","34.1M","33.9M","33.050003M","32.949997M","32.800003M","32.699997M","32.65M","32.449997M","32.449997M","32.25M","32.199997M","32.1M","32.0M","31.8M","31.75M","31.55M","31.5M","31.35M","31.25M","31.1M","31.05M","30.8M","30.75M","30.55M","30.5M","30.45M","30.3M","30.2M","30.0M","29.9M","29.8M","29.7M","29.650002M","29.55M","29.5M","29.45M","29.349998M","29.3M","29.2M","29.150002M","29.0M","29.400002M","28.7M","29.1M","28.4M","28.35M","28.25M","28.150002M","28.1M","27.95M","27.85M","27.7M","27.650002M","27.6M","27.6M","24.55M","27.45M","21.35M","27.25M","24.150002M","27.1M","27.0M","26.9M"],"nokList":["37.4M","36.8M","36.2M","35.9M","33.7M","A3.6M","A3.6M","33.2M"]}