{"server":2651,"total":4077.4495,"average":42.92052,"cpValues":[],"cpList":["70.7M","66.5M","65.5M","63.7M","59.3M","58.9M","57.7M","57.1M","56.8M","56.5M","56.2M","55.3M","54.6M","54.1M","53.5M","53.5M","52.7M","52.7M","51.5M","51M","50.4M","50.4M","49.9M","49.7M","48.8M","48.3M","47.9M","47.6M","47.4M","47.3M","47.1M","46.8M","46.2M","46M","45.8M","45.8M","44.8M","44.8M","44.7M","44.6M","44M","43.8M","43.2M","42.3M","41.9M","41.8M","41.8M","41.3M","41.2M","41.1M","41M","40.9M","40.8M","40.5M","39.7M","39.4M","39.2M","38.4M","37.6M","37.4M","37.3M","37.1M","A6.6M","36.2M","A6M","35.8M","35.5M","35.5M","35.4M","35.3M","35.2M","35M","35M","34.8M","34.7M","34.6M","34.5M","33.9M","A3.6M","33.5M","33.3M","33.2M","33M","32.8M","32.6M","32.5M","32M","31.9M","31.8M","31.7M","31.6M","31.5M","31.4M","31.2M","31.2M","31.2M","31.1M","31.1M","31M","30.9M"],"okList":["70.7M","68.1M","65.1M","62.4M","61.300003M","58.5M","58.0M","57.25M","56.8M","56.5M","55.9M","55.4M","54.699997M","54.05M","53.8M","53.1M","53.1M","52.1M","51.85M","50.95M","50.7M","50.15M","50.050003M","49.35M","49.0M","48.35M","47.949997M","47.65M","47.449997M","47.25M","47.05M","46.65M","46.4M","46.0M","45.9M","45.3M","45.3M","44.75M","44.699997M","44.35M","44.199997M","43.6M","43.05M","42.550003M","42.05M","41.85M","41.55M","41.5M","41.199997M","41.1M","41.0M","40.9M","40.7M","40.25M","39.95M","39.45M","38.9M","38.4M","37.9M","37.449997M","37.25M","36.65M","36.0M","35.65M","35.45M","35.4M","35.300003M","35.15M","35.1M","34.9M","34.85M","34.699997M","34.6M","34.25M","33.7M","33.35M","33.15M","33.0M","32.8M","32.65M","32.3M","32.2M","31.9M","31.8M","31.7M","31.6M","31.5M","31.35M","31.3M","31.2M","31.150002M","31.150002M","31.05M","31.0M","30.9M"],"nokList":["37.1M","36.2M","35.8M","33.9M","33.5M"]}