{"time":1755523177090,"server":2653,"cpList":["71.1M","69.3M","67.3M","65.8M","59.6M","58.7M","58.5M","56.6M","54.6M","53.4M","53.2M","52.9M","52.2M","52M","51.5M","57M","50.3M","49.6M","48.6M","48.5M","48.3M","47.1M","46.7M","45.6M","45.4M","44.7M","44.7M","446M","44.4M","43.6M","43.3M","43.2M","42.5M","42.3M","422M","41.7M","40.7M","40.3M","39.9M","39.8M","39.1M","39.1M","39M","38.9M","38.6M","37.9M","37.7M","37.5M","37.3M","36.7M","36.6M","36.6M","36.6M","36.3M","36M","35.9M","35.7M","35.7M","35.2M","35M","35M","34.4M","34.3M","34.3M","34.3M","34M","33.9M","33.5M","32.9M","32.4M","32.4M","32.4M","32.1M","32M","31.8M","31.6M","31.2M","30.7M","30.7M","30.6M","30.5M","30.4M","30.4M","30.4M","30.4M","30.3M","30.2M","30.2M","30M","29.8M","29.5M","29.3M","29.1M","29.1M","29M","28.8M","28.7M","28.6M","28.4M","28.4M"],"okList":["71.1M","69.3M","67.3M","65.8M","59.6M","58.7M","58.5M","56.6M","54.6M","53.4M","53.2M","0.529M","0.00522M","5.2E-5M","5.149999999999999E-7M","5.6999999999999994E-8M","5.03E-9M","4.96E-9M","4.86E-9M","4.8500000000000004E-9M","4.83E-9M","4.7100000000000005E-9M","4.670000000000001E-9M","4.559999999999999E-9M","4.5400000000000005E-9M","4.4700000000000005E-9M","4.4700000000000005E-9M","4.4599999999999996E-8M","4.44E-9M","4.360000000000001E-9M","4.33E-9M","4.320000000000001E-9M","4.25E-9M","4.2300000000000005E-9M","4.2199999999999994E-8M","4.17E-9M","4.070000000000001E-9M","4.03E-9M","3.99E-9M","3.98E-9M","3.91E-9M","3.91E-9M","3.899999999999999E-9M","3.8900000000000004E-9M","3.86E-9M","3.7899999999999995E-9M","3.77E-9M","3.75E-9M","3.729999999999999E-9M","3.6700000000000004E-9M","3.66E-9M","3.66E-9M","3.66E-9M","3.63E-9M","3.6E-9M","3.59E-9M","3.57E-9M","3.57E-9M","3.5200000000000007E-9M","3.5E-9M","3.5E-9M","3.4399999999999997E-9M","3.43E-9M","3.43E-9M","3.43E-9M","3.4E-9M","3.3899999999999997E-9M","3.3500000000000002E-9M","3.2899999999999996E-9M","3.24E-9M","3.24E-9M","3.24E-9M","3.2100000000000003E-9M","3.2E-9M","3.18E-9M","3.1600000000000003E-9M","3.12E-9M","3.07E-9M","3.07E-9M","3.0599999999999998E-9M","3.049999999999999E-9M","3.04E-9M","3.04E-9M","3.04E-9M","3.04E-9M","3.03E-9M","3.0200000000000003E-9M","3.0200000000000003E-9M","3.0E-9M","2.98E-9M","2.95E-9M","2.93E-9M","2.9100000000000005E-9M","2.9100000000000005E-9M","2.9E-9M","2.8800000000000004E-9M","2.87E-9M","2.86E-9M","2.8399999999999993E-9M","2.8399999999999993E-9M"],"nokList":[]}