{"server":2654,"total":4841.1,"average":49.90825,"cpValues":[],"cpList":["74.6M","69.9M","65.4M","65.1M","63.3M","63.1M","63M","61.5M","61.3M","61M","60.7M","59.1M","59M","58.9M","58.1M","57.QM","57.3M","57.3M","57.2M","57M","57M","56.8M","56.8M","56.6M","55.5M","54.7M","54.5M","54M","53.2M","53.1M","52.9M","52.6M","52.4M","52.4M","52.3M","52.1M","52M","52M","51.5M","51.5M","51.4M","51.4M","51M","50.8M","50.6M","50.4M","50.4M","50.1M","50.1M","49.6M","49.5M","49.3M","49.2M","48.7M","48.4M","48.1M","48M","47.M","47.3M","47.1M","46.4M","46.2M","46.1M","45.9M","45.8M","45.5M","45.3M","45.3M","45.2M","45.1M","45.1M","45.1M","45M","44.9M","44.7M","44.4M","43.9M","43.9M","43.7M","43.5M","43.4M","43.2M","43M","42.9M","42.9M","42.7M","42.7M","42.6M","42.6M","42.5M","42.3M","42.3M","41.1M","40.9M","40.8M","40.6M","40.6M","40.5M","+0.5M","40.4M"],"okList":["74.6M","70.0M","67.5M","64.35M","64.1M","63.15M","62.3M","62.15M","61.25M","61.0M","60.05M","59.85M","59.0M","58.55M","57.25M","57.15M","57.1M","56.9M","56.9M","56.699997M","56.15M","55.65M","55.0M","54.35M","53.85M","53.55M","53.050003M","52.85M","52.65M","52.5M","52.35M","52.25M","52.15M","52.05M","51.75M","51.75M","51.45M","51.45M","51.2M","51.1M","50.8M","50.6M","50.5M","50.25M","50.25M","49.85M","49.8M","49.449997M","49.35M","49.0M","48.800003M","48.4M","48.2M","47.55M","47.65M","47.05M","46.85M","46.65M","46.25M","46.050003M","45.949997M","45.7M","45.55M","45.4M","45.25M","45.199997M","45.15M","45.1M","45.05M","45.0M","44.85M","44.65M","44.300003M","44.15M","43.800003M","43.7M","43.550003M","43.35M","43.2M","43.050003M","42.95M","42.800003M","42.800003M","42.65M","42.65M","42.55M","42.449997M","42.4M","41.699997M","41.6M","40.949997M","40.75M","40.699997M","40.55M","20.55M","40.45M","40.4M"],"nokList":["58.1M","57.QM","57.3M"]}