{"time":1755523229924,"server":2655,"cpList":["100M","90.6M","84.4M","842M","82.4M","81.4M","80.6M","80.5M","80.5M","80.1M","79.7M","78.9M","77.7M","74M","73.4M","73.1M","72.6M","72.6M","71.1M","77M","70.9M","70.7M","70.6M","69.2M","69.1M","67.5M","67.1M","67M","66.6M","66.3M","66.2M","66.1M","66M","65.6M","65.6M","65.5M","65.3M","65.1M","65.1M","64.7M","64.4M","63.8M","63.3M","63.2M","63.1M","63.1M","63M","62.9M","62.4M","62.1M","62M","61.9M","61.7M","61.7M","61.5M","61.5M","61.4M","61M","61M","60.8M","60.7M","60.6M","60.5M","60.4M","60.3M","60M","59.9M","59.9M","59.5M","59.4M","59.4M","58.9M","58.8M","58.7M","58.6M","58.6M","58.4M","58.4M","58.3M","58.2M","57.9M","57.8M","57.7M","57.5M","57.3M","57.3M","57.3M","57.3M","56.9M","56.8M","56.8M","56.6M","55.9M","55.9M","55.9M","55.9M","55.8M","55.8M","55.8M","55.6M"],"okList":["100.0M","90.6M","84.4M","84.2M","82.4M","81.4M","80.6M","80.5M","80.5M","80.1M","79.7M","78.9M","77.7M","74.0M","73.4M","0.731M","0.00726M","7.26E-5M","7.11E-7M","7.699999999999999E-8M","7.09E-9M","7.070000000000001E-9M","7.06E-9M","6.92E-9M","6.91E-9M","6.750000000000001E-9M","6.709999999999999E-9M","6.7000000000000004E-9M","6.66E-9M","6.63E-9M","6.62E-9M","6.609999999999999E-9M","6.6E-9M","6.56E-9M","6.56E-9M","6.550000000000001E-9M","6.53E-9M","6.51E-9M","6.51E-9M","6.47E-9M","6.440000000000001E-9M","6.380000000000001E-9M","6.3299999999999994E-9M","6.3200000000000005E-9M","6.31E-9M","6.31E-9M","6.3E-9M","6.290000000000001E-9M","6.24E-9M","6.210000000000001E-9M","6.2E-9M","6.19E-9M","6.17E-9M","6.17E-9M","6.1500000000000005E-9M","6.1500000000000005E-9M","6.14E-9M","6.099999999999998E-9M","6.099999999999998E-9M","6.08E-9M","6.07E-9M","6.06E-9M","6.05E-9M","6.040000000000001E-9M","6.03E-9M","6.0E-9M","5.99E-9M","5.99E-9M","5.9499999999999995E-9M","5.9400000000000006E-9M","5.9400000000000006E-9M","5.89E-9M","5.88E-9M","5.870000000000001E-9M","5.86E-9M","5.86E-9M","5.84E-9M","5.84E-9M","5.83E-9M","5.820000000000001E-9M","5.79E-9M","5.7799999999999995E-9M","5.7700000000000005E-9M","5.75E-9M","5.73E-9M","5.73E-9M","5.73E-9M","5.73E-9M","5.69E-9M","5.6799999999999986E-9M","5.6799999999999986E-9M","5.660000000000001E-9M","5.59E-9M","5.59E-9M","5.59E-9M","5.59E-9M","5.5799999999999985E-9M","5.5799999999999985E-9M","5.5799999999999985E-9M","5.560000000000001E-9M"],"nokList":[]}