{"server":2655,"total":6347.251,"average":66.117195,"cpValues":[],"cpList":["101M","N0.6M","89.4M","83.7M","80.8M","80.6M","79.9M","79.7M","78.3M","78.2M","77.9M","77.6M","77.1M","76.9M","76.3M","75.6M","75.3M","75M","74.8M","74.5M","74.1M","72.6M","71.8M","71.6M","71.6M","71.5M","71.5M","71.3M","71.3M","70.9M","70.8M","70.2M","69.2M","69.1M","6A.6M","68.4M","68.3M","68.3M","67.5M","67.4M","67.4M","67.2M","67.1M","66.4M","66.1M","65.6M","65.3M","65.2M","64.7M","64.6M","64.5M","63.8M","63.4M","63.2M","63.2M","63.1M","62.7M","62.6M","62.5M","62.3M","62.2M","62M","61.9M","61.9M","61.8M","61.8M","61.6M","61.6M","61.2M","61M","61M","61M","60.9M","60.8M","60.4M","60.3M","60.3M","60M","59.4M","59M","58.8M","58.6M","58.1M","57.8M","57.8M","57.7M","57.7M","57.6M","57.3M","56.9M","56.8M","56.8M","56.6M","56.6M","56.5M","56.4M","56.2M","56M","55.9M","55.6M"],"okList":["101.0M","85.100006M","82.149994M","80.350006M","80.149994M","79.100006M","78.95M","78.100006M","77.899994M","77.5M","77.25M","76.7M","76.25M","75.8M","75.3M","75.05M","74.75M","74.45M","73.55M","72.95M","72.1M","71.7M","71.55M","71.55M","71.4M","71.4M","71.100006M","71.05M","70.55M","70.0M","69.649994M","68.75M","68.350006M","67.9M","67.850006M","67.45M","67.3M","67.25M","66.8M","66.6M","66.0M","65.7M","65.399994M","65.0M","64.899994M","64.6M","64.2M","63.95M","63.5M","63.300003M","63.15M","62.95M","62.85M","62.6M","62.449997M","62.35M","62.15M","62.050003M","61.95M","61.85M","61.85M","61.699997M","61.699997M","61.4M","61.3M","61.1M","61.0M","60.95M","60.9M","60.65M","60.55M","60.35M","60.15M","59.85M","59.5M","59.1M","58.8M","58.449997M","58.199997M","57.949997M","57.75M","57.75M","57.65M","57.5M","57.25M","57.05M","56.85M","56.699997M","56.699997M","56.55M","56.5M","56.35M","56.2M","56.050003M","55.8M","55.6M"],"nokList":["N0.6M","89.4M","69.1M","68.4M"]}