{"time":1755523282907,"server":2682,"cpList":["103M","103M","101M","100M","100M","99.2M","98.3M","97M","93.2M","92.4M","92.2M","91.9M","916M","90M","88.9M","87.7M","87.2M","86.9M","846M","84.4M","84.4M","843M","842M","84.1M","83.7M","83.5M","83.1M","82.5M","82.4M","81.6M","81.2M","80.8M","80.8M","80.7M","80.6M","80.4M","80.3M","80.2M","80M","79.8M","79.7M","79.5M","79.2M","78.6M","78.1M","77.9M","77.7M","77.5M","77.2M","77M","77M","76.3M","76M","75.4M","75.1M","74.5M","74.1M","73.5M","73.3M","73.3M","73.2M","72.7M","72.6M","72.5M","72.5M","72.4M","72.3M","72.3M","72.1M","72M","72M","71.9M","71.6M","71.5M","71.4M","71.1M","71.1M","77M","77M","70.9M","70.4M","70.2M","70.1M","70.1M","70M","69.9M","69.8M","69.8M","69.7M","69.6M","69.4M","69.1M","69.1M","69.1M","69M","69M","68.9M","68.9M","68.9M","68.9M"],"okList":["103.0M","103.0M","101.0M","100.0M","100.0M","99.2M","98.3M","97.0M","93.2M","92.4M","92.2M","91.9M","91.6M","90.0M","88.9M","87.7M","87.2M","86.9M","84.6M","84.4M","84.4M","84.3M","84.2M","84.1M","83.7M","83.5M","83.1M","82.5M","82.4M","81.6M","81.2M","80.8M","80.8M","80.7M","80.6M","80.4M","80.3M","80.2M","80.0M","79.8M","79.7M","79.5M","79.2M","78.6M","78.1M","77.9M","77.7M","77.5M","77.2M","77.0M","77.0M","76.3M","76.0M","75.4M","75.1M","74.5M","74.1M","73.5M","73.3M","73.3M","73.2M","72.7M","72.6M","72.5M","72.5M","72.4M","72.3M","72.3M","72.1M","72.0M","72.0M","71.9M","71.6M","0.715M","0.0071400000000000005M","7.11E-5M","7.11E-7M","7.699999999999999E-8M","7.700000000000001E-9M","7.09E-9M","7.040000000000001E-9M","7.020000000000001E-9M","7.0099999999999996E-9M","7.0099999999999996E-9M","7.0E-9M","6.99E-9M","6.9799999999999995E-9M","6.9799999999999995E-9M","6.97E-9M","6.96E-9M","6.9400000000000004E-9M","6.91E-9M","6.91E-9M","6.91E-9M","6.9E-9M","6.9E-9M","6.890000000000001E-9M","6.890000000000001E-9M","6.890000000000001E-9M","6.890000000000001E-9M"],"nokList":[]}