{"time":1755523309283,"server":2683,"cpList":["771M","104M","104M","102M","95M","94.7M","89.8M","88.9M","88.8M","87.8M","87.2M","86.9M","86.7M","846M","83.5M","83.5M","83.4M","83.3M","81.8M","81.7M","81.6M","80.1M","80M","79.1M","78.1M","77.5M","77M","76.8M","76.3M","762M","76.1M","76.1M","75.9M","75.8M","75.8M","75.8M","75.7M","75.6M","75.1M","75.1M","75.1M","74.9M","74.1M","73.2M","73M","73M","73M","72.8M","72.6M","72.5M","72.5M","72.2M","71.9M","71.8M","71.8M","71.5M","71.5M","71.5M","71.5M","71.4M","71.4M","77M","70.9M","70.9M","70.8M","70.5M","70.5M","70.4M","70.3M","70.3M","70.2M","70.2M","69.7M","69.7M","69.6M","69.5M","69.3M","69.3M","69.3M","69.2M","69M","68.7M","68.6M","68.6M","68.5M","68.2M","68.2M","68.2M","68.2M","68.1M","68.1M","68.1M","68.1M","67.8M","67.6M","63.4M","67.4M","67.2M","67.1M","67.1M"],"okList":["171.0M","104.0M","104.0M","102.0M","95.0M","94.7M","89.8M","88.9M","88.8M","87.8M","87.2M","86.9M","86.7M","84.6M","83.5M","83.5M","83.4M","83.3M","81.8M","81.7M","81.6M","80.1M","80.0M","79.1M","78.1M","77.5M","77.0M","0.768M","0.0076300000000000005M","1.62E-5M","7.61E-8M","7.609999999999998E-9M","7.59E-9M","7.579999999999999E-9M","7.579999999999999E-9M","7.579999999999999E-9M","7.570000000000001E-9M","7.56E-9M","7.509999999999999E-9M","7.509999999999999E-9M","7.509999999999999E-9M","7.490000000000001E-9M","7.41E-9M","7.32E-9M","7.3E-9M","7.3E-9M","7.3E-9M","7.28E-9M","7.26E-9M","7.25E-9M","7.25E-9M","7.2199999999999995E-9M","7.190000000000001E-9M","7.18E-9M","7.18E-9M","7.15E-9M","7.15E-9M","7.15E-9M","7.15E-9M","7.14E-9M","7.14E-9M","7.700000000000001E-9M","7.09E-9M","7.09E-9M","7.08E-9M","7.0499999999999994E-9M","7.0499999999999994E-9M","7.040000000000001E-9M","7.03E-9M","7.03E-9M","7.020000000000001E-9M","7.020000000000001E-9M","6.97E-9M","6.97E-9M","6.96E-9M","6.949999999999999E-9M","6.929999999999999E-9M","6.929999999999999E-9M","6.929999999999999E-9M","6.92E-9M","6.9E-9M","6.8700000000000005E-9M","6.86E-9M","6.86E-9M","6.85E-9M","6.82E-9M","6.82E-9M","6.82E-9M","6.82E-9M","6.8099999999999994E-9M","6.8099999999999994E-9M","6.8099999999999994E-9M","6.8099999999999994E-9M","6.779999999999999E-9M","6.759999999999999E-9M","6.34E-9M","6.74E-9M","6.720000000000001E-9M","6.709999999999999E-9M","6.709999999999999E-9M"],"nokList":[]}