{"server":2683,"total":6797.251,"average":71.55001,"cpValues":[],"cpList":["107M","29.4M","N8M","25.6M","24.7M","88.7M","87.8M","86.8M","86.3M","86.2M","85.6M","84.5M","84.1M","83.8M","82.6M","82.5M","82.2M","81.6M","81.4M","80.9M","80.1M","79.6M","79.4M","79.2M","78.4M","78.1M","77.9M","76.8M","76.6M","76.2M","75.6M","75.6M","75.2M","74.6M","74.4M","74.3M","73.9M","73.7M","73.6M","73.4M","73M","73M","73M","72.6M","72.2M","71.6M","71.3M","71.2M","70.8M","70.7M","70.6M","70.4M","70.3M","70.2M","70M","70M","69.8M","69.6M","69.5M","69.3M","69.3M","68.9M","68.7M","68.1M","6AM","67.7M","67.5M","67.4M","67.3M","67M","66.9M","66.8M","66.8M","66.7M","66.7M","66.6M","66.6M","66.3M","66.2M","66.1M","6M","65.9M","65.8M","65.8M","65.7M","65.7M","65.7M","65.6M","65.5M","65.3M","65.3M","65.3M","65.1M","65M","64.9M","64.9M","64.6M","64.5M","64.3M","64.1M"],"okList":["107.0M","57.149998M","56.25M","87.75M","87.05M","86.5M","85.95M","85.35M","84.85M","84.15M","83.35M","83.15M","82.399994M","82.05M","81.8M","81.25M","80.75M","80.25M","79.75M","79.399994M","78.9M","78.649994M","78.15M","77.45M","77.25M","76.5M","76.1M","75.899994M","75.399994M","75.1M","74.8M","74.45M","74.15M","74.0M","73.75M","73.55M","73.3M","73.2M","73.0M","72.8M","72.6M","72.1M","71.75M","71.399994M","71.05M","70.95M","70.7M","70.55M","70.45M","70.3M","70.15M","70.1M","69.9M","69.8M","69.65M","69.45M","69.4M","69.100006M","69.0M","68.5M","67.899994M","67.55M","67.4M","67.2M","67.100006M","66.9M","66.850006M","66.75M","66.75M","66.649994M","66.649994M","66.45M","66.399994M","66.2M","36.1M","66.0M","35.9M","65.850006M","65.75M","65.75M","65.7M","65.649994M","65.6M","65.45M","65.4M","65.3M","65.2M","65.15M","65.0M","64.95M","64.75M","64.7M","64.45M","64.3M","64.1M"],"nokList":["29.4M","N8M","25.6M","68.1M","67.7M"]}