{"server":2686,"total":3633.6501,"average":39.93022,"cpValues":[],"cpList":["59.6M","58.2M","57.QM","57.7M","57.2M","56.3M","53.8M","53.1M","52.2M","52.1M","51.4M","51.3M","50.7M","50.5M","48.7M","48.2M","47.8M","47.1M","46.7M","46.6M","46.5M","45M","44.6M","44.6M","44.2M","43.9M","43.9M","43.7M","43.2M","43.2M","43.1M","42.8M","42.6M","42.4M","42.1M","42M","41.5M","41.1M","41.1M","40.9M","40.9M","40.8M","40.7M","40.4M","40.4M","39.6M","39.2M","39M","38.2M","38.2M","38.1M","78M","37.8M","37.7M","37.6M","37.5M","37.4M","A6.9M","36.8M","36.8M","36.7M","36.4M","A6M","35.4M","34.9M","34.8M","34.8M","34.6M","34.5M","34.2M","A3.6M","33.4M","33.4M","33.1M","33M","33M","33M","32.8M","32.8M","32.2M","32.2M","32.1M","32M","31.9M","31.5M","31.4M","31.3M","31.2M","31.2M","30.9M","30.7M","30.7M","30.6M","30.6M","30.5M","30M","29.7M","29.6M","29.2M","29.2M"],"okList":["59.6M","57.0M","55.5M","54.699997M","53.0M","52.6M","51.800003M","51.699997M","51.050003M","50.9M","49.7M","49.35M","48.25M","47.65M","47.25M","46.85M","46.6M","45.8M","45.55M","44.8M","44.4M","44.25M","44.050003M","43.800003M","43.550003M","43.45M","43.15M","43.0M","42.85M","42.6M","42.35M","42.2M","41.8M","41.55M","41.3M","41.0M","41.0M","40.85M","40.800003M","40.6M","40.550003M","40.0M","39.800003M","39.3M","38.7M","38.6M","38.15M","58.1M","37.949997M","57.85M","37.699997M","37.6M","37.5M","37.1M","36.75M","36.6M","35.9M","35.1M","34.85M","34.699997M","34.65M","34.4M","33.800003M","33.25M","33.2M","33.05M","33.0M","32.9M","32.9M","32.5M","32.5M","32.15M","32.1M","32.0M","31.75M","31.65M","31.4M","31.3M","31.25M","31.05M","30.95M","30.8M","30.650002M","30.650002M","30.55M","30.3M","30.1M","29.8M","29.45M","29.400002M","29.2M"],"nokList":["58.2M","57.QM","57.7M","37.4M","36.8M","36.4M","35.4M","34.2M","33.4M"]}