{"time":1756119631760,"server":2687,"cpList":["143M","139M","130M","128M","127M","M6M","MTM","MTM","MTM","1T0M","1T0M","1T0M","109M","108M","107M","106M","106M","106M","105M","101M","101M","101M","100M","100M","100M","99.8M","99.7M","98.3M","96.5M","94.5M","93.6M","93.2M","93M","92.8M","92.5M","92.1M","92M","91.9M","91.8M","91.5M","912M","90.2M","89.2M","88.5M","88.4M","88M","88M","87.8M","87.7M","87.5M","87M","87M","86.5M","86.1M","85.9M","85.6M","85.6M","84.9M","84.7M","84.5M","84.1M","84M","84M","83.9M","83.8M","83.6M","83.6M","83.5M","83.4M","82.9M","82.8M","82.7M","82.6M","82.3M","82M","82M","81.9M","81.4M","81.3M","812M","80.9M","80.9M","80.8M","80.6M","80.6M","80.5M","80.5M","80.5M","80.3M","80.2M","80.2M","80.2M","80.1M","80.1M","79.9M","79.8M","79.7M","79.7M","795M","79.3M"],"okList":["143.0M","139.0M","130.0M","128.0M","127.0M","6.0M","7.0M","7.0M","7.0M","17.0M","17.0M","17.0M","10.9M","10.8M","10.7M","10.6M","10.6M","10.6M","10.5M","10.1M","10.1M","10.1M","10.0M","10.0M","10.0M","9.98M","9.97M","9.83M","9.65M","9.45M","9.36M","9.32M","9.3M","9.28M","9.25M","9.209999999999999M","9.2M","9.190000000000001M","9.18M","9.15M","9.120000000000001M","9.02M","8.92M","8.85M","8.84M","8.8M","8.8M","8.78M","8.77M","8.75M","8.7M","8.7M","8.65M","8.61M","8.59M","8.559999999999999M","8.559999999999999M","8.49M","8.47M","8.45M","8.41M","8.4M","8.4M","8.39M","8.379999999999999M","8.36M","8.36M","8.35M","8.34M","8.290000000000001M","8.28M","8.27M","8.26M","8.23M","8.2M","8.2M","8.190000000000001M","8.14M","8.129999999999999M","8.120000000000001M","8.09M","8.09M","8.08M","8.059999999999999M","8.059999999999999M","8.05M","8.05M","8.05M","8.03M","8.02M","8.02M","8.02M","8.01M","8.01M","7.99M","7.9799999999999995M","7.970000000000001M","7.970000000000001M","7.95M","7.93M"],"nokList":[]}