{"time":1755543914143,"server":2687,"cpList":["143M","139M","129M","128M","127M","126M","717M","176M","771M","771M","771M","770M","770M","770M","109M","108M","108M","107M","106M","106M","106M","105M","105M","103M","101M","101M","101M","100M","100M","100M","99.8M","99.7M","98.1M","961M","94.1M","93.9M","93.6M","93.1M","93M","92.7M","92.3M","92.1M","92M","91.9M","91.7M","91.4M","912M","90.7M","90.1M","89.1M","88.5M","88M","87.8M","87.7M","87.6M","87.3M","868M","868M","86.5M","86.1M","85.8M","85.6M","85.6M","848M","843M","842M","84.1M","84.1M","84M","84M","83.8M","83.6M","83.6M","83.5M","82.9M","82.8M","82.6M","82.6M","82.5M","82.5M","82.3M","82.2M","81.9M","81.9M","81.3M","81.3M","81.3M","81.2M","80.8M","80.8M","80.6M","80.5M","80.5M","80.5M","80.3M","80.2M","80.2M","80.2M","80.2M","80.1M"],"okList":["143.0M","139.0M","129.0M","128.0M","127.0M","126.0M","71.7M","17.6M","7.709999999999999M","7.709999999999999M","7.709999999999999M","7.7M","7.7M","7.7M","10.9M","10.8M","10.8M","10.7M","10.6M","10.6M","10.6M","10.5M","10.5M","10.3M","10.1M","10.1M","10.1M","10.0M","10.0M","10.0M","9.98M","9.97M","9.809999999999999M","9.61M","9.41M","9.39M","9.36M","9.309999999999999M","9.3M","9.27M","9.23M","9.209999999999999M","9.2M","9.190000000000001M","9.17M","9.14M","9.120000000000001M","9.07M","9.01M","8.91M","8.85M","8.8M","8.78M","8.77M","8.76M","8.73M","8.68M","8.68M","8.65M","8.61M","8.58M","8.559999999999999M","8.559999999999999M","8.48M","8.43M","8.42M","8.41M","8.41M","8.4M","8.4M","8.379999999999999M","8.36M","8.36M","8.35M","8.290000000000001M","8.28M","8.26M","8.26M","8.25M","8.25M","8.23M","8.22M","8.190000000000001M","8.190000000000001M","8.129999999999999M","8.129999999999999M","8.129999999999999M","8.120000000000001M","8.08M","8.08M","8.059999999999999M","8.05M","8.05M","8.05M","8.03M","8.02M","8.02M","8.02M","8.02M","8.01M"],"nokList":[]}