{"time":1756278780360,"server":2687,"cpList":["143M","139M","128M","126M","M6M","MTM","MTM","MTM","1T0M","1T0M","109M","108M","107M","106M","106M","105M","101M","101M","101M","101M","100M","100M","99.8M","99.7M","96.6M","94.5M","93.6M","93.2M","92.8M","92.8M","92M","92M","91.5M","912M","88.6M","88.5M","88M","88M","87.7M","87.5M","87M","87M","86.5M","86.1M","85.9M","85.6M","84.7M","84.1M","84M","84M","83.6M","83.6M","83.6M","83.5M","82.9M","82.8M","82.6M","82.6M","82.5M","82M","82M","81.9M","81.4M","81.3M","81.3M","81M","80.9M","80.8M","80.6M","80.6M","80.5M","80.5M","80.2M","80.2M","80.2M","80.2M","80.1M","79.9M","79.7M","79.7M","79.5M","79.4M","78.9M","78.8M","78.7M","78.7M","78.7M","78.3M","78.2M","78.2M","78.2M","78M","77.7M","77.5M","77.4M","77M","76.9M","76.5M","76.5M","76.3M"],"okList":["143.0M","139.0M","128.0M","126.0M","6.0M","7.0M","7.0M","7.0M","17.0M","17.0M","10.9M","10.8M","10.7M","10.6M","10.6M","10.5M","10.1M","10.1M","10.1M","10.1M","10.0M","10.0M","9.98M","9.97M","9.66M","9.45M","9.36M","9.32M","9.28M","9.28M","9.2M","9.2M","9.15M","9.120000000000001M","8.86M","8.85M","8.8M","8.8M","8.77M","8.75M","8.7M","8.7M","8.65M","8.61M","8.59M","8.559999999999999M","8.47M","8.41M","8.4M","8.4M","8.36M","8.36M","8.36M","8.35M","8.290000000000001M","8.28M","8.26M","8.26M","8.25M","8.2M","8.2M","8.190000000000001M","8.14M","8.129999999999999M","8.129999999999999M","8.1M","8.09M","8.08M","8.059999999999999M","8.059999999999999M","8.05M","8.05M","8.02M","8.02M","8.02M","8.02M","8.01M","7.99M","7.970000000000001M","7.970000000000001M","7.95M","7.94M","7.890000000000001M","7.88M","7.87M","7.87M","7.87M","7.83M","7.82M","7.82M","7.82M","7.8M","7.7700000000000005M","7.75M","7.74M","7.7M","7.69M","7.65M","7.65M","7.63M"],"nokList":[]}