{"time":1755523361782,"server":2687,"cpList":["143M","139M","129M","128M","127M","126M","717M","176M","771M","771M","771M","770M","770M","770M","109M","108M","108M","107M","106M","106M","106M","106M","105M","103M","101M","101M","101M","100M","100M","100M","99.8M","99.7M","98.1M","961M","94.1M","93.9M","93.6M","93.1M","93M","92.7M","92.3M","92.1M","92M","91.9M","91.7M","91.4M","912M","90.7M","90.1M","89.1M","88.5M","88M","87.8M","87.7M","87.6M","87.3M","868M","868M","86.5M","86.1M","85.8M","85.6M","85.6M","85M","846M","842M","84.1M","84.1M","84M","84M","84M","83.8M","83.6M","83.6M","83.5M","82.9M","82.8M","82.6M","82.6M","82.5M","82.5M","82.3M","82.2M","81.9M","81.9M","81.3M","81.3M","81.3M","81.1M","80.8M","80.8M","80.6M","80.5M","80.5M","80.3M","80.2M","80.2M","80.2M","80.2M","80.1M"],"okList":["143.0M","139.0M","129.0M","12.8M","0.127M","0.00126M","1.17E-5M","1.7600000000000003E-6M","1.7100000000000004E-7M","1.7100000000000004E-7M","1.7100000000000004E-7M","1.7E-7M","1.7E-7M","1.7E-7M","1.0900000000000001E-7M","1.0800000000000001E-7M","1.0800000000000001E-7M","1.0699999999999999E-7M","1.06E-7M","1.06E-7M","1.06E-7M","1.06E-7M","1.05E-7M","1.0300000000000001E-7M","1.0099999999999998E-7M","1.0099999999999998E-7M","1.0099999999999998E-7M","1.0000000000000001E-7M","1.0000000000000001E-7M","1.0000000000000001E-7M","9.98E-8M","9.97E-9M","9.81E-9M","9.61E-8M","9.41E-9M","9.39E-9M","9.36E-9M","9.309999999999999E-9M","9.3E-9M","9.270000000000001E-9M","9.229999999999997E-9M","9.209999999999998E-9M","9.2E-9M","9.19E-9M","9.17E-9M","9.14E-9M","9.12E-8M","9.07E-9M","9.01E-9M","8.91E-9M","8.85E-9M","8.800000000000001E-9M","8.779999999999998E-9M","8.77E-9M","8.759999999999999E-9M","8.73E-9M","8.68E-8M","8.68E-8M","8.65E-9M","8.609999999999999E-9M","8.579999999999998E-9M","8.559999999999999E-9M","8.559999999999999E-9M","8.5E-9M","8.46E-8M","8.419999999999999E-8M","8.409999999999999E-9M","8.409999999999999E-9M","8.4E-9M","8.4E-9M","8.4E-9M","8.380000000000001E-9M","8.36E-9M","8.36E-9M","8.349999999999999E-9M","8.290000000000002E-9M","8.279999999999999E-9M","8.260000000000001E-9M","8.260000000000001E-9M","8.250000000000001E-9M","8.250000000000001E-9M","8.23E-9M","8.219999999999998E-9M","8.190000000000001E-9M","8.190000000000001E-9M","8.13E-9M","8.13E-9M","8.13E-9M","8.11E-9M","8.079999999999999E-9M","8.079999999999999E-9M","8.06E-9M","8.050000000000001E-9M","8.050000000000001E-9M","8.029999999999998E-9M","8.020000000000002E-9M","8.020000000000002E-9M","8.020000000000002E-9M","8.020000000000002E-9M","8.009999999999999E-9M"],"nokList":[]}