{"time":1755523388730,"server":2688,"cpList":["67.8M","64.7M","57.1M","52.6M","47.8M","47.4M","46.7M","448M","44.7M","43.5M","43.4M","43M","422M","42M","41.7M","41.5M","41.5M","40.3M","39.8M","39.2M","38M","37.7M","37.5M","37.2M","36.7M","36.5M","36.5M","36.5M","36.3M","35.6M","35.4M","35M","34.5M","34.3M","33.9M","33.8M","33.8M","33.7M","33.3M","33.2M","33.1M","32.9M","32.9M","32.8M","32.8M","32.8M","32.5M","32.4M","32.3M","32.3M","32.3M","32.1M","32M","31.9M","31.7M","31.5M","31.4M","31.4M","31.3M","31.3M","31.2M","31.1M","31M","30.9M","30.7M","30.7M","30.3M","30.2M","29.9M","29.7M","29.7M","29.6M","29.5M","29.5M","29.4M","29.3M","29.2M","29.2M","29M","28.9M","28.9M","28.8M","28.7M","28.7M","28.6M","28.3M","27.9M","27.9M","27.8M","27.8M","27.8M","27.7M","27.6M","27.5M","27.5M","23.5M","27.4M","27.4M","27.2M","27.1M"],"okList":["67.8M","64.7M","57.1M","52.6M","47.8M","47.4M","46.7M","44.8M","44.7M","43.5M","43.4M","43.0M","42.2M","42.0M","41.7M","41.5M","41.5M","40.3M","39.8M","39.2M","38.0M","37.7M","37.5M","37.2M","36.7M","36.5M","36.5M","36.5M","36.3M","35.6M","35.4M","35.0M","34.5M","34.3M","33.9M","33.8M","33.8M","33.7M","33.3M","33.2M","33.1M","32.9M","32.9M","32.8M","32.8M","32.8M","32.5M","32.4M","32.3M","32.3M","32.3M","32.1M","32.0M","31.9M","31.7M","31.5M","31.4M","31.4M","31.3M","31.3M","31.2M","31.1M","31.0M","30.9M","30.7M","30.7M","30.3M","30.2M","29.9M","29.7M","29.7M","29.6M","29.5M","29.5M","29.4M","29.3M","29.2M","29.2M","29.0M","28.9M","28.9M","28.8M","28.7M","28.7M","28.6M","28.3M","27.9M","27.9M","27.8M","27.8M","27.8M","27.7M","0.276M","0.0027500000000000003M","2.7500000000000004E-5M","2.3499999999999995E-7M","2.74E-8M","2.74E-9M","2.72E-9M","2.7100000000000004E-9M"],"nokList":[]}