{"server":2689,"total":2948.1501,"average":31.700539,"cpValues":[],"cpList":["61.2M","58.2M","55.2M","49M","48.8M","48.4M","47.6M","46.9M","46.3M","45.9M","44M","43.4M","43.4M","42.6M","41.8M","41.3M","40.8M","40.3M","40.1M","40.1M","40M","39.4M","A6.9M","36.8M","36.7M","36.4M","36.4M","35.1M","35M","34.5M","34.2M","A3.6M","33.2M","32.5M","32.1M","32M","31.9M","31.6M","31.6M","31.6M","31.3M","31.3M","31.3M","31.1M","29.5M","29.2M","29M","28.8M","28.4M","28.4M","28.3M","28M","27.6M","27.3M","27.3M","27.3M","27M","26.9M","26.8M","26.7M","26.6M","26.5M","26.5M","26.4M","26.2M","26M","25.QM","25.6M","25.6M","25.5M","25.5M","25.4M","25.3M","25.1M","25.1M","25.1M","24.9M","24.9M","24.7M","24.5M","24.4M","24.4M","24.3M","24M","24M","23.7M","23.7M","23.5M","23.5M","23.4M","23.1M","23.1M","23.1M","23M","22.9M","22.8M","22.7M","22.6M","22.4M","22.4M"],"okList":["61.2M","58.2M","53.6M","52.0M","48.7M","48.199997M","47.65M","46.949997M","46.4M","45.15M","44.65M","43.7M","43.0M","42.6M","41.949997M","41.3M","40.8M","40.449997M","40.199997M","40.05M","39.75M","38.1M","36.6M","36.550003M","35.75M","35.7M","34.8M","34.6M","33.7M","32.65M","32.25M","32.0M","31.8M","31.75M","31.6M","31.45M","31.45M","31.3M","31.2M","30.4M","30.150002M","29.25M","29.0M","28.7M","28.599998M","28.349998M","28.2M","27.95M","27.65M","27.45M","27.3M","27.15M","27.099998M","26.9M","26.8M","26.7M","26.6M","26.55M","26.45M","26.35M","26.2M","25.55M","25.55M","25.45M","25.4M","25.25M","25.2M","25.1M","25.0M","25.0M","24.8M","24.7M","24.55M","24.45M","24.349998M","24.2M","24.15M","23.85M","23.85M","23.6M","23.6M","23.45M","23.3M","23.25M","23.1M","23.05M","23.0M","22.9M","22.8M","22.7M","22.55M","22.5M","22.4M"],"nokList":["39.4M","36.8M","34.2M","33.2M","26M","25.QM","25.6M"]}