{"server":2690,"total":4516.45,"average":46.086227,"cpValues":[],"cpList":["84.2M","73.8M","73.4M","71.5M","66.8M","64.9M","64.4M","62.8M","62.6M","60.3M","59M","58.3M","57.5M","57M","56.7M","56.6M","55.5M","54.5M","54M","52.9M","52.9M","52.5M","52M","51.9M","50.7M","49.7M","49.5M","49.4M","48.M","48.7M","48.1M","47.9M","47.9M","47.5M","46.5M","46.4M","46.3M","46.1M","46M","44.2M","44.1M","44.1M","43.9M","43.8M","43.4M","43M","42.7M","42.6M","42.5M","42.5M","42M","41.9M","41.7M","41.2M","41.2M","41M","40.9M","40.9M","40.8M","40.7M","40.3M","40M","39.9M","39.7M","39.5M","39.2M","39.1M","39M","38.8M","AA.6M","38.5M","38.5M","38.4M","38.1M","38.1M","78M","37.9M","37.7M","37.7M","37.5M","37.5M","37.3M","37.3M","37.3M","37.2M","37.2M","36.8M","36.8M","36.7M","36.7M","36.5M","36.5M","36.4M","36.3M","36.2M","36.1M","35.4M","35.4M","35.4M","35.3M"],"okList":["84.2M","78.8M","72.65M","70.100006M","68.2M","65.600006M","63.85M","63.5M","61.55M","60.8M","59.3M","58.25M","57.65M","57.1M","56.8M","56.1M","55.55M","54.75M","53.7M","53.45M","52.7M","52.45M","52.2M","51.35M","50.800003M","50.1M","49.550003M","48.75M","49.050003M","48.05M","48.300003M","48.0M","47.7M","47.2M","46.95M","46.4M","46.25M","46.15M","45.15M","45.05M","44.15M","44.0M","43.949997M","43.65M","43.4M","43.050003M","42.8M","42.6M","42.55M","42.25M","42.2M","41.85M","41.550003M","41.45M","41.1M","41.050003M","40.95M","40.85M","40.800003M","40.55M","40.35M","40.1M","39.85M","39.7M","39.45M","39.3M","39.1M","38.949997M","38.65M","38.45M","38.3M","38.25M","38.1M","38.0M","57.85M","37.800003M","37.6M","37.6M","37.4M","37.4M","37.3M","37.25M","37.25M","37.0M","37.0M","36.75M","36.75M","36.6M","36.6M","36.45M","36.4M","36.300003M","36.199997M","35.800003M","35.75M","35.4M","35.35M","35.3M"],"nokList":["38.8M","38.5M"]}