{"server":2691,"total":5328.5996,"average":56.68723,"cpValues":[],"cpList":["78.8M","7A.6M","72.2M","70.6M","70.2M","68.3M","68.3M","67.5M","67.3M","67.1M","66.8M","65.5M","64.7M","64.4M","63.4M","62.7M","62.3M","62.3M","62.1M","61.9M","61.8M","61.7M","61.3M","61M","60.8M","60.8M","60.7M","60.6M","60.1M","60.1M","59.5M","59.1M","59M","58.8M","58.8M","58.8M","58.8M","58.7M","58.4M","57.QM","57.7M","57.5M","57.4M","57.2M","57.1M","56.7M","56.6M","56.3M","56.3M","55.9M","55.9M","55.6M","55.6M","55.5M","55.3M","55.3M","55.2M","55.1M","55M","54.6M","54.5M","54.5M","54.2M","54.1M","53.7M","53.2M","53.1M","52.9M","52.9M","52.8M","52.6M","52.4M","51.8M","51.7M","51.6M","51.4M","51.4M","51.4M","51.2M","50.8M","50.6M","50.5M","50.4M","50.3M","50.1M","49.8M","49.7M","49.6M","49.1M","49.1M","48.M","48.M","48.8M","48.6M","48.6M","48.6M","48.1M","4AM","+1.9M","47.3M"],"okList":["78.8M","75.5M","71.2M","69.45M","69.25M","67.9M","67.8M","67.3M","67.05M","66.3M","65.75M","64.95M","64.05M","63.550003M","62.85M","62.5M","62.199997M","62.1M","61.949997M","61.800003M","61.55M","61.35M","61.05M","60.9M","60.75M","60.699997M","60.4M","60.35M","59.8M","59.6M","59.25M","58.949997M","58.9M","58.8M","58.8M","58.75M","58.6M","57.550003M","57.35M","57.25M","56.95M","56.85M","56.5M","56.449997M","56.1M","56.1M","55.75M","55.75M","55.55M","55.449997M","55.4M","55.25M","55.199997M","55.1M","54.85M","54.75M","54.55M","54.35M","54.3M","53.95M","53.65M","53.4M","53.050003M","53.0M","52.85M","52.75M","52.6M","52.199997M","52.050003M","51.699997M","51.550003M","51.5M","51.4M","51.300003M","51.1M","50.9M","50.65M","50.5M","50.4M","50.25M","50.05M","49.9M","49.699997M","49.4M","49.35M","48.55M","48.55M","48.0M","48.3M","48.699997M","48.6M","48.35M","25.0M","47.3M"],"nokList":["72.2M","58.4M","57.QM","57.7M","48.1M","+1.9M"]}