{"time":1755523468041,"server":2692,"cpList":["64.3M","63.5M","63.4M","59.9M","59.8M","59.1M","58.9M","58.2M","58.2M","58.2M","57.6M","57.6M","56.6M","52.8M","52M","57M","50.9M","50.9M","50.4M","49.4M","49.2M","49M","48.8M","48.2M","47.8M","47.3M","46.5M","462M","45.7M","45.5M","45.3M","45.2M","45.1M","443M","442M","43.8M","43.7M","43.6M","43.2M","43.2M","43.2M","43M","42.9M","42.5M","42.4M","422M","42.1M","41.8M","412M","41.1M","40.9M","40.8M","40.1M","40.1M","39.6M","39.5M","39.4M","39M","38.7M","38.6M","38.5M","38.1M","38.1M","38M","37.9M","37.5M","37.3M","37.3M","37.2M","36.6M","36.6M","36.3M","36.3M","36.2M","36.2M","36.1M","36.1M","36M","35.2M","35.2M","35.1M","34.9M","34.8M","34.7M","34.3M","34.3M","34.3M","34M","33.7M","33.5M","33.4M","33.2M","33.1M","33M","32.8M","32.6M","32.6M","32.2M","32.1M","31.9M"],"okList":["64.3M","63.5M","63.4M","59.9M","59.8M","59.1M","58.9M","58.2M","58.2M","58.2M","57.6M","0.5760000000000001M","0.005660000000000001M","5.28E-5M","5.2E-7M","5.6999999999999994E-8M","5.0900000000000004E-9M","5.0900000000000004E-9M","5.040000000000001E-9M","4.940000000000001E-9M","4.920000000000001E-9M","4.9E-9M","4.8800000000000005E-9M","4.820000000000001E-9M","4.779999999999999E-9M","4.73E-9M","4.65E-9M","4.62E-8M","4.57E-9M","4.55E-9M","4.529999999999999E-9M","4.519999999999999E-9M","4.51E-9M","4.43E-8M","4.419999999999999E-8M","4.379999999999999E-9M","4.3700000000000004E-9M","4.360000000000001E-9M","4.320000000000001E-9M","4.320000000000001E-9M","4.320000000000001E-9M","4.3000000000000005E-9M","4.289999999999999E-9M","4.25E-9M","4.24E-9M","4.2199999999999994E-8M","4.21E-9M","4.18E-9M","4.12E-8M","4.109999999999999E-9M","4.09E-9M","4.079999999999999E-9M","4.010000000000001E-9M","4.010000000000001E-9M","3.96E-9M","3.950000000000001E-9M","3.94E-9M","3.899999999999999E-9M","3.87E-9M","3.86E-9M","3.8500000000000006E-9M","3.81E-9M","3.81E-9M","3.8E-9M","3.7899999999999995E-9M","3.75E-9M","3.729999999999999E-9M","3.729999999999999E-9M","3.7200000000000012E-9M","3.66E-9M","3.66E-9M","3.63E-9M","3.63E-9M","3.6200000000000003E-9M","3.6200000000000003E-9M","3.6099999999999997E-9M","3.6099999999999997E-9M","3.6E-9M","3.5200000000000007E-9M","3.5200000000000007E-9M","3.5100000000000005E-9M","3.4899999999999997E-9M","3.48E-9M","3.4700000000000002E-9M","3.43E-9M","3.43E-9M","3.43E-9M","3.4E-9M","3.37E-9M","3.3500000000000002E-9M","3.34E-9M","3.32E-9M","3.31E-9M","3.3E-9M","3.28E-9M","3.2600000000000007E-9M","3.2600000000000007E-9M","3.2200000000000005E-9M","3.2100000000000003E-9M","3.1900000000000004E-9M"],"nokList":[]}