{"time":1755523521177,"server":2695,"cpList":["842M","75.8M","75.2M","73.8M","73.7M","72M","77M","69.9M","69.4M","68.9M","68M","67.9M","67.8M","66.8M","66.4M","66.3M","64.7M","64.5M","64.1M","63.8M","63.6M","63.5M","63.4M","63.2M","62.8M","62.6M","61.6M","61.4M","61.4M","61.3M","61M","59.8M","59.6M","59.3M","59.1M","58.9M","58.8M","58.2M","58M","57.7M","57.6M","56.6M","56.4M","56.2M","56.2M","56.2M","56M","55.9M","55.9M","55.9M","55.8M","55.7M","55.7M","55.6M","55.3M","55.2M","54.9M","54.8M","54.7M","54.6M","54.4M","54.4M","53.9M","53.3M","52.9M","52.7M","52.6M","52.4M","52M","51.7M","51.5M","57M","50.8M","50.8M","50.7M","50.7M","49.9M","49.9M","49.7M","49.5M","49.4M","49M","48.9M","48.6M","48.4M","48.3M","48.3M","48.2M","48.1M","48.1M","48.1M","47.4M","46.9M","46.9M","46.8M","46.7M","46.7M","46.7M","46.4M","46.3M"],"okList":["84.2M","75.8M","0.752M","0.00738M","7.37E-5M","7.2E-7M","7.699999999999999E-8M","6.99E-9M","6.9400000000000004E-9M","6.890000000000001E-9M","6.8E-9M","6.790000000000001E-9M","6.779999999999999E-9M","6.68E-9M","6.64E-9M","6.63E-9M","6.47E-9M","6.45E-9M","6.409999999999999E-9M","6.380000000000001E-9M","6.36E-9M","6.35E-9M","6.34E-9M","6.3200000000000005E-9M","6.28E-9M","6.26E-9M","6.159999999999999E-9M","6.14E-9M","6.14E-9M","6.13E-9M","6.099999999999998E-9M","5.9800000000000004E-9M","5.96E-9M","5.93E-9M","5.91E-9M","5.89E-9M","5.88E-9M","5.820000000000001E-9M","5.8E-9M","5.7700000000000005E-9M","5.760000000000001E-9M","5.660000000000001E-9M","5.6399999999999995E-9M","5.620000000000001E-9M","5.620000000000001E-9M","5.620000000000001E-9M","5.6000000000000005E-9M","5.59E-9M","5.59E-9M","5.59E-9M","5.5799999999999985E-9M","5.57E-9M","5.57E-9M","5.560000000000001E-9M","5.53E-9M","5.520000000000001E-9M","5.49E-9M","5.48E-9M","5.47E-9M","5.4600000000000006E-9M","5.44E-9M","5.44E-9M","5.390000000000001E-9M","5.329999999999999E-9M","5.2900000000000006E-9M","5.270000000000001E-9M","5.2600000000000004E-9M","5.24E-9M","5.2E-9M","5.17E-9M","5.15E-9M","5.7E-9M","5.080000000000001E-9M","5.080000000000001E-9M","5.07E-9M","5.07E-9M","4.989999999999999E-9M","4.989999999999999E-9M","4.970000000000001E-9M","4.949999999999999E-9M","4.940000000000001E-9M","4.9E-9M","4.89E-9M","4.86E-9M","4.839999999999999E-9M","4.83E-9M","4.83E-9M","4.820000000000001E-9M","4.8100000000000006E-9M","4.8100000000000006E-9M","4.8100000000000006E-9M","4.739999999999999E-9M","4.689999999999999E-9M","4.689999999999999E-9M","4.68E-9M","4.670000000000001E-9M","4.670000000000001E-9M","4.670000000000001E-9M","4.6400000000000005E-9M","4.629999999999999E-9M"],"nokList":[]}