{"server":2696,"total":5884.15,"average":58.8415,"cpValues":[],"cpList":["100M","86.7M","86.5M","84.9M","80.8M","80.2M","79.6M","79.1M","79M","74.9M","74.7M","73.1M","72.9M","71.1M","70.6M","70.4M","69.9M","68.8M","67.6M","67.4M","6M","65.6M","65M","65M","64.2M","63.3M","63.2M","63.1M","63M","62.7M","61.4M","61.3M","61.1M","61.1M","61M","60.7M","60.4M","60.4M","59.7M","59.6M","59.5M","59.5M","58.9M","58.9M","58.6M","58.5M","57M","56.8M","56.7M","56.5M","56.3M","56M","56M","55.8M","55.7M","55.4M","55.4M","55.3M","55.2M","54.8M","54.8M","54.3M","54M","54M","54M","53.8M","53.8M","53.7M","53.6M","53.5M","52.8M","52.5M","52.4M","52.3M","51.4M","51.3M","51.2M","51.1M","51M","50.8M","50M","49.9M","49.8M","49.5M","49.5M","49.4M","49.4M","49.4M","49.4M","49.4M","49.2M","49M","49M","48.7M","48.6M","48.6M","48.6M","48.2M","+1.9M","47.9M"],"okList":["100.0M","93.25M","85.8M","83.65M","82.55M","80.2M","79.649994M","79.3M","77.0M","76.85M","74.0M","73.8M","72.1M","71.75M","70.75M","70.25M","69.600006M","68.75M","68.100006M","36.8M","66.5M","35.5M","65.3M","64.6M","64.15M","63.699997M","63.199997M","63.1M","62.9M","62.2M","62.0M","61.25M","61.199997M","61.05M","60.9M","60.7M","60.550003M","60.050003M","60.0M","59.6M","59.55M","59.2M","59.2M","58.75M","58.7M","57.8M","57.65M","56.85M","56.65M","56.5M","56.25M","56.15M","55.9M","55.85M","55.6M","55.550003M","55.35M","55.300003M","55.05M","55.0M","54.55M","54.4M","54.15M","54.0M","53.9M","53.9M","53.75M","53.699997M","53.6M","53.199997M","53.0M","52.6M","52.4M","51.9M","51.8M","51.300003M","51.199997M","51.1M","50.949997M","50.5M","50.35M","49.9M","49.7M","49.65M","49.45M","49.45M","49.4M","49.4M","49.4M","49.300003M","49.2M","49.1M","48.85M","48.8M","48.65M","48.6M","48.4M","25.25M","48.050003M","47.9M"],"nokList":[]}