{"time":1755523574012,"server":2697,"cpList":["770M","98.4M","94.1M","94M","92.4M","92.3M","91.1M","90.5M","87.5M","83.8M","83.8M","83.6M","82.8M","81.8M","80.6M","80.5M","80.4M","80.2M","79.4M","78.6M","78.4M","77.5M","77.4M","77.3M","76.9M","76.8M","76.8M","76.7M","76.7M","766M","76.1M","76M","75.6M","75.6M","75.4M","75.2M","74.8M","74.8M","746M","74.4M","74.3M","74M","74M","73.7M","73.7M","73.6M","73.4M","73.2M","73M","72.9M","72.6M","72.4M","72.3M","72M","72M","71.9M","71.7M","71.6M","71.4M","71.4M","71.3M","71.3M","77M","70.6M","70.6M","70.4M","70M","69.9M","69.9M","69.6M","69.4M","69.3M","69.3M","68.9M","68.9M","68.9M","68.8M","68.6M","68.5M","68.4M","68.3M","68.1M","67.9M","67.9M","67.8M","67.7M","67.7M","67.6M","67.6M","67.4M","67.3M","67.2M","67.2M","67M","67M","67M","66.9M","66.8M","667M","66.6M"],"okList":["170.0M","98.4M","94.1M","94.0M","92.4M","92.3M","91.1M","90.5M","87.5M","83.8M","83.8M","83.6M","82.8M","81.8M","80.6M","80.5M","80.4M","80.2M","79.4M","78.6M","78.4M","77.5M","77.4M","77.3M","76.9M","76.8M","76.8M","0.767M","0.00767M","1.66E-5M","7.61E-8M","7.6E-9M","7.56E-9M","7.56E-9M","7.54E-9M","7.519999999999999E-9M","7.48E-9M","7.48E-9M","1.46E-8M","7.4400000000000024E-9M","7.43E-9M","7.400000000000001E-9M","7.400000000000001E-9M","7.37E-9M","7.37E-9M","7.36E-9M","7.340000000000001E-9M","7.32E-9M","7.3E-9M","7.290000000000001E-9M","7.26E-9M","7.240000000000001E-9M","7.23E-9M","7.2E-9M","7.2E-9M","7.190000000000001E-9M","7.170000000000001E-9M","7.159999999999999E-9M","7.14E-9M","7.14E-9M","7.13E-9M","7.13E-9M","7.700000000000001E-9M","7.06E-9M","7.06E-9M","7.040000000000001E-9M","7.0E-9M","6.99E-9M","6.99E-9M","6.96E-9M","6.9400000000000004E-9M","6.929999999999999E-9M","6.929999999999999E-9M","6.890000000000001E-9M","6.890000000000001E-9M","6.890000000000001E-9M","6.879999999999999E-9M","6.86E-9M","6.85E-9M","6.840000000000001E-9M","6.83E-9M","6.8099999999999994E-9M","6.790000000000001E-9M","6.790000000000001E-9M","6.779999999999999E-9M","6.77E-9M","6.77E-9M","6.759999999999999E-9M","6.759999999999999E-9M","6.74E-9M","6.73E-9M","6.720000000000001E-9M","6.720000000000001E-9M","6.7000000000000004E-9M","6.7000000000000004E-9M","6.7000000000000004E-9M","6.69E-9M","6.68E-9M","6.67E-8M","6.66E-9M"],"nokList":[]}