{"server":2697,"total":6594.6016,"average":69.416855,"cpValues":[],"cpList":["103M","102M","22.3M","N2.1M","20.5M","89M","A8M","87.9M","87.2M","84.3M","83.8M","82.5M","79.8M","79M","78.4M","78.1M","77.8M","76.9M","76.7M","76.1M","76.1M","75.7M","75.5M","75.4M","75.3M","75.2M","74.7M","74.6M","74.5M","74.4M","73.9M","73.7M","73.6M","73.5M","73.3M","12.4M","72.3M","72.3M","72M","71.7M","71.6M","71.3M","71M","70.9M","70.7M","70.4M","70.4M","70.3M","70M","69.9M","69.7M","69.7M","69.6M","69.4M","69.3M","69M","68.9M","68.8M","68.8M","68.7M","68.5M","68.3M","68.2M","68.1M","67.9M","67.9M","67.8M","67.7M","67.7M","67.6M","67.6M","67.5M","67.4M","67.4M","67.3M","66.8M","66.6M","66.3M","66.3M","66.2M","66.2M","6M","6M","65.9M","65.9M","65.6M","65.3M","65.2M","65M","65M","65M","64.9M","64.9M","64.8M","64.7M","64.6M","64.3M","64.3M","64.2M","64.2M"],"okList":["103.0M","62.65M","88.45M","86.100006M","85.5M","83.4M","81.8M","80.75M","79.100006M","78.55M","78.100006M","77.5M","77.25M","76.5M","76.399994M","75.899994M","75.8M","75.55M","75.4M","75.3M","75.0M","74.899994M","74.6M","74.5M","74.2M","74.05M","73.75M","73.6M","73.45M","42.95M","72.8M","72.3M","72.15M","72.0M","71.8M","71.5M","71.3M","71.100006M","70.85M","70.65M","70.55M","70.350006M","70.2M","70.100006M","69.85M","69.8M","69.649994M","69.55M","69.45M","69.2M","69.100006M","68.9M","68.850006M","68.75M","68.65M","68.5M","68.35M","68.2M","68.05M","68.0M","67.850006M","67.8M","67.75M","67.649994M","67.649994M","67.55M","67.5M","67.45M","67.350006M","67.100006M","66.95M","66.55M","66.45M","66.25M","66.25M","36.1M","36.1M","6.0M","65.9M","65.75M","65.600006M","65.399994M","65.15M","65.1M","65.0M","64.95M","64.95M","64.850006M","64.8M","64.7M","64.5M","64.45M","64.25M","64.25M","64.2M"],"nokList":["22.3M","N2.1M","20.5M","89M","87.9M"]}