{"server":2698,"total":7219.4507,"average":75.99422,"cpValues":[],"cpList":["19M","105M","104M","103M","100M","29.7M","D5M","21.5M","21.3M","70M","89.9M","89.3M","89.1M","88.3M","87.6M","87.4M","97.1M","97.1M","85.2M","85.1M","84.7M","84.6M","84M","83.7M","83M","82.M","82.7M","82.6M","82.4M","82.3M","81.8M","81.5M","81.3M","81.2M","80.7M","80.5M","79.9M","79.2M","7A.6M","78.3M","77.8M","77.M","77.2M","77M","76.9M","76.9M","76.7M","76.6M","76.5M","76.3M","76.3M","75.7M","75.7M","75.7M","75.5M","75.5M","75.2M","74.6M","74.6M","74.6M","74.5M","74.1M","74.1M","73.8M","73.7M","73.6M","73.2M","73.1M","73.1M","73.1M","73.1M","73.1M","72.7M","72.7M","72.7M","72.6M","72.3M","72M","71.7M","71.4M","71.4M","71.3M","71.3M","71.1M","71M","70.8M","70.7M","70.4M","70.4M","69.9M","69.7M","69.6M","69.6M","69.6M","69.4M","69.4M","69.4M","62.3M","69.3M","69.3M"],"okList":["19.0M","61.5M","104.0M","102.0M","66.35M","45.75M","70.0M","79.65M","89.5M","88.8M","88.35M","87.850006M","92.35M","97.1M","91.149994M","91.1M","84.95M","84.85M","84.35M","84.149994M","83.5M","82.85M","82.85M","82.3M","82.55M","82.45M","82.100006M","81.9M","81.55M","81.35M","81.0M","80.85M","80.3M","79.85M","78.75M","77.65M","77.5M","77.0M","77.05M","76.95M","76.8M","76.75M","76.6M","76.45M","76.4M","76.0M","76.0M","75.7M","75.6M","75.6M","75.35M","75.05M","74.899994M","74.6M","74.55M","74.35M","74.3M","73.95M","73.899994M","73.7M","73.45M","73.35M","73.149994M","73.1M","73.1M","73.1M","72.899994M","72.899994M","72.7M","72.649994M","72.5M","72.3M","72.0M","71.7M","71.55M","71.350006M","71.350006M","71.2M","71.15M","70.95M","70.85M","70.600006M","70.55M","70.15M","70.05M","69.75M","69.649994M","69.6M","69.5M","69.5M","69.4M","65.85M","69.350006M","69.3M","69.3M"],"nokList":["29.7M","D5M","21.5M","79.2M","78.3M"]}