{"time":1755523600528,"server":2698,"cpList":["176M","114M","112M","109M","107M","104M","100M","100M","97.4M","968M","96.3M","95.2M","94M","93.5M","92.6M","92.5M","90.3M","90M","90M","89.6M","89.1M","88.9M","88.9M","88.5M","87.9M","87.7M","87.5M","86.5M","86.5M","86M","86M","85.4M","85.2M","84.9M","846M","84.5M","84.4M","842M","83.5M","83.2M","82.8M","82.5M","82.5M","81.9M","81.8M","81M","81M","80.6M","80.5M","80.4M","80M","79.9M","79.6M","79.6M","79.2M","79.1M","79M","79M","78.7M","78.6M","78.6M","78.5M","78.4M","78.3M","78M","77.9M","77.8M","77.7M","77.6M","77.5M","77.2M","77M","76.9M","76.7M","76.7M","76.5M","76.3M","76.1M","76.1M","76M","75.6M","75.6M","75.4M","75.3M","75.3M","75.1M","74.7M","746M","746M","746M","746M","74.5M","74.4M","74M","73.8M","73.8M","73.8M","73.7M","73.5M","73.2M"],"okList":["176.0M","114.0M","112.0M","109.0M","107.0M","104.0M","100.0M","100.0M","97.4M","96.8M","96.3M","95.2M","94.0M","93.5M","92.6M","92.5M","90.3M","90.0M","90.0M","89.6M","89.1M","88.9M","88.9M","88.5M","87.9M","87.7M","87.5M","86.5M","86.5M","86.0M","86.0M","85.4M","85.2M","84.9M","84.6M","84.5M","84.4M","84.2M","83.5M","83.2M","82.8M","82.5M","82.5M","81.9M","81.8M","81.0M","81.0M","80.6M","80.5M","80.4M","80.0M","79.9M","79.6M","79.6M","79.2M","79.1M","79.0M","79.0M","78.7M","78.6M","78.6M","78.5M","78.4M","78.3M","78.0M","77.9M","77.8M","77.7M","77.6M","77.5M","77.2M","77.0M","76.9M","76.7M","76.7M","76.5M","76.3M","76.1M","76.1M","76.0M","75.6M","75.6M","75.4M","0.753M","0.00753M","7.51E-5M","7.4700000000000005E-6M","1.4599999999999998E-7M","1.4599999999999998E-7M","1.4599999999999998E-7M","1.4599999999999998E-7M","7.45E-8M","7.4400000000000024E-9M","7.400000000000001E-9M","7.3800000000000006E-9M","7.3800000000000006E-9M","7.3800000000000006E-9M","7.37E-9M","7.35E-9M","7.32E-9M"],"nokList":[]}