{"time":1755523626881,"server":2699,"cpList":["118M","118M","717M","105M","103M","102M","100M","98M","97.2M","95.6M","94.3M","92M","88.3M","87.5M","86.3M","85.7M","85M","84.7M","84.5M","84.5M","83.7M","82.8M","82.5M","81.6M","79.3M","79.2M","79.2M","78.3M","78M","77.1M","76.7M","766M","76.4M","75.8M","75.8M","75.4M","75M","75M","74.5M","74.4M","74.1M","73.9M","73.8M","73.7M","73.7M","73.5M","73.2M","73M","72.8M","72.6M","72.4M","72.1M","72M","71.7M","71.6M","71.4M","71.3M","71.2M","71.2M","71.1M","77M","70.8M","70.8M","70.7M","70.5M","70.4M","70.2M","70.1M","69.2M","69M","68.7M","68.6M","68.6M","68.5M","68.4M","68.4M","68.3M","68.1M","67.9M","67.7M","67.6M","67.6M","67.5M","67.2M","67.2M","67.2M","67.2M","67.1M","67M","66.7M","66.6M","66.6M","66.6M","66.3M","66.3M","66.2M","66.2M","66.2M","662M","66.2M"],"okList":["118.0M","118.0M","117.0M","105.0M","103.0M","102.0M","100.0M","98.0M","97.2M","95.6M","94.3M","92.0M","88.3M","87.5M","86.3M","85.7M","85.0M","84.7M","84.5M","84.5M","83.7M","82.8M","82.5M","81.6M","79.3M","79.2M","79.2M","78.3M","78.0M","0.7709999999999999M","0.00767M","1.66E-5M","7.640000000000001E-8M","7.579999999999999E-9M","7.579999999999999E-9M","7.54E-9M","7.5E-9M","7.5E-9M","7.45E-9M","7.4400000000000024E-9M","7.41E-9M","7.39E-9M","7.3800000000000006E-9M","7.37E-9M","7.37E-9M","7.35E-9M","7.32E-9M","7.3E-9M","7.28E-9M","7.26E-9M","7.240000000000001E-9M","7.21E-9M","7.2E-9M","7.170000000000001E-9M","7.159999999999999E-9M","7.14E-9M","7.13E-9M","7.120000000000001E-9M","7.120000000000001E-9M","7.11E-9M","7.700000000000001E-9M","7.08E-9M","7.08E-9M","7.070000000000001E-9M","7.0499999999999994E-9M","7.040000000000001E-9M","7.020000000000001E-9M","7.0099999999999996E-9M","6.92E-9M","6.9E-9M","6.8700000000000005E-9M","6.86E-9M","6.86E-9M","6.85E-9M","6.840000000000001E-9M","6.840000000000001E-9M","6.83E-9M","6.8099999999999994E-9M","6.790000000000001E-9M","6.77E-9M","6.759999999999999E-9M","6.759999999999999E-9M","6.750000000000001E-9M","6.720000000000001E-9M","6.720000000000001E-9M","6.720000000000001E-9M","6.720000000000001E-9M","6.709999999999999E-9M","6.7000000000000004E-9M","6.670000000000001E-9M","6.66E-9M","6.66E-9M","6.66E-9M","6.63E-9M","6.63E-9M","6.62E-9M","6.62E-9M","6.62E-9M","6.62E-8M","6.62E-9M"],"nokList":[]}