{"time":1755510402942,"server":271,"cpList":["107M","105M","101M","101M","95.7M","94.9M","91.8M","82.1M","82.1M","81.2M","80.6M","79.6M","79.5M","77.7M","77.6M","77.5M","766M","76.5M","75.9M","75.1M","75.1M","74.8M","74.3M","73.7M","73.2M","71.9M","71.5M","70.1M","68.3M","68.2M","68M","67.5M","67.4M","67M","65.6M","65.4M","64.5M","64.4M","64.1M","64M","63.4M","62.5M","62.3M","62.3M","62.1M","61.3M","60.5M","60.4M","58.6M","58M","57.8M","57.7M","57.5M","57M","56.8M","56.6M","56.4M","56.3M","55.7M","54.9M","54.8M","54M","54M","53.4M","53.4M","53.3M","53M","53M","52.8M","52.7M","52.4M","51.8M","51.5M","50.5M","50.2M","50.1M","49.9M","49.6M","49.5M","49.4M","49.2M","49.1M","48.5M","47.3M","468M","46.5M","461M","45.7M","45.6M","45.5M","45.4M","45.3M","45.1M","45M","44.9M","44.7M","44.7M","44.4M","44M","44M"],"okList":["107.0M","105.0M","101.0M","101.0M","95.7M","94.9M","91.8M","82.1M","82.1M","81.2M","80.6M","79.6M","79.5M","77.7M","0.7759999999999999M","0.00775M","1.66E-5M","7.649999999999999E-8M","7.59E-9M","7.509999999999999E-9M","7.509999999999999E-9M","7.48E-9M","7.43E-9M","7.37E-9M","7.32E-9M","7.190000000000001E-9M","7.15E-9M","7.0099999999999996E-9M","6.83E-9M","6.82E-9M","6.8E-9M","6.750000000000001E-9M","6.74E-9M","6.7000000000000004E-9M","6.56E-9M","6.54E-9M","6.45E-9M","6.440000000000001E-9M","6.409999999999999E-9M","6.4E-9M","6.34E-9M","6.2500000000000005E-9M","6.23E-9M","6.23E-9M","6.210000000000001E-9M","6.13E-9M","6.05E-9M","6.040000000000001E-9M","5.86E-9M","5.8E-9M","5.7799999999999995E-9M","5.7700000000000005E-9M","5.75E-9M","5.7E-9M","5.6799999999999986E-9M","5.660000000000001E-9M","5.6399999999999995E-9M","5.63E-9M","5.57E-9M","5.49E-9M","5.48E-9M","5.4E-9M","5.4E-9M","5.34E-9M","5.34E-9M","5.329999999999999E-9M","5.3E-9M","5.3E-9M","5.280000000000001E-9M","5.270000000000001E-9M","5.24E-9M","5.180000000000001E-9M","5.15E-9M","5.0500000000000006E-9M","5.0200000000000004E-9M","5.01E-9M","4.989999999999999E-9M","4.96E-9M","4.949999999999999E-9M","4.940000000000001E-9M","4.920000000000001E-9M","4.910000000000001E-9M","4.8500000000000004E-9M","4.73E-9M","4.6799999999999996E-8M","4.65E-9M","4.610000000000001E-8M","4.57E-9M","4.559999999999999E-9M","4.55E-9M","4.5400000000000005E-9M","4.529999999999999E-9M","4.51E-9M","4.500000000000001E-9M","4.49E-9M","4.4700000000000005E-9M","4.4700000000000005E-9M","4.44E-9M","4.4000000000000005E-9M","4.4000000000000005E-9M"],"nokList":[]}