{"time":1755523706415,"server":2734,"cpList":["78.2M","75.4M","75M","72M","70.8M","70.7M","69.8M","69.7M","69.2M","68.5M","68.1M","67.7M","66.6M","66.3M","65.3M","65.1M","642M","63.7M","63.6M","63.6M","63.3M","63.1M","62.7M","62.2M","61.7M","61.7M","61.4M","60.8M","60.5M","60.2M","59.9M","59.1M","58.9M","58.6M","57.5M","56.7M","56.6M","56.4M","55.8M","55.6M","54.6M","54.4M","543M","54.1M","53.9M","53.9M","53.8M","53.7M","53.6M","53.5M","53.3M","53M","52.8M","52.6M","52.6M","52.6M","52.6M","52.5M","52.3M","52.1M","52M","51.8M","51.8M","51.8M","51.6M","51.6M","51.3M","51.3M","51.2M","57M","50.9M","50.8M","50.7M","50.7M","50.5M","50.2M","50M","49.8M","49.7M","49.6M","49.5M","49.5M","49.5M","49M","49M","48.7M","48.3M","48.2M","47.7M","47.7M","47.5M","47.1M","47.1M","46.4M","46.1M","45.8M","45.7M","45.7M","45.7M","45.6M"],"okList":["78.2M","75.4M","75.0M","72.0M","70.8M","70.7M","69.8M","69.7M","69.2M","68.5M","68.1M","67.7M","66.6M","66.3M","65.3M","65.1M","64.2M","63.7M","63.6M","63.6M","63.3M","63.1M","62.7M","62.2M","61.7M","61.7M","61.4M","60.8M","60.5M","60.2M","59.9M","59.1M","58.9M","58.6M","57.5M","56.7M","56.6M","56.4M","55.8M","55.6M","54.6M","54.4M","54.3M","54.1M","53.9M","53.9M","53.8M","53.7M","53.6M","53.5M","53.3M","53.0M","52.8M","52.6M","52.6M","52.6M","52.6M","52.5M","52.3M","52.1M","52.0M","51.8M","51.8M","51.8M","51.6M","0.516M","0.00513M","5.13E-5M","5.12E-7M","5.6999999999999994E-8M","5.0900000000000004E-9M","5.080000000000001E-9M","5.07E-9M","5.07E-9M","5.0500000000000006E-9M","5.0200000000000004E-9M","5.0E-9M","4.979999999999999E-9M","4.970000000000001E-9M","4.96E-9M","4.949999999999999E-9M","4.949999999999999E-9M","4.949999999999999E-9M","4.9E-9M","4.9E-9M","4.870000000000001E-9M","4.83E-9M","4.820000000000001E-9M","4.770000000000001E-9M","4.770000000000001E-9M","4.7499999999999995E-9M","4.7100000000000005E-9M","4.7100000000000005E-9M","4.6400000000000005E-9M","4.6100000000000004E-9M","4.58E-9M","4.57E-9M","4.57E-9M","4.57E-9M","4.559999999999999E-9M"],"nokList":[]}