{"server":2735,"total":5887.6997,"average":58.877,"cpValues":[],"cpList":["76.9M","75.6M","75.3M","73.5M","72.8M","69.1M","68.7M","67.9M","67.5M","66.3M","65.8M","65.7M","65.4M","65.1M","64.5M","64.2M","64M","63.8M","63.6M","63.4M","63.2M","63.1M","62.7M","62.7M","62.3M","62M","61.9M","61.6M","61.3M","61.2M","61.2M","60.9M","60.8M","60.8M","60.4M","60.4M","60.1M","60.1M","60.1M","59.4M","59.4M","59M","58.7M","58.4M","58.3M","58.2M","58.2M","57.5M","57.1M","57M","57M","56.8M","56.8M","56.8M","56.8M","56.7M","56.3M","56.2M","56.2M","56.2M","56.1M","56M","56M","55.8M","55.8M","55.8M","55.8M","55.7M","55.5M","55.5M","55.5M","55.1M","54.8M","54.8M","54.7M","54.7M","54.3M","53.8M","53.8M","53.7M","53.7M","53.5M","53.5M","53.2M","52.9M","52.9M","52.9M","52.7M","52.7M","52.7M","52.6M","52.5M","52.5M","52.3M","52.1M","52M","51.9M","51.9M","51.3M","51.2M"],"okList":["76.9M","76.100006M","74.55M","74.05M","71.3M","70.75M","68.5M","68.1M","67.100006M","66.65M","66.0M","65.600006M","65.399994M","64.95M","64.649994M","64.25M","64.0M","63.8M","63.6M","63.4M","63.25M","62.95M","62.9M","62.5M","62.35M","62.1M","61.8M","61.6M","61.4M","61.25M","61.050003M","61.0M","60.85M","60.6M","60.6M","60.25M","60.25M","60.1M","59.75M","59.75M","59.2M","59.050003M","58.7M","58.5M","58.300003M","58.25M","57.85M","57.65M","57.25M","57.05M","56.9M","56.9M","56.8M","56.8M","56.75M","56.55M","56.45M","56.25M","56.2M","56.15M","56.1M","56.05M","55.9M","55.9M","55.8M","55.8M","55.75M","55.65M","55.6M","55.5M","55.3M","55.15M","54.949997M","54.75M","54.75M","54.5M","54.25M","54.05M","53.75M","53.75M","53.6M","53.6M","53.35M","53.2M","53.050003M","52.9M","52.800003M","52.800003M","52.7M","52.65M","52.6M","52.55M","52.4M","52.3M","52.15M","52.0M","51.95M","51.6M","51.550003M","51.2M"],"nokList":[]}