{"server":2746,"total":3445.7,"average":36.656384,"cpValues":[],"cpList":["66.9M","66.8M","58.5M","55.2M","53.9M","50.6M","49.6M","49.1M","48.5M","43.8M","43.4M","43.4M","43.3M","43.1M","42.7M","42.4M","42.1M","41.6M","40.8M","40.6M","40.2M","40.1M","39.7M","39.6M","39.4M","39.3M","39.2M","39.1M","38.5M","38.2M","37.9M","37.3M","37.2M","37M","36.5M","36.4M","36.4M","36.4M","36.3M","A6M","35.9M","35.9M","35.8M","35.7M","35.5M","35.2M","34.8M","34.6M","34.4M","34.2M","34.2M","34.2M","34M","33.9M","33.9M","33.8M","33.7M","A3.6M","33.5M","33.4M","33.2M","32.9M","32.9M","32.8M","32.7M","32.7M","32.5M","32.3M","31.9M","31.9M","31.7M","31.5M","31.5M","31.4M","31.3M","31.1M","31M","31M","31M","30.9M","30.8M","30.4M","30.3M","30M","30M","29.6M","29.5M","29.5M","29.4M","29.4M","29.3M","29.1M","29M","29M","28.9M","28.6M","28.5M","2A.5M","28.4M","28.4M"],"okList":["66.9M","62.7M","61.0M","56.2M","52.9M","51.75M","49.85M","49.05M","46.449997M","45.95M","43.6M","43.35M","43.25M","43.0M","42.75M","42.4M","42.0M","41.449997M","41.1M","40.5M","40.35M","39.95M","39.85M","39.550003M","39.449997M","39.300003M","39.199997M","38.85M","38.65M","38.2M","37.75M","37.550003M","37.15M","36.85M","36.7M","36.45M","36.4M","36.35M","36.1M","35.85M","35.800003M","35.65M","35.45M","35.15M","34.9M","34.6M","34.4M","34.300003M","34.2M","34.1M","34.050003M","33.95M","33.85M","33.800003M","33.6M","33.35M","33.15M","33.050003M","32.85M","32.800003M","32.75M","32.6M","32.5M","32.2M","32.1M","31.8M","31.7M","31.6M","31.45M","31.4M","31.25M","31.15M","31.05M","31.0M","30.95M","30.9M","30.65M","30.55M","30.2M","30.15M","29.8M","29.75M","29.55M","29.45M","29.45M","29.349998M","29.25M","29.15M","29.05M","28.95M","28.8M","28.7M","28.45M","28.4M"],"nokList":["36.3M","35.9M","33.7M","33.5M","28.5M","28.4M"]}