{"time":1755523785568,"server":2747,"cpList":["92.4M","90.3M","88.7M","88.4M","87.8M","84.1M","83.2M","82.7M","80.4M","79.9M","79M","78.9M","78.4M","78.3M","77.3M","76.3M","746M","74.1M","74M","73.9M","73.9M","73.8M","73.5M","73.3M","73.3M","72M","71.3M","70.8M","70.3M","70M","69.8M","69.3M","69.3M","68.7M","68.7M","68.6M","68.5M","68.5M","68.4M","68.2M","67.8M","67.6M","67.3M","67.1M","67M","67M","66.7M","66.6M","66.3M","66.1M","66M","65.7M","65.7M","65.6M","65.5M","65.3M","65.3M","64.8M","646M","64.5M","64.5M","64.3M","642M","64M","64M","63.9M","63.7M","63.6M","63.4M","63.1M","63.1M","62.9M","62.8M","62.6M","62.6M","62.5M","62M","61.8M","61.7M","61.5M","61.5M","61.5M","61.4M","61.4M","61.3M","61.3M","612M","60.8M","60.6M","60.6M","60.4M","60.4M","60.1M","60.1M","59.8M","59.7M","59.7M","59.7M","59.7M","59.6M"],"okList":["92.4M","90.3M","88.7M","88.4M","87.8M","84.1M","83.2M","82.7M","80.4M","79.9M","79.0M","78.9M","0.784M","0.007829999999999998M","7.73E-5M","7.63E-6M","1.4599999999999998E-7M","7.410000000000001E-8M","7.400000000000001E-9M","7.39E-9M","7.39E-9M","7.3800000000000006E-9M","7.35E-9M","7.329999999999999E-9M","7.329999999999999E-9M","7.2E-9M","7.13E-9M","7.08E-9M","7.03E-9M","7.0E-9M","6.9799999999999995E-9M","6.929999999999999E-9M","6.929999999999999E-9M","6.8700000000000005E-9M","6.8700000000000005E-9M","6.86E-9M","6.85E-9M","6.85E-9M","6.840000000000001E-9M","6.82E-9M","6.779999999999999E-9M","6.759999999999999E-9M","6.73E-9M","6.709999999999999E-9M","6.7000000000000004E-9M","6.7000000000000004E-9M","6.670000000000001E-9M","6.66E-9M","6.63E-9M","6.609999999999999E-9M","6.6E-9M","6.57E-9M","6.57E-9M","6.56E-9M","6.550000000000001E-9M","6.53E-9M","6.53E-9M","6.48E-9M","6.460000000000001E-8M","6.45E-9M","6.45E-9M","6.43E-9M","6.419999999999999E-8M","6.4E-9M","6.4E-9M","6.39E-9M","6.37E-9M","6.36E-9M","6.34E-9M","6.31E-9M","6.31E-9M","6.290000000000001E-9M","6.28E-9M","6.26E-9M","6.26E-9M","6.2500000000000005E-9M","6.2E-9M","6.18E-9M","6.17E-9M","6.1500000000000005E-9M","6.1500000000000005E-9M","6.1500000000000005E-9M","6.14E-9M","6.14E-9M","6.13E-9M","6.13E-9M","6.119999999999999E-8M","6.08E-9M","6.06E-9M","6.06E-9M","6.040000000000001E-9M","6.040000000000001E-9M","6.01E-9M","6.01E-9M","5.9800000000000004E-9M","5.97E-9M","5.97E-9M","5.97E-9M","5.97E-9M","5.96E-9M"],"nokList":[]}