{"server":2748,"total":5893.649,"average":58.93649,"cpValues":[],"cpList":["82.7M","80.2M","78.2M","74.4M","73.3M","73.2M","72.7M","70.9M","70.7M","70M","68.8M","68.2M","66.9M","66.8M","66.3M","65.7M","65.4M","65.3M","64.2M","63.9M","63.1M","63.1M","62.9M","62.2M","62M","61.4M","61.2M","61M","61M","61M","60.9M","60.6M","60.5M","60.3M","60.2M","59.7M","59.4M","59.4M","59M","58.7M","58.7M","58.6M","58.1M","57.7M","57.6M","57.3M","57.3M","57M","56.8M","56.8M","56.7M","56.7M","56.7M","56.6M","56.6M","56.2M","56.1M","56.1M","55.9M","55.7M","55.7M","55.6M","55.4M","55.4M","55.2M","55.2M","55.2M","55.2M","54.9M","54.8M","54.6M","54.5M","54.4M","54.2M","54.2M","54.1M","54M","53.9M","53.9M","53.7M","53.3M","53.3M","53.2M","52.3M","52.2M","52.2M","51.9M","51.8M","51.7M","51.7M","51.6M","51.4M","51.3M","51.3M","51M","50.9M","50.7M","50.7M","50.6M","50.6M"],"okList":["82.7M","80.45M","77.3M","75.75M","73.8M","73.0M","72.05M","71.7M","70.45M","69.75M","69.1M","67.850006M","67.5M","66.600006M","66.25M","65.850006M","65.5M","64.8M","64.600006M","63.649998M","63.5M","63.0M","62.65M","62.45M","61.800003M","61.6M","61.2M","61.1M","61.0M","60.95M","60.8M","60.7M","60.449997M","60.35M","60.0M","59.800003M","59.550003M","59.2M","59.050003M","58.85M","58.65M","58.4M","58.15M","57.85M","57.5M","57.449997M","57.15M","57.05M","56.9M","56.75M","56.75M","56.7M","56.65M","56.65M","56.4M","56.35M","56.15M","56.0M","55.9M","55.800003M","55.65M","55.550003M","55.5M","55.300003M","55.300003M","55.2M","55.2M","55.050003M","55.0M","54.75M","54.65M","54.5M","54.35M","54.300003M","54.15M","54.1M","54.0M","53.95M","53.800003M","53.6M","53.5M","53.25M","52.8M","52.7M","52.25M","52.050003M","52.0M","51.800003M","51.75M","51.65M","51.550003M","51.449997M","51.35M","51.15M","51.1M","50.85M","50.800003M","50.65M","50.65M","50.6M"],"nokList":[]}