{"time":1755523812202,"server":2748,"cpList":["88.4M","78.7M","77.7M","77.1M","746M","73.3M","72.7M","71.7M","69.7M","69.4M","68.2M","67.1M","66.8M","66.6M","66.5M","66.3M","65.3M","65.2M","65.1M","65.1M","64.4M","63.9M","63.7M","63.5M","63.1M","62.3M","62.1M","62M","61.9M","61.8M","61.6M","61.4M","61.1M","61M","60.7M","60.6M","60.4M","60.2M","60.1M","60M","60M","60M","59.4M","59.2M","59.1M","59M","58.9M","58.6M","58.5M","58.4M","58.4M","58.3M","58.2M","58.2M","57.8M","57.8M","57.6M","57.3M","57.2M","57.1M","57M","57M","56.9M","56.8M","56.8M","56.6M","56.5M","56.5M","56.5M","56.4M","56.1M","56.1M","55.7M","55.5M","55.2M","55.1M","54.9M","54.9M","54.7M","54.7M","54.6M","54.5M","54.5M","543M","54.1M","54M","53.7M","53.7M","53.5M","53.5M","53.2M","53.1M","53M","52.9M","52.8M","52.8M","52.5M","52.5M","523M","52M"],"okList":["0.884M","0.00787M","7.77E-5M","7.709999999999999E-6M","1.4599999999999998E-7M","7.33E-8M","7.269999999999999E-9M","7.170000000000001E-9M","6.97E-9M","6.9400000000000004E-9M","6.82E-9M","6.709999999999999E-9M","6.68E-9M","6.66E-9M","6.65E-9M","6.63E-9M","6.53E-9M","6.5200000000000015E-9M","6.51E-9M","6.51E-9M","6.440000000000001E-9M","6.39E-9M","6.37E-9M","6.35E-9M","6.31E-9M","6.23E-9M","6.210000000000001E-9M","6.2E-9M","6.19E-9M","6.18E-9M","6.159999999999999E-9M","6.14E-9M","6.11E-9M","6.099999999999998E-9M","6.07E-9M","6.06E-9M","6.040000000000001E-9M","6.02E-9M","6.01E-9M","6.0E-9M","6.0E-9M","6.0E-9M","5.9400000000000006E-9M","5.920000000000001E-9M","5.91E-9M","5.9E-9M","5.89E-9M","5.86E-9M","5.8499999999999994E-9M","5.84E-9M","5.84E-9M","5.83E-9M","5.820000000000001E-9M","5.820000000000001E-9M","5.7799999999999995E-9M","5.7799999999999995E-9M","5.760000000000001E-9M","5.73E-9M","5.72E-9M","5.71E-9M","5.7E-9M","5.7E-9M","5.69E-9M","5.6799999999999986E-9M","5.6799999999999986E-9M","5.660000000000001E-9M","5.65E-9M","5.65E-9M","5.65E-9M","5.6399999999999995E-9M","5.61E-9M","5.61E-9M","5.57E-9M","5.55E-9M","5.520000000000001E-9M","5.51E-9M","5.49E-9M","5.49E-9M","5.47E-9M","5.47E-9M","5.4600000000000006E-9M","5.45E-9M","5.45E-9M","5.4299999999999997E-8M","5.410000000000001E-9M","5.4E-9M","5.37E-9M","5.37E-9M","5.350000000000001E-9M","5.350000000000001E-9M","5.32E-9M","5.310000000000001E-9M","5.3E-9M","5.2900000000000006E-9M","5.280000000000001E-9M","5.280000000000001E-9M","5.250000000000001E-9M","5.250000000000001E-9M","5.23E-8M","5.2E-9M"],"nokList":[]}