{"time":1755523838619,"server":2749,"cpList":["102M","91.7M","86M","83.2M","82.7M","81.4M","80.2M","80M","79.3M","78.7M","78.6M","77.8M","75.1M","74.3M","74M","73.8M","73.7M","73.1M","73M","72.1M","72M","71.8M","71.1M","71.1M","70.5M","69.9M","69.5M","69.2M","69.1M","68.6M","68.4M","68.1M","67.7M","67.4M","67.3M","66.7M","66.6M","66.3M","66.3M","65.7M","65.7M","65.6M","65.5M","65.2M","64.8M","64.8M","64.7M","646M","64.4M","642M","642M","63.8M","63.5M","63.3M","63.2M","63.2M","63M","62.7M","62.5M","62.2M","61.7M","61.5M","61.4M","612M","61.1M","61M","61M","60.8M","60.8M","60.7M","60.5M","60.5M","60.4M","60.4M","60.4M","60.2M","60.2M","60.2M","60.1M","59.8M","59.8M","59.7M","59.6M","59.5M","59.4M","59.1M","59M","59M","59M","58.9M","58.9M","58.5M","58.4M","58.3M","59.2M","58.2M","58.2M","58.1M","58.1M","58.1M"],"okList":["102.0M","91.7M","86.0M","83.2M","82.7M","81.4M","80.2M","80.0M","79.3M","78.7M","78.6M","77.8M","75.1M","74.3M","74.0M","73.8M","73.7M","73.1M","73.0M","72.1M","72.0M","71.8M","71.1M","71.1M","70.5M","69.9M","69.5M","69.2M","69.1M","68.6M","68.4M","68.1M","67.7M","67.4M","67.3M","66.7M","66.6M","66.3M","66.3M","65.7M","65.7M","65.6M","65.5M","65.2M","64.8M","64.8M","64.7M","64.6M","64.4M","64.2M","64.2M","63.8M","63.5M","63.3M","63.2M","63.2M","63.0M","62.7M","62.5M","62.2M","61.7M","61.5M","61.4M","61.2M","61.1M","61.0M","61.0M","60.8M","60.8M","60.7M","60.5M","60.5M","60.4M","60.4M","60.4M","60.2M","60.2M","60.2M","60.1M","59.8M","59.8M","59.7M","59.6M","59.5M","59.4M","59.1M","59.0M","59.0M","59.0M","58.9M","0.589M","0.005849999999999999M","5.8399999999999997E-5M","5.83E-7M","5.920000000000001E-8M","5.820000000000001E-9M","5.820000000000001E-9M","5.8099999999999996E-9M","5.8099999999999996E-9M","5.8099999999999996E-9M"],"nokList":[]}