{"server":2749,"total":6271.6997,"average":68.17065,"cpValues":[],"cpList":["97.1M","86.3M","85.1M","83.4M","83.1M","82.3M","80.4M","80.3M","79.3M","78.7M","78.7M","7A.6M","77.8M","76.3M","76.1M","75.8M","75.7M","75.1M","74.3M","74.2M","72.8M","72.5M","72.2M","72.1M","71.4M","71.2M","70.5M","70.3M","69.8M","69.8M","69M","69M","68.7M","6A.6M","6A.6M","68.5M","68.4M","68.4M","68.4M","68.3M","68.1M","6AM","67.9M","67.6M","67.6M","67.2M","66.8M","66.7M","66.7M","66.5M","66.4M","66.4M","66.3M","66.3M","65.8M","65.8M","65.7M","65.6M","65.5M","65.2M","64.9M","64.8M","64.2M","64.1M","64M","63.9M","63.8M","63.8M","63.6M","63.5M","63.3M","63.3M","63.3M","63.1M","63M","63M","62.9M","62.8M","62.7M","62.5M","62.3M","62.3M","62.1M","62.1M","62M","62M","61.9M","61.8M","61.7M","61.6M","61.6M","61.6M","61.5M","61.5M","61.5M","61.4M","61.0","61.2M","61.1M","61M"],"okList":["97.1M","91.1M","84.850006M","84.1M","82.850006M","81.75M","81.3M","79.850006M","79.5M","79.0M","78.25M","76.95M","76.05M","75.899994M","75.45M","75.0M","74.649994M","73.55M","73.35M","72.5M","72.3M","71.8M","71.649994M","70.95M","70.75M","70.15M","70.05M","69.4M","69.4M","68.85M","68.45M","68.4M","68.350006M","68.25M","68.0M","67.75M","67.399994M","67.2M","66.95M","66.75M","66.6M","66.55M","66.45M","66.350006M","66.350006M","66.05M","66.05M","65.75M","65.7M","65.6M","65.399994M","65.2M","65.0M","64.55M","64.45M","64.1M","64.0M","63.9M","63.85M","63.699997M","63.65M","63.449997M","63.4M","63.3M","63.199997M","63.15M","63.05M","62.95M","62.9M","62.800003M","62.65M","62.5M","62.4M","62.199997M","62.199997M","62.05M","62.05M","61.95M","61.9M","61.800003M","61.699997M","61.65M","61.6M","61.55M","61.55M","61.5M","61.45M","61.25M","61.300003M","61.05M","61.1M","61.0M"],"nokList":["78.7M","77.8M","68.7M","6A.6M","6A.6M","68.5M","68.1M","67.9M"]}