{"server":2761,"total":4750.8994,"average":48.978344,"cpValues":[],"cpList":["69.9M","67.7M","67.6M","62.9M","60.6M","60.4M","59.5M","59.5M","59.3M","58.9M","58.8M","57.7M","57.6M","57.6M","57.4M","56.9M","56.5M","56.3M","56.2M","55.8M","55.1M","55.1M","54.5M","54.2M","53.5M","53M","52.9M","52.9M","52.4M","52.4M","51.7M","51.3M","51.3M","51.1M","50.7M","50.5M","49.9M","49.7M","49.6M","49.6M","49.4M","49.3M","49.3M","49M","48.7M","48.3M","48.3M","48.2M","48.1M","48M","47.8M","47.M","46.9M","46.9M","46.8M","46.8M","45.8M","45.7M","45.7M","45M","44.9M","44.8M","44.8M","44.5M","44.4M","44.4M","44.2M","44M","43.8M","43.4M","43.3M","43.2M","43.2M","43.2M","43M","42.8M","42.6M","42.5M","42.4M","42.1M","42M","41.9M","41.2M","41.2M","40.8M","40.8M","40.8M","40.7M","40.6M","40.6M","40.2M","40.2M","40.1M","#0.1M","39.9M","39.8M","39.7M","39.5M","39.4M","39.4M"],"okList":["69.9M","68.75M","65.3M","64.1M","61.65M","60.05M","59.95M","59.4M","59.2M","59.05M","58.300003M","58.199997M","57.65M","57.5M","57.25M","56.95M","56.6M","56.35M","56.05M","55.65M","55.449997M","54.8M","54.65M","54.0M","53.6M","53.2M","52.95M","52.65M","52.65M","52.050003M","51.85M","51.5M","51.199997M","51.0M","50.8M","50.300003M","50.1M","49.75M","49.65M","49.5M","49.449997M","49.35M","49.15M","49.0M","48.65M","48.5M","48.25M","48.199997M","48.1M","47.949997M","47.5M","47.35M","46.95M","46.85M","46.85M","46.3M","46.25M","45.75M","45.35M","45.300003M","44.9M","44.85M","44.65M","44.6M","44.45M","44.300003M","44.2M","44.0M","43.7M","43.55M","43.300003M","43.25M","43.2M","43.1M","43.0M","42.8M","42.65M","42.5M","42.3M","42.2M","42.0M","41.6M","41.550003M","41.0M","41.0M","40.8M","40.75M","40.699997M","40.65M","40.4M","40.4M","40.15M","39.800003M","39.65M","39.550003M","39.45M","39.4M"],"nokList":["40.1M","#0.1M","39.9M"]}