{"time":1755523865220,"server":2761,"cpList":["72.6M","69.6M","68.7M","65.4M","63.6M","63.4M","63.3M","62.4M","61.5M","61.4M","612M","60.9M","60M","59.8M","58.8M","58.7M","58.2M","57.7M","57.3M","57.3M","56.6M","56.4M","56.3M","56.1M","56M","55.7M","55.5M","55.3M","54.8M","54.7M","54.7M","54M","53.5M","51.4M","51.3M","51.3M","51.3M","57M","50.8M","50.8M","50.6M","50.1M","49.9M","49.7M","49.4M","49M","48.4M","48.3M","48.2M","48.2M","47.8M","46.9M","468M","46.6M","46.4M","46.3M","462M","45.7M","45.7M","45.4M","45.3M","446M","44.5M","44.5M","44.5M","44.4M","44.4M","443M","442M","44M","43.6M","43.4M","43.3M","43.2M","43.2M","43.2M","43M","42.9M","42.8M","426M","42.5M","42.5M","42.4M","42.1M","42.1M","41.3M","412M","412M","40.8M","40.7M","40.4M","40.3M","40.2M","40.1M","40.1M","39.9M","39.7M","39.6M","39.6M","39.5M"],"okList":["72.6M","69.6M","68.7M","65.4M","63.6M","63.4M","63.3M","62.4M","61.5M","61.4M","61.2M","60.9M","60.0M","59.8M","58.8M","58.7M","58.2M","57.7M","57.3M","57.3M","56.6M","56.4M","56.3M","56.1M","56.0M","55.7M","55.5M","55.3M","54.8M","54.7M","54.7M","54.0M","53.5M","0.514M","0.00513M","5.13E-5M","5.13E-7M","5.6999999999999994E-8M","5.080000000000001E-9M","5.080000000000001E-9M","5.06E-9M","5.01E-9M","4.989999999999999E-9M","4.970000000000001E-9M","4.940000000000001E-9M","4.9E-9M","4.839999999999999E-9M","4.83E-9M","4.820000000000001E-9M","4.820000000000001E-9M","4.779999999999999E-9M","4.689999999999999E-9M","4.6799999999999996E-8M","4.66E-9M","4.6400000000000005E-9M","4.629999999999999E-9M","4.62E-8M","4.57E-9M","4.57E-9M","4.5400000000000005E-9M","4.529999999999999E-9M","4.4599999999999996E-8M","4.45E-9M","4.45E-9M","4.45E-9M","4.44E-9M","4.44E-9M","4.43E-8M","4.419999999999999E-8M","4.4000000000000005E-9M","4.360000000000001E-9M","4.34E-9M","4.33E-9M","4.320000000000001E-9M","4.320000000000001E-9M","4.320000000000001E-9M","4.3000000000000005E-9M","4.289999999999999E-9M","4.279999999999999E-9M","4.26E-8M","4.25E-9M","4.25E-9M","4.24E-9M","4.21E-9M","4.21E-9M","4.1300000000000004E-9M","4.12E-8M","4.12E-8M","4.079999999999999E-9M","4.070000000000001E-9M","4.039999999999999E-9M","4.03E-9M","4.020000000000001E-9M","4.010000000000001E-9M","4.010000000000001E-9M","3.99E-9M","3.97E-9M","3.96E-9M","3.96E-9M","3.950000000000001E-9M"],"nokList":[]}