{"time":1755523944495,"server":2764,"cpList":["73.8M","70.3M","68.2M","61.3M","58.7M","58M","56.9M","55.6M","55.5M","55.1M","54.7M","53.7M","53.1M","52.1M","52M","51.6M","51.4M","57M","50.8M","49.1M","49M","48.3M","48.1M","46.3M","45.9M","45.5M","448M","43.6M","42.5M","42.5M","42M","41.7M","41.1M","41.1M","40.9M","40.3M","40.3M","38.5M","38.5M","38.3M","37.8M","37.4M","36.8M","36.5M","36.4M","35.2M","35.2M","35.2M","34.9M","34.9M","34.8M","34.7M","34.5M","34.3M","34.3M","34M","33.8M","33.7M","33.6M","33.5M","33.5M","33.3M","33.1M","33M","32.9M","32.5M","32.5M","32.2M","32M","31.9M","31.9M","31.8M","31.6M","31.4M","31.2M","30.9M","30.7M","30.4M","30.4M","30.4M","30.4M","30M","30M","30M","29.9M","29.9M","29.8M","29.6M","29.6M","29.6M","29.5M","29.4M","29.4M","29.2M","29.2M","29.2M","29.2M","28.8M","28.7M","28.6M"],"okList":["73.8M","70.3M","68.2M","61.3M","58.7M","58.0M","56.9M","55.6M","55.5M","55.1M","54.7M","53.7M","53.1M","0.521M","0.0052M","5.160000000000001E-5M","5.140000000000001E-7M","5.6999999999999994E-8M","5.080000000000001E-9M","4.910000000000001E-9M","4.9E-9M","4.83E-9M","4.8100000000000006E-9M","4.629999999999999E-9M","4.59E-9M","4.55E-9M","4.4800000000000004E-8M","4.360000000000001E-9M","4.25E-9M","4.25E-9M","4.2E-9M","4.17E-9M","4.109999999999999E-9M","4.109999999999999E-9M","4.09E-9M","4.03E-9M","4.03E-9M","3.8500000000000006E-9M","3.8500000000000006E-9M","3.829999999999999E-9M","3.78E-9M","3.74E-9M","3.68E-9M","3.65E-9M","3.64E-9M","3.5200000000000007E-9M","3.5200000000000007E-9M","3.5200000000000007E-9M","3.4899999999999997E-9M","3.4899999999999997E-9M","3.48E-9M","3.4700000000000002E-9M","3.45E-9M","3.43E-9M","3.43E-9M","3.4E-9M","3.3799999999999995E-9M","3.37E-9M","3.3600000000000004E-9M","3.3500000000000002E-9M","3.3500000000000002E-9M","3.33E-9M","3.31E-9M","3.3E-9M","3.2899999999999996E-9M","3.2500000000000006E-9M","3.2500000000000006E-9M","3.2200000000000005E-9M","3.2E-9M","3.1900000000000004E-9M","3.1900000000000004E-9M","3.18E-9M","3.1600000000000003E-9M","3.14E-9M","3.12E-9M","3.09E-9M","3.07E-9M","3.04E-9M","3.04E-9M","3.04E-9M","3.04E-9M","3.0E-9M","3.0E-9M","3.0E-9M","2.9900000000000002E-9M","2.9900000000000002E-9M","2.98E-9M","2.9600000000000005E-9M","2.9600000000000005E-9M","2.9600000000000005E-9M","2.95E-9M","2.94E-9M","2.94E-9M","2.92E-9M","2.92E-9M","2.92E-9M","2.92E-9M","2.8800000000000004E-9M","2.87E-9M","2.86E-9M"],"nokList":[]}