{"server":2764,"total":3624.149,"average":38.148937,"cpValues":[],"cpList":["70.9M","67.9M","67.4M","61.3M","55.6M","55.1M","53.8M","53.4M","51.4M","51.4M","51.3M","50.7M","49.5M","49M","48.8M","48M","47.8M","47.4M","47.3M","46.2M","45.9M","45.6M","44.2M","42.3M","42M","41.7M","41.7M","41.1M","40.9M","40.7M","40M","38.8M","38.5M","38.5M","38.5M","37.3M","36.8M","36.8M","36.7M","36.5M","36.4M","36.3M","35.2M","35.2M","34.8M","34.7M","34.5M","34.3M","34.3M","34.2M","34M","33.8M","33.8M","A3.6M","33.5M","33.5M","33.3M","33.1M","33M","32.9M","32.5M","32.5M","32.5M","32.4M","32.3M","32.2M","32M","31.9M","31.8M","31.7M","31.6M","31.4M","31.2M","30.9M","30.7M","30.4M","30.4M","30.3M","30M","30M","29.9M","29.9M","29.8M","29.6M","29.6M","29.6M","29.5M","29.4M","29.4M","29.2M","29.2M","29.2M","29.2M","28.8M","28.7M","28.6M","28.6M","2A.5M","28.4M","ZA.3M"],"okList":["70.9M","69.15M","64.6M","61.5M","58.199997M","54.699997M","54.25M","52.6M","52.4M","51.35M","51.050003M","50.4M","49.85M","49.15M","48.5M","48.3M","47.7M","47.55M","46.800003M","46.6M","45.9M","45.050003M","43.949997M","43.1M","42.0M","41.85M","41.4M","41.300003M","40.9M","40.45M","39.75M","39.25M","38.65M","38.5M","37.9M","37.65M","37.05M","36.75M","36.65M","36.550003M","36.4M","35.800003M","35.75M","35.0M","34.95M","34.65M","34.5M","34.4M","34.25M","34.15M","34.0M","33.9M","33.65M","33.4M","33.3M","33.15M","33.0M","32.75M","32.7M","32.5M","32.45M","32.4M","32.300003M","32.15M","32.05M","31.9M","31.8M","31.7M","31.55M","31.400002M","31.15M","30.95M","30.65M","30.55M","30.349998M","30.2M","30.15M","29.95M","29.95M","29.849998M","29.75M","29.7M","29.6M","29.55M","29.5M","29.45M","29.3M","29.3M","29.2M","29.2M","29.0M","28.95M","28.7M","28.650002M","28.5M"],"nokList":["33.8M","33.5M","28.6M","28.4M","ZA.3M"]}