{"server":277,"total":4683.55,"average":47.791325,"cpValues":[],"cpList":["67.8M","67.1M","63.2M","62.3M","62.2M","62.1M","62M","61.9M","61.4M","61M","60.6M","59M","58.8M","58.6M","58.3M","58.2M","57.7M","57.4M","56.4M","55.7M","55.4M","55.2M","54.7M","54.7M","54.6M","54.5M","54.5M","54.4M","52.3M","52M","51.7M","50.8M","50.2M","49.7M","49.7M","49.2M","48.8M","48.5M","48.3M","47.M","47.6M","47.3M","46.9M","46.6M","46.6M","46.2M","46.1M","45.9M","45.9M","45.3M","45.2M","45M","44.9M","44.9M","44.7M","44.3M","43.5M","43.5M","43.4M","43M","43M","43M","42.8M","42.8M","42.1M","42M","41.9M","41.4M","41.4M","41.3M","41.2M","41.2M","41.1M","40.8M","40.8M","40.3M","40.3M","40.2M","40M","40M","39.6M","39.5M","39.5M","39.4M","39.3M","39M","38.7M","AA.6M","38.1M","78M","37.3M","37.3M","37.2M","37M","36.9M","36.9M","36.5M","36.4M","36.4M","36.4M"],"okList":["67.8M","65.5M","64.7M","62.7M","62.199997M","62.1M","62.0M","61.7M","61.45M","61.0M","60.0M","59.699997M","58.8M","58.55M","58.4M","58.0M","57.800003M","57.050003M","56.550003M","55.9M","55.45M","55.050003M","54.95M","54.65M","54.6M","54.55M","54.45M","53.4M","53.2M","52.0M","51.4M","50.95M","50.25M","49.95M","49.45M","49.25M","48.85M","48.55M","47.75M","47.949997M","47.15M","47.25M","46.949997M","46.75M","46.4M","46.35M","46.050003M","46.0M","45.6M","45.550003M","45.15M","45.050003M","44.95M","44.800003M","44.6M","44.1M","43.9M","43.45M","43.25M","43.2M","43.0M","42.9M","42.9M","42.449997M","42.4M","42.0M","41.7M","41.65M","41.35M","41.300003M","41.25M","41.15M","41.0M","40.949997M","40.55M","40.55M","40.25M","40.15M","40.1M","39.8M","39.75M","39.55M","39.45M","39.4M","39.2M","39.0M","38.4M","37.699997M","57.65M","37.25M","37.15M","37.050003M","36.95M","36.7M","36.65M","36.45M","36.4M","36.4M"],"nokList":["38.7M","38.1M"]}