{"time":1755510455592,"server":278,"cpList":["98.3M","93.5M","846M","78.7M","77.4M","76.5M","73.8M","73.3M","73.3M","72M","71.9M","70.7M","69.8M","68.7M","66.8M","66.2M","65.8M","65.1M","65M","63.5M","63M","62.5M","61.5M","612M","61M","60.3M","60M","58.5M","58.5M","58M","56.9M","56.7M","56.6M","56.5M","56.4M","53.8M","53.7M","53.6M","53.3M","52.4M","52M","51.8M","51.5M","57M","50.9M","50.8M","50.8M","50.4M","48.5M","48.5M","48.3M","47.4M","46.9M","468M","468M","46.5M","46.5M","461M","461M","46M","45.9M","45.7M","45.2M","45.1M","45M","44.7M","44.7M","44.7M","44.4M","441M","441M","43.7M","43.5M","43.5M","43.2M","42.8M","426M","42.1M","42M","42M","41.8M","41.7M","40.9M","40.6M","40.4M","40.3M","40.1M","40.1M","39.4M","39.3M","39.3M","39.1M","38.9M","38.7M","38.2M","33.9M","37.5M","37.5M","37.4M","33.4M"],"okList":["98.3M","93.5M","84.6M","78.7M","77.4M","76.5M","73.8M","73.3M","73.3M","72.0M","71.9M","70.7M","69.8M","68.7M","66.8M","66.2M","65.8M","65.1M","65.0M","63.5M","63.0M","62.5M","61.5M","61.2M","61.0M","60.3M","60.0M","58.5M","58.5M","58.0M","56.9M","56.7M","56.6M","56.5M","56.4M","53.8M","53.7M","53.6M","53.3M","0.524M","0.0052M","5.1800000000000005E-5M","5.149999999999999E-7M","5.6999999999999994E-8M","5.0900000000000004E-9M","5.080000000000001E-9M","5.080000000000001E-9M","5.040000000000001E-9M","4.8500000000000004E-9M","4.8500000000000004E-9M","4.83E-9M","4.739999999999999E-9M","4.689999999999999E-9M","4.6799999999999996E-8M","4.6799999999999996E-8M","4.65E-9M","4.65E-9M","4.610000000000001E-8M","4.610000000000001E-8M","4.6E-9M","4.59E-9M","4.57E-9M","4.519999999999999E-9M","4.51E-9M","4.500000000000001E-9M","4.4700000000000005E-9M","4.4700000000000005E-9M","4.4700000000000005E-9M","4.44E-9M","4.4100000000000004E-8M","4.4100000000000004E-8M","4.3700000000000004E-9M","4.35E-9M","4.35E-9M","4.320000000000001E-9M","4.279999999999999E-9M","4.26E-8M","4.21E-9M","4.2E-9M","4.2E-9M","4.18E-9M","4.17E-9M","4.09E-9M","4.0600000000000005E-9M","4.039999999999999E-9M","4.03E-9M","4.010000000000001E-9M","4.010000000000001E-9M","3.94E-9M","3.9299999999999995E-9M","3.9299999999999995E-9M","3.91E-9M","3.8900000000000004E-9M","3.87E-9M","3.8200000000000005E-9M","3.3899999999999997E-9M","3.75E-9M","3.75E-9M","3.74E-9M","3.34E-9M"],"nokList":[]}