{"server":2783,"total":3851.4001,"average":41.863045,"cpValues":[],"cpList":["66.4M","66.3M","66.2M","61.8M","61.2M","60.7M","60.6M","60.3M","58.5M","58.4M","56.3M","55.7M","55.4M","54.9M","54.3M","54.2M","53.1M","52.4M","51.9M","51.3M","51.3M","51.1M","50.6M","50.5M","49.4M","49.4M","49M","48.8M","47.2M","46.6M","46.2M","45.2M","45.1M","44.9M","44.5M","44M","43.7M","43.5M","42.8M","42M","41.4M","40.7M","40.5M","40.4M","40.2M","39.1M","39M","AA.6M","38.3M","37.9M","37.9M","37.8M","37.3M","37.2M","37M","36.2M","A6.1M","35.2M","35.1M","35.1M","34.8M","34.7M","34.7M","34.6M","34.5M","34.2M","34M","33.7M","A3.6M","A3.6M","33.4M","32.9M","32.8M","32.7M","32.3M","32.3M","32.3M","32M","31.9M","31.9M","31.8M","31.8M","31.7M","31.7M","31.6M","31.4M","31.1M","31.1M","30.8M","30.8M","30.4M","30.2M","29.9M","29.9M","29.8M","29.6M","29.6M","29.4M","29.3M","29.3M"],"okList":["66.4M","66.3M","64.05M","63.699997M","61.25M","60.9M","60.5M","59.55M","59.35M","57.4M","57.050003M","55.85M","55.300003M","54.85M","54.550003M","53.699997M","53.300003M","52.5M","51.85M","51.6M","51.199997M","50.949997M","50.8M","50.0M","49.95M","49.2M","49.1M","48.1M","47.699997M","46.7M","45.9M","45.65M","45.050003M","44.8M","44.45M","44.1M","43.75M","43.25M","42.75M","42.1M","41.35M","40.95M","40.550003M","40.35M","39.75M","39.6M","38.65M","38.1M","37.85M","37.6M","37.5M","37.15M","36.7M","35.7M","35.15M","34.949997M","34.9M","34.75M","34.65M","34.6M","34.4M","34.25M","33.95M","33.1M","32.800003M","32.55M","32.5M","32.3M","32.15M","32.1M","31.95M","31.849998M","31.849998M","31.75M","31.75M","31.650002M","31.55M","31.35M","31.25M","30.95M","30.95M","30.599998M","30.5M","30.15M","30.05M","29.849998M","29.75M","29.7M","29.5M","29.45M","29.349998M","29.3M"],"nokList":["39M","38.3M","36.2M","35.2M","33.7M","A3.6M","A3.6M","33.4M"]}