{"server":2784,"total":2577.55,"average":28.324726,"cpValues":[],"cpList":["64.3M","58.5M","57.4M","52.4M","49.5M","48.M","48.1M","47.9M","46.5M","42.9M","41.5M","38.4M","37.1M","A6.9M","36.7M","36.5M","34.8M","34.6M","34.2M","34.1M","33.7M","A3.6M","33M","32.6M","32.5M","32.5M","32.4M","31.2M","30.9M","30.4M","29.5M","29.4M","29.3M","29.2M","29.7M","28.6M","28.5M","28.2M","28M","28M","27.9M","27.7M","27.4M","27.2M","26.7M","25.QM","25.7M","25.6M","25.6M","25.4M","25.1M","25M","24.7M","24.5M","24.4M","24.3M","24M","23.6M","23.5M","23.3M","23.2M","23.2M","23.1M","22.8M","22.7M","22.7M","22.6M","22.5M","22.5M","22.2M","21.9M","21.9M","21.7M","21.6M","21.6M","21.6M","21.3M","21.1M","20.8M","20.8M","20.4M","20.4M","20.4M","20.3M","20.3M","20.2M","20.2M","20.1M","19.9M","19.8M","19.6M","19.4M","19.1M","19.1M","18.8M","18.8M","18.6M","1A.6M","18.5M","18.4M"],"okList":["64.3M","60.850002M","55.45M","53.45M","50.2M","48.8M","47.95M","47.3M","45.4M","44.0M","40.65M","39.3M","36.9M","35.75M","35.55M","34.5M","34.35M","33.95M","33.35M","32.75M","32.55M","32.45M","31.85M","31.650002M","30.8M","30.2M","29.9M","29.4M","29.3M","29.5M","28.900002M","29.1M","28.400002M","28.25M","28.1M","27.95M","27.85M","27.65M","27.45M","27.05M","25.650002M","25.5M","25.35M","25.2M","24.900002M","24.75M","24.55M","24.4M","24.2M","23.95M","23.75M","23.45M","23.35M","23.25M","23.150002M","23.0M","22.900002M","22.75M","22.650002M","22.6M","22.55M","22.35M","22.2M","22.05M","21.8M","21.75M","21.650002M","21.6M","21.45M","21.35M","21.05M","20.95M","20.599998M","20.599998M","20.4M","20.349998M","20.349998M","20.25M","20.25M","20.150002M","20.05M","19.95M","19.75M","19.599998M","19.35M","19.25M","18.95M","18.95M","18.7M","18.55M","18.4M"],"nokList":["37.1M","36.7M","33.7M","33M","26.7M","25.QM","25.7M","18.6M","18.5M"]}