{"time":1755524023976,"server":2796,"cpList":["71.2M","67.3M","65.5M","63.2M","60.9M","59.1M","59M","58M","57.7M","54.9M","54.9M","54.4M","52.7M","52.5M","52.2M","51.5M","57M","49.6M","47.7M","468M","46.5M","46M","446M","446M","443M","442M","426M","42.3M","40.4M","40.3M","39.7M","39.6M","39.1M","38.7M","38.7M","38.1M","37.9M","37.8M","37.8M","37.5M","37.3M","37.2M","36.9M","36.8M","36.6M","36.3M","36.1M","36.1M","36M","35.8M","35.5M","35.4M","35.3M","35.1M","35M","34.8M","34.8M","34.7M","346M","34.3M","34.3M","33.9M","33.8M","33.7M","33.7M","33.4M","33.1M","32.9M","32.6M","32.6M","32.6M","32.2M","32M","31.9M","31.8M","31.8M","31.6M","31.6M","31.4M","31.3M","31.2M","31.1M","31M","30.9M","30.9M","30.8M","30.8M","30.7M","30.7M","30.4M","30.3M","30.3M","30.3M","30.2M","30.1M","30M","29.9M","29.7M","29.5M","29.3M"],"okList":["71.2M","67.3M","65.5M","63.2M","60.9M","59.1M","59.0M","58.0M","57.7M","54.9M","54.9M","54.4M","0.527M","0.00525M","5.2199999999999995E-5M","5.149999999999999E-7M","5.6999999999999994E-8M","4.96E-9M","4.770000000000001E-9M","4.6799999999999996E-8M","4.65E-9M","4.6E-9M","4.4599999999999996E-8M","4.4599999999999996E-8M","4.43E-8M","4.419999999999999E-8M","4.26E-8M","4.2300000000000005E-9M","4.039999999999999E-9M","4.03E-9M","3.97E-9M","3.96E-9M","3.91E-9M","3.87E-9M","3.87E-9M","3.81E-9M","3.7899999999999995E-9M","3.78E-9M","3.78E-9M","3.75E-9M","3.729999999999999E-9M","3.7200000000000012E-9M","3.6900000000000003E-9M","3.68E-9M","3.66E-9M","3.63E-9M","3.6099999999999997E-9M","3.6099999999999997E-9M","3.6E-9M","3.5799999999999996E-9M","3.5499999999999995E-9M","3.54E-9M","3.53E-9M","3.5100000000000005E-9M","3.5E-9M","3.48E-9M","3.48E-9M","3.4700000000000002E-9M","3.46E-8M","3.43E-9M","3.43E-9M","3.3899999999999997E-9M","3.3799999999999995E-9M","3.37E-9M","3.37E-9M","3.34E-9M","3.31E-9M","3.2899999999999996E-9M","3.2600000000000007E-9M","3.2600000000000007E-9M","3.2600000000000007E-9M","3.2200000000000005E-9M","3.2E-9M","3.1900000000000004E-9M","3.18E-9M","3.18E-9M","3.1600000000000003E-9M","3.1600000000000003E-9M","3.14E-9M","3.13E-9M","3.12E-9M","3.11E-9M","3.1E-9M","3.09E-9M","3.09E-9M","3.0799999999999997E-9M","3.0799999999999997E-9M","3.07E-9M","3.07E-9M","3.04E-9M","3.03E-9M","3.03E-9M","3.03E-9M","3.0200000000000003E-9M","3.01E-9M","3.0E-9M","2.9900000000000002E-9M","2.9700000000000003E-9M","2.95E-9M","2.93E-9M"],"nokList":[]}