{"server":2797,"total":6107.6,"average":63.620834,"cpValues":[],"cpList":["97.2M","26.1M","97.1M","85.6M","83.1M","80.8M","80.3M","80.2M","77.5M","75.9M","75.4M","73.5M","71.9M","71.2M","70.9M","70.7M","70.2M","70M","69.4M","69.4M","68.9M","6A.6M","67.3M","67.3M","67.1M","67M","67M","66.8M","66.8M","66.8M","66.5M","64.8M","64.7M","64.3M","64.1M","63.9M","63.7M","63.4M","63.3M","63.3M","62.8M","62.8M","62.5M","62.3M","62.2M","62.1M","62M","61.8M","61.8M","60.7M","60.3M","60.3M","60.1M","60M","60M","59.9M","59.9M","59.7M","59.7M","59.7M","59.6M","59.3M","59.2M","59.1M","59.1M","58.8M","58.3M","58.2M","58.2M","58.2M","58.1M","5AM","57.7M","57.6M","57.6M","57.6M","57.4M","57.4M","57.3M","57.2M","57.2M","57.1M","57M","57M","56.9M","56.9M","56.9M","56.8M","56.8M","56.7M","56.6M","56.5M","56.3M","56.1M","55.7M","55.7M","55.6M","55.6M","55.5M","55.5M"],"okList":["97.2M","97.149994M","55.85M","90.1M","83.2M","81.7M","80.5M","78.9M","78.05M","76.45M","74.7M","73.65M","72.35M","71.4M","70.95M","70.55M","70.35M","69.8M","69.7M","69.15M","68.100006M","67.2M","67.15M","67.05M","66.9M","66.9M","66.8M","66.65M","65.8M","65.6M","64.55M","64.399994M","64.100006M","63.9M","63.65M","63.5M","63.35M","63.05M","63.05M","62.65M","62.55M","62.35M","62.199997M","62.1M","61.949997M","61.9M","61.25M","61.05M","60.5M","60.199997M","60.15M","60.05M","59.95M","59.95M","59.800003M","59.800003M","59.7M","59.65M","59.5M","59.4M","59.199997M","59.15M","58.949997M","58.699997M","58.5M","58.25M","58.2M","58.15M","57.9M","57.65M","57.6M","57.5M","57.5M","57.35M","57.300003M","57.25M","57.15M","57.1M","57.05M","56.95M","56.95M","56.9M","56.85M","56.85M","56.75M","56.699997M","56.6M","56.449997M","56.3M","56.0M","55.9M","55.65M","55.65M","55.55M","55.55M","55.5M"],"nokList":["68.9M","67.3M","58.1M","57.7M"]}