{"server":2798,"total":5123.1006,"average":52.276535,"cpValues":[],"cpList":["118M","88.5M","82.7M","81.5M","77.2M","77.1M","75.4M","12.4M","72.1M","71.3M","71.2M","69.5M","67.6M","66.5M","6M","65.9M","64.7M","64.2M","62.7M","62.6M","62.3M","61.8M","61.5M","61.2M","60.8M","60.8M","60.7M","59.6M","59.4M","59.3M","58.4M","58.1M","5AM","57.7M","57.7M","57.6M","57M","56.9M","56.6M","56.3M","56.1M","54.9M","54.4M","54.2M","54M","51.9M","51.6M","51.1M","50.9M","50.8M","50.5M","50.2M","50.1M","49.3M","49.2M","49.1M","49.1M","48.7M","48.7M","47.8M","47.M","47.5M","47.2M","47.1M","45.4M","44.9M","44.9M","44.1M","44.1M","44.1M","43.7M","42.9M","42.6M","42.4M","42.3M","42M","41.6M","41.4M","41M","40.9M","40.6M","40M","39.5M","39.3M","38.2M","38.2M","38.2M","38.1M","78M","37.9M","37.6M","37.5M","36.6M","36.2M","36.1M","35.3M","35.3M","34.8M","34.7M","34.1M"],"okList":["118.0M","100.35M","85.0M","79.95M","79.3M","76.3M","44.75M","73.75M","41.850002M","71.649994M","70.4M","69.399994M","68.0M","36.8M","66.2M","35.35M","65.05M","63.699997M","63.399998M","62.5M","62.199997M","61.9M","61.5M","61.15M","61.0M","60.75M","60.199997M","60.050003M","59.449997M","58.9M","58.699997M","57.9M","57.65M","57.35M","57.25M","56.8M","56.6M","56.35M","55.6M","55.25M","54.550003M","54.2M","53.050003M","52.8M","51.5M","51.25M","50.949997M","50.7M","50.5M","50.3M","49.75M","49.65M","49.199997M","49.15M","48.9M","48.9M","48.25M","47.85M","47.65M","47.1M","47.3M","46.300003M","46.0M","45.15M","44.5M","44.5M","44.1M","43.9M","43.5M","43.15M","42.65M","42.449997M","42.2M","41.949997M","41.7M","41.3M","41.15M","40.8M","40.45M","40.05M","39.65M","38.85M","38.75M","38.2M","38.15M","58.1M","38.0M","57.8M","37.7M","37.1M","36.85M","36.35M","35.75M","35.699997M","35.05M","35.0M","34.449997M","34.1M"],"nokList":["58.1M","57.7M"]}