{"server":2817,"total":3222.9497,"average":35.032063,"cpValues":[],"cpList":["66.7M","64.6M","53.4M","51.8M","51.3M","48.4M","46.8M","46.2M","45.9M","44M","43.8M","43.4M","43.1M","42.9M","41.8M","41.2M","41M","40.9M","40.3M","38.9M","38.7M","AA.6M","38.2M","78M","37.9M","37.7M","37.5M","37.4M","37M","A6.6M","36.4M","36.2M","A6.1M","35.9M","35.8M","35.7M","35.2M","35.1M","35.1M","34.9M","34.9M","34.7M","34.5M","34.1M","34M","33.9M","33.8M","A3.6M","33.5M","33.4M","33.2M","32.8M","32.6M","32.6M","32.6M","32.5M","32.4M","32.3M","31.9M","31.8M","31.7M","31.6M","31.6M","31.3M","30.8M","30.4M","30.3M","30.2M","30.2M","30.1M","30.1M","29.9M","29.8M","29.5M","29.5M","29.4M","29.4M","29.4M","29.3M","29.3M","29.1M","29M","29M","29M","29M","28.8M","28.5M","28.4M","28.2M","28.1M","28M","27.4M","27.3M","21.2M","27.2M","27.1M","27.1M","27M","27M","26.4M"],"okList":["66.7M","60.05M","58.199997M","52.35M","50.1M","49.05M","47.300003M","46.35M","45.1M","44.85M","43.7M","43.449997M","43.15M","42.449997M","42.050003M","41.4M","41.050003M","40.65M","39.9M","39.5M","38.45M","38.050003M","57.85M","37.7M","37.550003M","37.25M","36.7M","36.050003M","35.800003M","35.5M","35.4M","35.15M","35.0M","35.0M","34.800003M","34.7M","34.4M","34.25M","34.0M","33.9M","33.65M","33.35M","33.1M","32.9M","32.699997M","32.6M","32.55M","32.5M","32.4M","32.15M","32.05M","31.8M","31.7M","31.650002M","31.45M","31.2M","30.849998M","30.55M","30.3M","30.25M","30.150002M","30.150002M","30.0M","29.95M","29.7M","29.65M","29.45M","29.45M","29.4M","29.349998M","29.349998M","29.2M","29.15M","29.05M","29.0M","29.0M","28.9M","28.75M","28.599998M","28.35M","28.25M","28.1M","27.75M","27.65M","24.3M","27.25M","24.150002M","27.150002M","27.05M","27.05M","26.7M","26.4M"],"nokList":["38.7M","38.2M","37M","36.4M","36.2M","35.9M","33.8M","33.5M"]}