{"server":2829,"total":4060.6501,"average":43.662907,"cpValues":[],"cpList":["74.2M","63.6M","62.1M","60.8M","59.4M","58.1M","57.6M","56.7M","56.4M","56.3M","54.5M","54.4M","53.6M","53.6M","53.6M","53.6M","52.6M","52.5M","52M","52M","52M","51.3M","51.2M","50.3M","50.2M","50.1M","49.8M","49.2M","48.7M","48.2M","48.1M","48.1M","47.6M","46.8M","45.6M","45.3M","45M","44.8M","44.8M","44.6M","43.3M","43.1M","43M","42.9M","42.9M","42.9M","42.4M","42.1M","42M","42M","41.6M","41M","40.9M","40.9M","39.7M","39.5M","39.3M","39.2M","38.2M","38.1M","37.8M","37.6M","37.4M","37.3M","37.2M","A6.9M","36.7M","36.5M","36.5M","36.2M","A6.1M","A6.1M","A6M","35.9M","35.2M","35.1M","34.9M","34.6M","34.5M","34.3M","34.1M","34M","33.8M","33.7M","33.4M","33.4M","33.4M","33.2M","33.2M","33.2M","33.1M","33.1M","33M","32.9M","32.8M","32.6M","32.4M","32.4M","32.3M","32.2M"],"okList":["74.2M","68.149994M","62.199997M","60.75M","59.449997M","58.5M","57.4M","57.0M","56.5M","55.45M","55.35M","54.05M","54.0M","53.6M","53.6M","53.1M","53.05M","52.3M","52.25M","52.0M","51.65M","51.6M","50.8M","50.7M","50.199997M","50.0M","49.65M","49.25M","48.7M","48.4M","48.15M","47.85M","47.449997M","46.6M","46.05M","45.3M","45.05M","44.9M","44.699997M","44.05M","43.85M","43.15M","43.0M","42.95M","42.9M","42.65M","42.5M","42.2M","42.05M","41.8M","41.5M","41.25M","40.95M","40.300003M","40.2M","39.5M","39.35M","38.75M","38.65M","38.0M","37.85M","37.6M","37.449997M","37.300003M","36.95M","36.6M","36.35M","35.5M","35.050003M","34.85M","34.7M","34.449997M","34.3M","34.15M","33.949997M","33.85M","33.6M","33.550003M","33.4M","33.300003M","33.300003M","33.2M","33.15M","33.15M","33.05M","33.0M","32.9M","32.75M","32.6M","32.5M","32.35M","32.300003M","32.2M"],"nokList":["37.2M","36.7M","36.2M","A6.1M","A6.1M","A6M","35.9M"]}