{"time":1755524314763,"server":2841,"cpList":["86.7M","86.6M","86.6M","83.7M","82.2M","77.3M","76M","75.5M","746M","74M","73.9M","73.6M","73.3M","72M","72M","71.8M","71.6M","71.5M","71.4M","70.7M","70.3M","69.8M","69.2M","69M","69M","68.7M","67.4M","66.9M","66.8M","66.7M","66.7M","66.3M","66M","65.5M","64.8M","64.8M","642M","64M","63.9M","63.9M","63.7M","63.4M","62.8M","62.8M","62.4M","61.8M","61.8M","61.6M","61.5M","61.5M","61.5M","612M","61.1M","60.7M","60.7M","60.5M","60.5M","60.2M","60M","60M","59.7M","59.6M","59.3M","59.1M","59M","58.9M","58.7M","58.6M","58.5M","58.5M","58.2M","58.1M","57.8M","57.6M","57.1M","56.9M","56.7M","56.7M","56.4M","56.2M","56.1M","55.7M","55.6M","55.4M","55.2M","55.1M","55M","55M","54.6M","54.6M","54.4M","542M","54.1M","53.8M","53.3M","52.9M","52.6M","52.6M","52.5M","52.4M"],"okList":["86.7M","86.6M","86.6M","83.7M","0.8220000000000001M","0.00773M","7.6E-5M","7.5500000000000006E-6M","1.4599999999999998E-7M","7.400000000000001E-8M","7.39E-9M","7.36E-9M","7.329999999999999E-9M","7.2E-9M","7.2E-9M","7.18E-9M","7.159999999999999E-9M","7.15E-9M","7.14E-9M","7.070000000000001E-9M","7.03E-9M","6.9799999999999995E-9M","6.92E-9M","6.9E-9M","6.9E-9M","6.8700000000000005E-9M","6.74E-9M","6.69E-9M","6.68E-9M","6.670000000000001E-9M","6.670000000000001E-9M","6.63E-9M","6.6E-9M","6.550000000000001E-9M","6.48E-9M","6.48E-9M","6.419999999999999E-8M","6.4E-9M","6.39E-9M","6.39E-9M","6.37E-9M","6.34E-9M","6.28E-9M","6.28E-9M","6.24E-9M","6.18E-9M","6.18E-9M","6.159999999999999E-9M","6.1500000000000005E-9M","6.1500000000000005E-9M","6.1500000000000005E-9M","6.119999999999999E-8M","6.11E-9M","6.07E-9M","6.07E-9M","6.05E-9M","6.05E-9M","6.02E-9M","6.0E-9M","6.0E-9M","5.97E-9M","5.96E-9M","5.93E-9M","5.91E-9M","5.9E-9M","5.89E-9M","5.870000000000001E-9M","5.86E-9M","5.8499999999999994E-9M","5.8499999999999994E-9M","5.820000000000001E-9M","5.8099999999999996E-9M","5.7799999999999995E-9M","5.760000000000001E-9M","5.71E-9M","5.69E-9M","5.6700000000000005E-9M","5.6700000000000005E-9M","5.6399999999999995E-9M","5.620000000000001E-9M","5.61E-9M","5.57E-9M","5.560000000000001E-9M","5.54E-9M","5.520000000000001E-9M","5.51E-9M","5.500000000000001E-9M","5.500000000000001E-9M","5.4600000000000006E-9M","5.4600000000000006E-9M","5.44E-9M","5.4199999999999996E-8M","5.410000000000001E-9M","5.38E-9M","5.329999999999999E-9M","5.2900000000000006E-9M","5.2600000000000004E-9M","5.2600000000000004E-9M","5.250000000000001E-9M","5.24E-9M"],"nokList":[]}