{"time":1756117191876,"server":2842,"cpList":["127M","120M","M6M","M6M","M6M","1T0M","1T0M","108M","107M","105M","104M","104M","103M","103M","102M","101M","100M","100M","100M","98.7M","94.1M","93.4M","93.3M","93.2M","93.1M","92.7M","92.7M","91.8M","91.6M","91.3M","912M","91M","91M","90.5M","89.7M","89.2M","88.8M","88.6M","88.5M","87.8M","87.5M","87.4M","87.3M","86.9M","86.9M","86.6M","86.5M","86.1M","85.7M","85.5M","85.3M","85.2M","85.2M","85M","85M","84.6M","84.6M","84.4M","84.1M","83.9M","83.8M","83.1M","83.1M","83M","82.9M","82.7M","82.6M","82.6M","82.6M","82.2M","82.2M","81.9M","81.8M","81.8M","81.7M","81.4M","812M","81.1M","80.7M","80.4M","80.4M","80.3M","80.2M","80.1M","80M","80M","79.7M","79.1M","79M","78.9M","78.7M","78.3M","78.2M","78.2M","77.9M","77.9M","77.4M","77.4M","772M","76.9M"],"okList":["127.0M","120.0M","6.0M","6.0M","6.0M","17.0M","17.0M","10.8M","10.7M","10.5M","10.4M","10.4M","10.3M","10.3M","10.2M","10.1M","10.0M","10.0M","10.0M","9.870000000000001M","9.41M","9.34M","9.33M","9.32M","9.309999999999999M","9.27M","9.27M","9.18M","9.16M","9.129999999999999M","9.120000000000001M","9.1M","9.1M","9.05M","8.97M","8.92M","8.879999999999999M","8.86M","8.85M","8.78M","8.75M","8.74M","8.73M","8.690000000000001M","8.690000000000001M","8.66M","8.65M","8.61M","8.57M","8.55M","8.53M","8.52M","8.52M","8.5M","8.5M","8.459999999999999M","8.459999999999999M","8.440000000000001M","8.41M","8.39M","8.379999999999999M","8.309999999999999M","8.309999999999999M","8.3M","8.290000000000001M","8.27M","8.26M","8.26M","8.26M","8.22M","8.22M","8.190000000000001M","8.18M","8.18M","8.17M","8.14M","8.120000000000001M","8.11M","8.07M","8.040000000000001M","8.040000000000001M","8.03M","8.02M","8.01M","8.0M","8.0M","7.970000000000001M","7.909999999999999M","7.9M","7.890000000000001M","7.87M","7.83M","7.82M","7.82M","7.790000000000001M","7.790000000000001M","7.74M","7.74M","7.720000000000001M","7.69M"],"nokList":[]}