{"time":1755524341345,"server":2842,"cpList":["126M","779M","176M","115M","114M","109M","109M","108M","107M","106M","104M","103M","103M","102M","102M","101M","100M","100M","99.9M","98.5M","93.8M","93.1M","93.1M","93M","92.3M","92.2M","92.1M","91.7M","91.7M","91.5M","91.1M","90.8M","89.2M","89M","88.9M","88.5M","88.5M","88.5M","87.8M","87.8M","87.5M","87.2M","87.2M","86.9M","868M","86.5M","86.4M","85.7M","85.6M","85.3M","85.3M","85.2M","85M","84.9M","84.9M","843M","843M","84.1M","84M","83.9M","83.1M","83M","82.9M","82.8M","82.6M","82.5M","82.5M","82.2M","82.2M","81.9M","81.9M","81.8M","81.7M","81.6M","81.3M","81.2M","81M","80.5M","80.3M","80.1M","80.1M","80.1M","80M","79.8M","79.7M","79.6M","79.4M","79.2M","79.1M","78.9M","78.6M","78.3M","78.2M","77.9M","77.9M","77.9M","77.2M","77.1M","77.1M","76.8M"],"okList":["1.2600000000000001E-5M","1.7899999999999998E-6M","1.7600000000000004E-7M","1.15E-7M","1.1399999999999999E-7M","1.0900000000000001E-7M","1.0900000000000001E-7M","1.0800000000000001E-7M","1.0699999999999999E-7M","1.06E-7M","1.0400000000000002E-7M","1.0300000000000001E-7M","1.0300000000000001E-7M","1.0199999999999999E-7M","1.0199999999999999E-7M","1.0099999999999998E-7M","1.0000000000000001E-7M","1.0000000000000001E-7M","9.990000000000001E-8M","9.849999999999999E-9M","9.379999999999999E-9M","9.309999999999999E-9M","9.309999999999999E-9M","9.3E-9M","9.229999999999997E-9M","9.220000000000001E-9M","9.209999999999998E-9M","9.17E-9M","9.17E-9M","9.150000000000001E-9M","9.11E-9M","9.080000000000001E-9M","8.920000000000001E-9M","8.9E-9M","8.89E-9M","8.85E-9M","8.85E-9M","8.85E-9M","8.779999999999998E-9M","8.779999999999998E-9M","8.75E-9M","8.720000000000001E-9M","8.720000000000001E-9M","8.69E-9M","8.68E-8M","8.65E-9M","8.640000000000002E-9M","8.57E-9M","8.559999999999999E-9M","8.530000000000001E-9M","8.530000000000001E-9M","8.52E-9M","8.5E-9M","8.49E-9M","8.49E-9M","8.430000000000001E-8M","8.430000000000001E-8M","8.409999999999999E-9M","8.4E-9M","8.390000000000003E-9M","8.31E-9M","8.3E-9M","8.290000000000002E-9M","8.279999999999999E-9M","8.260000000000001E-9M","8.250000000000001E-9M","8.250000000000001E-9M","8.219999999999998E-9M","8.219999999999998E-9M","8.190000000000001E-9M","8.190000000000001E-9M","8.18E-9M","8.170000000000001E-9M","8.159999999999998E-9M","8.13E-9M","8.120000000000001E-9M","8.100000000000001E-9M","8.050000000000001E-9M","8.029999999999998E-9M","8.009999999999999E-9M","8.009999999999999E-9M","8.009999999999999E-9M","8.0E-9M","7.98E-9M","7.97E-9M","7.96E-9M","7.94E-9M","7.92E-9M","7.909999999999998E-9M","7.890000000000001E-9M","7.859999999999999E-9M","7.829999999999998E-9M","7.82E-9M","7.789999999999999E-9M","7.789999999999999E-9M","7.789999999999999E-9M","7.72E-9M","7.71E-9M","7.71E-9M","7.68E-9M"],"nokList":[]}