{"server":2842,"total":7517.2993,"average":77.49793,"cpValues":[],"cpList":["120M","116M","110M","103M","101M","101M","100M","100M","100M","29.8M","29.2M","28.1M","97.5M","97.2M","N6.7M","24.4M","23.5M","20.1M","89.1M","87.7M","87.6M","87.4M","86.5M","86.2M","86M","86M","85.9M","85.8M","85.5M","84.9M","84.9M","84.9M","84.8M","84.1M","83.4M","82.3M","82.2M","82.1M","82M","81.8M","81.8M","80.8M","80.7M","80.5M","80.1M","80.1M","79.2M","79M","79M","78.7M","78.2M","78.2M","77.9M","77.M","77.6M","77.1M","76.6M","76.4M","76.2M","75.8M","75.6M","75.6M","75.3M","75.2M","75M","74.9M","74.9M","74.3M","74.2M","74.1M","73.9M","73.8M","73.6M","73.2M","73.2M","73.1M","72.8M","72.6M","72.5M","72M","71.8M","71.6M","71.5M","71.5M","71.3M","71M","70.9M","70.8M","70.7M","70.5M","70.5M","70.5M","70.4M","70.3M","70.3M","70.2M","70.1M","70.1M","70M","70M"],"okList":["120.0M","115.0M","109.5M","105.5M","102.0M","100.5M","100.5M","100.0M","64.9M","64.6M","28.95M","63.35M","62.649998M","22.25M","56.3M","53.899998M","88.35M","87.55M","87.05M","86.8M","86.25M","86.1M","85.95M","85.9M","85.7M","85.350006M","85.2M","84.9M","84.850006M","84.5M","84.100006M","83.2M","82.8M","82.2M","82.1M","81.95M","81.9M","81.3M","81.25M","80.65M","80.399994M","80.3M","79.649994M","79.55M","79.1M","78.85M","78.6M","78.45M","78.05M","77.6M","77.75M","77.05M","77.1M","76.75M","76.399994M","76.100006M","75.899994M","75.7M","75.45M","75.399994M","75.15M","75.05M","74.95M","74.600006M","74.55M","74.2M","74.05M","73.95M","73.75M","73.5M","73.399994M","73.149994M","73.0M","72.85M","72.65M","72.3M","72.15M","71.8M","71.65M","71.55M","71.4M","71.25M","71.100006M","70.9M","70.8M","70.65M","70.6M","70.5M","70.45M","70.4M","70.350006M","70.25M","70.2M","70.149994M","70.05M","70.05M","70.0M"],"nokList":["97.2M","N6.7M","24.4M"]}