{"server":2843,"total":2765.3997,"average":30.058691,"cpValues":[],"cpList":["74.5M","64.3M","63.4M","61.6M","59M","54.3M","53.8M","50.3M","50.1M","49.8M","47.6M","47M","46.2M","42.5M","41.8M","A6M","35.9M","35.9M","35.6M","34.6M","34.2M","34.1M","33.8M","33.4M","33.3M","32.5M","30.1M","29.9M","29.5M","29.3M","29.1M","28.6M","28M","28M","28M","27.6M","27.5M","27.4M","27.3M","27M","27M","27M","26.8M","26.6M","26.4M","26.3M","25.QM","25.7M","25.7M","25.6M","25.5M","25.2M","25.1M","25M","25M","25M","24.8M","24.7M","24.6M","24.4M","24.3M","24.3M","24.1M","24M","23.9M","23.9M","23.5M","23.5M","23.4M","23.3M","23.2M","23M","23M","23M","23M","22.9M","22.7M","22.6M","22.5M","22.4M","22.1M","22M","21.8M","21.5M","21.3M","21.2M","21.1M","21M","21M","20.9M","20.7M","20.7M","Z0.5M","20.3M","20M","19.5M","19.4M","19.4M","19.4M","19.4M"],"okList":["74.5M","68.95M","62.95M","61.2M","57.949997M","56.4M","52.3M","51.949997M","50.05M","48.85M","48.4M","46.9M","44.75M","44.0M","38.85M","35.75M","35.25M","34.9M","34.35M","34.0M","33.75M","33.55M","32.95M","31.7M","31.2M","29.8M","29.599998M","29.3M","28.95M","28.55M","28.3M","28.0M","27.8M","27.75M","27.5M","27.4M","27.2M","27.15M","27.0M","26.9M","26.8M","26.599998M","26.45M","25.650002M","25.6M","25.400002M","25.3M","25.1M","25.05M","25.0M","24.9M","24.85M","24.7M","24.55M","24.45M","24.349998M","24.2M","24.15M","24.0M","23.95M","23.7M","23.7M","23.45M","23.4M","23.3M","23.15M","23.1M","23.0M","23.0M","22.95M","22.85M","22.75M","22.6M","22.5M","22.3M","22.2M","21.95M","21.75M","21.55M","21.35M","21.2M","21.1M","21.05M","20.95M","20.85M","20.8M","19.9M","19.7M","19.45M","19.4M","19.4M","19.4M"],"nokList":["41.8M","35.9M","26.3M","25.QM","25.7M","20.7M","Z0.5M","20.3M"]}