{"server":2844,"total":3704.8,"average":39.412766,"cpValues":[],"cpList":["59.1M","56.9M","55.3M","53.8M","52.3M","51.9M","51.6M","50.7M","50.5M","50.3M","49M","48.2M","47.8M","47.1M","46.8M","46.8M","46.5M","46.1M","46.1M","45.6M","45M","45M","44.6M","44.6M","44.5M","44.4M","44.2M","44.1M","44.1M","44M","42.8M","42.6M","42.2M","42.2M","41.5M","41.1M","40.8M","39.6M","39.4M","39.3M","39M","39M","38.7M","78M","37.5M","37.3M","37.1M","36.8M","36.8M","36.8M","36.7M","36.7M","A6.6M","36.5M","A6.1M","A6M","35.8M","35.7M","35.7M","35.5M","35.4M","35.2M","35.2M","35.2M","34.5M","34.3M","34.2M","34M","33.9M","33.8M","33M","32.8M","32.8M","32.6M","32.3M","32.1M","31.9M","31.8M","31.8M","31.7M","31.7M","31.6M","31.6M","31.3M","31.2M","31.1M","31M","30.8M","30.4M","30.4M","30.4M","30.4M","30.2M","30.2M","30.1M","29.9M","29.3M","29.1M","29M","2A.9M"],"okList":["59.1M","57.199997M","55.35M","53.8M","52.85M","51.949997M","51.300003M","51.05M","50.5M","49.75M","49.25M","48.4M","47.65M","47.3M","46.949997M","46.65M","46.449997M","46.3M","45.85M","45.55M","45.3M","44.8M","44.8M","44.55M","44.5M","44.35M","44.25M","44.15M","44.05M","43.449997M","43.3M","42.5M","42.4M","41.85M","41.65M","41.15M","40.35M","40.1M","39.449997M","39.2M","39.15M","38.85M","58.5M","38.1M","57.65M","37.3M","37.05M","36.949997M","36.8M","36.75M","36.75M","36.6M","35.75M","35.6M","35.550003M","35.35M","35.300003M","35.2M","34.85M","34.75M","34.35M","34.15M","34.050003M","33.9M","33.45M","33.3M","32.9M","32.699997M","32.55M","32.35M","32.1M","31.949999M","31.849998M","31.75M","31.75M","31.650002M","31.650002M","31.45M","31.400002M","31.2M","31.1M","30.95M","30.7M","30.599998M","30.4M","30.4M","30.3M","30.3M","30.150002M","30.05M","29.7M","29.5M","29.15M","28.9M"],"nokList":["36.7M","36.5M","A6.1M","A6M","35.8M","29M"]}