{"time":1755510507872,"server":285,"cpList":["114M","770M","106M","102M","98.2M","97.5M","95M","92.9M","90.3M","89.2M","87.8M","86.2M","85.5M","842M","84M","81.6M","79.8M","79.4M","78.1M","77M","74.7M","746M","746M","73.9M","73.2M","72.9M","72.4M","71.3M","77M","77M","70.9M","70.9M","70.7M","70.7M","68.4M","68.3M","68M","67.9M","67.7M","67.5M","67.5M","67.3M","67.1M","67M","66.7M","66.7M","66.6M","64.7M","646M","64.5M","642M","64.1M","64M","63.9M","63.1M","63M","62.6M","62.1M","61.7M","61.7M","61.4M","61M","60.8M","60.7M","60.2M","59.1M","59M","58.9M","58.5M","58M","57.9M","57.9M","57.9M","57.8M","57.6M","57.5M","57.3M","57M","56.9M","56.7M","56.4M","56.3M","55.7M","55.4M","54.8M","54.5M","54.4M","54.4M","53.8M","53.7M","53.4M","53M","53M","52.8M","52.8M","52.6M","52.2M","51.9M","51.9M","51.8M"],"okList":["1.14E-5M","1.7E-6M","1.06E-7M","1.0199999999999999E-7M","9.82E-8M","9.75E-9M","9.499999999999999E-9M","9.289999999999999E-9M","9.03E-9M","8.920000000000001E-9M","8.779999999999998E-9M","8.62E-9M","8.55E-9M","8.419999999999999E-8M","8.4E-9M","8.159999999999998E-9M","7.98E-9M","7.94E-9M","7.809999999999998E-9M","7.700000000000001E-9M","7.47E-9M","1.46E-8M","1.46E-8M","7.39E-9M","7.32E-9M","7.290000000000001E-9M","7.240000000000001E-9M","7.13E-9M","7.700000000000001E-9M","7.700000000000001E-9M","7.09E-9M","7.09E-9M","7.070000000000001E-9M","7.070000000000001E-9M","6.840000000000001E-9M","6.83E-9M","6.8E-9M","6.790000000000001E-9M","6.77E-9M","6.750000000000001E-9M","6.750000000000001E-9M","6.73E-9M","6.709999999999999E-9M","6.7000000000000004E-9M","6.670000000000001E-9M","6.670000000000001E-9M","6.66E-9M","6.47E-9M","6.460000000000001E-8M","6.45E-9M","6.419999999999999E-8M","6.409999999999999E-9M","6.4E-9M","6.39E-9M","6.31E-9M","6.3E-9M","6.26E-9M","6.210000000000001E-9M","6.17E-9M","6.17E-9M","6.14E-9M","6.099999999999998E-9M","6.08E-9M","6.07E-9M","6.02E-9M","5.91E-9M","5.9E-9M","5.89E-9M","5.8499999999999994E-9M","5.8E-9M","5.79E-9M","5.79E-9M","5.79E-9M","5.7799999999999995E-9M","5.760000000000001E-9M","5.75E-9M","5.73E-9M","5.7E-9M","5.69E-9M","5.6700000000000005E-9M","5.6399999999999995E-9M","5.63E-9M","5.57E-9M","5.54E-9M","5.48E-9M","5.45E-9M","5.44E-9M","5.44E-9M","5.38E-9M","5.37E-9M","5.34E-9M","5.3E-9M","5.3E-9M","5.280000000000001E-9M","5.280000000000001E-9M","5.2600000000000004E-9M","5.22E-9M","5.1900000000000005E-9M","5.1900000000000005E-9M","5.180000000000001E-9M"],"nokList":[]}