{"server":285,"total":5769.551,"average":64.10612,"cpValues":[],"cpList":["110M","104M","103M","29.1M","N6.5M","24.9M","22.3M","88.9M","87.7M","87M","86.1M","85M","83.4M","81.6M","80.7M","80.1M","77M","75.4M","74.7M","74.6M","73.9M","73.4M","72.9M","72.6M","72.3M","70.7M","70.7M","70.3M","70.3M","69.4M","69.2M","6A.6M","68.1M","6AM","67.9M","67.9M","67.3M","67M","66.7M","66.7M","66.1M","65.7M","65.4M","65.3M","65.1M","64.1M","63.8M","63.6M","63.4M","63.2M","62.9M","62M","62M","61.2M","61.1M","60.2M","60M","59.4M","59.1M","59M","59M","58.7M","58.6M","58.5M","58.5M","57.QM","57.QM","57.8M","57M","56.9M","56.6M","56.3M","56.3M","55.9M","55.9M","55.8M","55.6M","55.4M","55.4M","54.8M","54.5M","54.3M","54.1M","53.8M","53.4M","53.3M","53M","53M","53M","52.5M","52.2M","52.2M","52.1M","52.1M","51.9M","51.8M","51.4M","51.4M","51.4M","51.1M"],"okList":["110.0M","106.5M","66.55M","56.9M","55.0M","87.95M","86.899994M","86.0M","84.75M","83.3M","82.05M","80.85M","78.85M","77.75M","75.85M","75.0M","74.3M","74.0M","73.4M","73.0M","72.600006M","71.649994M","71.5M","70.5M","70.5M","69.850006M","69.75M","68.649994M","68.0M","67.600006M","67.45M","67.0M","66.85M","66.399994M","66.2M","65.75M","65.5M","65.25M","64.7M","64.45M","63.85M","63.6M","63.4M","63.15M","62.6M","62.45M","61.6M","61.55M","60.7M","60.55M","59.800003M","59.55M","59.2M","59.05M","58.85M","58.8M","58.6M","58.55M","57.35M","56.8M","56.6M","56.449997M","56.1M","56.1M","55.85M","55.75M","55.6M","55.5M","55.1M","54.95M","54.55M","54.3M","54.05M","53.75M","53.55M","53.2M","53.15M","53.0M","52.75M","52.6M","52.35M","52.15M","52.15M","52.0M","51.949997M","51.65M","51.6M","51.4M","51.25M","51.1M"],"nokList":["29.1M","N6.5M","24.9M","69.2M","68.1M","67.9M","58.5M","57.QM","57.QM","57.8M"]}