{"server":2863,"total":3165.8496,"average":32.637627,"cpValues":[],"cpList":["55.1M","54.9M","53.3M","52.5M","49.3M","48.4M","47.5M","47.5M","47.1M","45M","44.8M","43.2M","41.1M","40.5M","40.4M","40.4M","38.7M","37.8M","37.6M","37.6M","37M","36.8M","36.4M","36.4M","35.2M","35.2M","35.2M","34.8M","34.8M","34.7M","34.6M","34.6M","34.4M","34.2M","33.9M","33.4M","33.3M","33.3M","33.3M","33M","32.5M","32.5M","32.5M","31.9M","31.7M","31.4M","31.2M","30.9M","30.8M","29.9M","29.9M","29.8M","29.6M","29.4M","29.3M","29.3M","28.8M","29.7M","28.6M","28.3M","28.2M","28.2M","27.7M","27.7M","27.6M","27.5M","27.3M","27.3M","27.2M","26.7M","26.7M","26.6M","26.6M","26.6M","26.5M","26.1M","26.1M","26M","26M","25.QM","25.8M","25.6M","25.4M","25.3M","25.3M","25.2M","25.2M","25.2M","25.2M","25.1M","24.9M","24.8M","24.8M","24.7M","24.7M","24.6M","24.6M","24.6M","24.4M","24.3M"],"okList":["55.1M","54.199997M","53.7M","51.3M","50.45M","48.4M","47.95M","47.3M","46.25M","45.949997M","44.1M","42.949997M","41.85M","40.75M","40.45M","39.550003M","39.1M","38.15M","37.699997M","37.3M","37.199997M","36.7M","36.6M","35.800003M","35.800003M","35.2M","35.0M","35.0M","34.75M","34.699997M","34.65M","34.5M","34.4M","34.15M","33.800003M","33.6M","33.35M","33.3M","33.15M","32.9M","32.75M","32.5M","32.2M","32.1M","31.65M","31.45M","31.15M","31.0M","30.4M","30.349998M","29.849998M","29.75M","29.599998M","29.45M","29.349998M","29.05M","29.5M","28.7M","29.0M","28.400002M","28.25M","27.95M","27.95M","27.650002M","27.6M","27.45M","27.4M","27.25M","27.0M","26.95M","26.650002M","26.650002M","26.6M","26.55M","26.35M","26.3M","26.05M","26.05M","25.599998M","25.45M","25.349998M","25.25M","25.25M","25.2M","25.2M","25.150002M","25.05M","24.95M","24.849998M","24.75M","24.75M","24.650002M","24.650002M","24.6M","24.5M","24.45M","24.3M"],"nokList":["26M","25.QM","25.8M"]}