{"time":1755524526625,"server":2876,"cpList":["77M","65.5M","60.2M","58.2M","57M","543M","54.1M","53.2M","53.1M","52.1M","51.8M","57M","50.6M","48.7M","48.1M","47.5M","47.5M","47.2M","46.9M","461M","46M","46M","45.5M","45.4M","45.3M","45.1M","45M","45M","44M","43.3M","43.1M","426M","42.5M","40.8M","40.1M","39.7M","38.7M","38.4M","38.3M","37.9M","37.8M","37.2M","37.1M","37.1M","37.1M","36.8M","36.8M","36.5M","36.4M","36.3M","36.1M","35.8M","35.5M","35.1M","34.9M","34.5M","342M","33.8M","33.4M","33.4M","33.3M","33.1M","33.1M","32.6M","32.5M","32.2M","32M","32M","31.3M","31.2M","31M","30.9M","30.7M","30.7M","30.4M","29.9M","29.5M","29.5M","29.5M","29.1M","29.1M","28.9M","28.5M","28.5M","28.5M","28.5M","28.2M","28.1M","27.8M","27.7M","27.6M","27.5M","27.5M","27.3M","27.3M","27.2M","27.2M","27.1M","27M","26.8M"],"okList":["77.0M","65.5M","60.2M","58.2M","57.0M","54.3M","54.1M","0.532M","0.0053100000000000005M","5.21E-5M","5.180000000000001E-7M","5.6999999999999994E-8M","5.06E-9M","4.870000000000001E-9M","4.8100000000000006E-9M","4.7499999999999995E-9M","4.7499999999999995E-9M","4.72E-9M","4.689999999999999E-9M","4.610000000000001E-8M","4.6E-9M","4.6E-9M","4.55E-9M","4.5400000000000005E-9M","4.529999999999999E-9M","4.51E-9M","4.500000000000001E-9M","4.500000000000001E-9M","4.4000000000000005E-9M","4.33E-9M","4.31E-9M","4.26E-8M","4.25E-9M","4.079999999999999E-9M","4.010000000000001E-9M","3.97E-9M","3.87E-9M","3.84E-9M","3.829999999999999E-9M","3.7899999999999995E-9M","3.78E-9M","3.7200000000000012E-9M","3.7100000000000002E-9M","3.7100000000000002E-9M","3.7100000000000002E-9M","3.68E-9M","3.68E-9M","3.65E-9M","3.64E-9M","3.63E-9M","3.6099999999999997E-9M","3.5799999999999996E-9M","3.5499999999999995E-9M","3.5100000000000005E-9M","3.4899999999999997E-9M","3.45E-9M","3.42E-8M","3.3799999999999995E-9M","3.34E-9M","3.34E-9M","3.33E-9M","3.31E-9M","3.31E-9M","3.2600000000000007E-9M","3.2500000000000006E-9M","3.2200000000000005E-9M","3.2E-9M","3.2E-9M","3.13E-9M","3.12E-9M","3.1E-9M","3.09E-9M","3.07E-9M","3.07E-9M","3.04E-9M","2.9900000000000002E-9M","2.95E-9M","2.95E-9M","2.95E-9M","2.9100000000000005E-9M","2.9100000000000005E-9M","2.8899999999999997E-9M","2.85E-9M","2.85E-9M","2.85E-9M","2.85E-9M","2.8199999999999998E-9M","2.8100000000000004E-9M","2.7800000000000003E-9M","2.77E-9M","2.7600000000000004E-9M","2.7500000000000006E-9M","2.7500000000000006E-9M","2.7300000000000003E-9M","2.7300000000000003E-9M","2.72E-9M","2.72E-9M","2.7100000000000004E-9M","2.7E-9M","2.6800000000000003E-9M"],"nokList":[]}