{"server":2877,"total":3772.9995,"average":39.715786,"cpValues":[],"cpList":["71.7M","5AM","56.1M","55.9M","52.4M","52.2M","50.5M","48.8M","48.3M","47.6M","47.3M","47.2M","47.2M","46.6M","46.6M","46.4M","45.6M","45.5M","45M","44.8M","44.7M","44.6M","44.3M","43.7M","43.6M","43.5M","43.5M","43.5M","43.4M","43.4M","43.4M","43.3M","43.3M","43.2M","42.7M","42.4M","42.2M","42.1M","41.9M","41.8M","41.7M","41.5M","40.8M","40.4M","40.4M","40.2M","39.6M","39M","38.8M","AA.6M","38.1M","78M","78M","78M","37.5M","37.4M","A6.6M","36.4M","36.4M","35.8M","35.4M","35.3M","35.2M","35.1M","34.8M","34.7M","34.3M","33.5M","32.9M","32.7M","32.5M","32.2M","31.7M","31.7M","31.5M","30.7M","30.6M","30.3M","30.3M","30M","30M","29.5M","29.3M","29M","29.7M","28.5M","28.1M","28M","27.9M","27.9M","27.8M","27.4M","27.3M","26.9M","26.9M","26.9M","26.8M","26.7M","26.5M","26.1M"],"okList":["71.7M","63.899998M","54.25M","54.050003M","51.45M","50.5M","49.4M","48.199997M","47.8M","47.4M","47.25M","46.9M","46.9M","46.5M","46.1M","45.95M","45.3M","45.15M","44.85M","44.699997M","44.5M","44.15M","43.949997M","43.6M","43.55M","43.5M","43.45M","43.45M","43.4M","43.35M","43.35M","43.25M","43.0M","42.800003M","42.45M","42.25M","42.050003M","41.949997M","41.800003M","41.65M","41.25M","40.95M","40.6M","40.300003M","40.0M","39.6M","39.199997M","38.449997M","78.0M","78.0M","57.75M","57.7M","36.9M","36.1M","35.9M","35.55M","35.300003M","35.199997M","35.0M","34.9M","34.55M","34.1M","33.6M","33.1M","32.7M","32.45M","32.1M","31.95M","31.6M","31.2M","31.05M","30.5M","30.45M","30.15M","30.15M","29.75M","29.65M","29.25M","29.5M","28.75M","28.900002M","28.25M","28.0M","27.95M","27.849998M","27.65M","27.55M","27.15M","27.099998M","26.9M","26.849998M","26.8M","26.65M","26.400002M","26.1M"],"nokList":["56.1M","38.8M","38.1M","37.4M","36.4M"]}