{"server":2878,"total":2884.7505,"average":31.700554,"cpValues":[],"cpList":["61.2M","59.1M","59M","58.9M","58.9M","57.8M","57.7M","55.6M","53.9M","51.3M","51.3M","49.8M","47.M","45.9M","45M","44.2M","43.8M","43.1M","42.8M","42.4M","42.3M","41.4M","40.4M","AA.6M","37.7M","36.7M","36.4M","A6.1M","35.9M","34.6M","33.7M","A3.6M","33.3M","32.7M","32.5M","32.2M","31.9M","31.7M","31M","30.8M","30.7M","29.9M","29.8M","29.1M","28.2M","28.2M","28M","27.9M","27.8M","27.7M","27.5M","27.4M","27.3M","27.1M","27.1M","26.3M","26.2M","25.8M","25.2M","24.2M","23.9M","23.8M","23.8M","23.7M","23.4M","23.3M","22.6M","22.2M","22M","21.9M","21.9M","21.8M","21.7M","21.3M","21.2M","20.5M","20.3M","20.3M","19.9M","19.9M","19.7M","19.7M","19.6M","19.4M","19.2M","19.2M","19.1M","19M","81.8M","18.3M","18.2M","18.1M","17.9M","17.6M","17.5M","1].3M","17.1M","16.9M","16.8M","16.8M"],"okList":["61.2M","60.1M","59.0M","58.95M","58.35M","58.300003M","56.699997M","55.800003M","53.449997M","52.6M","50.55M","49.15M","47.85M","46.0M","45.050003M","44.4M","43.65M","43.3M","42.75M","42.55M","41.9M","41.35M","39.050003M","37.050003M","36.15M","34.800003M","33.5M","32.9M","32.45M","32.2M","31.95M","31.45M","31.25M","30.85M","30.349998M","30.25M","29.5M","29.0M","28.650002M","28.1M","28.05M","27.9M","27.8M","27.65M","27.55M","27.4M","27.25M","27.2M","26.7M","26.650002M","26.05M","25.7M","25.0M","24.55M","24.0M","23.849998M","23.75M","23.599998M","23.5M","23.0M","22.75M","22.3M","22.05M","21.95M","21.849998M","21.8M","21.55M","21.45M","20.9M","20.75M","20.4M","20.099998M","20.099998M","19.8M","19.8M","19.650002M","19.55M","19.400002M","19.3M","19.150002M","19.1M","50.45M","18.65M","50.0M","18.2M","18.05M","17.85M","17.7M","16.95M","16.849998M","16.8M"],"nokList":["40.4M","37.7M","36.4M","35.9M","33.7M","33.3M","17.5M","1].3M","17.1M"]}