{"server":2879,"total":3073.0752,"average":31.35791,"cpValues":[],"cpList":["57.1M","50.9M","50.3M","47.8M","47.3M","46.9M","45.7M","45.3M","44.6M","42.6M","42.6M","42.2M","42.2M","41.9M","41.4M","41.2M","41M","40.8M","40M","39.2M","38.2M","37.5M","37.2M","A6.9M","36.5M","35.7M","34.8M","34.6M","34.2M","34M","33.3M","33.1M","33.1M","32.9M","32.2M","32M","32M","31.8M","31.6M","31.1M","30.9M","30.5M","30.2M","30M","29.9M","29.8M","29.7M","29.4M","29.1M","28.9M","29.7M","29.7M","28.2M","28M","27.9M","27.9M","27.7M","27.3M","27.3M","27.1M","26.8M","26.8M","26.7M","26.7M","26.6M","26.5M","26.3M","26.1M","25.8M","25.8M","25.6M","25.6M","25.5M","25.5M","25.4M","25.4M","25.3M","25.3M","25.2M","25M","24.8M","24.7M","24.4M","24.3M","24.1M","24M","23.9M","23.9M","23.9M","23.9M","23.8M","23.8M","23.6M","23.4M","22.8M","22.7M","22.7M","22.7M","22.55M","22.4M"],"okList":["57.1M","53.699997M","49.35M","48.8M","47.35M","46.5M","46.1M","45.15M","43.949997M","43.6M","42.4M","42.4M","42.050003M","41.800003M","41.550003M","41.2M","41.0M","40.5M","40.0M","39.1M","38.35M","37.7M","36.85M","35.65M","35.15M","34.5M","34.3M","33.75M","33.55M","33.199997M","33.0M","32.65M","32.45M","32.1M","31.9M","31.8M","31.45M","31.25M","30.8M","30.55M","30.25M","30.05M","29.9M","29.8M","29.599998M","29.400002M","29.15M","29.400002M","29.7M","28.95M","28.85M","28.05M","27.95M","27.8M","27.599998M","27.5M","27.2M","27.05M","26.95M","26.75M","26.75M","26.650002M","26.6M","26.45M","26.3M","26.05M","25.95M","25.7M","25.7M","25.55M","25.55M","25.45M","25.45M","25.349998M","25.349998M","25.25M","25.15M","25.0M","24.85M","24.599998M","24.5M","24.25M","24.15M","24.0M","23.95M","23.9M","23.9M","23.849998M","23.849998M","23.7M","23.599998M","23.2M","23.05M","22.75M","22.7M","22.625M","22.55M","22.4M"],"nokList":["37.2M","36.5M"]}