{"time":1755524606150,"server":2896,"cpList":["67.1M","62.8M","61.1M","59.1M","56.9M","56.2M","51.6M","57M","50.5M","49.5M","48.8M","47.1M","46.3M","461M","45.2M","43.8M","43.8M","43.3M","42.1M","41.6M","40.2M","40.1M","38.6M","38.5M","38.1M","38M","37.5M","37.3M","37M","36.7M","35.3M","34.9M","346M","34.1M","33.8M","33.4M","33.1M","32.7M","32.7M","32M","31.6M","30.9M","30.9M","30.2M","30M","29.8M","29.7M","29.5M","29.4M","28.6M","28.5M","28.3M","28.2M","27.6M","27.5M","26.4M","26.4M","261M","261M","25.9M","25.7M","25.6M","25.2M","24.7M","24.5M","242M","23.9M","23.3M","22.9M","22.5M","22.3M","22.2M","22.2M","21.8M","21.8M","21.7M","21.5M","21.4M","21.2M","21M","20.9M","20.7M","20.5M","20.5M","20.4M","20.4M","20.3M","19.9M","19.9M","19.7M","19.5M","19.4M","19.3M","19M","18.9M","18.8M","18.7M","18.6M","18.5M","18.2M"],"okList":["67.1M","62.8M","61.1M","0.591M","0.00569M","5.620000000000001E-5M","5.160000000000001E-7M","5.6999999999999994E-8M","5.0500000000000006E-9M","4.949999999999999E-9M","4.8800000000000005E-9M","4.7100000000000005E-9M","4.629999999999999E-9M","4.610000000000001E-8M","4.519999999999999E-9M","4.379999999999999E-9M","4.379999999999999E-9M","4.33E-9M","4.21E-9M","4.1600000000000005E-9M","4.020000000000001E-9M","4.010000000000001E-9M","3.86E-9M","3.8500000000000006E-9M","3.81E-9M","3.8E-9M","3.75E-9M","3.729999999999999E-9M","3.7000000000000005E-9M","3.6700000000000004E-9M","3.53E-9M","3.4899999999999997E-9M","3.46E-8M","3.41E-9M","3.3799999999999995E-9M","3.34E-9M","3.31E-9M","3.27E-9M","3.27E-9M","3.2E-9M","3.1600000000000003E-9M","3.09E-9M","3.09E-9M","3.0200000000000003E-9M","3.0E-9M","2.98E-9M","2.9700000000000003E-9M","2.95E-9M","2.94E-9M","2.86E-9M","2.85E-9M","2.8300000000000004E-9M","2.8199999999999998E-9M","2.7600000000000004E-9M","2.7500000000000006E-9M","2.6400000000000004E-9M","2.6400000000000004E-9M","2.61E-8M","2.61E-8M","2.5900000000000004E-9M","2.5700000000000004E-9M","2.5600000000000003E-9M","2.5200000000000004E-9M","2.4700000000000004E-9M","2.45E-9M","2.42E-8M","2.3899999999999994E-9M","2.33E-9M","2.29E-9M","2.2500000000000003E-9M","2.2300000000000004E-9M","2.22E-9M","2.22E-9M","2.1800000000000003E-9M","2.1800000000000003E-9M","2.17E-9M","2.1500000000000002E-9M","2.1399999999999996E-9M","2.12E-9M","2.1E-9M","2.09E-9M","2.0699999999999997E-9M","2.0499999999999997E-9M","2.0499999999999997E-9M","2.0399999999999996E-9M","2.0399999999999996E-9M","2.0300000000000002E-9M","1.99E-9M","1.99E-9M","1.97E-9M","1.9499999999999997E-9M","1.9399999999999995E-9M","1.93E-9M","1.9E-9M","1.89E-9M","1.8799999999999997E-9M","1.87E-9M","1.8600000000000006E-9M","1.8500000000000002E-9M","1.82E-9M"],"nokList":[]}