{"server":2897,"total":3028.4006,"average":32.21703,"cpValues":[],"cpList":["69M","58.8M","53.7M","51.6M","50.8M","49.3M","48.8M","48M","44.7M","42.8M","40.8M","40.3M","39.6M","39.5M","37.4M","37.2M","37.1M","36.8M","36.5M","36.5M","36.2M","A6.1M","35.6M","35.4M","35.3M","34.9M","34.5M","34.4M","34.3M","33.7M","A3.6M","A3.6M","33.5M","33.2M","33M","33M","32.7M","32.6M","32.5M","32.2M","31.7M","31.6M","31.5M","31.1M","31.1M","31.1M","30.5M","30.5M","30.3M","30.2M","30M","29.9M","29.7M","29.7M","29.7M","29.4M","29.3M","29.3M","29M","28.9M","28.2M","28M","28M","28M","27.9M","27.8M","27.8M","27.7M","27.6M","27.5M","27.5M","27.3M","27.2M","27M","26.9M","26.9M","26.6M","26.4M","26.4M","26.2M","26.2M","26M","26M","25.6M","25.5M","25.4M","25.3M","25.1M","25.1M","25M","24.9M","24.7M","24.7M","24.5M","24.4M","24.4M","24.3M","24.2M","24M","23.8M"],"okList":["69.0M","61.35M","55.199997M","52.25M","50.449997M","49.8M","48.65M","46.75M","45.4M","42.75M","41.55M","40.199997M","39.9M","38.5M","38.35M","37.25M","37.0M","36.8M","36.65M","36.35M","35.9M","35.449997M","35.15M","34.9M","34.65M","34.4M","34.050003M","33.25M","33.1M","32.85M","32.8M","32.6M","32.4M","32.1M","31.900002M","31.6M","31.35M","31.3M","31.1M","30.8M","30.8M","30.4M","30.35M","30.15M","30.05M","29.85M","29.8M","29.7M","29.55M","29.5M","29.349998M","29.15M","29.099998M","28.6M","28.45M","28.1M","28.0M","27.95M","27.9M","27.849998M","27.75M","27.7M","27.6M","27.55M","27.4M","27.35M","27.15M","27.05M","26.95M","26.75M","26.65M","26.5M","26.3M","26.3M","26.1M","26.1M","25.8M","25.75M","25.5M","25.4M","25.25M","25.2M","25.05M","25.0M","24.85M","24.8M","24.6M","24.55M","24.45M","24.349998M","24.3M","24.15M","24.0M","23.8M"],"nokList":["36.2M","35.6M","33.7M","A3.6M","A3.6M","33.5M"]}