{"time":1755524685494,"server":2913,"cpList":["746M","74.5M","72.5M","71.6M","68.7M","67.1M","65M","64.5M","63.7M","60.4M","59.8M","59.4M","59.4M","58.3M","58.2M","56.8M","55.2M","542M","53.7M","53.5M","53.4M","53M","52.6M","52.3M","51.3M","50.8M","49.2M","49M","48.8M","48.2M","48.2M","47.4M","46.5M","46.4M","45.7M","45.5M","45.2M","45.1M","44.7M","446M","44M","43.4M","43.3M","43.1M","42.5M","41.7M","41.6M","41.3M","40.5M","40.3M","40.2M","39.6M","38.5M","38.3M","37.9M","37.5M","37.1M","36.9M","36.7M","36.2M","35.9M","35.6M","34.9M","34.8M","342M","342M","34M","33.6M","33.4M","33.2M","33M","31.8M","31.5M","31M","31M","30.6M","30.1M","30M","29.9M","29.7M","29.7M","29.4M","29.4M","29.2M","29.1M","28.7M","28.7M","28.7M","28.7M","28.6M","28.5M","28.3M","28.3M","27.9M","27.6M","23.5M","27.4M","27.3M","27.3M","27M"],"okList":["146.0M","74.5M","72.5M","71.6M","68.7M","67.1M","65.0M","64.5M","63.7M","60.4M","59.8M","59.4M","59.4M","58.3M","58.2M","56.8M","55.2M","54.2M","53.7M","53.5M","53.4M","53.0M","52.6M","52.3M","51.3M","50.8M","49.2M","49.0M","48.8M","48.2M","48.2M","47.4M","46.5M","46.4M","45.7M","45.5M","45.2M","45.1M","44.7M","44.6M","44.0M","43.4M","43.3M","43.1M","42.5M","41.7M","41.6M","41.3M","40.5M","40.3M","40.2M","39.6M","38.5M","38.3M","37.9M","37.5M","37.1M","36.9M","36.7M","36.2M","35.9M","35.6M","34.9M","34.8M","34.2M","34.2M","34.0M","33.6M","33.4M","33.2M","33.0M","31.8M","31.5M","31.0M","31.0M","30.6M","30.1M","30.0M","29.9M","29.7M","29.7M","29.4M","29.4M","29.2M","29.1M","28.7M","28.7M","28.7M","28.7M","28.6M","28.5M","28.3M","0.28300000000000003M","0.0027899999999999995M","2.7600000000000003E-5M","2.3499999999999995E-7M","2.74E-8M","2.7300000000000003E-9M","2.7300000000000003E-9M","2.7E-9M"],"nokList":[]}