{"server":2914,"total":3116.5508,"average":32.805798,"cpValues":[],"cpList":["62.2M","59.3M","59.1M","57.8M","53.2M","50.4M","47.5M","46.6M","44.6M","44.1M","43.8M","41M","40.3M","39.8M","39.6M","39M","38.2M","38.1M","38.1M","37.2M","37.2M","37.2M","36.8M","A6.6M","36.3M","35.9M","35.4M","34.7M","34.6M","34.5M","34.2M","34.1M","33.9M","33.5M","33.5M","32.5M","32.5M","32.5M","32.5M","32.2M","32.1M","31.9M","31.9M","31.2M","30.9M","30.8M","30.4M","30.2M","29.9M","29.7M","29.7M","29.6M","29.5M","29.4M","29.2M","29.2M","29.1M","28.9M","28.8M","28.8M","28.8M","28.6M","28.1M","28M","28M","27.9M","27.9M","27.9M","27.8M","27.7M","27.5M","27.3M","27.2M","27.1M","26.5M","26.5M","26.3M","26.3M","26.3M","26.1M","26.1M","25.QM","25.8M","25.8M","25.6M","25.6M","25.6M","25.5M","25.4M","25.4M","25.3M","25.3M","25.3M","25.1M","25M","25M","24.9M","24.7M","24.7M","24.6M"],"okList":["62.2M","60.65M","58.55M","56.15M","54.1M","50.35M","48.5M","46.05M","45.35M","44.199997M","42.55M","42.05M","40.4M","39.949997M","39.4M","38.9M","38.55M","38.15M","37.65M","37.65M","37.2M","37.0M","36.55M","35.85M","35.300003M","35.0M","34.6M","34.4M","34.3M","34.050003M","33.8M","33.7M","33.0M","33.0M","32.5M","32.5M","32.35M","32.3M","32.05M","32.0M","31.55M","31.4M","31.0M","30.65M","30.5M","30.15M","29.95M","29.8M","29.650002M","29.6M","29.5M","29.35M","29.3M","29.150002M","29.05M","28.95M","28.849998M","28.8M","28.7M","28.45M","28.3M","28.05M","27.95M","27.95M","27.9M","27.849998M","27.8M","27.65M","27.5M","27.35M","27.2M","26.85M","26.8M","26.4M","26.4M","26.3M","26.2M","26.2M","25.7M","25.7M","25.6M","25.55M","25.5M","25.45M","25.349998M","25.349998M","25.3M","25.2M","25.15M","25.05M","24.95M","24.85M","24.8M","24.650002M","24.6M"],"nokList":["36.8M","36.3M","26.1M","25.QM","25.8M"]}