{"time":1755524738256,"server":2915,"cpList":["85.4M","82.2M","79.6M","72.5M","72.2M","71.6M","71.5M","77M","77M","69.9M","68.1M","68M","66.6M","66M","65.9M","65.9M","64.8M","64M","64M","63.7M","63.4M","63.1M","62.8M","62.7M","62.6M","62.2M","62M","61.6M","61.3M","60.7M","60.5M","60.5M","60.4M","60.3M","59.7M","59.7M","59.1M","58.9M","58.9M","58.5M","58.4M","58.4M","58.3M","58.3M","58.2M","58.1M","57.4M","57.4M","57M","57M","56.8M","56.4M","56M","55.7M","55.4M","55.1M","55.1M","54.7M","54.6M","52.5M","52.1M","52M","51.8M","51.5M","51.1M","51.1M","50.3M","50.3M","49.9M","49.2M","49M","48.5M","48.1M","48.1M","48M","48M","47.7M","47.4M","47M","47M","47M","46.9M","46.7M","46.3M","45.7M","45.5M","45.2M","45M","448M","44.7M","441M","44M","43.6M","43.5M","43M","42.6M","42.5M","42.4M","424M","42.3M"],"okList":["85.4M","82.2M","79.6M","0.725M","0.00722M","7.159999999999999E-5M","7.15E-7M","7.699999999999999E-8M","7.700000000000001E-9M","6.99E-9M","6.8099999999999994E-9M","6.8E-9M","6.66E-9M","6.6E-9M","6.590000000000001E-9M","6.590000000000001E-9M","6.48E-9M","6.4E-9M","6.4E-9M","6.37E-9M","6.34E-9M","6.31E-9M","6.28E-9M","6.270000000000001E-9M","6.26E-9M","6.22E-9M","6.2E-9M","6.159999999999999E-9M","6.13E-9M","6.07E-9M","6.05E-9M","6.05E-9M","6.040000000000001E-9M","6.03E-9M","5.97E-9M","5.97E-9M","5.91E-9M","5.89E-9M","5.89E-9M","5.8499999999999994E-9M","5.84E-9M","5.84E-9M","5.83E-9M","5.83E-9M","5.820000000000001E-9M","5.8099999999999996E-9M","5.74E-9M","5.74E-9M","5.7E-9M","5.7E-9M","5.6799999999999986E-9M","5.6399999999999995E-9M","5.6000000000000005E-9M","5.57E-9M","5.54E-9M","5.51E-9M","5.51E-9M","5.47E-9M","5.4600000000000006E-9M","5.250000000000001E-9M","5.21E-9M","5.2E-9M","5.180000000000001E-9M","5.15E-9M","5.110000000000001E-9M","5.110000000000001E-9M","5.03E-9M","5.03E-9M","4.989999999999999E-9M","4.920000000000001E-9M","4.9E-9M","4.8500000000000004E-9M","4.8100000000000006E-9M","4.8100000000000006E-9M","4.8E-9M","4.8E-9M","4.770000000000001E-9M","4.739999999999999E-9M","4.699999999999999E-9M","4.699999999999999E-9M","4.699999999999999E-9M","4.689999999999999E-9M","4.670000000000001E-9M","4.629999999999999E-9M","4.57E-9M","4.55E-9M","4.519999999999999E-9M","4.500000000000001E-9M","4.4800000000000004E-8M","4.4700000000000005E-9M","4.4100000000000004E-8M","4.4000000000000005E-9M","4.360000000000001E-9M","4.35E-9M","4.3000000000000005E-9M","4.26E-9M","4.25E-9M","4.24E-9M","4.24E-8M","4.2300000000000005E-9M"],"nokList":[]}