{"time":1755524764983,"server":2922,"cpList":["64.3M","64M","63.6M","60.5M","60.4M","59.5M","59.1M","59M","56.9M","55.2M","52.8M","52.3M","52.2M","51.8M","57M","57M","49.1M","48.9M","48.5M","47.7M","462M","45.9M","45.9M","43.8M","43.8M","43.7M","422M","41.9M","41.8M","41.7M","41.7M","41.7M","41.5M","41.1M","40.7M","40.6M","40.3M","39.9M","39.1M","38.6M","38.5M","38.4M","38.3M","37.9M","37.3M","37.3M","37.2M","37.1M","37M","37M","36.9M","36.6M","36.4M","35.9M","35.8M","35.6M","35.2M","35.1M","35.1M","34.9M","34.7M","33.3M","33.3M","33.2M","32.8M","32.8M","32.6M","32.5M","32.2M","32.2M","32.1M","32M","32M","32M","31.8M","31.6M","31.4M","31.3M","31.2M","31.1M","31.1M","30.6M","30.6M","30.1M","29.8M","29.8M","29.7M","29.7M","29.7M","29.5M","29.1M","29M","28.8M","28.7M","28.5M","28.5M","28.3M","28.3M","28.2M","28M"],"okList":["64.3M","64.0M","63.6M","60.5M","60.4M","59.5M","59.1M","59.0M","56.9M","55.2M","0.528M","0.00523M","5.2199999999999995E-5M","5.180000000000001E-7M","5.6999999999999994E-8M","5.7E-9M","4.910000000000001E-9M","4.89E-9M","4.8500000000000004E-9M","4.770000000000001E-9M","4.62E-8M","4.59E-9M","4.59E-9M","4.379999999999999E-9M","4.379999999999999E-9M","4.3700000000000004E-9M","4.2199999999999994E-8M","4.190000000000001E-9M","4.18E-9M","4.17E-9M","4.17E-9M","4.17E-9M","4.15E-9M","4.109999999999999E-9M","4.070000000000001E-9M","4.0600000000000005E-9M","4.03E-9M","3.99E-9M","3.91E-9M","3.86E-9M","3.8500000000000006E-9M","3.84E-9M","3.829999999999999E-9M","3.7899999999999995E-9M","3.729999999999999E-9M","3.729999999999999E-9M","3.7200000000000012E-9M","3.7100000000000002E-9M","3.7000000000000005E-9M","3.7000000000000005E-9M","3.6900000000000003E-9M","3.66E-9M","3.64E-9M","3.59E-9M","3.5799999999999996E-9M","3.5600000000000005E-9M","3.5200000000000007E-9M","3.5100000000000005E-9M","3.5100000000000005E-9M","3.4899999999999997E-9M","3.4700000000000002E-9M","3.33E-9M","3.33E-9M","3.32E-9M","3.28E-9M","3.28E-9M","3.2600000000000007E-9M","3.2500000000000006E-9M","3.2200000000000005E-9M","3.2200000000000005E-9M","3.2100000000000003E-9M","3.2E-9M","3.2E-9M","3.2E-9M","3.18E-9M","3.1600000000000003E-9M","3.14E-9M","3.13E-9M","3.12E-9M","3.11E-9M","3.11E-9M","3.0599999999999998E-9M","3.0599999999999998E-9M","3.01E-9M","2.98E-9M","2.98E-9M","2.9700000000000003E-9M","2.9700000000000003E-9M","2.9700000000000003E-9M","2.95E-9M","2.9100000000000005E-9M","2.9E-9M","2.8800000000000004E-9M","2.87E-9M","2.85E-9M","2.85E-9M","2.8300000000000004E-9M","2.8300000000000004E-9M","2.8199999999999998E-9M","2.8000000000000003E-9M"],"nokList":[]}