{"server":2923,"total":4812.901,"average":51.201073,"cpValues":[],"cpList":["82.8M","74.4M","74M","71.5M","66.9M","66.2M","65.8M","65.4M","64.7M","64.3M","64.1M","63.8M","63.4M","62M","61.6M","60.9M","60.3M","60.2M","60M","60M","59.8M","59.6M","59.3M","59.3M","59.2M","5AM","57.8M","57.7M","56.9M","56.5M","56.2M","54.9M","54.6M","54.6M","54.6M","54.1M","54.1M","54M","53.8M","53.1M","53M","52.8M","52.1M","51.3M","50.9M","50.8M","50.7M","50.5M","50M","49.9M","49.9M","49.9M","49.3M","49.2M","48.6M","48.4M","48.1M","48.1M","47.M","47.5M","47.2M","46.2M","46.2M","46M","45.8M","45.6M","44.3M","44M","44M","43.8M","43.8M","43.3M","42.8M","42.7M","41.8M","41.4M","40.8M","40.4M","40.4M","40.2M","39.8M","39.7M","39.1M","38.7M","38.7M","78M","37.9M","37.5M","37.2M","A6.9M","A6.9M","36.8M","36.6M","36.3M","36.1M","36M","35.8M","35.5M","35.2M","35M"],"okList":["82.8M","78.4M","72.95M","70.45M","68.85M","66.350006M","65.8M","65.25M","64.850006M","64.399994M","64.05M","63.75M","62.9M","62.5M","61.45M","60.949997M","60.550003M","60.15M","60.1M","59.9M","59.8M","59.55M","59.449997M","59.25M","58.5M","57.35M","57.1M","56.550003M","55.7M","55.4M","54.75M","54.6M","54.35M","54.35M","54.05M","53.949997M","53.55M","53.4M","52.949997M","52.55M","52.05M","51.5M","51.05M","50.800003M","50.65M","50.35M","50.2M","49.95M","49.9M","49.6M","49.550003M","48.949997M","48.800003M","48.35M","48.25M","47.55M","47.8M","47.1M","46.85M","46.7M","46.1M","46.0M","45.8M","45.05M","44.8M","44.15M","43.9M","43.9M","43.55M","43.3M","43.0M","42.3M","42.050003M","41.3M","40.9M","40.6M","40.300003M","40.1M","39.95M","39.449997M","39.2M","38.9M","38.7M","38.300003M","57.75M","37.550003M","36.55M","36.35M","36.15M","35.949997M","35.75M","35.5M","35.25M","35.0M"],"nokList":["59.2M","57.8M","37.2M","A6.9M","A6.9M","36.8M"]}