{"server":2925,"total":4500.601,"average":46.39795,"cpValues":[],"cpList":["6A.6M","66.2M","63.3M","62.6M","62.5M","61.5M","60.2M","59.9M","59.7M","59.1M","58.5M","57.5M","57.2M","57M","56.8M","55.8M","55M","55M","54.3M","52.8M","52M","51.3M","51.2M","51.2M","51.1M","51.1M","50.3M","50.2M","50M","49.8M","49.6M","49.2M","49.1M","48.1M","47.8M","47.6M","47.6M","47.5M","47.4M","47.4M","47.2M","47.2M","47M","46.8M","46.6M","46.4M","46.4M","46.3M","46.2M","46.2M","46M","45.7M","45.5M","45.3M","45.3M","45M","44.9M","44.9M","44.7M","44.3M","44M","43.8M","43.7M","43M","42.8M","42.7M","42.7M","42.6M","41.4M","41.3M","41.3M","40.8M","39.8M","39.7M","39.4M","39.3M","39.3M","39.2M","39.1M","39.1M","39.1M","38.7M","38.4M","37.9M","37.8M","37.3M","37.2M","A6.9M","36.4M","35.8M","35.7M","35.4M","35M","34.9M","34.9M","34.8M","34.4M","34.3M","34M","34M"],"okList":["68.6M","64.399994M","62.9M","62.05M","61.35M","60.7M","59.95M","59.5M","59.1M","58.3M","57.85M","57.25M","57.0M","56.4M","55.9M","55.4M","54.65M","53.9M","53.15M","52.05M","51.6M","51.25M","51.15M","51.15M","50.699997M","50.65M","50.15M","50.0M","49.8M","49.5M","49.35M","48.65M","48.449997M","47.85M","47.699997M","47.55M","47.5M","47.45M","47.300003M","47.300003M","47.1M","47.0M","46.8M","46.6M","46.5M","46.35M","46.300003M","46.25M","46.1M","45.95M","45.75M","45.5M","45.4M","45.15M","45.1M","44.95M","44.800003M","44.6M","44.35M","44.05M","43.85M","43.4M","43.25M","42.85M","42.75M","42.65M","42.050003M","41.949997M","41.35M","41.05M","40.55M","40.25M","39.6M","39.5M","39.35M","39.25M","39.199997M","39.15M","39.1M","38.9M","38.75M","38.300003M","38.1M","37.6M","37.5M","36.800003M","36.050003M","35.6M","35.35M","35.15M","34.95M","34.85M","34.65M","34.55M","34.2M","34.15M","34.0M"],"nokList":["66.2M","37.2M","36.4M"]}