{"time":1755524844341,"server":2937,"cpList":["81.4M","73.9M","72.2M","71.5M","68M","66.6M","66.6M","65.5M","64.8M","64.4M","63.8M","62.6M","61.3M","61M","60.2M","60.2M","59.8M","59.6M","58.8M","58.5M","58.4M","57.5M","56.1M","55.6M","55.3M","55.3M","55.2M","55.2M","55M","54.9M","54.8M","54.4M","53.8M","53.4M","53.3M","53.3M","53.1M","53M","52.6M","52.4M","52.4M","52.2M","52.1M","51.8M","51.6M","51.1M","57M","50.5M","50.2M","50M","49.8M","49.6M","49.6M","48.8M","48.6M","48.5M","48.1M","47.7M","47.6M","47.5M","47.4M","47.4M","47.4M","47.1M","468M","46.5M","46.3M","45.9M","45.6M","45.5M","45.3M","45.2M","45.1M","448M","43.5M","42.7M","42.5M","42.4M","41.8M","41.5M","40.8M","40.7M","40.6M","40.6M","40.4M","39.9M","39.8M","39.5M","39.2M","38.3M","38.2M","37.9M","37.5M","37.4M","36.7M","36.5M","36.4M","36.3M","361M","35.8M"],"okList":["81.4M","73.9M","72.2M","71.5M","68.0M","66.6M","66.6M","65.5M","64.8M","64.4M","63.8M","62.6M","61.3M","61.0M","60.2M","60.2M","59.8M","59.6M","58.8M","58.5M","58.4M","57.5M","56.1M","55.6M","55.3M","55.3M","55.2M","55.2M","55.0M","54.9M","54.8M","54.4M","53.8M","53.4M","53.3M","53.3M","53.1M","53.0M","52.6M","52.4M","52.4M","52.2M","0.521M","0.005180000000000001M","5.160000000000001E-5M","5.110000000000001E-7M","5.6999999999999994E-8M","5.0500000000000006E-9M","5.0200000000000004E-9M","5.0E-9M","4.979999999999999E-9M","4.96E-9M","4.96E-9M","4.8800000000000005E-9M","4.86E-9M","4.8500000000000004E-9M","4.8100000000000006E-9M","4.770000000000001E-9M","4.76E-9M","4.7499999999999995E-9M","4.739999999999999E-9M","4.739999999999999E-9M","4.739999999999999E-9M","4.7100000000000005E-9M","4.6799999999999996E-8M","4.65E-9M","4.629999999999999E-9M","4.59E-9M","4.559999999999999E-9M","4.55E-9M","4.529999999999999E-9M","4.519999999999999E-9M","4.51E-9M","4.4800000000000004E-8M","4.35E-9M","4.27E-9M","4.25E-9M","4.24E-9M","4.18E-9M","4.15E-9M","4.079999999999999E-9M","4.070000000000001E-9M","4.0600000000000005E-9M","4.0600000000000005E-9M","4.039999999999999E-9M","3.99E-9M","3.98E-9M","3.950000000000001E-9M","3.92E-9M","3.829999999999999E-9M","3.8200000000000005E-9M","3.7899999999999995E-9M","3.75E-9M","3.74E-9M","3.6700000000000004E-9M","3.65E-9M","3.64E-9M","3.63E-9M","3.61E-8M","3.5799999999999996E-9M"],"nokList":[]}