{"server":2938,"total":2607.8506,"average":27.743092,"cpValues":[],"cpList":["53.3M","47.8M","47.5M","45.1M","41.6M","41.1M","40.7M","40.6M","40.3M","39.6M","39.5M","38.2M","37.2M","A6M","35.2M","35.1M","34.7M","34.2M","34M","33.9M","33.4M","33.3M","33M","32.9M","32.1M","31.8M","31.7M","31.6M","31.4M","31M","30.7M","30.5M","30.4M","29.9M","29.1M","29M","28.6M","28.6M","28.4M","28.3M","27.9M","27.9M","27.6M","27.1M","26M","25.QM","25.QM","25.7M","25.5M","25.2M","25.1M","24.7M","24.7M","24.6M","24.5M","24.4M","24.2M","24.2M","24.1M","23.9M","23.9M","23.8M","23.7M","23.5M","23.4M","23.3M","22.9M","22.9M","22.7M","22.6M","22.4M","22.4M","22.2M","22.2M","21.9M","21.8M","21.7M","21.7M","21.7M","21.5M","21.5M","21.5M","21.4M","21.3M","21.2M","21.2M","21.1M","21M","20.6M","20.5M","20.5M","20.4M","20.3M","20M","19.7M","19.7M","19.5M","19.4M","19.3M","19.1M"],"okList":["53.3M","50.4M","46.449997M","44.55M","43.1M","41.15M","40.85M","40.5M","40.1M","39.9M","38.9M","38.35M","36.2M","34.95M","34.65M","34.35M","34.050003M","33.7M","33.6M","33.2M","33.1M","32.55M","32.35M","31.9M","31.7M","31.55M","31.3M","31.05M","30.75M","30.55M","30.2M","29.75M","29.45M","28.85M","28.8M","28.5M","28.45M","28.15M","28.099998M","27.75M","27.5M","26.8M","25.45M","25.3M","24.95M","24.900002M","24.650002M","24.6M","24.5M","24.35M","24.3M","24.150002M","24.05M","24.0M","23.849998M","23.8M","23.65M","23.55M","23.4M","23.15M","23.099998M","22.8M","22.75M","22.55M","22.5M","22.3M","22.3M","22.05M","22.0M","21.8M","21.75M","21.7M","21.6M","21.6M","21.5M","21.45M","21.4M","21.3M","21.25M","21.150002M","21.1M","20.85M","20.75M","20.55M","20.45M","20.4M","20.2M","20.0M","19.85M","19.6M","19.55M","19.4M","19.25M","19.1M"],"nokList":["37.2M","35.2M","26M","25.QM","25.QM","25.7M"]}