{"time":1755510560438,"server":295,"cpList":["71.2M","71.1M","70.3M","69M","68.9M","67.6M","65.4M","65.2M","62.7M","62.5M","62.2M","62.1M","61.5M","60.8M","59.4M","58.1M","55.6M","55.1M","54.9M","54M","52.8M","52.5M","52.3M","51.9M","51.6M","51.5M","57M","50.3M","49.9M","49.3M","48.8M","48.1M","48M","47.8M","47.7M","47.2M","46.4M","45.5M","45.2M","44.5M","44.4M","443M","44M","43.6M","43.3M","43.2M","43.2M","426M","42.5M","422M","41.3M","40.8M","40.4M","40.2M","40M","39.4M","39.2M","38.5M","38M","37.9M","37.8M","37.3M","37.2M","37.1M","37M","36.9M","36.8M","36.6M","36.3M","36.3M","36.2M","35.8M","35.4M","35.1M","34.5M","34.3M","34.3M","342M","342M","33.7M","33.7M","33.4M","33.2M","33.1M","32.7M","32.6M","32.2M","32.2M","31.9M","31.6M","31.6M","31.4M","30.8M","30.8M","30.6M","30.5M","30.2M","30.1M","30.1M","29.9M"],"okList":["71.2M","71.1M","70.3M","69.0M","68.9M","67.6M","65.4M","65.2M","62.7M","62.5M","62.2M","62.1M","61.5M","60.8M","59.4M","58.1M","55.6M","55.1M","54.9M","54.0M","52.8M","52.5M","0.523M","0.00519M","5.160000000000001E-5M","5.149999999999999E-7M","5.6999999999999994E-8M","5.03E-9M","4.989999999999999E-9M","4.930000000000001E-9M","4.8800000000000005E-9M","4.8100000000000006E-9M","4.8E-9M","4.779999999999999E-9M","4.770000000000001E-9M","4.72E-9M","4.6400000000000005E-9M","4.55E-9M","4.519999999999999E-9M","4.45E-9M","4.44E-9M","4.43E-8M","4.4000000000000005E-9M","4.360000000000001E-9M","4.33E-9M","4.320000000000001E-9M","4.320000000000001E-9M","4.26E-8M","4.25E-9M","4.2199999999999994E-8M","4.1300000000000004E-9M","4.079999999999999E-9M","4.039999999999999E-9M","4.020000000000001E-9M","4.0E-9M","3.94E-9M","3.92E-9M","3.8500000000000006E-9M","3.8E-9M","3.7899999999999995E-9M","3.78E-9M","3.729999999999999E-9M","3.7200000000000012E-9M","3.7100000000000002E-9M","3.7000000000000005E-9M","3.6900000000000003E-9M","3.68E-9M","3.66E-9M","3.63E-9M","3.63E-9M","3.6200000000000003E-9M","3.5799999999999996E-9M","3.54E-9M","3.5100000000000005E-9M","3.45E-9M","3.43E-9M","3.43E-9M","3.42E-8M","3.42E-8M","3.37E-9M","3.37E-9M","3.34E-9M","3.32E-9M","3.31E-9M","3.27E-9M","3.2600000000000007E-9M","3.2200000000000005E-9M","3.2200000000000005E-9M","3.1900000000000004E-9M","3.1600000000000003E-9M","3.1600000000000003E-9M","3.14E-9M","3.0799999999999997E-9M","3.0799999999999997E-9M","3.0599999999999998E-9M","3.049999999999999E-9M","3.0200000000000003E-9M","3.01E-9M","3.01E-9M","2.9900000000000002E-9M"],"nokList":[]}