{
    "server": 2953,
    "total": 2979.8499,
    "average": 31.36684,
    "cpValues": [],
    "cpList": [
        "68.3M",
        "64M",
        "61.4M",
        "57.QM",
        "56.9M",
        "56.4M",
        "54.8M",
        "54M",
        "53.5M",
        "51.4M",
        "48.3M",
        "47.8M",
        "47.4M",
        "44.3M",
        "43.2M",
        "42.9M",
        "41M",
        "40.9M",
        "39.6M",
        "39.1M",
        "39.1M",
        "38.9M",
        "38.9M",
        "AA.6M",
        "37.7M",
        "37.6M",
        "35.6M",
        "35.4M",
        "35.4M",
        "34.9M",
        "34.5M",
        "33.5M",
        "33M",
        "32.7M",
        "32.1M",
        "31.9M",
        "31.9M",
        "31.8M",
        "31.5M",
        "31.3M",
        "31.3M",
        "30.9M",
        "30.6M",
        "30.5M",
        "29.9M",
        "29.7M",
        "29.4M",
        "29.4M",
        "29M",
        "29M",
        "28.9M",
        "28.8M",
        "27.8M",
        "27.5M",
        "27.2M",
        "27M",
        "26.9M",
        "26.7M",
        "26.6M",
        "26.5M",
        "26.2M",
        "26.1M",
        "25.8M",
        "25.8M",
        "25.6M",
        "25.4M",
        "25M",
        "24.9M",
        "24.6M",
        "24.6M",
        "24.5M",
        "24.5M",
        "24.5M",
        "24.5M",
        "24.5M",
        "24.4M",
        "24.4M",
        "24.3M",
        "24.3M",
        "24.1M",
        "23.6M",
        "23.6M",
        "23.5M",
        "23.2M",
        "22.9M",
        "22.8M",
        "22.7M",
        "22.7M",
        "22.7M",
        "22.6M",
        "22.6M",
        "22.5M",
        "22.2M",
        "22.1M",
        "22M",
        "22M",
        "21.9M",
        "21.9M",
        "21.8M",
        "21.6M"
    ],
    "okList": [
        "68.3M",
        "64.850006M",
        "61.4M",
        "57.9M",
        "56.9M",
        "55.85M",
        "55.2M",
        "54.15M",
        "52.7M",
        "50.9M",
        "49.6M",
        "47.85M",
        "46.05M",
        "45.300003M",
        "43.6M",
        "42.1M",
        "41.9M",
        "40.3M",
        "40.0M",
        "39.35M",
        "39.0M",
        "39.0M",
        "38.9M",
        "38.300003M",
        "37.7M",
        "36.65M",
        "36.5M",
        "35.5M",
        "35.15M",
        "34.95M",
        "34.2M",
        "33.75M",
        "33.1M",
        "32.55M",
        "32.3M",
        "32.0M",
        "31.849998M",
        "31.7M",
        "31.55M",
        "31.4M",
        "31.099998M",
        "30.95M",
        "30.7M",
        "30.25M",
        "30.1M",
        "29.65M",
        "29.55M",
        "29.2M",
        "29.2M",
        "28.95M",
        "28.9M",
        "28.349998M",
        "28.15M",
        "27.5M",
        "27.25M",
        "27.05M",
        "26.85M",
        "26.75M",
        "26.6M",
        "26.400002M",
        "26.3M",
        "26.0M",
        "25.95M",
        "25.7M",
        "25.599998M",
        "25.3M",
        "25.15M",
        "24.8M",
        "24.75M",
        "24.55M",
        "24.55M",
        "24.5M",
        "24.5M",
        "24.5M",
        "24.45M",
        "24.45M",
        "24.349998M",
        "24.349998M",
        "24.2M",
        "23.95M",
        "23.85M",
        "23.55M",
        "23.400002M",
        "23.2M",
        "23.0M",
        "22.8M",
        "22.75M",
        "22.7M",
        "22.650002M",
        "22.650002M",
        "22.55M",
        "22.400002M",
        "22.3M",
        "22.1M",
        "22.05M",
        "21.95M",
        "21.95M",
        "21.849998M",
        "21.75M",
        "21.6M"
    ],
    "nokList": [
        
    ]
}