{"server":2954,"total":4130.1,"average":43.937237,"cpValues":[],"cpList":["65.4M","62.9M","58.4M","57.8M","57.7M","57.7M","57.6M","57.3M","57M","57M","55.5M","53.6M","53.3M","52.6M","52.5M","52.4M","52.2M","52.2M","51.1M","51M","50.4M","50.2M","50.2M","49M","48.8M","48.6M","48.6M","48.2M","47.8M","47.M","47.4M","47.4M","47.2M","46.5M","46.4M","46.4M","45.7M","45.1M","44.4M","44.4M","44.3M","44.1M","44.1M","44M","43.5M","43.5M","43.5M","43.5M","42.5M","42.5M","42.3M","42.2M","41.4M","41.3M","41M","40.9M","40.7M","40.1M","40M","39.8M","38.7M","78M","78M","37.5M","36.8M","A6.6M","36.2M","36.2M","A6.1M","A6M","35.6M","35.4M","34.9M","34.3M","34M","33.7M","33.3M","33.1M","32.9M","32.8M","32.8M","32.5M","32.4M","32.3M","32.3M","31.8M","31.7M","31.5M","31.5M","31.4M","31.1M","31M","31M","30.9M","30.7M","30.6M","30.6M","30.4M","30.3M","29.6M"],"okList":["65.4M","61.9M","60.35M","58.050003M","57.75M","57.65M","57.5M","57.3M","57.15M","56.25M","55.3M","54.4M","53.1M","52.9M","52.5M","52.35M","52.300003M","51.65M","51.6M","50.75M","50.6M","50.300003M","49.6M","49.5M","48.8M","48.699997M","48.4M","48.199997M","47.6M","47.6M","47.4M","47.300003M","46.95M","46.800003M","46.45M","46.050003M","45.75M","45.050003M","44.75M","44.35M","44.25M","44.199997M","44.05M","43.8M","43.75M","43.5M","43.5M","43.0M","43.0M","42.4M","42.35M","41.85M","41.75M","41.2M","41.1M","40.85M","40.5M","40.35M","39.949997M","39.35M","58.9M","78.0M","57.75M","57.4M","36.5M","35.25M","34.85M","34.45M","34.0M","33.65M","33.4M","33.1M","32.949997M","32.85M","32.65M","32.6M","32.4M","32.35M","32.05M","32.0M","31.65M","31.6M","31.45M","31.3M","31.2M","31.05M","30.95M","30.85M","30.75M","30.650002M","30.5M","30.45M","30.0M","29.6M"],"nokList":["36.8M","36.2M","36.2M","A6.1M","A6M","35.6M"]}