{"server":296,"total":4020.2,"average":44.17802,"cpValues":[],"cpList":["79.6M","75.1M","70M","69.9M","69.6M","68.9M","68.5M","65.7M","65.1M","64.3M","62.4M","61.2M","60.8M","59.1M","58.5M","57.QM","56.9M","55.1M","54.7M","54.5M","53.8M","53.1M","52.7M","52.6M","51.5M","51.3M","50.9M","50.9M","50.1M","49.4M","49M","48.M","48.7M","47.3M","46.7M","46.4M","46.3M","46.3M","46.1M","46.1M","45.9M","45.1M","45.1M","45M","44.2M","44.2M","44.1M","43.5M","42.5M","42.5M","41.4M","41.1M","40.6M","39M","38.8M","38.5M","38.2M","38.2M","38.2M","37.9M","37.7M","37.6M","37.2M","37M","36.7M","35.5M","34.5M","34.5M","34.2M","A3.6M","A3.6M","33.4M","33.1M","33M","32.7M","32.6M","32.3M","32.3M","32.2M","32.1M","31.9M","31.8M","31.6M","31.5M","31.2M","30.2M","30.1M","30M","29.9M","29.9M","29.8M","29.7M","29.7M","29.4M","28.9M","28.8M","28.6M","2A.3M","28.3M","27.9M"],"okList":["79.6M","74.8M","72.5M","69.8M","69.4M","69.05M","67.3M","66.8M","65.0M","63.75M","62.75M","61.6M","60.15M","59.65M","55.800003M","54.8M","54.25M","53.8M","53.25M","52.85M","52.1M","51.949997M","51.2M","51.1M","50.5M","50.15M","49.55M","48.7M","48.85M","47.65M","47.7M","46.85M","46.5M","46.35M","46.199997M","46.199997M","46.0M","45.6M","45.5M","45.05M","44.65M","44.6M","44.15M","43.85M","43.3M","43.0M","41.95M","41.8M","41.0M","40.05M","39.699997M","38.75M","38.5M","38.35M","38.2M","38.050003M","37.95M","37.75M","37.45M","37.3M","36.95M","36.25M","35.6M","35.0M","34.35M","33.2M","32.9M","32.8M","32.5M","32.449997M","32.25M","32.199997M","32.05M","31.949999M","31.75M","31.65M","31.400002M","30.85M","30.650002M","30.1M","30.0M","29.95M","29.849998M","29.8M","29.75M","29.55M","29.3M","29.099998M","28.75M","28.45M","27.9M"],"nokList":["58.5M","57.QM","56.9M","34.2M","A3.6M","A3.6M","33.4M","28.6M","28.3M"]}