{"time":1755510586493,"server":296,"cpList":["82.8M","75.1M","73.2M","72.9M","70.9M","70.9M","68.9M","67.4M","67M","65.9M","64.3M","63.3M","62.6M","61.3M","60.8M","59.9M","58.2M","57.9M","56.2M","55.9M","55.6M","55.3M","55.1M","54.8M","54.5M","543M","543M","52.6M","52.4M","52M","51.7M","57M","49.7M","49.5M","48.7M","48.2M","48.2M","48.1M","47.9M","47.4M","47.4M","47.3M","46.7M","46.7M","46.6M","46.6M","461M","45M","443M","442M","42.9M","42.5M","42.5M","41.5M","41.4M","40.6M","40.5M","40.2M","39M","38.8M","38.3M","38.2M","38.2M","38.2M","38.1M","37.9M","37.7M","37.6M","35.5M","35.5M","35.4M","346M","34.5M","34.5M","33.6M","33.6M","33.1M","33M","33M","33M","32.9M","32.9M","32.7M","32.7M","32.6M","32.3M","31.8M","31.2M","30.4M","30.3M","30.2M","30.1M","30M","29.9M","29.7M","29.4M","29M","28.9M","28.8M","28.6M"],"okList":["82.8M","75.1M","73.2M","72.9M","70.9M","70.9M","68.9M","67.4M","67.0M","65.9M","64.3M","63.3M","62.6M","61.3M","60.8M","59.9M","58.2M","57.9M","56.2M","55.9M","55.6M","55.3M","55.1M","54.8M","54.5M","54.3M","54.3M","0.526M","0.00524M","5.2E-5M","5.17E-7M","5.6999999999999994E-8M","4.970000000000001E-9M","4.949999999999999E-9M","4.870000000000001E-9M","4.820000000000001E-9M","4.820000000000001E-9M","4.8100000000000006E-9M","4.79E-9M","4.739999999999999E-9M","4.739999999999999E-9M","4.73E-9M","4.670000000000001E-9M","4.670000000000001E-9M","4.66E-9M","4.66E-9M","4.610000000000001E-8M","4.500000000000001E-9M","4.43E-8M","4.419999999999999E-8M","4.289999999999999E-9M","4.25E-9M","4.25E-9M","4.15E-9M","4.139999999999999E-9M","4.0600000000000005E-9M","4.050000000000001E-9M","4.020000000000001E-9M","3.899999999999999E-9M","3.879999999999999E-9M","3.829999999999999E-9M","3.8200000000000005E-9M","3.8200000000000005E-9M","3.8200000000000005E-9M","3.81E-9M","3.7899999999999995E-9M","3.77E-9M","3.7599999999999994E-9M","3.5499999999999995E-9M","3.5499999999999995E-9M","3.54E-9M","3.46E-8M","3.45E-9M","3.45E-9M","3.3600000000000004E-9M","3.3600000000000004E-9M","3.31E-9M","3.3E-9M","3.3E-9M","3.3E-9M","3.2899999999999996E-9M","3.2899999999999996E-9M","3.27E-9M","3.27E-9M","3.2600000000000007E-9M","3.229999999999999E-9M","3.18E-9M","3.12E-9M","3.04E-9M","3.03E-9M","3.0200000000000003E-9M","3.01E-9M","3.0E-9M","2.9900000000000002E-9M","2.9700000000000003E-9M","2.94E-9M","2.9E-9M","2.8899999999999997E-9M","2.8800000000000004E-9M","2.86E-9M"],"nokList":[]}