{"server":2971,"total":3456.2004,"average":36.76809,"cpValues":[],"cpList":["66.3M","61M","60.7M","59.9M","59.4M","59.3M","57.6M","57M","56.5M","54.7M","54.4M","54.4M","52.5M","52.3M","49.7M","49.6M","48.6M","47.1M","46.1M","45.6M","45.5M","44.1M","44M","43.4M","43.2M","43.1M","42.9M","42.5M","42.3M","42.3M","41.7M","41.4M","40.9M","40.8M","40.7M","40M","39.7M","39.4M","38.4M","38.3M","37.9M","37.4M","37.2M","A6.6M","A6.6M","35.9M","35.4M","34.9M","34.7M","33.7M","A3.6M","33.5M","33.2M","31.9M","31.4M","31.1M","30.9M","30.9M","30.8M","30.8M","30.8M","30.7M","30.5M","30.4M","30.2M","30M","30M","29.7M","29.7M","29.6M","29.1M","28.9M","27.9M","26.7M","26.6M","26.6M","26.6M","26.5M","26.2M","26M","26M","25.7M","25.5M","25.1M","25.1M","24.8M","24.8M","24.7M","24.7M","24.4M","24.3M","24.1M","24M","24M","23.9M","23.7M","23.6M","23.6M","23.5M","23.4M"],"okList":["66.3M","63.5M","60.45M","60.050003M","59.6M","58.5M","58.15M","57.05M","55.85M","55.45M","54.550003M","53.45M","53.35M","51.1M","50.949997M","49.15M","48.35M","47.35M","46.35M","45.8M","44.85M","44.75M","43.75M","43.6M","43.25M","43.050003M","42.8M","42.6M","42.4M","42.0M","41.85M","41.300003M","41.1M","40.800003M","40.4M","40.2M","39.7M","39.050003M","38.85M","38.15M","37.85M","37.550003M","35.4M","35.050003M","34.300003M","33.6M","32.7M","32.3M","31.5M","31.15M","31.0M","30.849998M","30.849998M","30.8M","30.75M","30.65M","30.55M","30.35M","30.2M","30.1M","29.85M","29.85M","29.650002M","29.400002M","29.25M","28.5M","27.8M","27.25M","26.650002M","26.6M","26.55M","26.400002M","26.25M","26.1M","25.85M","25.75M","25.400002M","25.3M","24.95M","24.95M","24.75M","24.75M","24.55M","24.5M","24.25M","24.15M","24.05M","23.95M","23.85M","23.75M","23.650002M","23.55M","23.5M","23.4M"],"nokList":["37.2M","A6.6M","A6.6M","35.9M","33.7M","33.5M"]}