{"server":2972,"total":4282.0996,"average":46.044083,"cpValues":[],"cpList":["21.7M","74M","73.5M","72.5M","67.2M","65.7M","65.6M","64.6M","64.3M","62.4M","61M","60.6M","60.3M","60.2M","59.5M","58.2M","57.6M","57.2M","56.8M","56.7M","56.3M","55.2M","55.1M","53.8M","53.6M","52.7M","52.3M","52.1M","51.9M","51.9M","51.8M","50M","48.4M","47.M","47.M","47.6M","47.6M","47M","46.7M","46.4M","45.7M","45.4M","45M","45M","44.5M","44.4M","44.1M","43.7M","43.6M","43.4M","43.2M","43M","42.8M","42.8M","42.5M","42.4M","42.2M","42.1M","41.8M","41.8M","41.6M","41.5M","40.8M","39.9M","39.8M","39.6M","39.5M","39.4M","38.1M","37.7M","37.6M","37.6M","37.4M","37.3M","37M","36.7M","A6.6M","A6.1M","A6M","A6M","A6M","35.8M","35.7M","35.7M","35.7M","35.6M","35.5M","34.9M","34.9M","34.9M","34.5M","34.3M","34.2M","34.1M","33.9M","33.9M","33.5M","33.3M","33M","32.7M"],"okList":["21.7M","47.6M","73.25M","70.35M","69.1M","66.399994M","65.149994M","64.95M","63.5M","62.65M","61.5M","60.65M","60.4M","59.9M","59.2M","58.55M","57.7M","57.199997M","56.95M","56.55M","55.95M","55.699997M","54.5M","54.35M","53.25M","52.949997M","52.4M","52.1M","52.0M","51.85M","50.95M","50.1M","48.5M","47.7M","47.0M","47.6M","47.3M","47.15M","46.7M","46.2M","45.9M","45.35M","45.2M","44.75M","44.7M","44.3M","44.050003M","43.85M","43.550003M","43.4M","43.2M","43.0M","42.9M","42.65M","42.6M","42.35M","42.25M","42.0M","41.949997M","41.699997M","41.65M","41.199997M","40.7M","40.3M","39.75M","39.65M","39.5M","38.8M","38.550003M","37.85M","37.65M","37.5M","37.449997M","37.2M","37.0M","35.75M","35.7M","35.65M","35.6M","35.25M","35.2M","34.9M","34.7M","34.6M","34.35M","34.199997M","34.050003M","34.0M","33.7M","33.6M","33.25M","33.0M","32.7M"],"nokList":["36.7M","A6.6M","A6.1M","A6M","A6M","A6M","35.8M"]}