{"server":2973,"total":6641.6484,"average":67.77192,"cpValues":[],"cpList":["86.7M","86.4M","85.7M","85.6M","83.9M","82.7M","82.4M","80.8M","80.7M","80.6M","80.2M","80M","79.9M","79.5M","79.3M","79.2M","7A.6M","78.3M","77.6M","77.3M","76.9M","76.5M","76.3M","75.5M","75.3M","74.6M","74.2M","73.9M","71.9M","71.7M","71.3M","71.3M","70.7M","70.6M","70.5M","70.3M","69.9M","69.9M","69M","68.7M","68.3M","68.1M","67.9M","67.6M","67.3M","67.3M","67.2M","67.2M","67.2M","67.1M","67.1M","66.9M","66.7M","66.5M","66.5M","66.3M","6M","65.7M","65.2M","65M","64.6M","64.5M","64.4M","64.1M","63.7M","63.7M","63.7M","63.6M","63.3M","63.1M","62.8M","62.7M","62.5M","62.4M","62.1M","61.8M","61.6M","61.6M","61.5M","61.5M","60.6M","60.3M","60.1M","60.1M","60M","59.9M","59.7M","59.6M","59.6M","59.6M","59.5M","59.2M","59.1M","59M","59M","58.9M","58.8M","58.5M","58.4M","58.1M"],"okList":["86.7M","86.2M","86.0M","84.8M","84.149994M","83.15M","81.75M","81.55M","80.7M","80.45M","80.3M","80.05M","79.75M","79.600006M","79.35M","78.75M","77.8M","77.25M","76.9M","76.600006M","76.0M","75.8M","75.05M","74.75M","74.25M","73.05M","72.8M","71.600006M","71.5M","71.0M","70.95M","70.6M","70.45M","70.2M","70.100006M","69.45M","69.3M","68.65M","68.399994M","68.100006M","67.85M","67.600006M","67.45M","67.25M","67.25M","67.2M","67.149994M","67.149994M","67.0M","66.899994M","66.7M","66.6M","66.4M","36.25M","66.0M","35.6M","65.35M","64.899994M","64.75M","64.5M","64.3M","64.05M","63.9M","63.7M","63.65M","63.5M","63.35M","63.05M","62.9M","62.65M","62.550003M","62.3M","62.1M","61.85M","61.699997M","61.55M","61.55M","61.05M","60.9M","60.35M","60.199997M","60.05M","60.0M","59.85M","59.75M","59.65M","59.6M","59.55M","59.4M","59.3M","59.1M","59.05M","58.95M","58.9M","58.7M","58.6M","58.3M","58.1M"],"nokList":["79.2M","78.3M"]}