{"time":1755525055717,"server":2974,"cpList":["82.7M","65.3M","64.5M","63.9M","63M","62.5M","60.2M","59M","58.8M","58.2M","58.1M","57.9M","55.9M","55.2M","53.6M","53.4M","53.2M","52.8M","51.8M","51.2M","57M","50.1M","50M","49.4M","49.2M","48M","47.9M","47.8M","47.5M","47.4M","46.5M","46.3M","44M","43.9M","43.6M","43.2M","42.9M","42.9M","426M","42.5M","41.7M","412M","41.1M","40.9M","40.6M","40.4M","40.3M","40.2M","40M","39.6M","39.3M","39M","38.9M","38.8M","38.6M","38.4M","38.4M","38.2M","37.8M","37.8M","37.4M","37.3M","37.2M","37.1M","37M","36.7M","36.5M","36.4M","36.2M","36M","36M","35.6M","35M","35M","35M","34.8M","346M","34.4M","34.4M","34.4M","34.3M","34.1M","34M","33.9M","33.8M","33.8M","33.8M","33.8M","33.8M","33.6M","33.6M","33.3M","33.2M","32.8M","32.7M","32.5M","32.5M","32.4M","324M","32.4M"],"okList":["82.7M","65.3M","64.5M","63.9M","63.0M","62.5M","60.2M","59.0M","58.8M","58.2M","58.1M","57.9M","55.9M","55.2M","53.6M","53.4M","0.532M","0.00528M","5.1800000000000005E-5M","5.12E-7M","5.6999999999999994E-8M","5.01E-9M","5.0E-9M","4.940000000000001E-9M","4.920000000000001E-9M","4.8E-9M","4.79E-9M","4.779999999999999E-9M","4.7499999999999995E-9M","4.739999999999999E-9M","4.65E-9M","4.629999999999999E-9M","4.4000000000000005E-9M","4.389999999999999E-9M","4.360000000000001E-9M","4.320000000000001E-9M","4.289999999999999E-9M","4.289999999999999E-9M","4.26E-8M","4.25E-9M","4.17E-9M","4.12E-8M","4.109999999999999E-9M","4.09E-9M","4.0600000000000005E-9M","4.039999999999999E-9M","4.03E-9M","4.020000000000001E-9M","4.0E-9M","3.96E-9M","3.9299999999999995E-9M","3.899999999999999E-9M","3.8900000000000004E-9M","3.879999999999999E-9M","3.86E-9M","3.84E-9M","3.84E-9M","3.8200000000000005E-9M","3.78E-9M","3.78E-9M","3.74E-9M","3.729999999999999E-9M","3.7200000000000012E-9M","3.7100000000000002E-9M","3.7000000000000005E-9M","3.6700000000000004E-9M","3.65E-9M","3.64E-9M","3.6200000000000003E-9M","3.6E-9M","3.6E-9M","3.5600000000000005E-9M","3.5E-9M","3.5E-9M","3.5E-9M","3.48E-9M","3.46E-8M","3.4399999999999997E-9M","3.4399999999999997E-9M","3.4399999999999997E-9M","3.43E-9M","3.41E-9M","3.4E-9M","3.3899999999999997E-9M","3.3799999999999995E-9M","3.3799999999999995E-9M","3.3799999999999995E-9M","3.3799999999999995E-9M","3.3799999999999995E-9M","3.3600000000000004E-9M","3.3600000000000004E-9M","3.33E-9M","3.32E-9M","3.28E-9M","3.27E-9M","3.2500000000000006E-9M","3.2500000000000006E-9M","3.24E-9M","3.2400000000000006E-8M","3.24E-9M"],"nokList":[]}