{"time":1755525082314,"server":2986,"cpList":["88.8M","82.4M","82.1M","82M","82M","75.7M","73.1M","71.6M","77M","70.7M","70.7M","70.4M","69.5M","69.3M","69.1M","68.4M","68M","67.7M","67.1M","66.9M","66.4M","66M","66M","65.6M","65.5M","63.7M","63.3M","63.3M","62.3M","62M","62M","61.8M","61.7M","61.4M","61.3M","61M","60.9M","60.5M","60.2M","59.4M","59.2M","59.1M","58.9M","58.7M","58.4M","57.8M","57.8M","56.6M","56.4M","56.2M","54.8M","54.7M","54.7M","54.1M","53.9M","53.7M","52.2M","52.1M","52M","51.6M","51.2M","50.7M","50.3M","50.2M","49.7M","48.6M","48.5M","48.3M","47.7M","468M","46.7M","46.6M","461M","461M","45.4M","45.3M","448M","446M","43.2M","43M","42.9M","42.7M","41.7M","41.1M","40.6M","40.1M","40M","39.5M","39.4M","39.1M","38.1M","37.9M","37.6M","36.9M","36.9M","36.5M","36M","35.9M","35.6M","35.5M"],"okList":["88.8M","82.4M","82.1M","82.0M","0.82M","0.00757M","7.31E-5M","7.159999999999999E-7M","7.699999999999999E-8M","7.070000000000001E-9M","7.070000000000001E-9M","7.040000000000001E-9M","6.949999999999999E-9M","6.929999999999999E-9M","6.91E-9M","6.840000000000001E-9M","6.8E-9M","6.77E-9M","6.709999999999999E-9M","6.69E-9M","6.64E-9M","6.6E-9M","6.6E-9M","6.56E-9M","6.550000000000001E-9M","6.37E-9M","6.3299999999999994E-9M","6.3299999999999994E-9M","6.23E-9M","6.2E-9M","6.2E-9M","6.18E-9M","6.17E-9M","6.14E-9M","6.13E-9M","6.099999999999998E-9M","6.09E-9M","6.05E-9M","6.02E-9M","5.9400000000000006E-9M","5.920000000000001E-9M","5.91E-9M","5.89E-9M","5.870000000000001E-9M","5.84E-9M","5.7799999999999995E-9M","5.7799999999999995E-9M","5.660000000000001E-9M","5.6399999999999995E-9M","5.620000000000001E-9M","5.48E-9M","5.47E-9M","5.47E-9M","5.410000000000001E-9M","5.390000000000001E-9M","5.37E-9M","5.22E-9M","5.21E-9M","5.2E-9M","5.160000000000001E-9M","5.1200000000000005E-9M","5.07E-9M","5.03E-9M","5.0200000000000004E-9M","4.970000000000001E-9M","4.86E-9M","4.8500000000000004E-9M","4.83E-9M","4.770000000000001E-9M","4.6799999999999996E-8M","4.670000000000001E-9M","4.66E-9M","4.610000000000001E-8M","4.610000000000001E-8M","4.5400000000000005E-9M","4.529999999999999E-9M","4.4800000000000004E-8M","4.4599999999999996E-8M","4.320000000000001E-9M","4.3000000000000005E-9M","4.289999999999999E-9M","4.27E-9M","4.17E-9M","4.109999999999999E-9M","4.0600000000000005E-9M","4.010000000000001E-9M","4.0E-9M","3.950000000000001E-9M","3.94E-9M","3.91E-9M","3.81E-9M","3.7899999999999995E-9M","3.7599999999999994E-9M","3.6900000000000003E-9M","3.6900000000000003E-9M","3.65E-9M","3.6E-9M","3.59E-9M","3.5600000000000005E-9M","3.5499999999999995E-9M"],"nokList":[]}