{"server":2989,"total":3425.0496,"average":35.6776,"cpValues":[],"cpList":["66.9M","61.3M","5AM","57.5M","57.5M","56.1M","55.1M","54.3M","53.7M","53.3M","51.3M","50.8M","50.7M","50.5M","49.5M","48.6M","47.6M","47.2M","46.7M","46.4M","46.2M","45.3M","44.2M","44.1M","44M","43M","41.8M","41.5M","41.1M","40.7M","40.7M","40.4M","40.3M","40.2M","38.3M","38.2M","38.2M","78M","37.8M","37.6M","37.3M","36.8M","36.7M","A6M","35.2M","35.1M","34.8M","34.3M","33.5M","33.1M","32.5M","32.3M","32.2M","31.2M","31.1M","30.9M","30.1M","29.7M","29.7M","29.6M","29.4M","29.3M","29.2M","29.2M","29.7M","29.7M","28.6M","28.3M","28.1M","27.4M","27.3M","27.3M","27.3M","27.3M","27M","26.9M","26.6M","26.5M","26.4M","26.4M","26M","25.8M","25.7M","25.6M","25.6M","25.2M","25.2M","25.2M","25.1M","24.6M","24.5M","24.2M","23.6M","23.5M","23.5M","23.4M","23.3M","23.3M","23.2M","23.2M"],"okList":["66.9M","59.4M","56.8M","56.3M","55.199997M","54.4M","53.8M","52.5M","52.05M","51.0M","50.65M","50.1M","49.55M","48.55M","47.9M","47.15M","46.800003M","46.45M","45.85M","45.2M","44.699997M","44.1M","43.55M","42.9M","42.25M","41.449997M","41.1M","40.9M","40.550003M","40.5M","40.300003M","39.3M","39.2M","38.25M","38.2M","38.0M","57.8M","37.55M","37.199997M","37.0M","35.95M","35.0M","34.699997M","34.15M","33.699997M","33.0M","32.699997M","32.35M","31.75M","31.650002M","31.05M","30.6M","30.3M","29.900002M","29.650002M","29.55M","29.45M","29.3M","29.25M","29.2M","29.7M","29.150002M","29.0M","28.35M","27.849998M","27.7M","27.349998M","27.3M","27.3M","27.15M","27.099998M","26.8M","26.7M","26.5M","26.45M","26.2M","26.099998M","25.85M","25.7M","25.650002M","25.400002M","25.400002M","25.2M","25.150002M","24.900002M","24.8M","24.400002M","24.05M","23.85M","23.55M","23.45M","23.4M","23.349998M","23.25M","23.25M","23.2M"],"nokList":["61.3M","57.5M","36.7M","35.2M"]}