{"server":3001,"total":4009.6997,"average":45.56477,"cpValues":[],"cpList":["65.2M","64.2M","63M","62.9M","62.8M","60.2M","59.8M","57.QM","57.QM","57.7M","57.7M","57.4M","56.9M","56.7M","56M","55.9M","55.9M","55.5M","55.1M","54.9M","54.4M","53.2M","52.7M","52.2M","51.8M","51.7M","51.5M","51.5M","51.3M","51.2M","50.7M","50.4M","50M","49.9M","49.8M","49.3M","48.7M","48.4M","47.8M","47.3M","47.2M","46.8M","46.7M","45.8M","45.8M","45M","44.1M","43.7M","43.7M","43.6M","43.3M","43.2M","43.1M","43.1M","42.6M","42.6M","42.5M","42M","42M","42M","41.7M","41.4M","41.1M","40.7M","40.4M","40.2M","40.1M","39.6M","39.1M","39.1M","38.9M","38.4M","37.5M","37.3M","37.3M","37.2M","A6.9M","A6.9M","36.4M","36.2M","A6M","A6M","35.1M","35.1M","34.9M","34.8M","34.8M","34.8M","34.6M","34.5M","34.5M","34.5M","34.5M","34.4M","34.1M","34M","34M","33.7M","33.5M","33.2M"],"okList":["65.2M","64.1M","63.55M","62.9M","61.550003M","61.3M","57.550003M","57.300003M","57.050003M","56.45M","56.300003M","55.95M","55.7M","55.5M","55.2M","54.75M","54.050003M","53.550003M","52.7M","52.25M","51.95M","51.65M","51.6M","51.4M","51.35M","51.0M","50.800003M","50.35M","50.15M","49.9M","49.6M","49.25M","48.85M","48.25M","47.85M","47.5M","47.05M","46.95M","46.3M","46.25M","45.4M","44.949997M","44.35M","43.9M","43.65M","43.5M","43.4M","43.199997M","43.15M","42.85M","42.85M","42.55M","42.3M","42.25M","42.0M","41.85M","41.7M","41.4M","41.050003M","40.75M","40.45M","40.25M","39.9M","39.6M","39.35M","39.0M","38.75M","38.2M","37.85M","37.4M","37.25M","35.0M","34.949997M","34.85M","34.8M","34.699997M","34.65M","34.55M","34.5M","34.5M","34.45M","34.3M","34.2M","34.05M","33.85M","33.75M","33.45M","33.2M"],"nokList":["59.8M","57.QM","57.QM","57.7M","37.2M","A6.9M","A6.9M","36.4M","36.2M","A6M","A6M","35.1M"]}