{"server":3002,"total":4212.8,"average":42.987755,"cpValues":[],"cpList":["67.7M","62M","61.1M","60.4M","60.3M","59.6M","58.8M","56.3M","54.8M","53.6M","53.3M","53M","53M","51.4M","50.1M","50M","49.6M","49.5M","49.2M","49.1M","48.8M","48.7M","48.6M","48.3M","47.9M","47.M","47.5M","46.7M","46.2M","45.9M","45.6M","45.3M","45.2M","45M","45M","44.1M","43.9M","43.8M","43.7M","43.5M","43.1M","43.1M","42.6M","42.5M","42.2M","41.9M","41.7M","41.4M","41.3M","41M","40.9M","40.6M","40.5M","40.5M","40.3M","40.1M","40M","39.3M","39.2M","39.2M","38.5M","38.3M","38.2M","78M","37.9M","37.7M","37.6M","37.3M","37.3M","36.8M","36.5M","36.5M","36.4M","36.4M","36.2M","A6M","35.9M","35.3M","35.2M","35.1M","34.9M","34.4M","34.4M","34.3M","34.1M","34.1M","33.4M","33.2M","33M","33M","32.8M","32.7M","32.5M","32.5M","32.4M","32M","31.6M","31.6M","31.6M","31.4M"],"okList":["67.7M","64.399994M","61.2M","60.699997M","60.0M","59.55M","57.949997M","56.8M","54.949997M","54.05M","53.3M","53.15M","52.2M","51.55M","50.7M","49.85M","49.75M","49.4M","49.3M","49.0M","48.9M","48.699997M","48.5M","48.25M","47.65M","47.7M","46.85M","46.85M","46.300003M","45.9M","45.6M","45.4M","45.15M","45.1M","44.55M","44.45M","43.949997M","43.800003M","43.65M","43.4M","43.3M","42.85M","42.8M","42.4M","42.2M","41.95M","41.65M","41.5M","41.2M","41.1M","40.8M","40.7M","40.55M","40.4M","40.3M","40.15M","39.699997M","39.6M","39.25M","38.85M","38.75M","38.35M","58.15M","38.050003M","57.85M","37.75M","37.5M","37.449997M","37.05M","36.9M","36.65M","36.45M","36.45M","36.300003M","36.050003M","35.550003M","35.199997M","35.050003M","34.75M","34.65M","34.35M","34.25M","34.199997M","33.75M","33.65M","33.2M","33.1M","32.9M","32.85M","32.65M","32.6M","32.45M","32.25M","32.0M","31.8M","31.6M","31.5M","31.4M"],"nokList":["36.2M","35.9M"]}