{"server":3005,"total":4382.7495,"average":45.65364,"cpValues":[],"cpList":["114M","70.6M","68.1M","66.9M","63.6M","62.4M","59.2M","59M","58.4M","57.8M","56.7M","55.1M","54.8M","54.6M","54M","53.9M","52.9M","52.9M","51.8M","51.5M","51.3M","49.9M","49.3M","48.M","48.8M","48.7M","48.7M","48.3M","48.2M","48M","47.M","47.M","47.4M","47.4M","46.2M","45.9M","45.6M","45.4M","45.3M","45M","44.6M","44.4M","44.3M","44M","43.1M","43M","42.7M","42.7M","42.3M","42M","41.5M","41.5M","41.4M","41.2M","41.1M","40.9M","40.7M","40.7M","40.4M","40.2M","39.8M","39.7M","39.7M","39.5M","39.1M","38.8M","38.5M","38.5M","38.3M","78M","37.7M","37.6M","37.6M","37.5M","37.1M","37.1M","A6.9M","36.7M","36.7M","A6.6M","36.5M","36.3M","35.9M","35.7M","35.4M","35.3M","35.2M","35.2M","35M","34.6M","34.3M","34.2M","34.2M","34.2M","34.1M","34M","33.7M","33.6M","33.5M","33.4M"],"okList":["114.0M","91.05M","68.75M","65.85M","64.65M","61.4M","60.7M","58.800003M","58.4M","57.550003M","56.449997M","55.75M","54.85M","54.4M","54.25M","53.45M","53.4M","52.35M","52.2M","51.55M","50.7M","50.3M","48.95M","49.05M","48.35M","48.75M","48.5M","48.45M","48.15M","47.6M","47.5M","47.0M","47.4M","46.800003M","46.65M","45.9M","45.65M","45.449997M","45.2M","44.949997M","44.7M","44.449997M","44.2M","43.699997M","43.5M","42.9M","42.85M","42.5M","42.35M","41.9M","41.75M","41.45M","41.35M","41.25M","41.050003M","40.9M","40.800003M","40.550003M","40.45M","40.1M","39.95M","39.75M","39.6M","39.4M","39.15M","38.8M","38.65M","38.4M","58.25M","38.0M","57.8M","37.65M","37.55M","37.35M","37.3M","36.9M","36.6M","36.2M","36.0M","35.65M","35.5M","35.300003M","35.25M","35.1M","34.9M","34.65M","34.4M","34.25M","34.2M","34.15M","34.1M","33.9M","33.8M","33.6M","33.5M","33.4M"],"nokList":["37.1M","36.7M","36.7M","36.5M"]}