{"server":3016,"total":3271.9004,"average":35.564137,"cpValues":[],"cpList":["64.1M","60.3M","55.4M","49.2M","49.1M","49M","48.7M","48.5M","47.M","46.7M","46.7M","46M","45M","44.2M","43.2M","42.6M","42.1M","42.1M","41.9M","41.4M","40.7M","40.6M","40.2M","40.1M","39.8M","39.7M","39.3M","38.8M","37.9M","37.9M","37.6M","36.7M","36.4M","36.3M","A6M","A6M","35.8M","35.8M","35.7M","34.9M","34.9M","34.9M","34.8M","34.6M","34.6M","34.4M","34.3M","34.2M","A3.6M","A3.6M","33.5M","33.4M","33.2M","33.1M","32.9M","32.9M","32.7M","32.5M","32.4M","32.1M","32M","31.8M","31.7M","31.7M","31.6M","31.5M","30.9M","30.8M","30.7M","30.7M","30.5M","30.4M","30.3M","30M","29.9M","29.8M","29.5M","29.4M","29.4M","29.3M","29.2M","28.8M","29.7M","28.6M","28.4M","28.3M","28.3M","28.2M","28.1M","28.1M","28M","28M","27.5M","27.3M","27.2M","21.2M","26.9M","26.9M","26.8M","26.8M"],"okList":["64.1M","59.75M","54.75M","52.25M","49.1M","48.9M","48.75M","47.85M","47.6M","46.85M","46.35M","45.85M","45.1M","44.1M","43.4M","42.65M","42.35M","42.0M","41.75M","41.300003M","41.0M","40.45M","40.35M","40.0M","39.9M","39.55M","39.25M","38.6M","38.35M","37.75M","37.300003M","37.0M","36.5M","35.75M","35.35M","35.300003M","34.9M","34.85M","34.75M","34.699997M","34.5M","34.449997M","34.300003M","33.35M","33.25M","33.050003M","33.0M","32.800003M","32.7M","32.550003M","32.3M","32.2M","31.949999M","31.85M","31.75M","31.650002M","31.6M","31.25M","31.15M","30.8M","30.75M","30.6M","30.55M","30.4M","30.2M","30.099998M","29.9M","29.7M","29.599998M","29.45M","29.349998M","29.3M","29.05M","29.45M","28.7M","29.05M","28.45M","28.349998M","28.25M","28.2M","28.150002M","28.05M","28.05M","27.75M","27.65M","27.35M","24.25M","27.05M","26.9M","26.849998M","26.849998M","26.8M"],"nokList":["36.3M","A6M","A6M","35.8M","34.2M","A3.6M","A3.6M","33.5M"]}