{"server":3018,"total":3322.7996,"average":36.514282,"cpValues":[],"cpList":["58.5M","5AM","56M","55.1M","54.2M","52.9M","52.7M","51M","50.7M","50.5M","49.1M","48.6M","48.4M","47.5M","46.9M","46.5M","46.5M","45.9M","45.6M","45.3M","44.7M","44.2M","44.1M","43.3M","42.4M","42.4M","42.4M","42.2M","41.3M","41M","40.6M","40.6M","40.5M","39.4M","38.7M","38.5M","38.2M","38.1M","37.7M","37.7M","37.1M","A6.6M","36.4M","36.2M","A6.1M","A6M","35.6M","35.4M","35M","34.8M","34.4M","34.4M","34.3M","34.2M","34M","A3.6M","33M","32.7M","32.4M","32.4M","32.4M","32.3M","32.3M","31.9M","31M","31M","30.9M","30.5M","30.4M","30.4M","30.2M","29.8M","29.7M","29.5M","29.3M","29.3M","29.2M","29.1M","28.5M","28.4M","28.4M","28.2M","27.9M","27.7M","27.7M","27.4M","27.2M","27M","26.8M","26.8M","26.5M","26.4M","26.4M","26.1M","26.1M","26M","25.8M","25.6M","25.5M","25.5M"],"okList":["58.5M","57.25M","55.1M","54.0M","53.45M","51.95M","51.7M","50.75M","49.9M","49.55M","48.75M","48.05M","47.65M","47.0M","46.7M","46.2M","46.05M","45.6M","45.15M","44.75M","44.4M","43.75M","43.25M","42.85M","42.4M","42.300003M","41.85M","41.6M","40.949997M","40.8M","40.55M","40.0M","39.6M","38.95M","38.45M","38.3M","37.95M","37.9M","37.4M","36.75M","35.3M","35.1M","34.7M","34.6M","34.35M","34.300003M","34.15M","33.5M","32.7M","32.550003M","32.4M","32.35M","32.35M","32.1M","31.65M","31.45M","30.95M","30.75M","30.65M","30.45M","30.3M","30.099998M","29.95M","29.65M","29.5M","29.4M","29.25M","29.2M","28.85M","28.75M","28.45M","28.3M","28.15M","27.95M","27.8M","27.55M","27.45M","27.2M","27.0M","26.9M","26.65M","26.599998M","26.45M","26.25M","26.25M","26.05M","25.95M","25.8M","25.65M","25.55M","25.5M"],"nokList":["56M","37.1M","36.4M","36.2M","A6.1M","A6M","35.6M","34M","33M"]}