{"time":1755525347226,"server":3019,"cpList":["71.3M","60.6M","59.1M","53.2M","52.4M","51.4M","57M","50.5M","50M","49.8M","49.2M","48.5M","48.2M","47M","461M","461M","45.3M","45M","44.7M","44M","43.8M","43.8M","42.8M","41.4M","41M","41M","40.9M","40.6M","40.4M","40.2M","39.6M","39.5M","39.3M","39.2M","39.2M","39.1M","39.1M","38.8M","38.5M","38.4M","37.8M","37.4M","37.1M","37.1M","36.7M","36M","35.8M","35.8M","35.7M","35.6M","35.5M","34.7M","34.7M","34.3M","342M","34.1M","34M","33.8M","33.5M","33.3M","33M","32.9M","32.6M","32.6M","32.3M","32.2M","32.2M","32M","31.8M","31.8M","31.7M","31.4M","31.4M","31.3M","31.2M","31M","30.8M","30.8M","30.7M","30.5M","30.5M","30.5M","29.8M","29.5M","29.4M","29.4M","29.1M","29M","29M","28.7M","28.7M","28.5M","28.3M","28.3M","28.2M","28.1M","27.7M","27.7M","27.6M","27.6M"],"okList":["71.3M","60.6M","0.591M","0.00532M","5.24E-5M","5.140000000000001E-7M","5.6999999999999994E-8M","5.0500000000000006E-9M","5.0E-9M","4.979999999999999E-9M","4.920000000000001E-9M","4.8500000000000004E-9M","4.820000000000001E-9M","4.699999999999999E-9M","4.610000000000001E-8M","4.610000000000001E-8M","4.529999999999999E-9M","4.500000000000001E-9M","4.4700000000000005E-9M","4.4000000000000005E-9M","4.379999999999999E-9M","4.379999999999999E-9M","4.279999999999999E-9M","4.139999999999999E-9M","4.0999999999999995E-9M","4.0999999999999995E-9M","4.09E-9M","4.0600000000000005E-9M","4.039999999999999E-9M","4.020000000000001E-9M","3.96E-9M","3.950000000000001E-9M","3.9299999999999995E-9M","3.92E-9M","3.92E-9M","3.91E-9M","3.91E-9M","3.879999999999999E-9M","3.8500000000000006E-9M","3.84E-9M","3.78E-9M","3.74E-9M","3.7100000000000002E-9M","3.7100000000000002E-9M","3.6700000000000004E-9M","3.6E-9M","3.5799999999999996E-9M","3.5799999999999996E-9M","3.57E-9M","3.5600000000000005E-9M","3.5499999999999995E-9M","3.4700000000000002E-9M","3.4700000000000002E-9M","3.43E-9M","3.42E-8M","3.41E-9M","3.4E-9M","3.3799999999999995E-9M","3.3500000000000002E-9M","3.33E-9M","3.3E-9M","3.2899999999999996E-9M","3.2600000000000007E-9M","3.2600000000000007E-9M","3.229999999999999E-9M","3.2200000000000005E-9M","3.2200000000000005E-9M","3.2E-9M","3.18E-9M","3.18E-9M","3.17E-9M","3.14E-9M","3.14E-9M","3.13E-9M","3.12E-9M","3.1E-9M","3.0799999999999997E-9M","3.0799999999999997E-9M","3.07E-9M","3.049999999999999E-9M","3.049999999999999E-9M","3.049999999999999E-9M","2.98E-9M","2.95E-9M","2.94E-9M","2.94E-9M","2.9100000000000005E-9M","2.9E-9M","2.9E-9M","2.87E-9M","2.87E-9M","2.85E-9M","2.8300000000000004E-9M","2.8300000000000004E-9M","2.8199999999999998E-9M","2.8100000000000004E-9M","2.77E-9M","2.77E-9M","2.7600000000000004E-9M","2.7600000000000004E-9M"],"nokList":[]}