{"server":3019,"total":3659.1501,"average":37.33827,"cpValues":[],"cpList":["64.5M","64.4M","60.6M","59.1M","53.2M","52.4M","51M","50M","49.8M","49.4M","49M","48.6M","48.5M","48.2M","47M","46.1M","45M","44.6M","44M","43.8M","43.8M","42.8M","42.5M","42.1M","41M","40.9M","40.3M","40.2M","39.6M","39.2M","39.1M","38.8M","38.5M","38.4M","37.9M","37.8M","37.6M","37.4M","37.3M","37.1M","37.1M","36.7M","36.7M","A6.6M","36.4M","36.2M","35.8M","35.7M","35.7M","35.6M","35.5M","34.9M","34.7M","34.7M","34.6M","34.2M","34.1M","34.1M","34.1M","34M","33.8M","33.3M","33.1M","32.9M","32.6M","32.6M","32.2M","32.2M","32.2M","32M","31.8M","31.7M","31.4M","31.3M","31.2M","31.1M","31M","30.8M","30.5M","30.5M","30.4M","30.1M","29.8M","29.5M","29.4M","29.3M","29.3M","29.2M","29M","29M","28.8M","29.7M","28.5M","28.3M","28.3M","28.2M","28.1M","27.9M","21.7M","27.6M"],"okList":["64.5M","62.55M","61.75M","56.9M","55.75M","52.1M","51.2M","50.4M","49.7M","49.4M","49.0M","48.75M","48.4M","47.75M","47.15M","46.0M","45.35M","44.5M","44.199997M","43.9M","43.3M","43.15M","42.449997M","41.75M","41.5M","40.65M","40.550003M","39.949997M","39.7M","39.35M","39.0M","38.8M","38.6M","38.2M","38.1M","37.75M","37.6M","37.449997M","37.25M","37.199997M","36.9M","36.9M","36.550003M","36.1M","35.95M","35.75M","35.65M","35.6M","35.25M","35.1M","34.800003M","34.65M","34.45M","34.35M","34.15M","34.1M","34.05M","33.949997M","33.65M","33.449997M","33.1M","32.85M","32.75M","32.4M","32.4M","32.2M","32.1M","32.0M","31.85M","31.599998M","31.5M","31.3M","31.2M","31.1M","30.95M","30.75M","30.65M","30.45M","30.3M","30.099998M","29.8M","29.599998M","29.4M","29.349998M","29.25M","29.15M","29.1M","28.9M","29.35M","28.65M","29.0M","28.4M","28.25M","28.2M","28.05M","24.900002M","27.75M","27.6M"],"nokList":["36.7M","36.4M"]}