{"server":3037,"total":3665.7493,"average":38.586834,"cpValues":[],"cpList":["78.7M","78.7M","64.5M","62.2M","61.3M","59.9M","59.8M","59M","56.6M","55.1M","54.9M","54.8M","54.3M","53.8M","52.2M","50.6M","50.6M","48.1M","48.1M","46.7M","46.5M","46M","45.9M","44.7M","44M","44M","43.5M","43.4M","43.1M","42.4M","42.1M","41.8M","41.5M","41.4M","40.1M","39.6M","39.2M","39.1M","37.7M","37.7M","37.5M","37.5M","37.4M","A6.9M","36.4M","A6.1M","A6M","35.7M","35.6M","35.4M","35.2M","35.2M","34.8M","34.7M","34.3M","34.1M","34M","33.9M","33.1M","32.8M","32.6M","32.3M","32.3M","32.3M","32.2M","32M","31M","30.9M","30.8M","30.1M","29.9M","29.8M","29.7M","29.6M","29.1M","29M","28.9M","29.7M","28.6M","28.5M","28.4M","28.3M","28.1M","27.9M","27.7M","27.6M","27.1M","27M","27M","27M","26.8M","26.7M","26.6M","26.3M","26.2M","26.1M","26.1M","25.7M","25.7M","25.6M"],"okList":["78.7M","71.6M","70.45M","62.9M","61.050003M","60.55M","59.45M","58.199997M","57.05M","55.75M","54.949997M","54.6M","54.3M","53.25M","52.199997M","51.4M","49.35M","49.35M","47.4M","47.3M","46.35M","46.2M","45.35M","44.95M","44.35M","43.75M","43.7M","43.3M","42.9M","42.6M","42.1M","41.8M","41.6M","40.8M","40.5M","39.65M","39.35M","38.45M","38.4M","37.6M","37.6M","37.45M","36.9M","35.550003M","35.4M","35.300003M","35.0M","34.95M","34.55M","34.4M","34.15M","34.0M","33.55M","33.35M","32.85M","32.55M","32.449997M","32.3M","32.25M","32.15M","31.6M","31.45M","30.9M","30.5M","30.349998M","29.95M","29.8M","29.7M","29.400002M","29.3M","29.0M","29.35M","28.75M","29.1M","28.5M","28.4M","28.25M","28.099998M","27.900002M","27.75M","27.400002M","27.3M","27.05M","27.0M","26.9M","26.85M","26.7M","26.5M","26.400002M","26.2M","26.150002M","25.900002M","25.900002M","25.650002M","25.6M"],"nokList":["37.4M","36.4M","A6.1M","A6M","35.7M"]}