{"server":3038,"total":3476.0005,"average":36.97873,"cpValues":[],"cpList":["67.5M","62.4M","61.1M","56.5M","54.3M","53.9M","53.9M","52.4M","50.4M","50.3M","50.2M","50.2M","49.4M","47.3M","47.2M","47.1M","47.1M","46.1M","46M","45.7M","44.7M","44.4M","43.4M","43.4M","43.3M","42.9M","42.8M","42.7M","42.6M","42.3M","41.9M","41.8M","41.6M","41.1M","40.9M","40.2M","39.2M","38.1M","38.1M","37.7M","37.1M","A6.9M","36.7M","36.5M","36.3M","35.8M","35.2M","35.1M","34.5M","34.4M","34.2M","33.7M","A3.6M","A3.6M","32.7M","32.3M","32.3M","32.2M","32.1M","31.8M","31.7M","31.2M","30.8M","30.7M","30.5M","30.3M","30M","29.6M","29.5M","29.4M","29.3M","29.3M","29.2M","28.9M","29.7M","28.6M","28.3M","28M","27.9M","27.8M","27.6M","27.5M","27.5M","27.5M","27.5M","26.9M","26.7M","26.7M","26.6M","26.5M","26.3M","26.3M","26.2M","26.2M","26M","25.9M","25.9M","25.9M","25.8M","25.8M"],"okList":["67.5M","64.3M","59.45M","57.699997M","55.2M","54.1M","53.15M","52.15M","51.35M","50.300003M","50.25M","49.800003M","48.75M","48.300003M","47.199997M","47.15M","46.6M","46.55M","45.9M","45.35M","45.050003M","44.050003M","43.9M","43.35M","43.15M","43.05M","42.800003M","42.699997M","42.5M","42.25M","42.05M","41.75M","41.449997M","41.25M","40.65M","40.050003M","39.15M","38.65M","37.9M","37.6M","36.9M","36.5M","36.15M","35.75M","35.449997M","34.85M","34.75M","34.35M","34.050003M","32.5M","32.25M","32.199997M","32.0M","31.9M","31.5M","31.25M","30.95M","30.65M","30.5M","30.25M","29.95M","29.75M","29.5M","29.4M","29.349998M","29.25M","29.099998M","29.45M","28.75M","29.0M","28.3M","28.099998M","27.9M","27.75M","27.65M","27.55M","27.5M","27.5M","27.2M","27.1M","26.8M","26.650002M","26.6M","26.45M","26.4M","26.25M","26.25M","26.1M","26.05M","25.95M","25.9M","25.849998M","25.849998M","25.8M"],"nokList":["37.1M","36.7M","33.7M","A3.6M","A3.6M","32.7M"]}