{"time":1755525426193,"server":3040,"cpList":["80.3M","77.5M","762M","72.9M","71.2M","69.5M","68.7M","67.3M","66.6M","65.2M","64.9M","646M","646M","642M","63.8M","63M","62.5M","62.5M","62.3M","62.1M","61.8M","61.5M","61.1M","61M","60.7M","60.1M","60M","59.8M","59.8M","59.7M","59.6M","59.5M","59.2M","59M","58.6M","58.5M","58.3M","58.2M","57.9M","57.8M","57.7M","57.6M","57M","56.2M","56M","56M","55.9M","55.9M","55.8M","55.7M","55.5M","55.4M","55.2M","55M","55M","54.8M","54.4M","543M","542M","54M","53.9M","53.9M","53.1M","53.1M","52.6M","51.9M","51.8M","51.4M","51.4M","51.3M","51.2M","50.8M","50.6M","50.6M","50.5M","50.4M","50.2M","50.1M","49.9M","49.6M","49.4M","49.3M","49.1M","49M","48.8M","48.6M","48.4M","48.3M","48.2M","47.9M","47.9M","47.7M","47.7M","47.5M","47.4M","46.7M","46.5M","46.4M","462M","46.2M"],"okList":["0.8029999999999999M","0.00775M","1.62E-5M","7.290000000000001E-8M","7.120000000000001E-9M","6.949999999999999E-9M","6.8700000000000005E-9M","6.73E-9M","6.66E-9M","6.5200000000000015E-9M","6.4900000000000005E-9M","6.460000000000001E-8M","6.460000000000001E-8M","6.419999999999999E-8M","6.380000000000001E-9M","6.3E-9M","6.2500000000000005E-9M","6.2500000000000005E-9M","6.23E-9M","6.210000000000001E-9M","6.18E-9M","6.1500000000000005E-9M","6.11E-9M","6.099999999999998E-9M","6.07E-9M","6.01E-9M","6.0E-9M","5.9800000000000004E-9M","5.9800000000000004E-9M","5.97E-9M","5.96E-9M","5.9499999999999995E-9M","5.920000000000001E-9M","5.9E-9M","5.86E-9M","5.8499999999999994E-9M","5.83E-9M","5.820000000000001E-9M","5.79E-9M","5.7799999999999995E-9M","5.7700000000000005E-9M","5.760000000000001E-9M","5.7E-9M","5.620000000000001E-9M","5.6000000000000005E-9M","5.6000000000000005E-9M","5.59E-9M","5.59E-9M","5.5799999999999985E-9M","5.57E-9M","5.55E-9M","5.54E-9M","5.520000000000001E-9M","5.500000000000001E-9M","5.500000000000001E-9M","5.48E-9M","5.44E-9M","5.4299999999999997E-8M","5.4199999999999996E-8M","5.4E-9M","5.390000000000001E-9M","5.390000000000001E-9M","5.310000000000001E-9M","5.310000000000001E-9M","5.2600000000000004E-9M","5.1900000000000005E-9M","5.180000000000001E-9M","5.140000000000001E-9M","5.140000000000001E-9M","5.13E-9M","5.1200000000000005E-9M","5.080000000000001E-9M","5.06E-9M","5.06E-9M","5.0500000000000006E-9M","5.040000000000001E-9M","5.0200000000000004E-9M","5.01E-9M","4.989999999999999E-9M","4.96E-9M","4.940000000000001E-9M","4.930000000000001E-9M","4.910000000000001E-9M","4.9E-9M","4.8800000000000005E-9M","4.86E-9M","4.839999999999999E-9M","4.83E-9M","4.820000000000001E-9M","4.79E-9M","4.79E-9M","4.770000000000001E-9M","4.770000000000001E-9M","4.7499999999999995E-9M","4.739999999999999E-9M","4.670000000000001E-9M","4.65E-9M","4.6400000000000005E-9M","4.62E-8M","4.62E-9M"],"nokList":[]}