{"server":3040,"total":5103.9,"average":52.617523,"cpValues":[],"cpList":["70.6M","67.9M","67.8M","67.6M","6M","63.9M","63.5M","63M","62.3M","62.3M","62.1M","61.6M","61.1M","61.1M","61M","61M","59.8M","59.7M","59.5M","59.2M","59.2M","58.6M","58.5M","58.5M","58.5M","58.4M","58.3M","57.QM","57.6M","57.4M","56.9M","56.7M","56.7M","56.2M","55.6M","55.1M","55M","54.9M","54.5M","54.5M","54.4M","54.2M","53.9M","53.8M","53.4M","53.3M","52.9M","52.8M","52.6M","52.4M","52.2M","52.1M","51.9M","51.9M","51.8M","51.7M","51.5M","51.5M","51.4M","51.3M","51.3M","51.2M","50.7M","50.3M","50.1M","50.1M","49.7M","49.6M","49.3M","49M","48.M","48.8M","48.6M","48M","48M","47.M","47.2M","47.2M","46.9M","46.8M","46.7M","46.6M","46.5M","46.4M","46.4M","46.2M","46.2M","46.2M","46M","46M","45.6M","45.2M","45.2M","44.7M","44.3M","44.1M","44M","43.9M","43.9M","43.5M"],"okList":["70.6M","69.2M","67.75M","36.9M","65.75M","34.75M","63.45M","62.9M","62.65M","62.199997M","61.949997M","61.6M","61.35M","61.05M","61.05M","60.4M","60.35M","59.65M","59.45M","59.35M","58.9M","58.85M","58.55M","58.5M","58.45M","58.4M","57.25M","57.050003M","56.800003M","56.45M","56.15M","55.65M","55.3M","55.0M","54.75M","54.7M","54.45M","54.35M","54.15M","54.0M","53.65M","53.55M","53.15M","53.05M","52.75M","52.6M","52.4M","52.25M","52.050003M","52.0M","51.85M","51.800003M","51.65M","51.6M","51.45M","51.4M","51.35M","51.25M","51.0M","50.75M","50.4M","50.199997M","49.9M","49.85M","49.5M","49.3M","48.65M","48.9M","48.3M","48.4M","48.3M","47.5M","47.6M","47.2M","47.050003M","47.0M","46.800003M","46.699997M","46.6M","46.5M","46.45M","46.300003M","46.300003M","46.2M","46.1M","46.1M","45.8M","45.6M","45.4M","44.95M","44.75M","44.4M","44.15M","44.0M","43.95M","43.7M","43.5M"],"nokList":["58.3M","57.QM","57.6M"]}