{"time":1756273459057,"server":3051,"cpList":["MT4M","MT4M","MTM","109M","106M","106M","102M","98.8M","98.4M","97.5M","96.8M","95.1M","93.9M","93.5M","93.3M","93.1M","92.9M","92.7M","92.6M","92.4M","92M","91.8M","90.7M","89.9M","89.5M","89M","88.9M","87.2M","86.3M","86.2M","85.9M","85.7M","85.4M","85M","84.8M","84.8M","84.6M","84.4M","84M","83.7M","83.5M","83.3M","83M","82.9M","82.8M","82.7M","82.7M","81.8M","81.7M","81.7M","81.6M","81.5M","81.5M","812M","81.1M","80.9M","80.7M","80.6M","80.6M","80.5M","80.5M","80.1M","79.9M","79.9M","79.6M","79.5M","79.4M","79.4M","79.1M","79M","78.9M","78.7M","78.6M","78.4M","78.3M","78.3M","78.1M","78.1M","78.1M","77.8M","77.7M","77.6M","77.6M","77.4M","77.4M","77.4M","77.3M","76.9M","76.9M","76.5M","76.5M","76.5M","76.4M","76M","76M","76M","75.9M","75.6M","75.6M","75.5M"],"okList":["74.0M","74.0M","7.0M","10.9M","10.6M","10.6M","10.2M","9.879999999999999M","9.84M","9.75M","9.68M","9.51M","9.39M","9.35M","9.33M","9.309999999999999M","9.290000000000001M","9.27M","9.26M","9.24M","9.2M","9.18M","9.07M","8.99M","8.95M","8.9M","8.89M","8.72M","8.629999999999999M","8.620000000000001M","8.59M","8.57M","8.540000000000001M","8.5M","8.48M","8.48M","8.459999999999999M","8.440000000000001M","8.4M","8.370000000000001M","8.35M","8.33M","8.3M","8.290000000000001M","8.28M","8.27M","8.27M","8.18M","8.17M","8.17M","8.16M","8.15M","8.15M","8.120000000000001M","8.11M","8.09M","8.07M","8.059999999999999M","8.059999999999999M","8.05M","8.05M","8.01M","7.99M","7.99M","7.959999999999999M","7.95M","7.94M","7.94M","7.909999999999999M","7.9M","7.890000000000001M","7.87M","7.859999999999999M","7.840000000000001M","7.83M","7.83M","7.81M","7.81M","7.81M","7.779999999999999M","7.7700000000000005M","7.76M","7.76M","7.74M","7.74M","7.74M","7.7299999999999995M","7.69M","7.69M","7.65M","7.65M","7.65M","7.640000000000001M","7.6M","7.6M","7.6M","7.590000000000001M","7.56M","7.56M","7.55M"],"nokList":[]}