{"server":3051,"total":6994.8506,"average":76.03098,"cpValues":[],"cpList":["107M","97.9M","94.3M","N3.QM","23.7M","N3.2M","N2M","21.4M","88.7M","88.3M","88.2M","88.2M","87.7M","87.3M","86.2M","85.2M","83.7M","83.6M","82.1M","81.6M","81.4M","81.4M","81.4M","81.1M","80.9M","80.8M","80.4M","80.4M","80.2M","79.9M","79.6M","79.1M","79.1M","78.7M","78.5M","78.3M","78.1M","7AM","77.M","77.6M","77M","76.5M","76.2M","76.1M","76M","75.9M","75.5M","74.8M","74.8M","74.6M","74.4M","74.3M","74.3M","74.3M","74.3M","74.2M","74.2M","74.1M","73.7M","73.5M","73.5M","73.4M","73.2M","73.2M","73M","73M","72.9M","72.8M","72.8M","72.8M","72.7M","72.7M","71.9M","71.9M","71.8M","71.7M","71.7M","71.7M","71.6M","71.6M","71.5M","71.5M","71.4M","71.4M","71.3M","71.1M","70.8M","70.8M","70.7M","70.7M","70.6M","70.5M","70.4M","70.1M","69.8M","69.5M","69.3M","62.2M","69.2M","69.2M"],"okList":["107.0M","100.65M","54.850002M","88.45M","88.25M","87.95M","87.75M","86.95M","86.25M","84.95M","84.399994M","82.899994M","82.6M","81.75M","81.5M","81.4M","81.25M","81.15M","80.95M","80.65M","80.600006M","80.3M","80.15M","79.899994M","79.5M","79.35M","78.899994M","78.8M","78.5M","78.3M","77.55M","77.0M","77.05M","76.6M","76.3M","76.1M","76.0M","75.75M","75.350006M","75.15M","74.7M","74.600006M","74.45M","74.350006M","74.3M","74.3M","74.25M","74.25M","74.149994M","73.95M","73.8M","73.6M","73.45M","73.35M","73.3M","73.1M","73.1M","72.95M","72.9M","72.850006M","72.8M","72.75M","72.75M","72.3M","72.3M","71.850006M","71.8M","71.75M","71.7M","71.649994M","71.649994M","71.55M","71.55M","71.45M","71.45M","71.350006M","71.25M","71.05M","70.95M","70.75M","70.75M","70.649994M","70.6M","70.5M","70.3M","70.100006M","69.8M","69.55M","65.85M","69.25M","69.2M","69.2M"],"nokList":["94.3M","N3.QM","23.7M","N3.2M","N2M","21.4M","78.1M","77.M"]}