{"time":1755525452912,"server":3051,"cpList":["114M","113M","771M","109M","106M","106M","102M","98.7M","97.4M","97.2M","96.4M","94.4M","93.9M","93.5M","93.2M","93M","92.8M","92.5M","92.4M","91.9M","91.8M","916M","90.6M","89.8M","89.1M","88.7M","88.4M","87M","86.3M","86.2M","85.8M","85.5M","85.3M","848M","84.5M","84.4M","84.4M","83.8M","83.8M","83.3M","83.3M","82.8M","82.8M","82.7M","82.4M","81.7M","81.6M","81.5M","81.4M","81.2M","81.1M","81.1M","81M","80.8M","80.7M","80.6M","80.5M","80.4M","80.4M","80.4M","80.1M","80M","79.9M","79.8M","79.5M","79.4M","79.4M","79.4M","78.9M","78.9M","78.8M","78.6M","78.3M","78.3M","78M","77.8M","77.7M","77.6M","77.6M","77.5M","77.3M","77.3M","77.2M","77.2M","77.1M","77.1M","76.9M","76.7M","766M","76.5M","76.4M","76.4M","75.8M","75.8M","75.6M","75.6M","75.6M","75.5M","75.5M","75.2M"],"okList":["0.00114M","1.1299999999999999E-5M","1.7100000000000001E-6M","1.0900000000000001E-7M","1.06E-7M","1.06E-7M","1.0199999999999999E-7M","9.87E-8M","9.740000000000002E-9M","9.72E-9M","9.640000000000002E-9M","9.44E-9M","9.39E-9M","9.350000000000001E-9M","9.32E-9M","9.3E-9M","9.280000000000001E-9M","9.250000000000002E-9M","9.24E-9M","9.19E-9M","9.18E-9M","9.16E-8M","9.059999999999998E-9M","8.98E-9M","8.91E-9M","8.869999999999998E-9M","8.84E-9M","8.7E-9M","8.630000000000002E-9M","8.62E-9M","8.579999999999998E-9M","8.55E-9M","8.530000000000001E-9M","8.48E-8M","8.45E-9M","8.440000000000001E-9M","8.440000000000001E-9M","8.380000000000001E-9M","8.380000000000001E-9M","8.329999999999999E-9M","8.329999999999999E-9M","8.279999999999999E-9M","8.279999999999999E-9M","8.270000000000002E-9M","8.240000000000001E-9M","8.170000000000001E-9M","8.159999999999998E-9M","8.149999999999999E-9M","8.140000000000002E-9M","8.120000000000001E-9M","8.11E-9M","8.11E-9M","8.100000000000001E-9M","8.079999999999999E-9M","8.07E-9M","8.06E-9M","8.050000000000001E-9M","8.040000000000001E-9M","8.040000000000001E-9M","8.040000000000001E-9M","8.009999999999999E-9M","8.0E-9M","7.99E-9M","7.98E-9M","7.950000000000002E-9M","7.94E-9M","7.94E-9M","7.94E-9M","7.890000000000001E-9M","7.890000000000001E-9M","7.88E-9M","7.859999999999999E-9M","7.829999999999998E-9M","7.829999999999998E-9M","7.799999999999999E-9M","7.780000000000001E-9M","7.770000000000001E-9M","7.759999999999998E-9M","7.759999999999998E-9M","7.75E-9M","7.729999999999999E-9M","7.729999999999999E-9M","7.72E-9M","7.72E-9M","7.71E-9M","7.71E-9M","7.69E-9M","7.669999999999999E-9M","1.66E-8M","7.649999999999999E-9M","7.640000000000001E-9M","7.640000000000001E-9M","7.579999999999999E-9M","7.579999999999999E-9M","7.56E-9M","7.56E-9M","7.56E-9M","7.550000000000001E-9M","7.550000000000001E-9M","7.519999999999999E-9M"],"nokList":[]}