{"server":3052,"total":5370.5,"average":55.942707,"cpValues":[],"cpList":["76M","74M","73.1M","70.6M","70.3M","69.6M","69.6M","69.2M","6A.6M","66.2M","65.7M","65.3M","65.2M","64.5M","64M","63.6M","63.5M","63.4M","63.4M","63.3M","62.6M","62.4M","62.4M","62.1M","62M","61.6M","61.2M","60.8M","60.7M","60.4M","60.2M","59.7M","58.7M","58.7M","58.6M","58.1M","5AM","57.7M","57.6M","57.4M","57.2M","57M","56.8M","56.7M","56.4M","56.3M","56.3M","56.2M","55.7M","55.6M","55.4M","55.1M","55M","54.9M","54.5M","54.1M","54M","54M","53.6M","53.5M","53M","52.8M","52.7M","52.6M","51.8M","51.8M","51.8M","51.7M","51.6M","51.4M","51.2M","50.9M","50.9M","50.9M","50.8M","50.8M","50.5M","50.3M","50M","49.6M","49.6M","49.6M","49.4M","48.8M","48.8M","48.7M","48.7M","48.4M","48.4M","48.3M","48.2M","48.1M","48M","41.8M","47.8M","47.6M","47.5M","47.3M","+1.3M","47.2M"],"okList":["76.0M","74.55M","72.3M","71.7M","70.1M","69.95M","69.399994M","67.7M","65.75M","65.45M","64.9M","64.6M","64.05M","63.75M","63.5M","63.45M","63.35M","63.0M","62.85M","62.5M","62.25M","62.2M","61.85M","61.6M","61.199997M","60.95M","60.6M","60.45M","60.050003M","59.45M","59.2M","58.65M","58.4M","57.9M","57.550003M","57.4M","57.2M","57.0M","56.85M","56.6M","56.5M","56.35M","56.25M","56.0M","55.9M","55.550003M","55.35M","55.2M","55.0M","54.75M","54.5M","54.25M","54.05M","53.8M","53.75M","53.3M","53.15M","52.85M","52.699997M","52.25M","52.199997M","51.8M","51.75M","51.699997M","51.550003M","51.4M","51.15M","51.050003M","50.9M","50.85M","50.85M","50.65M","50.55M","50.25M","49.949997M","49.8M","49.6M","49.5M","49.199997M","49.1M","48.75M","48.75M","48.550003M","48.550003M","48.35M","48.300003M","48.199997M","48.1M","44.949997M","47.9M","44.699997M","47.65M","47.449997M","24.4M","47.25M","47.2M"],"nokList":["69.2M","66.2M","58.1M","57.7M"]}