{"server":3055,"total":3076.6,"average":33.808792,"cpValues":[],"cpList":["68.2M","58.7M","52.8M","52M","51.9M","51.8M","51.7M","48.M","48.2M","46.2M","45.2M","43.9M","42.3M","41.9M","41.8M","40.5M","40.2M","40.1M","39.9M","39.5M","39.3M","38.7M","37.9M","37.3M","37.2M","A6.1M","A6.1M","35.7M","35.6M","34.9M","34.8M","34.2M","34M","33.7M","33.2M","32.8M","32.6M","32.4M","32.4M","32.2M","32M","32M","31.8M","31.6M","31.4M","31.1M","30.8M","30.6M","30.6M","30.6M","30.5M","30.4M","30.2M","30.1M","29.8M","29.7M","29.6M","29.5M","29.4M","29.2M","29.2M","29.2M","29.1M","29M","29M","28.9M","28.8M","28.6M","28.5M","28.5M","28.2M","28.2M","28.1M","27.9M","27.9M","27.7M","27.7M","27.5M","27.4M","27.4M","27.3M","27.2M","26.8M","26.8M","26.6M","26.6M","26.5M","26.3M","26M","25.QM","25.QM","25.QM","25.9M","25.8M","25.8M","25.7M","25.6M","25.6M","25.5M","25.4M"],"okList":["68.2M","60.5M","55.35M","52.35M","51.9M","51.800003M","49.9M","49.95M","47.1M","46.7M","45.050003M","43.75M","42.9M","42.05M","41.2M","41.0M","40.3M","40.050003M","39.8M","39.6M","39.1M","38.6M","38.0M","37.550003M","35.300003M","35.199997M","34.550003M","34.4M","33.95M","33.6M","33.25M","32.9M","32.6M","32.5M","32.300003M","32.2M","32.1M","31.9M","31.8M","31.599998M","31.35M","31.099998M","30.85M","30.7M","30.6M","30.55M","30.5M","30.35M","30.25M","30.0M","29.900002M","29.7M","29.6M","29.5M","29.35M","29.3M","29.2M","29.150002M","29.1M","29.05M","28.95M","28.9M","28.75M","28.65M","28.55M","28.35M","28.35M","28.150002M","28.05M","28.0M","27.8M","27.8M","27.6M","27.55M","27.45M","27.349998M","27.3M","27.05M","27.0M","26.7M","26.7M","26.55M","26.45M","26.25M","25.849998M","25.75M","25.7M","25.650002M","25.55M","25.5M","25.4M"],"nokList":["37.2M","A6.1M","A6.1M","35.7M","26M","25.QM","25.QM","25.QM","25.9M"]}