{"server":3087,"total":3681.65,"average":36.816498,"cpValues":[],"cpList":["72.8M","59.4M","56.8M","56.1M","55.7M","54.9M","54.3M","52.8M","52.8M","52.3M","52.2M","51.3M","50.5M","49.1M","48.8M","48.1M","47.M","46.7M","46.3M","43.3M","42.6M","42.6M","42.5M","42.4M","42.1M","42M","41.6M","41.3M","40.3M","40.1M","40M","39.6M","39.3M","38.8M","38.5M","37.9M","37.7M","37.5M","37.5M","37.5M","37.3M","37.3M","37.2M","35.6M","35.5M","35.1M","34.8M","34.5M","34.4M","34.1M","33.5M","33.4M","33.3M","33.3M","33M","32.9M","32.7M","32.2M","32.1M","32M","31.9M","31.8M","31.8M","31.5M","31.5M","31.2M","30.6M","30.6M","30.6M","30.3M","30.3M","29.6M","29.4M","29.2M","29.1M","28.9M","29.7M","28.2M","28.2M","28M","27.9M","27.9M","27.6M","27.5M","27.5M","27.5M","27M","26.9M","26.6M","26.6M","26.5M","26.5M","26.5M","26.4M","26.3M","26.2M","26.2M","26.1M","25.9M","25.8M"],"okList":["72.8M","64.8M","57.75M","56.25M","55.5M","55.0M","53.85M","53.55M","52.55M","52.5M","51.8M","51.35M","50.199997M","49.65M","48.6M","47.9M","47.4M","46.65M","45.0M","44.449997M","42.949997M","42.55M","42.5M","42.3M","42.2M","41.85M","41.65M","40.949997M","40.699997M","40.15M","39.85M","39.65M","39.199997M","38.9M","38.35M","38.1M","37.7M","37.6M","37.5M","37.4M","37.4M","37.25M","36.449997M","36.35M","35.35M","35.15M","34.8M","34.6M","34.3M","33.95M","33.75M","33.4M","33.35M","33.15M","33.1M","32.85M","32.550003M","32.4M","32.1M","32.0M","31.9M","31.849998M","31.65M","31.65M","31.35M","31.05M","30.900002M","30.6M","30.45M","30.45M","29.95M","29.849998M","29.400002M","29.25M","29.05M","29.400002M","28.55M","28.95M","28.1M","28.05M","27.95M","27.75M","27.7M","27.55M","27.5M","27.25M","27.2M","26.8M","26.75M","26.55M","26.55M","26.5M","26.45M","26.4M","26.3M","26.25M","26.150002M","26.05M","25.95M","25.8M"],"nokList":[]}