{"server":3088,"total":5591.249,"average":57.053562,"cpValues":[],"cpList":["2O.9M","84.9M","84.9M","81.6M","78.4M","73.7M","71.7M","70.1M","69.1M","68.9M","67.8M","67.6M","67.1M","66.6M","66.2M","65.8M","65.4M","63.9M","63.3M","63.3M","63.2M","63.2M","62.7M","61.1M","60.9M","60.6M","59.5M","59.5M","58.5M","58.3M","58.2M","58.1M","58.1M","57.4M","57.4M","57.1M","57M","56.6M","56.6M","56.1M","55.8M","55.8M","55.7M","55.7M","55.6M","55.6M","55.6M","55.6M","55.5M","55.5M","55.2M","55M","55M","54.9M","54.9M","54.8M","54.7M","54.5M","54.5M","54.5M","54.4M","54.3M","54.3M","54M","54M","53.9M","53.8M","53.8M","53.6M","53.6M","53.6M","53M","52.8M","52.6M","52.5M","52.5M","52.4M","52.3M","52.3M","52M","51.6M","51.6M","51.5M","51.2M","51.2M","51.1M","50.9M","50.7M","50.2M","50.2M","50.1M","49.7M","49.6M","49.6M","49.6M","49.5M","49.5M","49.4M","+9.3M","49.2M"],"okList":["83.25M","81.65M","77.649994M","75.05M","71.899994M","70.399994M","69.5M","68.45M","68.25M","67.45M","67.1M","66.649994M","66.2M","65.8M","64.850006M","64.35M","63.6M","63.25M","63.25M","62.95M","62.15M","61.800003M","60.85M","60.2M","60.05M","59.0M","58.9M","58.35M","58.199997M","58.15M","57.75M","57.75M","57.25M","57.2M","56.85M","56.8M","56.35M","56.199997M","55.949997M","55.75M","55.75M","55.65M","55.65M","55.6M","55.6M","55.55M","55.55M","55.35M","55.25M","55.1M","54.95M","54.95M","54.85M","54.800003M","54.65M","54.6M","54.5M","54.45M","54.4M","54.35M","54.15M","54.15M","53.95M","53.9M","53.85M","53.699997M","53.699997M","53.6M","53.3M","53.199997M","52.8M","52.65M","52.55M","52.45M","52.4M","52.35M","52.15M","51.949997M","51.8M","51.55M","51.4M","51.35M","51.15M","51.050003M","50.9M","50.550003M","50.45M","50.15M","49.95M","49.85M","49.65M","49.6M","49.55M","49.55M","49.45M","29.4M","49.300003M","49.2M"],"nokList":["2O.9M","84.9M"]}