{"server":3090,"total":4798.7,"average":47.987003,"cpValues":[],"cpList":["75.3M","68.4M","65.2M","63.4M","61.7M","61.5M","61M","59.3M","59.3M","59.2M","58.8M","58.7M","58.6M","58.5M","58.5M","58.4M","58.3M","58.1M","57.3M","57.2M","57.1M","56.8M","56.8M","56.6M","56M","55.7M","55.5M","54.2M","54.2M","52.4M","52.1M","51.9M","51.5M","51.2M","51.2M","51.1M","50.7M","50.6M","50.5M","50.4M","50.4M","50.1M","49.6M","49.6M","48.7M","48.4M","48.2M","48M","48M","47.6M","47.1M","47M","46.5M","46M","45.6M","45M","44.9M","44.8M","44.7M","44.7M","44.3M","44.2M","43.6M","43.6M","43.1M","41.9M","41.7M","41.4M","41.2M","41.1M","41M","40.8M","40.6M","40.5M","40.4M","40M","39.6M","38.8M","38.8M","38.8M","38.7M","38.5M","38.3M","38.3M","37.9M","37.9M","37.5M","37.2M","37.2M","37.2M","37.1M","37M","36.7M","36.3M","36.2M","36.2M","36M","35.9M","35.9M","35.8M"],"okList":["75.3M","70.25M","65.9M","63.449997M","62.45M","61.35M","60.4M","60.15M","59.25M","59.05M","58.95M","58.699997M","58.6M","58.55M","58.45M","58.4M","58.25M","57.8M","57.65M","57.199997M","57.0M","56.949997M","56.699997M","56.4M","56.15M","55.75M","54.95M","54.85M","53.300003M","53.15M","52.15M","51.8M","51.550003M","51.35M","51.15M","50.95M","50.85M","50.6M","50.5M","50.45M","50.25M","50.0M","49.85M","49.15M","49.0M","48.45M","48.2M","48.1M","47.8M","47.55M","47.3M","46.8M","46.5M","46.05M","45.5M","45.25M","44.9M","44.800003M","44.75M","44.5M","44.45M","43.949997M","43.9M","43.35M","42.75M","42.4M","41.65M","41.45M","41.25M","41.1M","40.949997M","40.8M","40.65M","40.5M","40.25M","40.0M","39.4M","39.199997M","38.8M","38.75M","38.65M","38.5M","38.4M","38.1M","38.1M","37.7M","37.550003M","37.35M","37.2M","37.15M","37.1M","36.9M","36.65M","36.45M","36.25M","36.1M","36.050003M","35.95M","35.85M","35.8M"],"nokList":[]}