{"server":310,"total":4491.5996,"average":46.787495,"cpValues":[],"cpList":["2O.9M","66.9M","65.1M","64.6M","64.4M","63.3M","62.8M","61M","60.3M","59.9M","58.7M","58.3M","5AM","56.9M","56.7M","56.1M","55.9M","55.8M","54.8M","54.2M","54.1M","54M","53.7M","53.6M","52.8M","52.6M","52.5M","52.4M","52.1M","51.4M","51.4M","51.1M","51.1M","50.9M","50.2M","50.2M","49.5M","48.6M","48.5M","48.4M","48.1M","48M","47.8M","47.M","47.2M","46.4M","46.2M","45.7M","45.5M","45.1M","44.4M","44.2M","44.2M","44.2M","44M","43.5M","43.4M","43.3M","43M","43M","42.8M","42.7M","42.5M","42.3M","42.1M","41.8M","41.6M","41.4M","41.4M","41.3M","41.3M","41.3M","41.1M","40.8M","40.7M","40.6M","40.5M","40.5M","40.3M","40.2M","40M","40M","39.8M","39.8M","39.7M","39.6M","39.4M","39.3M","39.2M","39M","38.9M","38.8M","38.7M","38.7M","38.6M","38.5M","37.9M","37.8M","37.7M","37.7M"],"okList":["65.75M","64.75M","63.949997M","63.6M","62.15M","61.55M","60.45M","59.5M","59.1M","57.6M","56.5M","56.300003M","55.949997M","55.35M","55.0M","54.449997M","54.1M","53.9M","53.8M","53.25M","53.1M","52.65M","52.5M","52.3M","51.9M","51.75M","51.25M","51.25M","51.0M","50.65M","50.550003M","49.85M","49.4M","49.0M","48.5M","48.3M","48.2M","47.949997M","47.5M","47.5M","46.7M","46.7M","46.050003M","45.85M","45.4M","44.95M","44.65M","44.300003M","44.2M","44.1M","43.85M","43.7M","43.4M","43.2M","43.15M","42.9M","42.85M","42.65M","42.5M","42.3M","42.05M","41.85M","41.6M","41.5M","41.35M","41.35M","41.3M","41.199997M","41.05M","40.9M","40.699997M","40.6M","40.55M","40.4M","40.35M","40.15M","40.1M","39.9M","39.9M","39.75M","39.699997M","39.550003M","39.449997M","39.300003M","39.15M","39.050003M","38.9M","38.800003M","38.75M","38.65M","38.6M","38.25M","38.15M","37.800003M","37.75M","37.7M"],"nokList":["2O.9M","66.9M","58.3M","56.9M"]}