{"server":312,"total":3448.451,"average":37.895065,"cpValues":[],"cpList":["72.6M","69.8M","62.4M","60.4M","59.2M","58.5M","58.4M","58.1M","5AM","57.2M","54.7M","54.5M","54.4M","54.1M","52.8M","49.8M","47.4M","47.3M","47M","46.9M","46.6M","45.6M","44.1M","43.7M","43.1M","43.1M","42.3M","41.9M","41.8M","41.3M","40.7M","40.3M","39.8M","39.8M","39.8M","39.5M","39.4M","38.9M","AA.6M","38.4M","38.3M","38.2M","38.2M","37.6M","37.4M","A6.9M","A6.9M","36.8M","A6.6M","35.5M","35.5M","35.4M","35.3M","35M","34.9M","34.5M","33.2M","33M","32.6M","32.5M","32.5M","32.4M","32.1M","31.9M","31.8M","31.8M","31.3M","30.8M","30.8M","30.7M","30.6M","30.5M","30.2M","30M","30M","29.8M","29.7M","29.1M","29M","28.8M","28.6M","27.9M","27.9M","27.8M","27.7M","27.3M","27.3M","27.2M","27.2M","27.1M","27M","27M","27M","26.9M","26.8M","26.7M","26.6M","26.6M","26.1M","26.1M"],"okList":["72.6M","67.5M","65.100006M","60.800003M","59.45M","58.800003M","58.3M","57.65M","55.85M","54.550003M","54.3M","53.6M","51.949997M","50.1M","48.55M","47.2M","47.1M","46.8M","46.25M","45.35M","44.65M","43.6M","43.4M","42.699997M","42.5M","42.05M","41.6M","41.25M","40.8M","40.25M","40.05M","39.8M","39.65M","39.6M","39.2M","38.65M","38.300003M","38.25M","37.9M","37.800003M","36.15M","35.45M","35.4M","35.2M","35.1M","34.75M","34.050003M","33.75M","32.9M","32.75M","32.55M","32.45M","32.3M","32.15M","31.949999M","31.849998M","31.55M","31.3M","31.05M","30.75M","30.7M","30.6M","30.400002M","30.25M","30.1M","29.9M","29.85M","29.45M","29.35M","28.95M","28.8M","28.349998M","28.25M","27.849998M","27.8M","27.55M","27.5M","27.25M","27.25M","27.150002M","27.1M","27.05M","27.0M","26.95M","26.9M","26.8M","26.7M","26.650002M","26.35M","26.35M","26.1M"],"nokList":["58.1M","57.2M","38.9M","38.4M","37.4M","A6.9M","A6.9M","36.8M","35.5M"]}