{"time":1755525691179,"server":3141,"cpList":["82.3M","69.6M","68.4M","68M","67M","66.1M","65M","64M","63.4M","62.5M","62.2M","62.2M","62.1M","61.9M","61.5M","612M","60.9M","60.4M","59.7M","58.5M","58.3M","57.9M","57.4M","57.3M","56.3M","55.9M","55.9M","55.9M","55.8M","55.8M","55M","54.9M","54.6M","54.4M","54.4M","543M","542M","53.9M","53.9M","53.8M","53.5M","53.4M","53.2M","52.6M","52.3M","52.3M","52.3M","52M","51.7M","51.2M","57M","50.6M","50.2M","50.2M","49.9M","49.5M","49.4M","49.4M","49.4M","49.1M","48.6M","48.6M","48.4M","48M","47.7M","47.4M","47.2M","47.1M","47M","46.3M","46.3M","462M","45.5M","45.4M","45.3M","44.7M","446M","44.5M","442M","442M","441M","43.9M","43.8M","43.7M","43.6M","43.6M","43.5M","42.5M","42.5M","422M","41.8M","41.3M","41M","40.6M","40.4M","40.1M","39.7M","39.7M","39.6M","38M"],"okList":["82.3M","69.6M","68.4M","68.0M","67.0M","66.1M","65.0M","64.0M","63.4M","62.5M","62.2M","62.2M","62.1M","61.9M","61.5M","61.2M","60.9M","60.4M","59.7M","58.5M","58.3M","57.9M","57.4M","57.3M","56.3M","55.9M","55.9M","55.9M","55.8M","55.8M","55.0M","54.9M","54.6M","54.4M","54.4M","54.3M","54.2M","53.9M","53.9M","53.8M","53.5M","53.4M","53.2M","52.6M","52.3M","52.3M","0.523M","0.0052M","5.17E-5M","5.12E-7M","5.6999999999999994E-8M","5.06E-9M","5.0200000000000004E-9M","5.0200000000000004E-9M","4.989999999999999E-9M","4.949999999999999E-9M","4.940000000000001E-9M","4.940000000000001E-9M","4.940000000000001E-9M","4.910000000000001E-9M","4.86E-9M","4.86E-9M","4.839999999999999E-9M","4.8E-9M","4.770000000000001E-9M","4.739999999999999E-9M","4.72E-9M","4.7100000000000005E-9M","4.699999999999999E-9M","4.629999999999999E-9M","4.629999999999999E-9M","4.62E-8M","4.55E-9M","4.5400000000000005E-9M","4.529999999999999E-9M","4.4700000000000005E-9M","4.4599999999999996E-8M","4.45E-9M","4.419999999999999E-8M","4.419999999999999E-8M","4.4100000000000004E-8M","4.389999999999999E-9M","4.379999999999999E-9M","4.3700000000000004E-9M","4.360000000000001E-9M","4.360000000000001E-9M","4.35E-9M","4.25E-9M","4.25E-9M","4.2199999999999994E-8M","4.18E-9M","4.1300000000000004E-9M","4.0999999999999995E-9M","4.0600000000000005E-9M","4.039999999999999E-9M","4.010000000000001E-9M","3.97E-9M","3.97E-9M","3.96E-9M","3.8E-9M"],"nokList":[]}