{"server":3142,"total":3057.3003,"average":33.231525,"cpValues":[],"cpList":["68.1M","64.4M","61.8M","55M","54.2M","52.2M","52M","51.4M","50.4M","50.3M","50.1M","48.5M","47.9M","47M","46.2M","46.1M","46M","43.4M","42.8M","42.5M","41.6M","40.4M","39.7M","39.3M","39M","AA.6M","AA.6M","38.3M","38.3M","38.1M","37M","35.8M","35.6M","35.2M","35.1M","34.5M","33.8M","33.1M","32.7M","32.3M","32.2M","31.5M","30.9M","30.6M","30.6M","30.5M","30.2M","29.8M","29.7M","29.5M","29M","29.7M","28.5M","28.4M","27.4M","27.3M","27M","27M","27M","26.9M","26.7M","26.7M","26.7M","26.3M","26.3M","26.1M","26.1M","25.QM","25.QM","25.3M","25.3M","25.1M","25.1M","25.1M","25.1M","25M","24.4M","24.3M","24.3M","24.1M","24.1M","24M","23.8M","23.8M","23.7M","23.6M","23.5M","23.4M","23.2M","23.2M","23M","23M","22.9M","22.7M","22.7M","22.6M","22.4M","22.3M","22.3M","22.3M"],"okList":["68.1M","64.95M","59.7M","58.0M","53.6M","53.1M","51.800003M","51.2M","50.85M","50.25M","49.4M","49.0M","47.75M","47.050003M","46.55M","46.1M","44.75M","44.4M","42.95M","42.199997M","41.45M","40.65M","39.85M","39.35M","38.199997M","37.65M","36.949997M","36.3M","35.5M","35.35M","34.85M","34.449997M","33.8M","33.25M","32.699997M","32.45M","31.9M","31.55M","31.05M","30.75M","30.55M","30.400002M","30.15M","29.95M","29.65M","29.35M","29.6M","28.75M","29.05M","27.95M","27.849998M","27.2M","27.15M","27.0M","26.95M","26.85M","26.8M","26.7M","26.5M","26.5M","26.2M","26.2M","25.2M","25.2M","25.1M","25.1M","25.05M","24.75M","24.65M","24.349998M","24.2M","24.2M","24.05M","23.95M","23.9M","23.75M","23.7M","23.6M","23.5M","23.35M","23.3M","23.1M","23.1M","22.95M","22.85M","22.8M","22.650002M","22.55M","22.45M","22.349998M","22.3M","22.3M"],"nokList":["39M","AA.6M","AA.6M","38.3M","26.1M","25.QM","25.QM","25.3M"]}