{"time":1755525744034,"server":3145,"cpList":["136M","779M","115M","112M","102M","101M","101M","100M","99.5M","98.8M","98M","95.5M","94.1M","93.6M","92.6M","92.6M","91.7M","91.7M","91.1M","90.9M","90.1M","89.8M","89.2M","88.6M","88.3M","87.7M","87.3M","86.3M","86.2M","86M","83.8M","83.8M","83.2M","82.9M","82.8M","82.8M","82.7M","82.5M","82.3M","82.1M","82M","82M","81.8M","81.8M","81.6M","81.3M","80.8M","80.7M","80.7M","80.3M","80.3M","80.1M","80.1M","79.9M","79.9M","79.7M","79.7M","79.3M","79M","77.9M","77.5M","77.3M","77.1M","77.1M","766M","76.4M","76.3M","76M","75.7M","75.7M","75.6M","75.4M","75.2M","75M","75M","74.8M","74.8M","74.8M","74.7M","746M","74.3M","742M","742M","73.9M","73.7M","73.5M","73.4M","73.2M","73.1M","72.9M","72.9M","72.9M","72.8M","72.7M","72.7M","72.6M","72.4M","72.2M","71.7M","71.6M"],"okList":["1.36E-5M","1.7899999999999998E-6M","1.15E-7M","1.12E-7M","1.0199999999999999E-7M","1.0099999999999998E-7M","1.0099999999999998E-7M","1.0000000000000001E-7M","9.95E-8M","9.880000000000001E-9M","9.8E-9M","9.55E-9M","9.41E-9M","9.36E-9M","9.259999999999998E-9M","9.259999999999998E-9M","9.17E-9M","9.17E-9M","9.11E-9M","9.09E-9M","9.01E-9M","8.98E-9M","8.920000000000001E-9M","8.86E-9M","8.83E-9M","8.77E-9M","8.73E-9M","8.630000000000002E-9M","8.62E-9M","8.600000000000001E-9M","8.380000000000001E-9M","8.380000000000001E-9M","8.320000000000001E-9M","8.290000000000002E-9M","8.279999999999999E-9M","8.279999999999999E-9M","8.270000000000002E-9M","8.250000000000001E-9M","8.23E-9M","8.21E-9M","8.199999999999999E-9M","8.199999999999999E-9M","8.18E-9M","8.18E-9M","8.159999999999998E-9M","8.13E-9M","8.079999999999999E-9M","8.07E-9M","8.07E-9M","8.029999999999998E-9M","8.029999999999998E-9M","8.009999999999999E-9M","8.009999999999999E-9M","7.99E-9M","7.99E-9M","7.97E-9M","7.97E-9M","7.929999999999999E-9M","7.900000000000001E-9M","7.789999999999999E-9M","7.75E-9M","7.729999999999999E-9M","7.71E-9M","7.71E-9M","1.66E-8M","7.640000000000001E-9M","7.630000000000001E-9M","7.6E-9M","7.570000000000001E-9M","7.570000000000001E-9M","7.56E-9M","7.54E-9M","7.519999999999999E-9M","7.5E-9M","7.5E-9M","7.48E-9M","7.48E-9M","7.48E-9M","7.47E-9M","1.46E-8M","7.43E-9M","1.4199999999999998E-8M","1.4199999999999998E-8M","7.39E-9M","7.37E-9M","7.35E-9M","7.340000000000001E-9M","7.32E-9M","7.31E-9M","7.290000000000001E-9M","7.290000000000001E-9M","7.290000000000001E-9M","7.28E-9M","7.269999999999999E-9M","7.269999999999999E-9M","7.26E-9M","7.240000000000001E-9M","7.2199999999999995E-9M","7.170000000000001E-9M","7.159999999999999E-9M"],"nokList":[]}