{"time":1755510665334,"server":315,"cpList":["95.9M","89.1M","88M","86.4M","79.5M","78.1M","74.9M","74.1M","71.4M","77M","69.4M","68.1M","68M","66.8M","66.6M","66.2M","62.7M","61.3M","60.3M","58.9M","58.1M","57.8M","57.6M","57.5M","57.2M","56.4M","56.3M","56M","54.8M","53.9M","50.8M","50.6M","50M","48.9M","46.7M","46.6M","45.7M","45.3M","44.7M","44.4M","43.9M","43.7M","43.4M","43.4M","43M","43M","426M","42.5M","42.1M","41.1M","41.1M","40.5M","39.8M","39.6M","38.5M","38.5M","38.1M","37M","36.8M","36.8M","36.5M","36.4M","36.4M","36.3M","35.9M","35.2M","35M","34.3M","342M","32.8M","32.3M","32.3M","32.1M","32M","31M","30.7M","30.7M","30.7M","30.2M","30.1M","30.1M","29.4M","29.4M","29.4M","29.4M","29.4M","29.2M","29.1M","29.1M","29.1M","28.7M","28M","27.9M","27.9M","27.7M","27.6M","27.6M","27.6M","27.3M","27.3M"],"okList":["95.9M","89.1M","88.0M","86.4M","79.5M","0.7809999999999999M","0.007490000000000001M","7.41E-5M","7.14E-7M","7.699999999999999E-8M","6.9400000000000004E-9M","6.8099999999999994E-9M","6.8E-9M","6.68E-9M","6.66E-9M","6.62E-9M","6.270000000000001E-9M","6.13E-9M","6.03E-9M","5.89E-9M","5.8099999999999996E-9M","5.7799999999999995E-9M","5.760000000000001E-9M","5.75E-9M","5.72E-9M","5.6399999999999995E-9M","5.63E-9M","5.6000000000000005E-9M","5.48E-9M","5.390000000000001E-9M","5.080000000000001E-9M","5.06E-9M","5.0E-9M","4.89E-9M","4.670000000000001E-9M","4.66E-9M","4.57E-9M","4.529999999999999E-9M","4.4700000000000005E-9M","4.44E-9M","4.389999999999999E-9M","4.3700000000000004E-9M","4.34E-9M","4.34E-9M","4.3000000000000005E-9M","4.3000000000000005E-9M","4.26E-8M","4.25E-9M","4.21E-9M","4.109999999999999E-9M","4.109999999999999E-9M","4.050000000000001E-9M","3.98E-9M","3.96E-9M","3.8500000000000006E-9M","3.8500000000000006E-9M","3.81E-9M","3.7000000000000005E-9M","3.68E-9M","3.68E-9M","3.65E-9M","3.64E-9M","3.64E-9M","3.63E-9M","3.59E-9M","3.5200000000000007E-9M","3.5E-9M","3.43E-9M","3.42E-8M","3.28E-9M","3.229999999999999E-9M","3.229999999999999E-9M","3.2100000000000003E-9M","3.2E-9M","3.1E-9M","3.07E-9M","3.07E-9M","3.07E-9M","3.0200000000000003E-9M","3.01E-9M","3.01E-9M","2.94E-9M","2.94E-9M","2.94E-9M","2.94E-9M","2.94E-9M","2.92E-9M","2.9100000000000005E-9M","2.9100000000000005E-9M","2.9100000000000005E-9M","2.87E-9M","2.8000000000000003E-9M","2.7899999999999993E-9M","2.7899999999999993E-9M","2.77E-9M","2.7600000000000004E-9M","2.7600000000000004E-9M","2.7600000000000004E-9M","2.7300000000000003E-9M","2.7300000000000003E-9M"],"nokList":[]}