{"server":3166,"total":3406.5999,"average":37.43516,"cpValues":[],"cpList":["118M","70.8M","69.1M","6AM","58.7M","58.3M","54.6M","54.2M","53.9M","53.5M","53.3M","51.4M","51.1M","48.6M","48.6M","48.4M","47.8M","47.6M","47.3M","47.1M","46.7M","44.6M","44.4M","44.4M","44M","43.8M","43.1M","40.9M","40.8M","40.2M","39.1M","39.1M","38.9M","37.3M","37M","36.7M","A6.6M","36.5M","36.4M","35.9M","35.9M","35.5M","34.9M","34.9M","34.8M","34.7M","34.6M","34.4M","33.9M","33.7M","A3.6M","33.4M","33.1M","33M","33M","32.7M","32.5M","32.4M","32.2M","32.1M","31.8M","31.8M","31.1M","31M","30.7M","30.3M","30M","29.8M","29.7M","29.7M","29.5M","29.5M","29.4M","29.4M","29.7M","28.2M","27.8M","27.6M","27.3M","27.2M","26.9M","26.7M","26.6M","26.3M","26.3M","26.2M","26M","26M","25.QM","25.7M","25.5M","25.5M","25.1M","24.9M","24.9M","24.7M","24.4M","24.3M","24.1M","24.1M"],"okList":["118.0M","93.55M","63.9M","56.65M","56.25M","54.25M","53.85M","53.6M","52.45M","52.199997M","50.0M","49.85M","48.5M","48.199997M","48.0M","47.55M","47.35M","47.0M","45.85M","45.550003M","44.5M","44.2M","44.1M","43.55M","42.35M","41.949997M","40.550003M","39.949997M","39.65M","39.0M","38.199997M","37.95M","37.0M","36.6M","36.2M","36.15M","35.7M","35.4M","35.2M","34.85M","34.800003M","34.699997M","34.550003M","34.25M","34.050003M","33.550003M","33.2M","33.05M","32.85M","32.75M","32.550003M","32.35M","32.25M","32.0M","31.949999M","31.45M","31.4M","30.900002M","30.65M","30.35M","30.05M","29.85M","29.75M","29.6M","29.6M","29.45M","29.45M","29.4M","28.8M","28.75M","27.900002M","27.55M","27.400002M","27.099998M","26.95M","26.75M","26.5M","26.45M","26.25M","26.15M","26.1M","25.6M","25.3M","25.2M","25.0M","24.8M","24.65M","24.5M","24.25M","24.2M","24.1M"],"nokList":["69.1M","58.7M","36.7M","36.5M","33.7M","33.4M","26M","25.QM","25.7M"]}