{"server":3168,"total":3155.3997,"average":34.29782,"cpValues":[],"cpList":["56.7M","55M","52.3M","52.1M","51.9M","51.1M","51.1M","50.3M","49.8M","48.7M","48.4M","46.1M","46.1M","45.3M","45.1M","42.7M","42.5M","42.2M","42M","41.6M","41.2M","40.3M","40M","39.9M","39.5M","38.5M","38.1M","37.7M","37.3M","A6.1M","A6M","35.9M","35.8M","35.3M","35.2M","35.1M","35M","34.4M","34.4M","34.3M","34.1M","33.8M","33.8M","33.7M","A3.6M","A3.6M","33.5M","32.8M","32.8M","32.7M","32.6M","32.5M","32.2M","32M","31.2M","30.9M","30.9M","30.6M","30.6M","30.5M","30.2M","30.1M","29.9M","29.8M","29.6M","29.6M","29.5M","29.2M","29.1M","28.6M","28.5M","28.3M","28.1M","27.9M","27.8M","27.7M","27.5M","27.3M","27.2M","27M","26.9M","26.9M","26.8M","26.5M","26.4M","26.2M","26.2M","26.1M","26.1M","25.8M","25.5M","25.2M","25M","24.9M","24.8M","24.7M","24.5M","24.5M","24.4M","24.4M"],"okList":["56.7M","54.5M","53.55M","52.1M","51.6M","51.5M","50.699997M","50.449997M","49.5M","49.1M","47.4M","47.25M","45.699997M","45.6M","44.0M","43.8M","42.45M","42.25M","41.9M","41.6M","40.949997M","40.6M","40.1M","39.75M","39.2M","38.8M","38.1M","37.699997M","35.6M","35.5M","35.199997M","35.1M","34.75M","34.7M","34.35M","34.25M","34.05M","33.949997M","33.75M","33.15M","32.75M","32.699997M","32.6M","32.4M","32.25M","31.7M","31.45M","31.05M","30.75M","30.75M","30.55M","30.400002M","30.3M","30.05M","29.95M","29.75M","29.7M","29.55M","29.400002M","29.3M","28.900002M","28.8M","28.45M","28.3M","28.099998M","27.95M","27.8M","27.65M","27.5M","27.35M","27.15M","27.05M","26.95M","26.849998M","26.7M","26.599998M","26.35M","26.3M","26.150002M","26.150002M","25.95M","25.8M","25.5M","25.25M","25.05M","24.9M","24.8M","24.65M","24.6M","24.45M","24.45M","24.4M"],"nokList":["37.3M","A6.1M","A6M","35.9M","33.7M","A3.6M","A3.6M","33.5M"]}