{"time":1755525849933,"server":3196,"cpList":["77.1M","72.6M","69.8M","67M","66M","65.9M","62.9M","62.3M","60.4M","60.4M","60.2M","60M","59.8M","58.9M","58.6M","56.9M","56.2M","56.1M","54.1M","53.9M","53.6M","53.4M","53.4M","53.3M","53.2M","53M","57M","50.8M","50.7M","50.4M","50.2M","50.1M","49.8M","49.8M","49.4M","49M","48.5M","47.2M","46.9M","468M","46.7M","46.6M","461M","461M","45.9M","45.9M","45.9M","45.4M","45.3M","448M","446M","446M","44.4M","43.7M","43.6M","43.2M","43.2M","43M","42.8M","42.5M","42.4M","41.6M","40.6M","40.5M","40.4M","39.8M","39.7M","39.7M","39.5M","39.2M","38.5M","38.3M","38.2M","38.1M","37.9M","37.9M","37.8M","37.8M","37.7M","37.7M","37.3M","37.2M","37.2M","37.1M","36.9M","36.5M","36.4M","36.2M","35.6M","35.1M","35M","34.9M","34.9M","34.4M","34.3M","34.3M","33.9M","33.8M","33.4M","33.4M"],"okList":["77.1M","72.6M","69.8M","67.0M","66.0M","65.9M","62.9M","62.3M","60.4M","60.4M","60.2M","60.0M","59.8M","58.9M","58.6M","56.9M","56.2M","56.1M","54.1M","53.9M","53.6M","53.4M","0.534M","0.005329999999999999M","5.32E-5M","5.3E-7M","5.6999999999999994E-8M","5.080000000000001E-9M","5.07E-9M","5.040000000000001E-9M","5.0200000000000004E-9M","5.01E-9M","4.979999999999999E-9M","4.979999999999999E-9M","4.940000000000001E-9M","4.9E-9M","4.8500000000000004E-9M","4.72E-9M","4.689999999999999E-9M","4.6799999999999996E-8M","4.670000000000001E-9M","4.66E-9M","4.610000000000001E-8M","4.610000000000001E-8M","4.59E-9M","4.59E-9M","4.59E-9M","4.5400000000000005E-9M","4.529999999999999E-9M","4.4800000000000004E-8M","4.4599999999999996E-8M","4.4599999999999996E-8M","4.44E-9M","4.3700000000000004E-9M","4.360000000000001E-9M","4.320000000000001E-9M","4.320000000000001E-9M","4.3000000000000005E-9M","4.279999999999999E-9M","4.25E-9M","4.24E-9M","4.1600000000000005E-9M","4.0600000000000005E-9M","4.050000000000001E-9M","4.039999999999999E-9M","3.98E-9M","3.97E-9M","3.97E-9M","3.950000000000001E-9M","3.92E-9M","3.8500000000000006E-9M","3.829999999999999E-9M","3.8200000000000005E-9M","3.81E-9M","3.7899999999999995E-9M","3.7899999999999995E-9M","3.78E-9M","3.78E-9M","3.77E-9M","3.77E-9M","3.729999999999999E-9M","3.7200000000000012E-9M","3.7200000000000012E-9M","3.7100000000000002E-9M","3.6900000000000003E-9M","3.65E-9M","3.64E-9M","3.6200000000000003E-9M","3.5600000000000005E-9M","3.5100000000000005E-9M","3.5E-9M","3.4899999999999997E-9M","3.4899999999999997E-9M","3.4399999999999997E-9M","3.43E-9M","3.43E-9M","3.3899999999999997E-9M","3.3799999999999995E-9M","3.34E-9M","3.34E-9M"],"nokList":[]}