{"server":3196,"total":4191.0005,"average":43.656254,"cpValues":[],"cpList":["70.5M","69.1M","66.6M","6M","62.9M","61.7M","61.3M","60M","59.6M","58.7M","57.2M","57M","56.1M","55.7M","54.5M","54.4M","54M","52.9M","52.1M","51.2M","51M","50.8M","50.7M","50.3M","49.4M","49.4M","49M","48.3M","46.5M","46.5M","46.5M","46.3M","46.1M","45.5M","44.8M","44.6M","44.5M","44.4M","44.4M","43.8M","43.7M","43.6M","43.6M","43.6M","43.5M","42.9M","42.5M","42.4M","41.6M","41.2M","40.9M","40.9M","40.5M","40.4M","40.3M","40.3M","40M","39.8M","39.7M","39.7M","39.6M","39.5M","39.2M","39.2M","39.1M","38.5M","38.3M","37.9M","37.8M","37.7M","37.7M","37.3M","37.2M","37.1M","A6.9M","A6.6M","36.5M","36.4M","36.2M","35.9M","35.9M","35.8M","35.6M","35.6M","35.2M","35.1M","35M","35M","34.9M","34.8M","34.4M","34.3M","33.8M","33.4M","33.4M","33.4M","33.2M","33.1M","32.9M","32.7M"],"okList":["70.5M","68.55M","37.55M","64.75M","33.85M","62.1M","60.85M","60.449997M","59.35M","58.4M","57.85M","56.65M","56.35M","55.3M","55.050003M","54.25M","53.65M","53.05M","52.050003M","51.55M","51.0M","50.85M","50.55M","50.050003M","49.85M","49.2M","48.85M","47.75M","47.4M","46.5M","46.4M","46.3M","45.9M","45.449997M","45.05M","44.65M","44.5M","44.45M","44.1M","44.050003M","43.699997M","43.65M","43.6M","43.55M","43.25M","43.0M","42.65M","42.05M","41.800003M","41.25M","41.050003M","40.7M","40.65M","40.4M","40.35M","40.15M","40.05M","39.85M","39.75M","39.65M","39.6M","39.4M","39.35M","39.15M","38.85M","38.699997M","38.2M","38.05M","37.800003M","37.75M","37.5M","37.45M","37.199997M","36.35M","36.15M","36.050003M","35.85M","35.75M","35.699997M","35.4M","35.35M","35.1M","35.05M","34.95M","34.9M","34.65M","34.55M","34.1M","33.85M","33.6M","33.4M","33.300003M","33.25M","33.050003M","32.9M","32.7M"],"nokList":["37.1M","A6.9M","A6.6M","36.5M"]}