{"server":3197,"total":3047.1,"average":32.41596,"cpValues":[],"cpList":["62.1M","58.1M","52.7M","51.2M","48.4M","48M","47.2M","46.3M","46.3M","45.8M","42.9M","42.8M","42.3M","42.1M","41.8M","40.6M","40.2M","39M","38.9M","38.9M","38.4M","37.9M","37.4M","37.3M","37.1M","36.8M","A6.6M","36.5M","34.7M","34.5M","34.2M","33.5M","33.4M","33.2M","33.2M","32.9M","32.5M","32.5M","32.3M","31.8M","31.6M","31.3M","31.2M","31.1M","31M","30.6M","30.6M","30.1M","30.1M","30M","30M","29.8M","29.3M","29.2M","29.1M","28.9M","28.6M","28.4M","28.2M","28M","27.9M","27.9M","27.7M","27.2M","27.1M","27M","26.6M","26.6M","26.5M","26.4M","26.3M","26.3M","26.2M","26.2M","26M","25.QM","25.QM","25.6M","25.6M","25.6M","25.3M","25.2M","25M","24.8M","24.5M","24.5M","24.4M","24.2M","24.1M","24.1M","24.1M","24M","23.9M","23.8M","23.7M","23.5M","23.5M","23.1M","22.9M","22.7M"],"okList":["62.1M","57.4M","54.65M","50.550003M","49.6M","47.800003M","47.15M","46.75M","46.05M","44.6M","44.3M","42.6M","42.449997M","42.05M","41.35M","41.0M","39.8M","39.550003M","38.95M","38.65M","38.4M","37.9M","37.6M","37.25M","37.05M","36.65M","35.5M","34.45M","34.0M","33.800003M","33.35M","33.300003M","33.050003M","32.85M","32.7M","32.4M","32.15M","31.95M","31.55M","31.400002M","31.2M","31.1M","30.85M","30.8M","30.35M","30.35M","30.05M","30.05M","29.9M","29.65M","29.5M","29.2M","29.05M","28.85M","28.65M","28.400002M","28.2M","28.05M","27.95M","27.8M","27.55M","27.400002M","27.1M","26.85M","26.8M","26.55M","26.5M","26.4M","26.349998M","26.25M","26.25M","26.1M","25.6M","25.45M","25.400002M","25.15M","25.0M","24.75M","24.65M","24.45M","24.35M","24.25M","24.150002M","24.1M","24.05M","24.0M","23.9M","23.8M","23.65M","23.6M","23.3M","23.2M","22.900002M","22.7M"],"nokList":["36.8M","36.5M","26M","25.QM","25.QM","25.6M"]}