{"time":1755525876499,"server":3197,"cpList":["71.6M","65.1M","57.7M","56.8M","53.7M","57M","50.4M","50.1M","48.9M","47.5M","46.3M","45.8M","45.5M","442M","43.5M","42.9M","42.7M","42.3M","422M","41.8M","41.8M","412M","41M","39.3M","39M","38.9M","38.9M","38.4M","38.1M","37.4M","37.2M","37.1M","36.6M","34.7M","34.5M","33.9M","33.8M","33.5M","33.4M","33.2M","32.9M","32.5M","31.8M","31.6M","31.4M","31.2M","31M","30.6M","30.6M","30.3M","30.2M","30.1M","30.1M","30M","30M","30M","29.9M","29.5M","29.3M","29.2M","29.1M","28.9M","28.9M","28.9M","28.4M","28.2M","28M","28M","27.9M","27.7M","27.7M","27.2M","27.2M","27.1M","27M","26.6M","26.5M","26.3M","26.3M","26.2M","26M","25.9M","25.7M","25.6M","25.6M","25.6M","25.3M","24.8M","24.8M","24.5M","24.4M","24.1M","24.1M","24M","23.9M","23.8M","23.7M","23.5M","23.5M","23.1M"],"okList":["71.6M","0.6509999999999999M","0.005770000000000001M","5.679999999999999E-5M","5.37E-7M","5.6999999999999994E-8M","5.040000000000001E-9M","5.01E-9M","4.89E-9M","4.7499999999999995E-9M","4.629999999999999E-9M","4.58E-9M","4.55E-9M","4.419999999999999E-8M","4.35E-9M","4.289999999999999E-9M","4.27E-9M","4.2300000000000005E-9M","4.2199999999999994E-8M","4.18E-9M","4.18E-9M","4.12E-8M","4.0999999999999995E-9M","3.9299999999999995E-9M","3.899999999999999E-9M","3.8900000000000004E-9M","3.8900000000000004E-9M","3.84E-9M","3.81E-9M","3.74E-9M","3.7200000000000012E-9M","3.7100000000000002E-9M","3.66E-9M","3.4700000000000002E-9M","3.45E-9M","3.3899999999999997E-9M","3.3799999999999995E-9M","3.3500000000000002E-9M","3.34E-9M","3.32E-9M","3.2899999999999996E-9M","3.2500000000000006E-9M","3.18E-9M","3.1600000000000003E-9M","3.14E-9M","3.12E-9M","3.1E-9M","3.0599999999999998E-9M","3.0599999999999998E-9M","3.03E-9M","3.0200000000000003E-9M","3.01E-9M","3.01E-9M","3.0E-9M","3.0E-9M","3.0E-9M","2.9900000000000002E-9M","2.95E-9M","2.93E-9M","2.92E-9M","2.9100000000000005E-9M","2.8899999999999997E-9M","2.8899999999999997E-9M","2.8899999999999997E-9M","2.8399999999999993E-9M","2.8199999999999998E-9M","2.8000000000000003E-9M","2.8000000000000003E-9M","2.7899999999999993E-9M","2.77E-9M","2.77E-9M","2.72E-9M","2.72E-9M","2.7100000000000004E-9M","2.7E-9M","2.66E-9M","2.65E-9M","2.6300000000000002E-9M","2.6300000000000002E-9M","2.62E-9M","2.6E-9M","2.5900000000000004E-9M","2.5700000000000004E-9M","2.5600000000000003E-9M","2.5600000000000003E-9M","2.5600000000000003E-9M","2.53E-9M","2.48E-9M","2.48E-9M","2.45E-9M","2.4400000000000003E-9M","2.4100000000000006E-9M","2.4100000000000006E-9M","2.4E-9M","2.3899999999999994E-9M","2.38E-9M","2.3699999999999995E-9M","2.3499999999999995E-9M","2.3499999999999995E-9M","2.31E-9M"],"nokList":[]}