{"server":3199,"total":5440.449,"average":56.671345,"cpValues":[],"cpList":["83.7M","76.1M","74.1M","70.9M","69.8M","69M","69M","68.4M","68.3M","67.6M","67M","66.8M","66.6M","64.6M","64.5M","64.1M","64M","63.9M","63.8M","62M","61.1M","60.8M","60.8M","60.6M","60.6M","60.6M","60.1M","59.7M","59.6M","59.3M","59.2M","59M","58.2M","5AM","5AM","57.4M","57.3M","57.1M","57.1M","56.9M","56.8M","56.8M","56.8M","56.5M","56.5M","56.4M","56.3M","56.1M","55.8M","55.8M","55.7M","55.5M","55.3M","55.2M","55M","54.4M","54.4M","54M","53.5M","53.3M","53.3M","53.2M","53.2M","52.7M","52.6M","52.6M","52.2M","52.1M","52M","51.9M","51.8M","51.5M","51.5M","51.4M","51.2M","51.1M","51M","50.9M","50.8M","50.3M","50.2M","50.1M","50.1M","49.7M","49.6M","49.5M","49.5M","49.4M","49.2M","49.1M","49M","49M","48.5M","48.5M","48.3M","47.9M","47.8M","47.8M","41.7M","47.7M"],"okList":["83.7M","78.899994M","73.5M","71.95M","69.95M","69.4M","68.7M","68.65M","68.0M","67.65M","67.2M","66.8M","65.7M","65.55M","64.35M","64.25M","64.0M","63.9M","62.95M","62.449997M","61.4M","60.949997M","60.699997M","60.699997M","60.6M","60.35M","60.15M","59.85M","59.5M","59.4M","59.15M","58.7M","57.25M","57.199997M","57.0M","56.949997M","56.85M","56.8M","56.65M","56.65M","56.45M","56.4M","56.25M","56.05M","55.949997M","55.75M","55.65M","55.5M","55.35M","55.15M","54.800003M","54.7M","54.2M","53.95M","53.65M","53.4M","53.25M","53.25M","52.95M","52.9M","52.65M","52.4M","52.35M","52.1M","52.0M","51.9M","51.7M","51.65M","51.45M","51.35M","51.25M","51.1M","51.0M","50.9M","50.6M","50.5M","50.199997M","50.15M","49.9M","49.85M","49.6M","49.55M","49.45M","49.35M","49.25M","49.1M","49.05M","48.75M","48.75M","48.4M","48.2M","48.05M","47.85M","44.75M","47.75M","47.7M"],"nokList":["58.2M","5AM","5AM","57.4M"]}