{"time":1755525902948,"server":3199,"cpList":["90.5M","88.8M","88.4M","85.2M","84.4M","83M","82.1M","81.3M","79.4M","78.6M","78M","77.9M","77.5M","766M","75.9M","75.6M","75M","746M","746M","74M","73.7M","73.5M","73.3M","73.3M","73.2M","73.2M","72.7M","72.3M","71.8M","71.7M","71.7M","71.3M","71.2M","70.3M","70.3M","70.1M","69.9M","69.9M","69.6M","69.6M","69.4M","69.4M","69.3M","69M","68.9M","68.4M","68.4M","68.2M","68.1M","67.9M","67.8M","67.3M","67.3M","67.3M","66.9M","66.9M","66.9M","66.6M","66.1M","66.1M","65.8M","65.7M","65.6M","65M","64.9M","64.5M","64.3M","64.3M","64.3M","642M","642M","64.1M","64.1M","64M","64M","63.7M","63.7M","63.5M","63.3M","62.9M","62.8M","62.6M","62.5M","62.3M","62.3M","62M","61.9M","61.8M","61.8M","61.5M","61.5M","61.5M","61.3M","60.5M","60.1M","59.9M","59.8M","59.8M","59.8M","59.7M"],"okList":["90.5M","88.8M","88.4M","85.2M","84.4M","83.0M","82.1M","81.3M","79.4M","78.6M","78.0M","0.779M","0.00775M","1.66E-5M","7.590000000000001E-8M","7.56E-9M","7.5E-9M","1.46E-8M","1.46E-8M","7.400000000000001E-9M","7.37E-9M","7.35E-9M","7.329999999999999E-9M","7.329999999999999E-9M","7.32E-9M","7.32E-9M","7.269999999999999E-9M","7.23E-9M","7.18E-9M","7.170000000000001E-9M","7.170000000000001E-9M","7.13E-9M","7.120000000000001E-9M","7.03E-9M","7.03E-9M","7.0099999999999996E-9M","6.99E-9M","6.99E-9M","6.96E-9M","6.96E-9M","6.9400000000000004E-9M","6.9400000000000004E-9M","6.929999999999999E-9M","6.9E-9M","6.890000000000001E-9M","6.840000000000001E-9M","6.840000000000001E-9M","6.82E-9M","6.8099999999999994E-9M","6.790000000000001E-9M","6.779999999999999E-9M","6.73E-9M","6.73E-9M","6.73E-9M","6.69E-9M","6.69E-9M","6.69E-9M","6.66E-9M","6.609999999999999E-9M","6.609999999999999E-9M","6.579999999999999E-9M","6.57E-9M","6.56E-9M","6.500000000000001E-9M","6.4900000000000005E-9M","6.45E-9M","6.43E-9M","6.43E-9M","6.43E-9M","6.419999999999999E-8M","6.419999999999999E-8M","6.409999999999999E-9M","6.409999999999999E-9M","6.4E-9M","6.4E-9M","6.37E-9M","6.37E-9M","6.35E-9M","6.3299999999999994E-9M","6.290000000000001E-9M","6.28E-9M","6.26E-9M","6.2500000000000005E-9M","6.23E-9M","6.23E-9M","6.2E-9M","6.19E-9M","6.18E-9M","6.18E-9M","6.1500000000000005E-9M","6.1500000000000005E-9M","6.1500000000000005E-9M","6.13E-9M","6.05E-9M","6.01E-9M","5.99E-9M","5.9800000000000004E-9M","5.9800000000000004E-9M","5.9800000000000004E-9M","5.97E-9M"],"nokList":[]}