{"time":1755525929589,"server":3200,"cpList":["94.3M","83.5M","78.4M","76.7M","75.8M","75.6M","742M","74M","73.6M","71.3M","71.3M","71.1M","70.2M","68.7M","67.5M","66.8M","66.4M","64.7M","646M","64.3M","63.9M","63.4M","61.8M","61.7M","61.7M","61.5M","61.3M","61.3M","61.3M","612M","612M","61.1M","60.9M","60M","59.9M","59.2M","57.9M","57.9M","57.7M","57.6M","57.5M","56.9M","56.8M","56.6M","56.6M","56M","55.9M","55.1M","55M","54.7M","54.4M","54.1M","54M","53.8M","53.6M","53.4M","53M","52.7M","52.4M","52.1M","52M","51.6M","51.5M","51.2M","51.1M","51.1M","51.1M","57M","50.8M","50.8M","50.4M","50.1M","50M","49.5M","48.9M","48.7M","48.6M","47.1M","46.7M","46.4M","45.7M","45.7M","45.6M","45.3M","45.2M","44.5M","44.4M","44.4M","443M","43.9M","42.8M","42.7M","42.5M","42.5M","42.2M","42M","41.6M","41.6M","412M","41.1M"],"okList":["94.3M","83.5M","0.784M","0.00767M","7.58E-5M","7.5600000000000005E-6M","1.4199999999999997E-7M","7.400000000000001E-8M","7.36E-9M","7.13E-9M","7.13E-9M","7.11E-9M","7.020000000000001E-9M","6.8700000000000005E-9M","6.750000000000001E-9M","6.68E-9M","6.64E-9M","6.47E-9M","6.460000000000001E-8M","6.43E-9M","6.39E-9M","6.34E-9M","6.18E-9M","6.17E-9M","6.17E-9M","6.1500000000000005E-9M","6.13E-9M","6.13E-9M","6.13E-9M","6.119999999999999E-8M","6.119999999999999E-8M","6.11E-9M","6.09E-9M","6.0E-9M","5.99E-9M","5.920000000000001E-9M","5.79E-9M","5.79E-9M","5.7700000000000005E-9M","5.760000000000001E-9M","5.75E-9M","5.69E-9M","5.6799999999999986E-9M","5.660000000000001E-9M","5.660000000000001E-9M","5.6000000000000005E-9M","5.59E-9M","5.51E-9M","5.500000000000001E-9M","5.47E-9M","5.44E-9M","5.410000000000001E-9M","5.4E-9M","5.38E-9M","5.3600000000000005E-9M","5.34E-9M","5.3E-9M","5.270000000000001E-9M","5.24E-9M","5.21E-9M","5.2E-9M","5.160000000000001E-9M","5.15E-9M","5.1200000000000005E-9M","5.110000000000001E-9M","5.110000000000001E-9M","5.110000000000001E-9M","5.7E-9M","5.080000000000001E-9M","5.080000000000001E-9M","5.040000000000001E-9M","5.01E-9M","5.0E-9M","4.949999999999999E-9M","4.89E-9M","4.870000000000001E-9M","4.86E-9M","4.7100000000000005E-9M","4.670000000000001E-9M","4.6400000000000005E-9M","4.57E-9M","4.57E-9M","4.559999999999999E-9M","4.529999999999999E-9M","4.519999999999999E-9M","4.45E-9M","4.44E-9M","4.44E-9M","4.43E-8M","4.389999999999999E-9M","4.279999999999999E-9M","4.27E-9M","4.25E-9M","4.25E-9M","4.220000000000001E-9M","4.2E-9M","4.1600000000000005E-9M","4.1600000000000005E-9M","4.12E-8M","4.109999999999999E-9M"],"nokList":[]}