{"server":322,"total":4936.8994,"average":49.368996,"cpValues":[],"cpList":["106M","86.8M","76.5M","73.3M","73.2M","71.9M","71.2M","69M","68.7M","65.5M","65.4M","65M","64.8M","64.4M","64M","63.4M","62.6M","60.1M","58.6M","57.8M","57.1M","57M","56.3M","55.9M","54.9M","54.5M","54.4M","54.4M","53.7M","52.9M","51.9M","51.8M","51.7M","51.3M","50.9M","50.9M","50.9M","50.6M","50.4M","50.3M","50.2M","49.4M","49.2M","48.1M","47.M","47.3M","47.2M","47.2M","46.7M","46.5M","46.5M","46.4M","46.4M","45M","45M","45M","43.8M","43.5M","43.3M","43.3M","43.2M","42.6M","42.6M","42.5M","42.3M","42.2M","42M","42M","41.9M","41.8M","41.8M","41.8M","41.7M","41.7M","41.3M","41.2M","41.1M","40.9M","40.5M","39.9M","39M","38.9M","38.3M","37.8M","37.8M","37.6M","37.4M","37M","35.9M","35M","34.7M","34.6M","34.6M","34.6M","34.4M","34.4M","33.8M","33.3M","33.1M","33.1M"],"okList":["106.0M","91.25M","80.05M","74.85M","72.600006M","72.2M","70.45M","69.95M","67.25M","67.05M","65.25M","65.100006M","64.7M","64.4M","63.9M","63.3M","61.75M","60.6M","58.949997M","57.85M","57.4M","56.699997M","56.45M","55.6M","55.2M","54.65M","54.45M","54.050003M","53.65M","52.800003M","52.35M","51.800003M","51.55M","51.300003M","51.1M","50.9M","50.75M","50.65M","50.449997M","50.300003M","49.85M","49.7M","48.75M","48.1M","47.699997M","47.1M","47.25M","46.95M","46.85M","46.6M","46.45M","46.45M","45.7M","45.7M","45.0M","44.4M","44.25M","43.55M","43.4M","43.25M","42.949997M","42.9M","42.55M","42.449997M","42.35M","42.15M","42.1M","41.95M","41.9M","41.85M","41.8M","41.75M","41.75M","41.5M","41.45M","41.199997M","41.050003M","40.8M","40.4M","39.75M","39.4M","38.65M","38.35M","38.05M","37.699997M","37.6M","37.3M","36.65M","36.0M","35.300003M","34.8M","34.65M","34.6M","34.5M","34.5M","34.1M","33.85M","33.449997M","33.199997M","33.1M"],"nokList":[]}