{"server":3223,"total":6259.45,"average":68.0375,"cpValues":[],"cpList":["107M","103M","100M","25.3M","23.5M","M1M","20.7M","A8M","86.7M","86.4M","85.6M","85.2M","85.1M","83.7M","82.4M","82.1M","82M","81.7M","81.4M","81.1M","79.5M","77.8M","77.3M","77.1M","76.8M","76.7M","75.9M","75.4M","75.3M","74.5M","74.5M","74.5M","74.1M","73.9M","73.6M","73.5M","73.4M","73.2M","72.5M","71.4M","71.3M","70.7M","70.7M","70.1M","69.4M","69.3M","69.1M","69.1M","69M","68.5M","68.4M","68.4M","67.6M","66.9M","66.8M","66.4M","66.1M","65.8M","65.8M","65.8M","65.7M","65.2M","65M","65M","64.7M","64.2M","63.7M","63.5M","63.3M","62.9M","60.7M","60.7M","59.8M","59.8M","59.7M","59.5M","59.4M","59.4M","59.2M","59.1M","59M","58.8M","58.7M","58.7M","58.3M","58.1M","58.1M","57.QM","57.8M","57.7M","57.7M","57.6M","57.6M","57.4M","57.4M","5).2M","57.2M","57.1M","57M","56.9M"],"okList":["107.0M","103.5M","64.15M","61.75M","13.15M","22.1M","53.699997M","86.149994M","85.8M","85.35M","84.45M","83.75M","82.899994M","82.2M","81.899994M","81.7M","81.399994M","80.45M","79.45M","78.4M","77.45M","77.05M","76.899994M","76.350006M","76.05M","75.600006M","74.95M","74.9M","74.5M","74.3M","74.2M","73.85M","73.7M","73.5M","73.35M","72.95M","72.3M","71.9M","71.05M","71.0M","70.399994M","70.05M","69.7M","69.25M","69.2M","69.05M","68.8M","68.7M","68.45M","68.0M","67.65M","67.2M","66.65M","66.45M","66.100006M","65.95M","65.8M","65.75M","65.5M","65.35M","65.1M","64.85M","64.6M","64.2M","63.85M","63.5M","63.2M","62.0M","61.800003M","60.25M","60.25M","59.75M","59.65M","59.550003M","59.45M","59.300003M","59.25M","59.1M","58.949997M","58.85M","58.75M","58.5M","58.4M","58.199997M","57.75M","57.65M","57.65M","57.5M","57.5M","57.1M","57.0M","56.9M"],"nokList":["20.7M","86.7M","58.1M","57.QM","57.8M","57.4M","5).2M","57.2M"]}