{"time":1755525982458,"server":3223,"cpList":["114M","106M","100M","100M","98.2M","95.1M","93.7M","89.7M","89.7M","89.2M","89.2M","87M","86.9M","85.8M","848M","84.7M","83.3M","83.2M","83.1M","82.7M","80.4M","79.2M","79.1M","78.9M","78.6M","77.9M","77.7M","77.7M","77.6M","77.6M","762M","76.1M","75.7M","75.4M","75M","74.9M","74.9M","74.4M","73.3M","73.3M","72.9M","72.9M","72.2M","71.7M","71.5M","71.4M","77M","77M","77M","70.7M","70.7M","70.3M","70.3M","69.9M","69.8M","69.7M","69.7M","69.7M","69.7M","68.8M","68.7M","68.5M","68.4M","68.4M","68M","67.5M","67.4M","67.4M","67.2M","66.8M","66.4M","66.4M","66.1M","65.8M","65.6M","65.4M","65.3M","65.1M","646M","646M","64.3M","642M","64.1M","64M","63.8M","63.7M","63.4M","63.2M","63M","62.9M","62.5M","62.4M","62.2M","62.1M","61.9M","61.8M","61.8M","61.7M","61.6M","61.3M"],"okList":["114.0M","106.0M","100.0M","100.0M","98.2M","95.1M","93.7M","89.7M","89.7M","89.2M","89.2M","87.0M","86.9M","85.8M","84.8M","84.7M","83.3M","83.2M","83.1M","82.7M","80.4M","79.2M","79.1M","78.9M","78.6M","77.9M","77.7M","77.7M","0.7759999999999999M","0.0077599999999999995M","1.62E-5M","7.61E-8M","7.570000000000001E-9M","7.54E-9M","7.5E-9M","7.490000000000001E-9M","7.490000000000001E-9M","7.4400000000000024E-9M","7.329999999999999E-9M","7.329999999999999E-9M","7.290000000000001E-9M","7.290000000000001E-9M","7.2199999999999995E-9M","7.170000000000001E-9M","7.15E-9M","7.14E-9M","7.700000000000001E-9M","7.700000000000001E-9M","7.700000000000001E-9M","7.070000000000001E-9M","7.070000000000001E-9M","7.03E-9M","7.03E-9M","6.99E-9M","6.9799999999999995E-9M","6.97E-9M","6.97E-9M","6.97E-9M","6.97E-9M","6.879999999999999E-9M","6.8700000000000005E-9M","6.85E-9M","6.840000000000001E-9M","6.840000000000001E-9M","6.8E-9M","6.750000000000001E-9M","6.74E-9M","6.74E-9M","6.720000000000001E-9M","6.68E-9M","6.64E-9M","6.64E-9M","6.609999999999999E-9M","6.579999999999999E-9M","6.56E-9M","6.54E-9M","6.53E-9M","6.51E-9M","6.460000000000001E-8M","6.460000000000001E-8M","6.43E-9M","6.419999999999999E-8M","6.409999999999999E-9M","6.4E-9M","6.380000000000001E-9M","6.37E-9M","6.34E-9M","6.3200000000000005E-9M","6.3E-9M","6.290000000000001E-9M","6.2500000000000005E-9M","6.24E-9M","6.22E-9M","6.210000000000001E-9M","6.19E-9M","6.18E-9M","6.18E-9M","6.17E-9M","6.159999999999999E-9M","6.13E-9M"],"nokList":[]}