{"server":3223,"total":6194.801,"average":69.6045,"cpValues":[],"cpList":["107M","103M","100M","95.3M","93.4M","Q1M","70.4M","88M","86.4M","85.DM","85.5M","85.1M","85.1M","83.6M","82.2M","82.1M","82M","81.6M","81.3M","81M","79.5M","78.9M","7].5M","71.M","76.8M","76.7M","75.DM","75.3M","75.2M","74.6M","74.5M","74.5M","74.1M","73.9M","73.6M","73.5M","73.1M","73M","72.5M","71.4M","71.3M","70.7M","70.7M","70M","69.4M","69.3M","69.1M","69.1M","69M","68.5M","68.4M","68.3M","6].4M","67M","66.9M","66.8M","66.4M","66.1M","65.8M","65.8M","65.8M","65.2M","65M","65M","64.6M","64.2M","63.7M","63.5M","63.3M","62.9M","60.9M","60.7M","59.8M","59.7M","59.7M","59.5M","59.4M","59.2M","59.1M","59.1M","59M","58.8M","58.6M","58.6M","58.3M","58.1M","58.1M","57.8M","57.8M","57.7M","57.7M","57.6M","57.6M","57.AM","57.3M","57.M","57.1M","57.1M","56.9M","56.9M"],"okList":["107.0M","103.5M","99.15M","96.7M","78.4M","86.5M","85.95M","85.05M","85.3M","84.35M","83.649994M","82.85M","82.1M","81.85M","81.65M","81.3M","80.4M","79.95M","73.85M","75.9M","76.0M","75.1M","74.95M","74.85M","74.55M","74.3M","74.2M","73.85M","73.7M","73.35M","73.25M","72.8M","72.2M","71.9M","71.05M","71.0M","70.35M","70.05M","69.65M","69.25M","69.2M","69.05M","68.8M","68.7M","68.4M","66.9M","66.65M","66.45M","66.100006M","65.95M","65.8M","65.5M","65.4M","65.1M","64.8M","64.6M","64.15M","63.85M","63.5M","63.2M","62.1M","61.800003M","60.35M","60.2M","59.75M","59.6M","59.550003M","59.35M","59.25M","59.15M","59.05M","58.949997M","58.8M","58.699997M","58.449997M","58.35M","58.199997M","57.949997M","57.949997M","57.75M","57.75M","57.65M","57.65M","57.449997M","57.199997M","57.1M","57.0M","57.0M","56.9M"],"nokList":["93.4M","Q1M","70.4M","78.9M","7].5M","71.M","68.3M","6].4M","67M","57.6M","57.3M"]}