{"time":1755529352470,"server":3223,"cpList":["114M","106M","100M","100M","98.2M","95.1M","93.7M","89.7M","89.7M","89.2M","89.2M","87M","86.9M","85.8M","848M","84.7M","83.3M","83.2M","83.1M","82.7M","80.4M","79.2M","79.1M","78.9M","78.6M","77.9M","77.7M","77.7M","77.6M","77.6M","762M","76.1M","75.7M","75.4M","75M","74.9M","74.9M","74.4M","73.3M","73.3M","72.9M","72.9M","72.2M","71.7M","71.5M","71.4M","77M","77M","77M","70.7M","70.7M","70.3M","70.3M","69.9M","69.8M","69.7M","69.7M","69.7M","69.7M","68.8M","68.7M","68.5M","68.4M","68.4M","68M","67.5M","67.4M","67.4M","67.2M","66.8M","66.4M","66.4M","66.1M","65.8M","65.6M","65.4M","65.3M","65.1M","646M","646M","64.3M","642M","64.1M","64M","63.8M","63.7M","63.4M","63.4M","63.2M","62.9M","62.5M","62.4M","62.2M","62.1M","61.9M","61.8M","61.8M","61.7M","61.6M","61.3M"],"okList":["114.0M","106.0M","100.0M","100.0M","98.2M","95.1M","93.7M","89.7M","89.7M","89.2M","89.2M","87.0M","86.9M","85.8M","84.8M","84.7M","83.3M","83.2M","83.1M","82.7M","80.4M","79.2M","79.1M","78.9M","78.6M","77.9M","77.7M","77.7M","77.6M","77.6M","76.2M","76.1M","75.7M","75.4M","75.0M","74.9M","74.9M","74.4M","73.3M","73.3M","72.9M","72.9M","72.2M","71.7M","71.5M","0.7140000000000001M","0.077M","0.0077M","0.0077M","0.007070000000000001M","0.007070000000000001M","0.00703M","0.00703M","0.0069900000000000006M","0.006979999999999999M","0.0069700000000000005M","0.0069700000000000005M","0.0069700000000000005M","0.0069700000000000005M","0.00688M","0.00687M","0.00685M","0.006840000000000001M","0.006840000000000001M","0.0068000000000000005M","0.006750000000000001M","0.00674M","0.00674M","0.00672M","0.006679999999999999M","0.00664M","0.00664M","0.0066099999999999996M","0.006579999999999999M","0.006559999999999999M","0.006540000000000001M","0.00653M","0.006509999999999999M","0.0646M","0.0646M","0.00643M","0.0642M","0.006409999999999999M","0.0064M","0.00638M","0.00637M","0.00634M","0.00634M","0.00632M","0.0062900000000000005M","0.00625M","0.00624M","0.00622M","0.00621M","0.00619M","0.00618M","0.00618M","0.00617M","0.00616M","0.00613M"],"nokList":[]}