{"time":1755529579290,"server":3223,"cpList":["114M","107M","100M","100M","98.2M","95.1M","93.7M","89.7M","89.7M","89.2M","89.2M","87M","86.9M","85.8M","848M","84.7M","83.3M","83.2M","83.1M","82.7M","80.4M","79.2M","79.1M","78.9M","78.6M","77.9M","77.7M","77.7M","77.6M","77.6M","762M","76.1M","75.7M","75.4M","75M","74.9M","74.9M","74.4M","73.3M","73.3M","72.9M","72.9M","72.2M","71.7M","71.5M","71.4M","77M","77M","77M","70.7M","70.7M","70.3M","70.3M","69.9M","69.8M","69.7M","69.7M","69.7M","69.7M","68.8M","68.7M","68.5M","68.4M","68.4M","68M","67.5M","67.4M","67.4M","67.2M","66.8M","66.4M","66.4M","66.1M","65.8M","65.6M","65.4M","65.3M","65.1M","646M","646M","64.3M","642M","64.1M","64M","63.8M","63.7M","63.4M","63.4M","63.2M","62.9M","62.5M","62.4M","62.2M","62M","61.9M","61.8M","61.8M","61.7M","61.6M","61.3M"],"okList":["114.0M","107.0M","100.0M","100.0M","98.2M","95.1M","93.7M","89.7M","89.7M","89.2M","89.2M","87.0M","86.9M","85.8M","84.8M","84.7M","83.3M","83.2M","83.1M","82.7M","80.4M","79.2M","79.1M","78.9M","78.6M","77.9M","77.7M","77.7M","77.6M","77.6M","76.2M","76.1M","75.7M","75.4M","75.0M","74.9M","74.9M","74.4M","73.3M","73.3M","72.9M","72.9M","72.2M","71.7M","71.5M","71.4M","7.7M","7.7M","7.7M","7.07M","7.07M","7.029999999999999M","7.029999999999999M","6.99M","6.9799999999999995M","6.970000000000001M","6.970000000000001M","6.970000000000001M","6.970000000000001M","6.88M","6.87M","6.85M","6.840000000000001M","6.840000000000001M","6.8M","6.75M","6.74M","6.74M","6.720000000000001M","6.68M","6.640000000000001M","6.640000000000001M","6.609999999999999M","6.58M","6.56M","6.540000000000001M","6.529999999999999M","6.51M","6.459999999999999M","6.459999999999999M","6.43M","6.42M","6.409999999999999M","6.4M","6.38M","6.37M","6.34M","6.34M","6.32M","6.29M","6.25M","6.24M","6.220000000000001M","6.2M","6.1899999999999995M","6.18M","6.18M","6.17M","6.16M","6.13M"],"nokList":[]}