{"server":3225,"total":3347.2004,"average":34.866673,"cpValues":[],"cpList":["81.7M","65.2M","63.1M","61.1M","56.3M","55.5M","54.9M","54.2M","53.3M","51.6M","51.4M","50.6M","50.2M","49.5M","47.2M","47.2M","46.5M","46.3M","44.4M","44.1M","41.6M","41M","41M","40.7M","40M","40M","38.1M","37.7M","37.6M","37.5M","37.4M","37.2M","37.1M","A6.9M","36.2M","36.2M","35.7M","35.4M","34.5M","34M","33.8M","A3.6M","33.2M","32.9M","32.7M","32.7M","32.7M","32.4M","31.9M","31.5M","31.5M","31.2M","30.9M","30.7M","30.6M","30.3M","30.2M","29.8M","29.5M","29.3M","29.2M","29.1M","29.1M","29M","28.9M","28.5M","28.4M","27.8M","27.5M","27.1M","26.7M","26.4M","26.3M","26.1M","26.1M","25.8M","25.6M","25.4M","24.8M","24.8M","24.7M","24.7M","24.4M","24.4M","24.1M","24.1M","24M","24M","24M","23.7M","23.6M","23.6M","23.6M","23.5M","23.4M","23.4M","23.3M","23.2M","23.2M","22.8M"],"okList":["81.7M","72.399994M","63.149998M","59.699997M","58.3M","55.6M","54.85M","54.1M","52.9M","52.35M","51.1M","50.800003M","50.05M","48.7M","48.35M","46.85M","46.75M","45.45M","45.199997M","43.0M","42.55M","41.3M","40.85M","40.5M","40.35M","39.05M","38.85M","37.85M","37.6M","37.5M","37.35M","37.25M","36.65M","35.95M","35.800003M","35.1M","34.7M","34.15M","33.5M","32.95M","32.800003M","32.7M","32.550003M","32.3M","31.95M","31.7M","31.35M","31.2M","30.95M","30.75M","30.5M","30.400002M","30.05M","29.85M","29.55M","29.35M","29.2M","29.150002M","29.05M","29.0M","28.75M","28.65M","28.15M","27.95M","27.45M","27.1M","26.75M","26.5M","26.25M","26.2M","25.95M","25.85M","25.599998M","25.2M","25.099998M","24.75M","24.75M","24.55M","24.55M","24.25M","24.25M","24.05M","24.05M","24.0M","23.85M","23.8M","23.650002M","23.6M","23.55M","23.5M","23.45M","23.349998M","23.3M","23.25M","23.0M","22.8M"],"nokList":["37.1M","36.2M","33.8M","33.2M"]}