{"time":1755526035527,"server":3256,"cpList":["84.9M","77.7M","75.5M","74.4M","74.1M","68.7M","68.6M","66.3M","65.7M","65.5M","65.1M","64.7M","646M","64.3M","64.1M","63M","62.6M","62.4M","61.5M","60.4M","60.3M","60.2M","60M","59.7M","59.6M","59.4M","59.1M","58.9M","58.9M","57.4M","57.2M","57.1M","56.5M","55.5M","55M","54.4M","54.1M","54.1M","54M","54M","53.5M","53.1M","53M","52.9M","52.4M","51.8M","51.1M","57M","50.8M","50.3M","50M","49.6M","49.5M","49.3M","49.1M","48.9M","48.6M","48.2M","48.1M","48.1M","47.7M","47.5M","47.3M","47.3M","47.2M","47.2M","47M","46.9M","46.4M","462M","461M","46M","45.6M","45.1M","45M","446M","446M","443M","441M","43.8M","43.7M","43.4M","42.8M","42.7M","426M","426M","42M","41.7M","41.7M","41.6M","41M","40.9M","39.8M","39.8M","39.4M","39.1M","38.9M","38.7M","38.7M","38.3M"],"okList":["84.9M","77.7M","75.5M","74.4M","74.1M","68.7M","68.6M","66.3M","65.7M","65.5M","65.1M","64.7M","64.6M","64.3M","64.1M","63.0M","62.6M","62.4M","61.5M","60.4M","60.3M","60.2M","60.0M","59.7M","59.6M","59.4M","59.1M","58.9M","58.9M","57.4M","57.2M","57.1M","56.5M","55.5M","55.0M","54.4M","54.1M","54.1M","54.0M","54.0M","53.5M","53.1M","53.0M","0.529M","0.00524M","5.1800000000000005E-5M","5.110000000000001E-7M","5.6999999999999994E-8M","5.080000000000001E-9M","5.03E-9M","5.0E-9M","4.96E-9M","4.949999999999999E-9M","4.930000000000001E-9M","4.910000000000001E-9M","4.89E-9M","4.86E-9M","4.820000000000001E-9M","4.8100000000000006E-9M","4.8100000000000006E-9M","4.770000000000001E-9M","4.7499999999999995E-9M","4.73E-9M","4.73E-9M","4.72E-9M","4.72E-9M","4.699999999999999E-9M","4.689999999999999E-9M","4.6400000000000005E-9M","4.62E-8M","4.610000000000001E-8M","4.6E-9M","4.559999999999999E-9M","4.51E-9M","4.500000000000001E-9M","4.4599999999999996E-8M","4.4599999999999996E-8M","4.43E-8M","4.4100000000000004E-8M","4.379999999999999E-9M","4.3700000000000004E-9M","4.34E-9M","4.279999999999999E-9M","4.27E-9M","4.26E-8M","4.26E-8M","4.2E-9M","4.17E-9M","4.17E-9M","4.1600000000000005E-9M","4.0999999999999995E-9M","4.09E-9M","3.98E-9M","3.98E-9M","3.94E-9M","3.91E-9M","3.8900000000000004E-9M","3.87E-9M","3.87E-9M","3.829999999999999E-9M"],"nokList":[]}