{"server":3256,"total":4285.65,"average":43.73112,"cpValues":[],"cpList":["83.5M","70.3M","65.4M","61.4M","59.9M","59.7M","58.2M","58.1M","57.7M","55.6M","55.2M","54.5M","54.4M","54.2M","54.1M","53.5M","51.4M","51M","50.8M","49.1M","49M","48.8M","48.6M","48.1M","47.8M","47.3M","47.2M","47M","47M","46.9M","46.9M","46.8M","46.8M","46.4M","46.2M","46M","46M","45.6M","45.4M","45.1M","45.1M","45M","44.9M","44.8M","44.3M","44.2M","43.8M","43.6M","42.6M","42.2M","41.7M","41.6M","41M","40.9M","40.7M","39.8M","39.8M","39.5M","39.4M","39.1M","39.1M","38.9M","38.8M","38.3M","38.2M","38.1M","38.1M","78M","37.7M","37.7M","37.5M","36.5M","A6M","35.9M","35.7M","35.5M","35.2M","34.9M","34.8M","34.8M","34.4M","34.4M","34.1M","34M","33.7M","33.2M","32.9M","32.9M","32.9M","32.7M","32.4M","32.1M","32.1M","32M","31.9M","31.9M","31.5M","31.1M","31M","30.2M"],"okList":["83.5M","74.45M","65.850006M","62.65M","60.550003M","59.050003M","58.9M","57.95M","56.85M","56.45M","55.05M","54.800003M","54.35M","54.25M","53.85M","52.75M","52.25M","51.1M","50.05M","49.9M","48.949997M","48.8M","48.449997M","48.199997M","47.699997M","47.5M","47.15M","47.1M","46.95M","46.95M","46.85M","46.85M","46.6M","46.5M","46.2M","46.1M","45.8M","45.7M","45.35M","45.25M","45.05M","45.0M","44.9M","44.6M","44.5M","44.05M","43.9M","43.199997M","42.9M","42.15M","41.9M","41.35M","41.25M","40.85M","40.35M","40.25M","39.65M","39.6M","39.3M","39.25M","39.0M","38.949997M","38.6M","38.5M","38.199997M","38.15M","38.1M","37.9M","57.85M","37.6M","37.1M","36.2M","35.7M","35.45M","35.2M","35.0M","34.85M","34.6M","34.6M","34.25M","34.2M","33.9M","33.6M","33.300003M","33.050003M","32.9M","32.800003M","32.65M","32.4M","32.25M","32.05M","32.0M","31.95M","31.7M","31.5M","31.25M","30.650002M","30.2M"],"nokList":["36.5M","35.9M"]}