{"time":1755526061846,"server":3257,"cpList":["73.3M","72.3M","71.9M","66.3M","61.4M","59.3M","58.9M","58.6M","58.6M","56.4M","56.2M","56.2M","55.2M","55.1M","54.8M","54.7M","542M","52.8M","52.6M","51.6M","51.3M","51.1M","57M","49.8M","49.4M","48.1M","48M","47.4M","47.1M","461M","45.7M","45.5M","45.2M","446M","44.5M","43.9M","43.8M","43M","43M","42.8M","42.7M","412M","412M","40.4M","39.8M","39.6M","39.5M","39.2M","39M","38.9M","38.6M","38.2M","37.6M","37.2M","36.6M","36.2M","36M","35.9M","35.4M","34.8M","34.4M","34.1M","33.5M","33.1M","33M","32.9M","32.8M","32.8M","32.2M","32.1M","31.8M","31.8M","31.8M","31.6M","31.5M","31.3M","31.3M","31.2M","31M","30.7M","30.6M","30.3M","30.3M","30.3M","30.2M","30M","29.9M","29.4M","29.3M","29.3M","28.9M","28.9M","28.5M","28.4M","27.9M","27.9M","27.9M","27.7M","27.4M","27.3M"],"okList":["73.3M","72.3M","71.9M","66.3M","61.4M","59.3M","58.9M","58.6M","58.6M","56.4M","56.2M","56.2M","55.2M","55.1M","54.8M","54.7M","54.2M","52.8M","0.526M","0.0051600000000000005M","5.13E-5M","5.110000000000001E-7M","5.6999999999999994E-8M","4.979999999999999E-9M","4.940000000000001E-9M","4.8100000000000006E-9M","4.8E-9M","4.739999999999999E-9M","4.7100000000000005E-9M","4.610000000000001E-8M","4.57E-9M","4.55E-9M","4.519999999999999E-9M","4.4599999999999996E-8M","4.45E-9M","4.389999999999999E-9M","4.379999999999999E-9M","4.3000000000000005E-9M","4.3000000000000005E-9M","4.279999999999999E-9M","4.27E-9M","4.12E-8M","4.12E-8M","4.039999999999999E-9M","3.98E-9M","3.96E-9M","3.950000000000001E-9M","3.92E-9M","3.899999999999999E-9M","3.8900000000000004E-9M","3.86E-9M","3.8200000000000005E-9M","3.7599999999999994E-9M","3.7200000000000012E-9M","3.66E-9M","3.6200000000000003E-9M","3.6E-9M","3.59E-9M","3.54E-9M","3.48E-9M","3.4399999999999997E-9M","3.41E-9M","3.3500000000000002E-9M","3.31E-9M","3.3E-9M","3.2899999999999996E-9M","3.28E-9M","3.28E-9M","3.2200000000000005E-9M","3.2100000000000003E-9M","3.18E-9M","3.18E-9M","3.18E-9M","3.1600000000000003E-9M","3.15E-9M","3.13E-9M","3.13E-9M","3.12E-9M","3.1E-9M","3.07E-9M","3.0599999999999998E-9M","3.03E-9M","3.03E-9M","3.03E-9M","3.0200000000000003E-9M","3.0E-9M","2.9900000000000002E-9M","2.94E-9M","2.93E-9M","2.93E-9M","2.8899999999999997E-9M","2.8899999999999997E-9M","2.85E-9M","2.8399999999999993E-9M","2.7899999999999993E-9M","2.7899999999999993E-9M","2.7899999999999993E-9M","2.77E-9M","2.74E-9M","2.7300000000000003E-9M"],"nokList":[]}