{"time":1755526114759,"server":3260,"cpList":["74M","63.4M","57.2M","56.6M","56M","55.8M","55.4M","53.9M","53.5M","51.8M","51.8M","51.5M","57M","50.7M","48M","48M","46.6M","46.4M","462M","45.7M","45M","44.7M","44.4M","43.9M","43.7M","42.9M","42.8M","42.3M","41.9M","41.3M","41.1M","40.5M","39.4M","39.4M","39M","38.6M","38.5M","38.3M","38.3M","38.2M","38M","37.8M","37.7M","37.7M","37.4M","37.3M","36.9M","36.2M","36.2M","36.2M","36.1M","36M","35.8M","35.4M","35M","35M","34.7M","34.7M","34.7M","34.4M","342M","34.1M","34M","34M","33.9M","33.9M","33.8M","33.5M","33.4M","33.3M","33.2M","32.9M","32.8M","32.6M","32.5M","32.5M","32.2M","32.1M","32M","31.8M","31.5M","31.4M","31.2M","31.2M","31.1M","30.9M","30.9M","30.8M","30.7M","30.7M","30.6M","30.6M","30.6M","30.5M","30.5M","30.2M","30M","30M","29.8M","29.3M"],"okList":["74.0M","63.4M","57.2M","56.6M","56.0M","55.8M","55.4M","53.9M","0.535M","0.005180000000000001M","5.1800000000000005E-5M","5.149999999999999E-7M","5.6999999999999994E-8M","5.07E-9M","4.8E-9M","4.8E-9M","4.66E-9M","4.6400000000000005E-9M","4.62E-8M","4.57E-9M","4.500000000000001E-9M","4.4700000000000005E-9M","4.44E-9M","4.389999999999999E-9M","4.3700000000000004E-9M","4.289999999999999E-9M","4.279999999999999E-9M","4.2300000000000005E-9M","4.190000000000001E-9M","4.1300000000000004E-9M","4.109999999999999E-9M","4.050000000000001E-9M","3.94E-9M","3.94E-9M","3.899999999999999E-9M","3.86E-9M","3.8500000000000006E-9M","3.829999999999999E-9M","3.829999999999999E-9M","3.8200000000000005E-9M","3.8E-9M","3.78E-9M","3.77E-9M","3.77E-9M","3.74E-9M","3.729999999999999E-9M","3.6900000000000003E-9M","3.6200000000000003E-9M","3.6200000000000003E-9M","3.6200000000000003E-9M","3.6099999999999997E-9M","3.6E-9M","3.5799999999999996E-9M","3.54E-9M","3.5E-9M","3.5E-9M","3.4700000000000002E-9M","3.4700000000000002E-9M","3.4700000000000002E-9M","3.4399999999999997E-9M","3.42E-8M","3.41E-9M","3.4E-9M","3.4E-9M","3.3899999999999997E-9M","3.3899999999999997E-9M","3.3799999999999995E-9M","3.3500000000000002E-9M","3.34E-9M","3.33E-9M","3.32E-9M","3.2899999999999996E-9M","3.28E-9M","3.2600000000000007E-9M","3.2500000000000006E-9M","3.2500000000000006E-9M","3.2200000000000005E-9M","3.2100000000000003E-9M","3.2E-9M","3.18E-9M","3.15E-9M","3.14E-9M","3.12E-9M","3.12E-9M","3.11E-9M","3.09E-9M","3.09E-9M","3.0799999999999997E-9M","3.07E-9M","3.07E-9M","3.0599999999999998E-9M","3.0599999999999998E-9M","3.0599999999999998E-9M","3.049999999999999E-9M","3.049999999999999E-9M","3.0200000000000003E-9M","3.0E-9M","3.0E-9M","2.98E-9M","2.93E-9M"],"nokList":[]}