{"server":3260,"total":3837.5007,"average":42.638897,"cpValues":[],"cpList":["69.9M","69.7M","65M","60.1M","56.6M","55.5M","55M","54.8M","54.2M","54M","52.8M","52.3M","52.1M","51.8M","50.7M","50.6M","49.7M","49.7M","49.1M","49M","48.3M","48.3M","48.2M","48M","48M","47.8M","47.5M","47.3M","46.5M","45.7M","45.6M","45.4M","45.1M","44.7M","44.4M","43.9M","43.7M","43.6M","43.5M","42.9M","42.8M","42.6M","42.3M","41.3M","41.1M","40.5M","AA.6M","AA.6M","38.5M","38.3M","38.3M","38.2M","38.1M","78M","37.8M","37.7M","37.7M","37.4M","37.4M","A6.9M","36.8M","36.8M","36.3M","36.2M","36.2M","36.2M","A6.1M","A6M","35.8M","35.4M","35.3M","35M","35M","34.7M","34.7M","34.7M","34.4M","34.4M","34.2M","34.1M","34M","34M","33.9M","33.8M","33.7M","33.5M","33.4M","33.3M","33.2M","33.2M","33M","32.9M","32.8M","32.6M","32.5M","32.5M","32.2M","32.1M","32M","31.8M"],"okList":["69.9M","67.45M","64.899994M","60.8M","57.8M","55.8M","55.15M","54.6M","54.4M","53.5M","53.15M","52.449997M","52.05M","51.4M","51.199997M","50.2M","50.15M","49.4M","49.35M","48.699997M","48.65M","48.25M","48.15M","48.1M","47.9M","47.75M","47.55M","47.0M","46.5M","46.05M","45.550003M","45.35M","45.050003M","44.75M","44.300003M","44.050003M","43.75M","43.6M","43.25M","43.15M","42.75M","42.55M","41.949997M","41.699997M","40.9M","38.4M","38.25M","38.199997M","58.1M","37.949997M","57.85M","37.75M","37.550003M","37.550003M","37.1M","36.55M","36.5M","36.25M","36.2M","35.55M","35.2M","35.15M","34.85M","34.85M","34.7M","34.550003M","34.550003M","34.300003M","34.25M","34.1M","34.05M","33.95M","33.9M","33.800003M","33.65M","33.550003M","33.4M","33.300003M","33.25M","33.1M","33.050003M","32.9M","32.75M","32.65M","32.55M","32.35M","32.3M","32.1M","31.949999M","31.8M"],"nokList":["40.5M","AA.6M","AA.6M","38.5M","37.4M","36.8M","36.2M","A6.1M","A6M","35.8M"]}