{
    "server": 3277,
    "total": 3626.45,
    "average": 38.994087,
    "cpValues": [],
    "cpList": [
        "64.3M",
        "57M",
        "56.7M",
        "54.4M",
        "53.7M",
        "52.6M",
        "52.3M",
        "51.9M",
        "51.7M",
        "51.4M",
        "49.6M",
        "49.4M",
        "48.7M",
        "48.7M",
        "47.9M",
        "47.4M",
        "47M",
        "46.9M",
        "46.6M",
        "46.3M",
        "46.2M",
        "45.4M",
        "45.3M",
        "45.3M",
        "45M",
        "44.9M",
        "44.5M",
        "44.2M",
        "44M",
        "43.7M",
        "43.5M",
        "43.3M",
        "43.1M",
        "42.4M",
        "42.3M",
        "42.1M",
        "41.9M",
        "41.8M",
        "41.3M",
        "41.1M",
        "40.5M",
        "40.4M",
        "40M",
        "39.7M",
        "39M",
        "38.9M",
        "38.4M",
        "38.3M",
        "38.3M",
        "78M",
        "37.3M",
        "37M",
        "36.7M",
        "36.7M",
        "A6.6M",
        "A6.6M",
        "A6.1M",
        "A6.1M",
        "A6.1M",
        "35.9M",
        "34.8M",
        "34.3M",
        "34.1M",
        "33.9M",
        "33.7M",
        "33.7M",
        "33.4M",
        "33.1M",
        "33M",
        "32.8M",
        "32.7M",
        "32.4M",
        "32.1M",
        "31.4M",
        "31.2M",
        "30.8M",
        "30.8M",
        "30.5M",
        "30.3M",
        "30.2M",
        "30.2M",
        "30.1M",
        "29.9M",
        "29.8M",
        "29.6M",
        "29.4M",
        "29.4M",
        "28.9M",
        "28.6M",
        "27.6M",
        "27.5M",
        "26.9M",
        "26.8M",
        "26.3M",
        "26.1M",
        "26.1M",
        "25.9M",
        "25.4M",
        "25.2M",
        "25M"
    ],
    "okList": [
        "64.3M",
        "60.5M",
        "55.7M",
        "55.2M",
        "53.5M",
        "53.0M",
        "52.25M",
        "52.0M",
        "51.65M",
        "50.65M",
        "50.4M",
        "49.15M",
        "49.050003M",
        "48.300003M",
        "48.050003M",
        "47.45M",
        "47.15M",
        "46.8M",
        "46.6M",
        "46.4M",
        "45.85M",
        "45.75M",
        "45.35M",
        "45.15M",
        "45.1M",
        "44.75M",
        "44.550003M",
        "44.25M",
        "43.95M",
        "43.75M",
        "43.5M",
        "43.3M",
        "42.85M",
        "42.699997M",
        "42.25M",
        "42.1M",
        "41.949997M",
        "41.6M",
        "41.449997M",
        "40.9M",
        "40.75M",
        "40.25M",
        "40.050003M",
        "39.5M",
        "39.300003M",
        "38.7M",
        "38.6M",
        "38.35M",
        "38.3M",
        "37.8M",
        "57.5M",
        "37.0M",
        "36.85M",
        "36.7M",
        "36.6M",
        "36.6M",
        "36.1M",
        "36.1M",
        "36.1M",
        "35.9M",
        "35.1M",
        "34.449997M",
        "34.1M",
        "33.9M",
        "33.800003M",
        "33.550003M",
        "33.4M",
        "33.2M",
        "32.949997M",
        "32.85M",
        "32.6M",
        "32.4M",
        "31.900002M",
        "31.65M",
        "31.099998M",
        "31.0M",
        "30.65M",
        "30.55M",
        "30.35M",
        "30.25M",
        "30.150002M",
        "30.05M",
        "29.95M",
        "29.75M",
        "29.599998M",
        "29.5M",
        "29.15M",
        "29.0M",
        "28.25M",
        "28.05M",
        "27.25M",
        "27.15M",
        "26.599998M",
        "26.45M",
        "26.2M",
        "26.0M",
        "25.75M",
        "25.55M",
        "25.2M",
        "25.0M"
    ],
    "nokList": [
        
    ]
}