{"time":1755526141499,"server":3277,"cpList":["68.7M","68.4M","67.2M","67.2M","66.6M","65.3M","612M","59.1M","58.7M","57.9M","57.7M","57.4M","57.1M","56M","55.9M","55.7M","55.5M","55M","54.1M","54M","52.7M","52.6M","52.3M","52.1M","51.8M","51.7M","51.5M","51.5M","57M","50.8M","50.6M","50.6M","50.5M","50.1M","49.9M","49.9M","49.6M","49.6M","49.5M","49.5M","49.4M","49.1M","49M","48.9M","48.8M","48.7M","48.6M","48.6M","48.3M","48.1M","48M","47.8M","47.8M","47.1M","47.1M","47M","46.9M","46.6M","46.3M","45.9M","45M","443M","443M","442M","43.9M","43.5M","42.7M","42.4M","422M","42M","41.9M","41.8M","41.8M","41.7M","40.8M","40.5M","40.2M","40.1M","40M","39.6M","39.5M","39.4M","39.1M","39M","38.5M","38.4M","38.3M","38.2M","38M","38M","37.5M","37.1M","37M","37M","36.6M","36.2M","36.1M","35.9M","35.5M","35.4M"],"okList":["68.7M","68.4M","67.2M","67.2M","66.6M","65.3M","61.2M","59.1M","58.7M","57.9M","57.7M","57.4M","57.1M","56.0M","55.9M","55.7M","55.5M","55.0M","54.1M","54.0M","52.7M","52.6M","52.3M","52.1M","0.518M","0.00517M","5.15E-5M","5.149999999999999E-7M","5.6999999999999994E-8M","5.080000000000001E-9M","5.06E-9M","5.06E-9M","5.0500000000000006E-9M","5.01E-9M","4.989999999999999E-9M","4.989999999999999E-9M","4.96E-9M","4.96E-9M","4.949999999999999E-9M","4.949999999999999E-9M","4.940000000000001E-9M","4.910000000000001E-9M","4.9E-9M","4.89E-9M","4.8800000000000005E-9M","4.870000000000001E-9M","4.86E-9M","4.86E-9M","4.83E-9M","4.8100000000000006E-9M","4.8E-9M","4.779999999999999E-9M","4.779999999999999E-9M","4.7100000000000005E-9M","4.7100000000000005E-9M","4.699999999999999E-9M","4.689999999999999E-9M","4.66E-9M","4.629999999999999E-9M","4.59E-9M","4.500000000000001E-9M","4.43E-8M","4.43E-8M","4.419999999999999E-8M","4.389999999999999E-9M","4.35E-9M","4.27E-9M","4.24E-9M","4.2199999999999994E-8M","4.2E-9M","4.190000000000001E-9M","4.18E-9M","4.18E-9M","4.17E-9M","4.079999999999999E-9M","4.050000000000001E-9M","4.020000000000001E-9M","4.010000000000001E-9M","4.0E-9M","3.96E-9M","3.950000000000001E-9M","3.94E-9M","3.91E-9M","3.899999999999999E-9M","3.8500000000000006E-9M","3.84E-9M","3.829999999999999E-9M","3.8200000000000005E-9M","3.8E-9M","3.8E-9M","3.75E-9M","3.7100000000000002E-9M","3.7000000000000005E-9M","3.7000000000000005E-9M","3.66E-9M","3.6200000000000003E-9M","3.6099999999999997E-9M","3.59E-9M","3.5499999999999995E-9M","3.54E-9M"],"nokList":[]}