{"server":3279,"total":3838.9004,"average":41.727177,"cpValues":[],"cpList":["82.8M","66.7M","59.9M","59.5M","56.7M","56.4M","56.3M","56.2M","55.7M","54.8M","54.6M","53M","52.3M","51.9M","51.7M","51.1M","50.9M","50.4M","50.2M","49.8M","49.6M","49.5M","48.M","48.2M","48.1M","45.9M","45.4M","45.3M","44M","43.7M","43.6M","43.5M","43.1M","42.1M","41.7M","41.6M","41.4M","41.1M","41.1M","41M","40.9M","40.6M","40.1M","40M","39.8M","39.7M","39.7M","39.2M","38.8M","38.7M","AA.6M","38.3M","38.3M","78M","37.9M","37.9M","37.8M","37.7M","37.5M","37.5M","37.3M","A6.6M","36.5M","36.4M","A6.1M","A6M","35.9M","35.4M","35M","34.5M","34.1M","34M","34M","33.7M","33.7M","33.4M","33.2M","33M","32.9M","32.9M","32.6M","32.5M","32.2M","32.1M","32M","31.7M","31.6M","31.5M","31.5M","31.5M","31.4M","30.9M","30.8M","30.6M","30.5M","30.5M","30.4M","30.4M","30.4M","30.2M"],"okList":["82.8M","71.350006M","63.1M","58.300003M","57.95M","56.5M","56.300003M","56.0M","55.5M","55.15M","53.9M","53.449997M","52.45M","52.0M","51.5M","51.300003M","50.75M","50.550003M","50.1M","49.9M","49.65M","48.8M","48.85M","48.05M","47.050003M","46.75M","45.6M","44.7M","44.5M","43.8M","43.6M","43.35M","42.8M","42.4M","41.85M","41.550003M","41.35M","41.25M","41.05M","41.0M","40.8M","40.5M","40.3M","39.949997M","39.85M","39.75M","39.45M","39.25M","38.95M","38.5M","38.3M","38.1M","57.95M","37.85M","37.800003M","37.65M","37.6M","37.4M","36.9M","35.45M","34.95M","34.55M","34.25M","34.05M","33.85M","33.85M","33.550003M","33.45M","33.2M","33.050003M","32.95M","32.75M","32.7M","32.4M","32.3M","32.1M","31.9M","31.8M","31.6M","31.55M","31.5M","31.45M","31.2M","31.099998M","30.75M","30.65M","30.55M","30.45M","30.45M","30.4M","30.3M","30.2M"],"nokList":["38.7M","38.3M","37.3M","36.5M","36.4M","A6.1M","A6M","35.9M"]}