{"server":3306,"total":2973.7007,"average":31.635113,"cpValues":[],"cpList":["52.6M","52.2M","49.3M","48.5M","47.6M","45.5M","45.3M","45.2M","43.2M","41M","40.6M","39.2M","39.1M","38.9M","38.7M","38.1M","37.9M","37.7M","37.6M","37.3M","37.2M","37.2M","A6.9M","36.5M","36.3M","A6.1M","35.8M","35.7M","35.7M","35.6M","35.5M","35M","34.6M","34.6M","34.3M","34.1M","33.8M","A3.6M","33.5M","32.9M","32.6M","32.1M","32.1M","31.5M","31.4M","31.3M","31.3M","31.2M","31.1M","31M","30.8M","30.7M","30.1M","30.1M","29.8M","29.7M","29.5M","29.4M","29.2M","28.8M","28.5M","28.2M","28M","27.6M","27.5M","27M","26.9M","26.7M","26.6M","26.6M","26.6M","26.5M","26.3M","26M","25.7M","25.7M","25.5M","25.4M","25.2M","25M","24.8M","24.8M","24.7M","24.6M","24.5M","24.5M","24.3M","24.3M","24.3M","24.1M","23.9M","23.9M","23.9M","23.8M","23.7M","23.6M","23.5M","23.4M","23.2M","23.1M"],"okList":["52.6M","50.949997M","50.35M","48.449997M","47.0M","46.449997M","45.35M","44.25M","43.1M","41.9M","40.1M","39.85M","39.050003M","38.9M","38.5M","38.300003M","37.9M","37.75M","37.5M","37.4M","37.25M","36.85M","36.05M","35.75M","35.65M","35.6M","35.3M","35.05M","34.8M","34.449997M","34.35M","34.05M","33.65M","33.05M","32.5M","32.35M","31.8M","31.75M","31.4M","31.349998M","31.25M","31.2M","31.1M","30.95M","30.85M","30.45M","30.400002M","29.95M","29.900002M","29.65M","29.55M","29.35M","29.099998M","28.85M","28.5M","28.25M","27.900002M","27.75M","27.3M","27.2M","26.85M","26.75M","26.650002M","26.6M","26.55M","26.45M","26.25M","26.0M","25.85M","25.6M","25.55M","25.35M","25.2M","25.0M","24.9M","24.75M","24.7M","24.6M","24.55M","24.4M","24.4M","24.3M","24.2M","24.099998M","24.0M","23.9M","23.849998M","23.8M","23.7M","23.6M","23.5M","23.35M","23.25M","23.1M"],"nokList":["37.2M","36.5M","36.3M","35.8M","33.8M","33.5M"]}