{"server":3310,"total":5183.9004,"average":51.839005,"cpValues":[],"cpList":["80.3M","78.8M","76.7M","76M","74.4M","73.7M","72.8M","70.3M","70.2M","69M","67.8M","67.1M","65.9M","65.2M","64.8M","63.7M","63.7M","63.6M","63.1M","63.1M","62.5M","61.6M","61.5M","61.5M","61.5M","61.4M","61M","60.7M","60.6M","60.4M","58.5M","58.4M","57.7M","57.7M","57M","56.9M","56.9M","56.4M","56.3M","55.7M","55.1M","54.9M","53.8M","52.6M","52.1M","52M","51.9M","50.6M","50.5M","49.8M","49.5M","48.8M","48.2M","48M","46.9M","46.3M","46.2M","45.9M","45.3M","45.2M","45.2M","44.7M","44.2M","44.1M","43.6M","43.2M","42.7M","42.7M","42.2M","41.5M","41.3M","41M","40.5M","40.4M","39.8M","39.6M","39.5M","39.4M","39.2M","39.1M","38.7M","38.5M","38.1M","78M","37.8M","37.7M","37.6M","37.4M","37.4M","37.4M","37.3M","36.8M","36.5M","36.5M","36.4M","36.2M","35.9M","35.9M","35.8M","35.5M"],"okList":["80.3M","78.5M","77.4M","75.55M","74.85M","73.600006M","72.0M","71.5M","69.65M","69.0M","68.05M","66.850006M","66.149994M","65.350006M","64.45M","64.25M","63.65M","63.4M","63.35M","62.8M","62.35M","62.0M","61.55M","61.5M","61.45M","61.25M","61.050003M","60.8M","60.550003M","59.55M","59.4M","58.1M","58.050003M","57.35M","57.300003M","56.95M","56.65M","56.6M","56.050003M","55.699997M","55.300003M","54.449997M","53.75M","52.949997M","52.3M","52.0M","51.3M","51.2M","50.199997M","50.0M","49.3M","48.85M","48.4M","47.550003M","47.15M","46.550003M","46.1M","45.75M","45.550003M","45.25M","44.95M","44.7M","44.4M","43.9M","43.65M","43.15M","42.95M","42.45M","42.1M","41.75M","41.25M","40.9M","40.7M","40.15M","40.0M","39.65M","39.5M","39.35M","39.25M","38.95M","38.8M","38.4M","58.25M","37.949997M","57.85M","37.699997M","37.550003M","37.5M","37.4M","37.35M","37.1M","36.9M","36.65M","36.45M","36.35M","36.15M","36.050003M","35.85M","35.7M","35.5M"],"nokList":[]}