{"server":3322,"total":3445.4995,"average":38.713478,"cpValues":[],"cpList":["6AM","64.2M","63M","63M","59.8M","59.4M","5AM","55M","53.7M","52.1M","50.4M","50.3M","49.7M","48.5M","48.3M","46M","45.3M","44.4M","44M","43.9M","43.9M","43.5M","42.5M","42.3M","42.1M","42M","41.9M","41.8M","41.8M","41.5M","41.4M","41M","40.9M","40.9M","40.5M","40.1M","40M","39.6M","39.4M","39.4M","39.3M","39.3M","39.1M","39.1M","38.7M","38.7M","AA.6M","38.4M","37.9M","37.7M","37.3M","A6.9M","36.5M","36.2M","36.2M","A6.1M","35.8M","35.7M","35.5M","35.3M","34.8M","34.4M","34M","34M","33.9M","33.8M","33.7M","33.7M","33.7M","33.3M","33.1M","33M","32.8M","32.7M","32.3M","32.1M","31.7M","31.6M","31.6M","31.5M","31.5M","31.4M","31.4M","31.3M","30.9M","30.6M","30.5M","30.5M","30.2M","30M","29.8M","29.8M","29.7M","29.6M","29.4M","29.1M","28.9M","2A.8M","28.8M","2A.7M"],"okList":["68.0M","63.6M","61.4M","61.2M","57.2M","53.55M","52.050003M","51.199997M","50.050003M","49.4M","49.0M","47.25M","46.8M","45.2M","44.65M","44.15M","43.95M","43.7M","43.2M","42.9M","42.3M","42.15M","42.0M","41.9M","41.85M","41.65M","41.6M","41.25M","41.15M","40.95M","40.7M","40.5M","40.25M","39.85M","39.7M","39.5M","39.35M","39.35M","39.199997M","39.199997M","38.9M","38.9M","38.550003M","38.050003M","37.6M","36.9M","36.35M","36.0M","35.65M","35.5M","35.15M","34.85M","34.4M","34.2M","33.95M","33.9M","33.800003M","33.75M","33.7M","33.5M","33.4M","33.15M","32.949997M","32.85M","32.55M","32.4M","32.0M","31.849998M","31.650002M","31.55M","31.55M","31.45M","31.45M","31.349998M","31.15M","30.95M","30.7M","30.55M","30.35M","30.25M","30.0M","29.9M","29.75M","29.7M","29.55M","29.35M","29.15M","28.849998M","28.7M"],"nokList":["64.2M","59.4M","55M","38.7M","38.4M","37.3M","36.5M","36.2M","35.8M","28.9M","28.8M"]}