{"server":3325,"total":5438.1,"average":54.381,"cpValues":[],"cpList":["80.6M","77.4M","70.6M","70.3M","70M","69.1M","69M","67.6M","67.3M","66.7M","66.2M","65.9M","64.8M","64.8M","64.3M","64M","63.5M","62.7M","62.3M","62.3M","62.1M","60.4M","59.5M","59.5M","59.3M","59.1M","59.1M","59.1M","59M","59M","59M","58.6M","58.4M","58.4M","58.3M","57.7M","57.1M","56.9M","56.6M","56.4M","56.4M","56.1M","56M","55.7M","55.5M","54.6M","54.6M","54.2M","54.2M","53.4M","53.4M","52.3M","52.2M","51.7M","51.3M","51.2M","50.8M","50.7M","50.5M","50M","49.9M","49.5M","49.3M","49.1M","49M","48.8M","48.4M","48.2M","48M","48M","47.8M","47.4M","47.3M","47.3M","47.2M","47M","46.8M","46.7M","46.7M","46.6M","46.1M","46M","45.8M","45.7M","45.6M","45.6M","45.1M","44.7M","44.6M","44.6M","44.2M","44M","44M","43.9M","43.8M","43.7M","43.6M","43.2M","42.8M","42.8M"],"okList":["80.6M","75.6M","73.850006M","70.3M","69.7M","69.5M","68.35M","68.15M","67.149994M","66.75M","66.3M","65.5M","65.350006M","64.55M","64.4M","63.9M","63.35M","62.9M","62.5M","62.199997M","61.35M","60.8M","59.95M","59.4M","59.3M","59.199997M","59.1M","59.05M","59.05M","59.0M","58.8M","58.7M","58.5M","58.35M","58.050003M","57.699997M","57.300003M","56.85M","56.65M","56.5M","56.25M","56.2M","55.9M","55.75M","55.15M","55.05M","54.4M","54.4M","53.800003M","53.800003M","52.85M","52.800003M","52.0M","51.75M","51.45M","51.05M","50.95M","50.65M","50.35M","50.2M","49.75M","49.6M","49.3M","49.15M","48.949997M","48.7M","48.5M","48.2M","48.1M","47.9M","47.7M","47.55M","47.35M","47.25M","47.15M","47.0M","46.85M","46.75M","46.65M","46.4M","46.3M","45.949997M","45.85M","45.699997M","45.65M","45.35M","45.15M","44.85M","44.65M","44.4M","44.3M","44.1M","43.95M","43.9M","43.800003M","43.699997M","43.45M","43.199997M","43.0M","42.8M"],"nokList":[]}