{"server":3341,"total":3850.6997,"average":39.292854,"cpValues":[],"cpList":["61.5M","60.2M","58.6M","58.2M","57.8M","53.9M","53.2M","53M","52.6M","52.4M","50.8M","49.4M","49M","48.2M","48.1M","47.6M","47.4M","47.2M","47.1M","46.8M","46.7M","46.6M","46.5M","46.2M","46.2M","45.8M","45.8M","44.8M","44.6M","44.4M","44.4M","44.2M","44.1M","43.5M","43.4M","43M","42.5M","42.1M","42M","41.7M","41.6M","40.9M","40.4M","39.8M","39.6M","39.4M","39.4M","39.4M","39.3M","39.2M","39.2M","38.9M","38.7M","38.5M","38.1M","36.8M","36.7M","35.7M","35.4M","35M","34.6M","34.5M","34.2M","33.7M","A3.6M","33.2M","33.2M","33.2M","33.1M","32.8M","32.6M","32.6M","32.4M","32.2M","31.9M","31.8M","31.4M","31.2M","31.2M","30.9M","30.7M","30.3M","30.3M","30.2M","29.5M","29.5M","28.6M","28.4M","28.4M","28.2M","28M","27.9M","27.7M","21.4M","27.3M","27.1M","27M","26.6M","26.3M","26.2M"],"okList":["61.5M","60.05M","59.2M","58.199997M","56.050003M","55.5M","53.45M","52.9M","52.7M","51.699997M","50.9M","49.9M","48.800003M","48.55M","47.9M","47.75M","47.4M","47.25M","47.0M","46.9M","46.699997M","46.6M","46.4M","46.35M","46.0M","46.0M","45.3M","45.199997M","44.6M","44.5M","44.300003M","44.25M","43.85M","43.75M","43.25M","42.95M","42.55M","42.25M","41.9M","41.8M","41.300003M","41.0M","40.35M","40.0M","39.6M","39.5M","39.4M","39.35M","39.300003M","39.25M","39.050003M","38.95M","38.7M","38.4M","37.65M","37.4M","36.25M","36.050003M","35.35M","35.0M","34.75M","34.4M","34.1M","33.45M","33.2M","33.15M","33.0M","32.85M","32.699997M","32.5M","32.4M","32.15M","32.0M","31.65M","31.5M","31.3M","31.05M","30.95M","30.599998M","30.5M","30.25M","29.9M","29.85M","29.05M","28.95M","28.5M","28.3M","28.2M","28.05M","27.85M","24.65M","27.5M","24.25M","27.15M","26.85M","26.65M","26.400002M","26.2M"],"nokList":["33.7M","33.2M"]}