{"server":3342,"total":4986.1006,"average":49.861008,"cpValues":[],"cpList":["80.2M","80.1M","79.8M","77.4M","77.4M","76.7M","12.4M","69.2M","68.5M","67.6M","65.4M","65M","62.1M","61.7M","60.6M","59.7M","59.5M","59.2M","58.1M","57.1M","57M","56.5M","56.4M","56.4M","56.3M","56.2M","56.2M","56.2M","56M","55.1M","54.8M","54.7M","53.8M","53.4M","52.9M","51.8M","51.6M","51M","50.8M","50.6M","50.4M","50.1M","49.8M","49.8M","49.7M","49.4M","48.M","48.5M","48M","47.M","47.6M","47.4M","46.9M","46.8M","46.5M","46.4M","46.4M","46.2M","45.7M","45.6M","45.6M","45.1M","44.9M","44M","43.8M","43.7M","43.4M","43.2M","43.1M","42.6M","42.5M","42.5M","42.4M","42M","42M","41.8M","41.4M","41.2M","41.2M","40.9M","40.9M","40.7M","40.4M","40.3M","40.3M","40.1M","40.1M","40M","39.9M","39.8M","39.4M","39.2M","39.1M","39M","38.6M","38.2M","37.9M","37.8M","37.8M","37.7M"],"okList":["80.2M","80.0M","78.75M","78.600006M","77.05M","44.9M","72.95M","40.45M","68.399994M","66.95M","66.3M","63.75M","63.35M","61.35M","60.7M","60.05M","59.45M","58.8M","58.15M","57.55M","56.8M","56.7M","56.45M","56.35M","56.300003M","56.25M","56.2M","56.1M","55.65M","55.4M","54.9M","54.3M","54.050003M","53.35M","52.6M","52.25M","51.4M","51.199997M","50.8M","50.6M","50.35M","50.1M","49.949997M","49.75M","49.6M","48.85M","48.95M","48.0M","47.75M","47.8M","47.2M","47.25M","47.1M","46.7M","46.6M","46.45M","46.300003M","46.050003M","45.9M","45.65M","45.35M","45.25M","44.55M","44.35M","43.85M","43.6M","43.45M","43.25M","42.9M","42.8M","42.55M","42.45M","42.25M","42.2M","41.9M","41.7M","41.5M","41.300003M","41.050003M","41.050003M","40.800003M","40.65M","40.5M","40.35M","40.199997M","40.199997M","40.05M","40.0M","39.9M","39.65M","39.5M","39.25M","39.1M","38.85M","38.6M","38.25M","38.0M","37.85M","37.75M","37.7M"],"nokList":[]}