{"time":1755526485390,"server":3345,"cpList":["770M","98.9M","94.8M","94M","92M","91.3M","88.7M","87.3M","86M","85.9M","85.2M","85.2M","843M","83.5M","79.5M","79.4M","77.8M","77.4M","77M","76.4M","75.8M","75.2M","74.8M","74.7M","73M","73M","72.9M","72.7M","72.6M","72.1M","71.3M","77M","70.6M","70.3M","70M","69M","68.8M","68.1M","67.7M","67.6M","67.6M","67.5M","67.3M","67.3M","67.1M","66.9M","66.5M","66.4M","66.2M","66.1M","66M","65.6M","65.5M","65.3M","65.1M","65M","64.7M","646M","64.4M","642M","642M","64.1M","64M","63.9M","63.7M","63.2M","63M","62.9M","62.9M","62.9M","62.8M","62.7M","62.7M","62.4M","62.1M","62.1M","62.1M","62M","62M","61.5M","61.4M","61.3M","612M","612M","61.1M","61M","60.8M","60.5M","60.4M","60.3M","60.3M","60.1M","60.1M","59.6M","59.5M","59.4M","59.4M","59.2M","59.2M","59.1M"],"okList":["170.0M","98.9M","94.8M","94.0M","92.0M","91.3M","88.7M","87.3M","86.0M","85.9M","85.2M","85.2M","84.3M","83.5M","79.5M","79.4M","77.8M","77.4M","77.0M","76.4M","75.8M","75.2M","74.8M","74.7M","73.0M","73.0M","72.9M","0.727M","0.00726M","7.209999999999999E-5M","7.13E-7M","7.699999999999999E-8M","7.06E-9M","7.03E-9M","7.0E-9M","6.9E-9M","6.879999999999999E-9M","6.8099999999999994E-9M","6.77E-9M","6.759999999999999E-9M","6.759999999999999E-9M","6.750000000000001E-9M","6.73E-9M","6.73E-9M","6.709999999999999E-9M","6.69E-9M","6.65E-9M","6.64E-9M","6.62E-9M","6.609999999999999E-9M","6.6E-9M","6.56E-9M","6.550000000000001E-9M","6.53E-9M","6.51E-9M","6.500000000000001E-9M","6.47E-9M","6.460000000000001E-8M","6.440000000000001E-9M","6.419999999999999E-8M","6.419999999999999E-8M","6.409999999999999E-9M","6.4E-9M","6.39E-9M","6.37E-9M","6.3200000000000005E-9M","6.3E-9M","6.290000000000001E-9M","6.290000000000001E-9M","6.290000000000001E-9M","6.28E-9M","6.270000000000001E-9M","6.270000000000001E-9M","6.24E-9M","6.210000000000001E-9M","6.210000000000001E-9M","6.210000000000001E-9M","6.2E-9M","6.2E-9M","6.1500000000000005E-9M","6.14E-9M","6.13E-9M","6.119999999999999E-8M","6.119999999999999E-8M","6.11E-9M","6.099999999999998E-9M","6.08E-9M","6.05E-9M","6.040000000000001E-9M","6.03E-9M","6.03E-9M","6.01E-9M","6.01E-9M","5.96E-9M","5.9499999999999995E-9M","5.9400000000000006E-9M","5.9400000000000006E-9M","5.920000000000001E-9M","5.920000000000001E-9M","5.91E-9M"],"nokList":[]}