{"time":1755526512095,"server":3351,"cpList":["93.3M","74M","65.1M","64.8M","61.9M","54.9M","53.2M","52.8M","52.7M","52.7M","52.2M","57M","50.9M","50.7M","50.6M","49.4M","49.1M","48.7M","48.7M","47.9M","47.4M","46.5M","45.5M","45.5M","45.3M","448M","44.4M","43.5M","43.4M","43.2M","42.8M","42.3M","42.1M","41.9M","41.7M","41.5M","412M","40.9M","40.5M","39.6M","39.6M","39.6M","39.5M","39.3M","38.9M","38.8M","38.7M","38.3M","38.1M","38M","37.2M","37.2M","37.1M","37.1M","36.9M","36.8M","36.8M","36.5M","36.2M","36.2M","35.9M","35.7M","35.3M","35.2M","35.2M","35M","34.7M","34.7M","346M","34.5M","34.5M","34.5M","34.5M","33.9M","33.8M","33.6M","33.5M","33.2M","32.8M","32.8M","32.6M","32.6M","32.5M","32.1M","31.5M","31.4M","31.3M","31.2M","31.2M","31.1M","31M","31M","30.6M","30.2M","30M","30M","29.9M","29.9M","29.6M","29.5M"],"okList":["93.3M","74.0M","65.1M","64.8M","61.9M","54.9M","53.2M","0.528M","0.00527M","5.270000000000001E-5M","5.219999999999999E-7M","5.6999999999999994E-8M","5.0900000000000004E-9M","5.07E-9M","5.06E-9M","4.940000000000001E-9M","4.910000000000001E-9M","4.870000000000001E-9M","4.870000000000001E-9M","4.79E-9M","4.739999999999999E-9M","4.65E-9M","4.55E-9M","4.55E-9M","4.529999999999999E-9M","4.4800000000000004E-8M","4.44E-9M","4.35E-9M","4.34E-9M","4.320000000000001E-9M","4.279999999999999E-9M","4.2300000000000005E-9M","4.21E-9M","4.190000000000001E-9M","4.17E-9M","4.15E-9M","4.12E-8M","4.09E-9M","4.050000000000001E-9M","3.96E-9M","3.96E-9M","3.96E-9M","3.950000000000001E-9M","3.9299999999999995E-9M","3.8900000000000004E-9M","3.879999999999999E-9M","3.87E-9M","3.829999999999999E-9M","3.81E-9M","3.8E-9M","3.7200000000000012E-9M","3.7200000000000012E-9M","3.7100000000000002E-9M","3.7100000000000002E-9M","3.6900000000000003E-9M","3.68E-9M","3.68E-9M","3.65E-9M","3.6200000000000003E-9M","3.6200000000000003E-9M","3.59E-9M","3.57E-9M","3.53E-9M","3.5200000000000007E-9M","3.5200000000000007E-9M","3.5E-9M","3.4700000000000002E-9M","3.4700000000000002E-9M","3.46E-8M","3.45E-9M","3.45E-9M","3.45E-9M","3.45E-9M","3.3899999999999997E-9M","3.3799999999999995E-9M","3.3600000000000004E-9M","3.3500000000000002E-9M","3.32E-9M","3.28E-9M","3.28E-9M","3.2600000000000007E-9M","3.2600000000000007E-9M","3.2500000000000006E-9M","3.2100000000000003E-9M","3.15E-9M","3.14E-9M","3.13E-9M","3.12E-9M","3.12E-9M","3.11E-9M","3.1E-9M","3.1E-9M","3.0599999999999998E-9M","3.0200000000000003E-9M","3.0E-9M","3.0E-9M","2.9900000000000002E-9M","2.9900000000000002E-9M","2.9600000000000005E-9M","2.95E-9M"],"nokList":[]}