{"server":3351,"total":3649.0505,"average":40.545006,"cpValues":[],"cpList":["81.3M","71.9M","70.9M","63.3M","53.2M","52.4M","51.9M","51.5M","50.6M","49.5M","48.7M","48.5M","48.5M","48.4M","47.9M","47.4M","47.1M","46.5M","46.5M","45.6M","45.5M","45.2M","44.4M","43.4M","43M","42.1M","41.9M","41.9M","41.5M","41.2M","40.9M","40.5M","39.6M","39.6M","39.3M","39M","38.7M","38.3M","78M","78M","37.8M","37.8M","37.5M","37.2M","37.2M","37.1M","37.1M","37M","A6.6M","36.5M","36.4M","36.2M","A6.1M","A6.1M","35.2M","35.2M","34.7M","34.7M","34.6M","34.6M","34.5M","34.5M","34.5M","34.4M","34.3M","34.3M","33.9M","A3.6M","33.5M","33.2M","33.2M","32.9M","32.8M","32.8M","32.6M","32.6M","32.5M","32.1M","32M","31.4M","31.3M","31.2M","31.2M","31.1M","31M","31M","30.9M","30.7M","30.6M","30.2M","30M","29.9M","29.6M","29.5M","29.3M","29.2M","28.9M","2A.8M","28.8M","2A.7M"],"okList":["81.3M","76.100006M","67.6M","62.050003M","57.85M","52.550003M","51.95M","51.25M","50.5M","49.65M","49.0M","48.6M","48.45M","48.2M","47.9M","47.5M","46.95M","46.8M","46.05M","46.0M","45.4M","44.95M","44.300003M","43.7M","42.75M","42.45M","42.0M","41.7M","41.550003M","41.2M","40.85M","40.25M","40.05M","39.449997M","39.3M","39.0M","38.65M","58.35M","78.0M","57.9M","57.9M","37.65M","37.5M","37.35M","37.15M","37.15M","37.05M","36.75M","36.35M","34.95M","34.95M","34.65M","34.65M","34.55M","34.55M","34.5M","34.45M","34.4M","34.35M","34.1M","33.7M","33.35M","33.050003M","33.0M","32.85M","32.699997M","32.699997M","32.55M","32.35M","32.25M","31.75M","31.65M","31.3M","31.25M","31.150002M","31.1M","31.05M","30.95M","30.85M","30.75M","30.45M","30.3M","30.05M","29.8M","29.7M","29.45M","29.35M","29.099998M","28.849998M","28.7M"],"nokList":["37M","36.5M","36.2M","A6.1M","A6.1M","35.2M","33.9M","33.5M","28.9M","28.8M"]}