{"server":3353,"total":3575.9,"average":41.58023,"cpValues":[],"cpList":["66.2M","60.9M","60.7M","54.9M","53M","51.3M","50M","50M","49.5M","49.5M","49.5M","49.4M","48.M","48.3M","48.3M","48.1M","47.8M","47.M","47.5M","47.5M","47.4M","47.1M","47M","46.9M","46.6M","46.2M","45.9M","44.9M","44.2M","44.2M","44.2M","44M","43.9M","43.8M","43.5M","43.5M","43.2M","41.8M","41.8M","41.7M","41.7M","41.4M","41.1M","40.6M","40.5M","40.2M","40M","40M","39.9M","39.7M","39.6M","39.6M","39.5M","39.4M","39M","38.8M","38.7M","38.7M","AA.6M","AA.6M","37.9M","37.1M","37M","36.7M","A6.6M","36.4M","36.4M","36.3M","36.3M","A6M","35.5M","34.8M","34.8M","34.2M","34.2M","34M","33.7M","33.7M","A3.6M","A3.6M","A3.6M","A3.6M","33.3M","33.3M","33.3M","33.1M","32.7M","32.7M","32.7M","32.6M","32.6M","32.6M","32.2M","31.7M","31.7M","31.6M","31.6M","31.5M","31.4M","31.2M"],"okList":["66.2M","63.449997M","57.9M","56.85M","53.1M","51.5M","50.65M","49.75M","49.75M","49.5M","49.45M","48.75M","48.85M","48.3M","48.199997M","48.05M","47.55M","47.65M","47.5M","47.45M","47.3M","47.2M","47.0M","46.8M","46.550003M","46.25M","45.550003M","45.050003M","44.550003M","44.2M","44.1M","44.050003M","43.9M","43.7M","43.65M","43.35M","42.65M","42.5M","41.75M","41.75M","41.550003M","41.4M","41.0M","40.8M","40.4M","40.25M","40.1M","39.95M","39.85M","39.75M","39.65M","39.55M","39.5M","39.25M","39.1M","38.85M","38.75M","37.45M","36.9M","36.550003M","36.35M","36.35M","35.9M","35.15M","34.5M","34.5M","34.1M","33.95M","33.85M","33.3M","33.199997M","33.0M","32.9M","32.7M","32.65M","32.65M","32.6M","32.4M","32.15M","31.95M","31.650002M","31.650002M","31.55M","31.5M","31.35M","31.2M"],"nokList":["38.7M","AA.6M","AA.6M","37.9M","36.7M","36.4M","36.3M","35.5M","33.7M","A3.6M","A3.6M","A3.6M","A3.6M","33.3M"]}