{"time":1756227851787,"server":3355,"cpList":["156M","138M","130M","128M","124M","124M","124M","124M","120M","117M","M6M","115M","113M","112M","1T0M","109M","108M","108M","107M","106M","106M","106M","106M","106M","106M","104M","103M","100M","99.6M","99.1M","98.5M","96.7M","96.2M","95.7M","95.4M","95.4M","95.2M","95.1M","94.9M","94.7M","94.1M","93.3M","93M","91.9M","91.5M","912M","90.8M","89.6M","89.4M","88.7M","88.7M","88.7M","88.5M","88M","87.9M","87.2M","87M","86.7M","86.5M","86.5M","85.8M","85.4M","85M","84.9M","84.7M","84.4M","84.2M","84.1M","83.9M","83.7M","83.4M","83.2M","83.2M","83M","82.9M","82.8M","82.7M","82.6M","82.4M","82.3M","82M","81.7M","81.3M","81M","80.9M","80.6M","80.2M","79.4M","79.4M","79.4M","79.3M","79.1M","78.9M","78.7M","78.5M","78.4M","78.4M","78.3M","78.3M","78.2M"],"okList":["156.0M","138.0M","130.0M","128.0M","124.0M","124.0M","124.0M","124.0M","120.0M","117.0M","6.0M","11.5M","11.3M","11.2M","17.0M","10.9M","10.8M","10.8M","10.7M","10.6M","10.6M","10.6M","10.6M","10.6M","10.6M","10.4M","10.3M","10.0M","9.959999999999999M","9.91M","9.85M","9.67M","9.620000000000001M","9.57M","9.540000000000001M","9.540000000000001M","9.52M","9.51M","9.49M","9.47M","9.41M","9.33M","9.3M","9.190000000000001M","9.15M","9.120000000000001M","9.08M","8.959999999999999M","8.940000000000001M","8.870000000000001M","8.870000000000001M","8.870000000000001M","8.85M","8.8M","8.790000000000001M","8.72M","8.7M","8.67M","8.65M","8.65M","8.58M","8.540000000000001M","8.5M","8.49M","8.47M","8.440000000000001M","8.42M","8.41M","8.39M","8.370000000000001M","8.34M","8.32M","8.32M","8.3M","8.290000000000001M","8.28M","8.27M","8.26M","8.24M","8.23M","8.2M","8.17M","8.129999999999999M","8.1M","8.09M","8.059999999999999M","8.02M","7.94M","7.94M","7.94M","7.93M","7.909999999999999M","7.890000000000001M","7.87M","7.85M","7.840000000000001M","7.840000000000001M","7.83M","7.83M","7.82M"],"nokList":[]}