{"server":3355,"total":6822.8003,"average":69.620415,"cpValues":[],"cpList":["149M","132M","116M","114M","101M","28.1M","94.6M","24.5M","24.1M","23.5M","20.2M","87.3M","87.3M","86.6M","86.1M","85.3M","84.7M","84.6M","83.7M","82.8M","82.7M","81.2M","80.3M","79.8M","79.4M","77.8M","77.M","77.6M","77.5M","75.7M","75.5M","75M","74.4M","73.2M","72.6M","72.6M","72.3M","72M","71.9M","70.4M","70.1M","70M","69.5M","69.4M","69.4M","69.3M","69.3M","69.2M","68.9M","68.8M","68.7M","68.5M","67.9M","67.8M","67.5M","67.5M","67.1M","67M","66.7M","66.6M","66.5M","66.4M","66.2M","6M","65.5M","65.2M","65M","64.9M","64.7M","64.3M","63.4M","63.3M","62.9M","62.6M","62.4M","62.3M","61.8M","61.7M","61.7M","61.5M","61.5M","61.5M","61.4M","60.9M","60.7M","60.4M","60.2M","59.8M","59.7M","59.7M","59.7M","59.4M","59.4M","59.3M","59.3M","59M","58.8M","5A.7M","58.5M","58.5M"],"okList":["149.0M","132.5M","123.0M","108.5M","71.05M","97.8M","26.3M","59.35M","24.0M","22.150002M","55.4M","87.3M","86.95M","86.7M","85.95M","85.399994M","84.95M","84.2M","83.7M","83.2M","82.0M","81.5M","80.5M","79.850006M","78.8M","78.2M","77.7M","77.25M","76.649994M","76.5M","75.35M","74.95M","74.1M","73.5M","72.899994M","72.45M","72.3M","72.100006M","71.2M","71.0M","70.2M","69.8M","69.7M","69.45M","69.350006M","69.350006M","69.25M","69.100006M","69.0M","68.8M","68.65M","68.3M","68.15M","67.7M","67.65M","67.3M","67.25M","66.899994M","66.8M","66.6M","66.5M","66.35M","36.2M","65.85M","35.6M","65.25M","65.05M","64.85M","64.600006M","64.05M","63.800003M","63.15M","62.949997M","62.65M","62.449997M","62.1M","62.0M","61.75M","61.6M","61.6M","61.5M","61.45M","61.2M","61.050003M","60.65M","60.45M","60.1M","59.95M","59.75M","59.7M","59.550003M","59.550003M","59.35M","59.35M","59.15M","59.05M","58.65M","58.5M"],"nokList":["58.8M","58.5M"]}