{"time":1755526564950,"server":3355,"cpList":["156M","138M","128M","124M","124M","124M","124M","120M","176M","115M","113M","771M","109M","108M","106M","106M","106M","106M","106M","105M","104M","103M","100M","99.3M","98.5M","966M","96M","95.9M","95.6M","95.2M","95M","94.9M","94.5M","94.5M","94M","93.8M","93.1M","93M","91.7M","91.5M","90.9M","90.6M","89.6M","89.2M","88.6M","88.6M","88.5M","88.5M","87.1M","86.9M","86.5M","86.4M","86.4M","85.8M","85.6M","85.4M","84.5M","84.4M","842M","84.1M","84.1M","83.7M","83.2M","83.2M","83.1M","82.8M","82.7M","82.6M","82.5M","82.4M","82.2M","81.8M","81.6M","81.2M","81M","80.8M","80.1M","80M","79.3M","79.3M","79.2M","79.1M","79.1M","78.9M","78.9M","78.6M","78.5M","78.2M","78.1M","78.1M","78M","78M","78M","77.7M","77.6M","77.4M","77.3M","77.2M","77.2M","77.2M"],"okList":["156.0M","138.0M","128.0M","124.0M","12.4M","0.124M","0.00124M","1.1999999999999999E-5M","1.7600000000000003E-6M","1.15E-7M","1.1299999999999998E-7M","1.7100000000000004E-7M","1.0900000000000001E-7M","1.0800000000000001E-7M","1.06E-7M","1.06E-7M","1.06E-7M","1.06E-7M","1.06E-7M","1.05E-7M","1.0400000000000002E-7M","1.0300000000000001E-7M","1.0000000000000001E-7M","9.93E-8M","9.849999999999999E-9M","9.66E-8M","9.6E-9M","9.59E-9M","9.559999999999998E-9M","9.52E-9M","9.499999999999999E-9M","9.490000000000001E-9M","9.45E-9M","9.45E-9M","9.399999999999998E-9M","9.379999999999999E-9M","9.309999999999999E-9M","9.3E-9M","9.17E-9M","9.150000000000001E-9M","9.09E-9M","9.059999999999998E-9M","8.96E-9M","8.920000000000001E-9M","8.86E-9M","8.86E-9M","8.85E-9M","8.85E-9M","8.71E-9M","8.69E-9M","8.65E-9M","8.640000000000002E-9M","8.640000000000002E-9M","8.579999999999998E-9M","8.559999999999999E-9M","8.54E-9M","8.45E-9M","8.440000000000001E-9M","8.419999999999999E-8M","8.409999999999999E-9M","8.409999999999999E-9M","8.37E-9M","8.320000000000001E-9M","8.320000000000001E-9M","8.31E-9M","8.279999999999999E-9M","8.270000000000002E-9M","8.260000000000001E-9M","8.250000000000001E-9M","8.240000000000001E-9M","8.219999999999998E-9M","8.18E-9M","8.159999999999998E-9M","8.120000000000001E-9M","8.100000000000001E-9M","8.079999999999999E-9M","8.009999999999999E-9M","8.0E-9M","7.929999999999999E-9M","7.929999999999999E-9M","7.92E-9M","7.909999999999998E-9M","7.909999999999998E-9M","7.890000000000001E-9M","7.890000000000001E-9M","7.859999999999999E-9M","7.85E-9M","7.82E-9M","7.809999999999998E-9M","7.809999999999998E-9M","7.799999999999999E-9M","7.799999999999999E-9M","7.799999999999999E-9M","7.770000000000001E-9M","7.759999999999998E-9M","7.74E-9M","7.729999999999999E-9M","7.72E-9M","7.72E-9M","7.72E-9M"],"nokList":[]}