{"server":3373,"total":3616.1006,"average":38.469154,"cpValues":[],"cpList":["76.3M","63.8M","63.8M","56.2M","55.7M","54.8M","53M","51.3M","50.3M","50.1M","49.1M","48.8M","48.8M","47.8M","47.6M","47.4M","46.7M","46.4M","46.3M","46.1M","45.8M","45.2M","45.1M","44.3M","43M","42.6M","42M","41.8M","40.9M","40.7M","40.2M","39.9M","39.5M","38.9M","AA.6M","38.4M","38.1M","38.1M","37.9M","37.8M","37.8M","37.6M","37.5M","37.3M","37.2M","36.5M","36.5M","36.4M","36.2M","35.7M","35.5M","35.1M","35M","34.8M","34.2M","34.2M","34.2M","34M","33.7M","A3.6M","33.5M","33.1M","32.9M","32.5M","32.2M","32.1M","31.9M","31.8M","31.8M","31.7M","31.6M","31.4M","31.4M","31.2M","31.1M","31M","31M","31M","30.9M","30.9M","30.8M","30.7M","30.6M","30.5M","30.3M","30.2M","30.2M","30.1M","30M","29.8M","29.8M","29.6M","29.6M","29.6M","29.2M","29M","28.9M","2A.8M","28.8M","2A.5M"],"okList":["76.3M","70.05M","60.0M","59.75M","55.5M","54.35M","53.05M","51.65M","50.699997M","49.699997M","49.449997M","48.949997M","48.3M","48.199997M","47.6M","47.15M","46.9M","46.5M","46.25M","46.05M","45.65M","45.449997M","44.75M","44.05M","43.449997M","42.5M","42.199997M","41.45M","41.25M","40.550003M","40.300003M","39.85M","39.4M","38.65M","38.25M","38.0M","37.949997M","37.85M","37.699997M","37.65M","37.449997M","37.35M","36.9M","36.85M","36.45M","36.35M","36.050003M","35.85M","35.4M","35.25M","34.949997M","34.6M","34.5M","34.2M","34.1M","33.95M","33.6M","33.2M","32.8M","32.550003M","32.3M","32.05M","31.949999M","31.849998M","31.75M","31.7M","31.55M","31.5M","31.3M","31.25M","31.1M","31.05M","31.0M","30.95M","30.95M","30.849998M","30.8M","30.7M","30.6M","30.45M","30.35M","30.25M","30.150002M","30.1M","29.95M","29.9M","29.7M","29.7M","29.6M","29.400002M","29.3M","29.05M","28.849998M","28.5M"],"nokList":["38.9M","38.4M","33.7M","33.5M","28.9M","28.8M"]}