{"server":3374,"total":3389.5005,"average":34.943302,"cpValues":[],"cpList":["54.7M","53.9M","52.9M","52.8M","52.7M","52M","51.8M","51.3M","50.3M","49.7M","48.1M","47.M","47.3M","46.7M","46.4M","46.4M","46.2M","46M","45.7M","44.5M","44.1M","44M","44M","43.9M","43.5M","42.7M","42.4M","42.3M","42.2M","41.5M","39.2M","38.9M","38.7M","37.2M","36.8M","36.7M","A6.6M","36.3M","A6M","35.9M","34.9M","34.7M","34.4M","34.1M","33.9M","33.7M","33.3M","33.1M","33.1M","33M","33M","32.1M","31.8M","31.8M","31.6M","31.5M","31.1M","31M","31M","29.9M","29.6M","29.1M","29M","28.9M","29.7M","28.6M","28.6M","28.4M","27.9M","27.8M","27.7M","27.7M","27.5M","27.4M","27.2M","27M","26.9M","26.8M","26.8M","26.7M","26.4M","25.7M","25.7M","25.6M","25.5M","25.2M","25.1M","25.1M","25.1M","24.7M","24.6M","24.5M","24.5M","24.3M","24.2M","24.2M","24.1M","24M","23.8M","23.7M"],"okList":["54.7M","53.800003M","53.35M","52.800003M","52.4M","52.25M","51.65M","51.05M","50.5M","49.199997M","48.35M","47.699997M","46.85M","46.85M","46.550003M","46.300003M","46.2M","45.95M","45.25M","44.9M","44.25M","44.05M","43.95M","43.75M","43.300003M","42.95M","42.5M","42.300003M","41.9M","40.7M","40.2M","38.95M","38.050003M","37.75M","36.95M","36.5M","36.1M","35.300003M","34.65M","34.4M","34.15M","33.9M","33.6M","33.4M","33.199997M","33.05M","33.05M","32.55M","32.4M","31.949999M","31.7M","31.65M","31.35M","31.25M","31.05M","30.45M","30.3M","29.5M","29.3M","29.0M","29.35M","28.75M","29.150002M","28.5M","28.25M","28.099998M","27.8M","27.75M","27.6M","27.55M","27.35M","27.2M","27.05M","26.9M","26.849998M","26.75M","26.599998M","26.2M","26.05M","25.650002M","25.6M","25.400002M","25.3M","25.150002M","25.1M","24.900002M","24.85M","24.6M","24.55M","24.4M","24.35M","24.25M","24.150002M","24.1M","23.95M","23.85M","23.7M"],"nokList":["36.7M","36.3M","35.9M"]}