{"time":1755526697173,"server":3382,"cpList":["63.3M","57.7M","57.7M","55.2M","55.1M","53.3M","53.1M","52M","52M","51.2M","57M","50.4M","50.4M","50M","49.4M","48.9M","48.2M","47.8M","47.4M","47.4M","45.4M","448M","44.5M","43.9M","43.8M","43.2M","43.1M","43M","42.9M","42.7M","42.7M","42.5M","41.1M","41M","40.2M","40.1M","39.3M","38.8M","37.9M","37.7M","37.5M","37.3M","37.3M","36.8M","36.8M","36.4M","35.8M","35.6M","35.5M","35.4M","35.2M","35.1M","34.5M","34.3M","33.9M","33.6M","33.4M","32.8M","32.7M","32.5M","32.4M","32.3M","32.1M","31.8M","31.6M","31.3M","30.8M","30.7M","30.5M","30.1M","29.4M","29.1M","28.7M","28.6M","28.4M","28.4M","28.1M","28.1M","27.8M","27.7M","27.6M","27.3M","27.2M","27.2M","27M","26.2M","26.2M","261M","261M","26M","26M","25.9M","25.6M","25.4M","25M","24.7M","24.6M","24.5M","23.9M","23.7M"],"okList":["63.3M","57.7M","57.7M","55.2M","55.1M","53.3M","0.531M","0.0052M","5.2E-5M","5.12E-7M","5.6999999999999994E-8M","5.040000000000001E-9M","5.040000000000001E-9M","5.0E-9M","4.940000000000001E-9M","4.89E-9M","4.820000000000001E-9M","4.779999999999999E-9M","4.739999999999999E-9M","4.739999999999999E-9M","4.5400000000000005E-9M","4.4800000000000004E-8M","4.45E-9M","4.389999999999999E-9M","4.379999999999999E-9M","4.320000000000001E-9M","4.31E-9M","4.3000000000000005E-9M","4.289999999999999E-9M","4.27E-9M","4.27E-9M","4.25E-9M","4.109999999999999E-9M","4.0999999999999995E-9M","4.020000000000001E-9M","4.010000000000001E-9M","3.9299999999999995E-9M","3.879999999999999E-9M","3.7899999999999995E-9M","3.77E-9M","3.75E-9M","3.729999999999999E-9M","3.729999999999999E-9M","3.68E-9M","3.68E-9M","3.64E-9M","3.5799999999999996E-9M","3.5600000000000005E-9M","3.5499999999999995E-9M","3.54E-9M","3.5200000000000007E-9M","3.5100000000000005E-9M","3.45E-9M","3.43E-9M","3.3899999999999997E-9M","3.3600000000000004E-9M","3.34E-9M","3.28E-9M","3.27E-9M","3.2500000000000006E-9M","3.24E-9M","3.229999999999999E-9M","3.2100000000000003E-9M","3.18E-9M","3.1600000000000003E-9M","3.13E-9M","3.0799999999999997E-9M","3.07E-9M","3.049999999999999E-9M","3.01E-9M","2.94E-9M","2.9100000000000005E-9M","2.87E-9M","2.86E-9M","2.8399999999999993E-9M","2.8399999999999993E-9M","2.8100000000000004E-9M","2.8100000000000004E-9M","2.7800000000000003E-9M","2.77E-9M","2.7600000000000004E-9M","2.7300000000000003E-9M","2.72E-9M","2.72E-9M","2.7E-9M","2.62E-9M","2.62E-9M","2.61E-8M","2.61E-8M","2.6E-9M","2.6E-9M","2.5900000000000004E-9M","2.5600000000000003E-9M","2.5400000000000003E-9M","2.5E-9M","2.4700000000000004E-9M","2.4600000000000006E-9M","2.45E-9M","2.3899999999999994E-9M","2.3699999999999995E-9M"],"nokList":[]}