{"server":3384,"total":7878.55,"average":90.558044,"cpValues":[],"cpList":["141M","138M","130M","129M","129M","129M","126M","126M","125M","124M","124M","123M","123M","121M","121M","120M","114M","114M","114M","113M","112M","112M","112M","19M","108M","106M","105M","104M","104M","103M","102M","101M","101M","100M","100M","100M","29.9M","N8.6M","97.9M","97.5M","26.1M","26.1M","N6M","25.7M","25.5M","23.7M","23.7M","22.5M","N1.9M","M1M","20.1M","70M","89.8M","89.7M","89.6M","A8.6M","88.4M","87.6M","87.2M","86.7M","86.3M","86.1M","85.4M","85M","84.6M","84.4M","83.8M","83.1M","83M","83M","82.7M","82.5M","82.3M","81.5M","81.4M","81.3M","81M","80.8M","80.8M","80.6M","80.1M","80.1M","80M","80M","79.9M","79.6M","79.4M","78.9M","7A.6M","78.5M","78.5M","77.M","77.1M","76.5M","16.4M","76.3M","76.3M","76.2M","75.7M","75.4M"],"okList":["141.0M","135.5M","133.5M","129.5M","129.0M","127.5M","127.5M","125.5M","125.0M","124.5M","123.5M","123.5M","122.0M","122.0M","120.5M","117.5M","117.0M","114.0M","113.5M","113.0M","112.5M","112.0M","65.5M","110.0M","62.5M","106.5M","105.0M","104.5M","103.5M","103.0M","102.0M","101.5M","100.5M","100.5M","100.0M","64.95M","62.0M","61.8M","24.7M","24.6M","23.1M","20.1M","70.0M","79.85M","89.7M","89.0M","87.8M","87.149994M","86.75M","86.399994M","85.850006M","85.55M","85.0M","84.7M","84.2M","83.75M","83.4M","83.05M","82.85M","82.75M","82.5M","82.0M","81.850006M","81.4M","81.2M","81.05M","80.9M","80.7M","80.45M","80.35M","80.05M","80.05M","79.95M","79.8M","79.65M","79.25M","78.7M","77.75M","77.8M","76.75M","46.75M","76.4M","76.3M","76.25M","76.0M","75.8M","75.4M"],"nokList":["29.9M","N8.6M","97.9M","26.1M","N6M","25.7M","22.5M","N1.9M","M1M","89.6M","88.4M","78.9M","78.5M"]}