{"time":1756111253607,"server":3384,"cpList":["154M","150M","148M","147M","146M","146M","145M","145M","142M","139M","139M","137M","137M","137M","136M","134M","132M","132M","131M","130M","129M","129M","129M","129M","127M","126M","126M","126M","125M","124M","123M","122M","122M","121M","121M","121M","121M","121M","118M","118M","115M","MT4M","MT4M","113M","112M","MTM","MTM","1T0M","109M","109M","108M","108M","108M","108M","108M","106M","106M","106M","106M","106M","106M","106M","105M","105M","104M","104M","104M","104M","104M","104M","103M","103M","103M","103M","103M","103M","103M","103M","103M","102M","102M","102M","101M","101M","100M","100M","100M","99.8M","99.7M","98.4M","98.2M","97.7M","96.4M","96.3M","96.2M","95.5M","95.4M","95.3M","94.9M","94.9M"],"okList":["154.0M","150.0M","148.0M","147.0M","146.0M","146.0M","145.0M","145.0M","142.0M","139.0M","139.0M","137.0M","137.0M","137.0M","136.0M","134.0M","132.0M","132.0M","131.0M","130.0M","129.0M","129.0M","129.0M","129.0M","127.0M","126.0M","126.0M","126.0M","125.0M","124.0M","123.0M","122.0M","122.0M","121.0M","121.0M","121.0M","121.0M","121.0M","118.0M","118.0M","115.0M","74.0M","74.0M","113.0M","112.0M","7.0M","7.0M","17.0M","10.9M","10.9M","10.8M","10.8M","10.8M","10.8M","10.8M","10.6M","10.6M","10.6M","10.6M","10.6M","10.6M","10.6M","10.5M","10.5M","10.4M","10.4M","10.4M","10.4M","10.4M","10.4M","10.3M","10.3M","10.3M","10.3M","10.3M","10.3M","10.3M","10.3M","10.3M","10.2M","10.2M","10.2M","10.1M","10.1M","10.0M","10.0M","10.0M","9.98M","9.97M","9.84M","9.82M","9.77M","9.64M","9.629999999999999M","9.620000000000001M","9.55M","9.540000000000001M","9.53M","9.49M","9.49M"],"nokList":[]}