{"time":1755526723325,"server":3384,"cpList":["153M","149M","148M","147M","147M","145M","145M","144M","139M","138M","137M","137M","137M","136M","133M","132M","132M","131M","130M","129M","129M","129M","128M","126M","126M","126M","125M","124M","122M","122M","121M","121M","121M","121M","121M","121M","118M","118M","115M","114M","114M","113M","112M","771M","771M","770M","109M","109M","108M","108M","108M","108M","107M","106M","106M","105M","105M","105M","105M","105M","104M","104M","104M","104M","103M","103M","103M","103M","103M","103M","103M","103M","103M","103M","102M","102M","102M","102M","101M","101M","100M","100M","100M","99.8M","99.4M","98.4M","97.7M","97.7M","96.2M","961M","95.2M","95.1M","94.8M","94.7M","94.6M","94.5M","94.4M","94.3M","94.1M","93.7M"],"okList":["153.0M","149.0M","148.0M","147.0M","147.0M","145.0M","145.0M","144.0M","139.0M","138.0M","137.0M","137.0M","137.0M","136.0M","133.0M","132.0M","132.0M","131.0M","130.0M","129.0M","129.0M","129.0M","128.0M","126.0M","126.0M","126.0M","125.0M","124.0M","122.0M","122.0M","121.0M","121.0M","121.0M","121.0M","121.0M","121.0M","118.0M","118.0M","115.0M","11.4M","0.114M","0.00113M","1.12E-5M","1.7100000000000001E-6M","1.7100000000000004E-7M","1.7E-7M","1.0900000000000001E-7M","1.0900000000000001E-7M","1.0800000000000001E-7M","1.0800000000000001E-7M","1.0800000000000001E-7M","1.0800000000000001E-7M","1.0699999999999999E-7M","1.06E-7M","1.06E-7M","1.05E-7M","1.05E-7M","1.05E-7M","1.05E-7M","1.05E-7M","1.0400000000000002E-7M","1.0400000000000002E-7M","1.0400000000000002E-7M","1.0400000000000002E-7M","1.0300000000000001E-7M","1.0300000000000001E-7M","1.0300000000000001E-7M","1.0300000000000001E-7M","1.0300000000000001E-7M","1.0300000000000001E-7M","1.0300000000000001E-7M","1.0300000000000001E-7M","1.0300000000000001E-7M","1.0300000000000001E-7M","1.0199999999999999E-7M","1.0199999999999999E-7M","1.0199999999999999E-7M","1.0199999999999999E-7M","1.0099999999999998E-7M","1.0099999999999998E-7M","1.0000000000000001E-7M","1.0000000000000001E-7M","1.0000000000000001E-7M","9.98E-8M","9.940000000000002E-9M","9.840000000000002E-9M","9.769999999999999E-9M","9.769999999999999E-9M","9.620000000000001E-9M","9.61E-8M","9.52E-9M","9.51E-9M","9.479999999999998E-9M","9.470000000000001E-9M","9.46E-9M","9.45E-9M","9.44E-9M","9.429999999999999E-9M","9.41E-9M","9.37E-9M"],"nokList":[]}