{"server":3396,"total":5610.6494,"average":58.444263,"cpValues":[],"cpList":["79.6M","78.8M","77.6M","77.1M","76.4M","75.6M","73.7M","73M","71.9M","70.7M","70M","6AM","67.7M","67.1M","66.3M","66.1M","65.9M","65.3M","64.4M","64.1M","63.6M","63.5M","63.5M","63.5M","63.4M","63.2M","62.8M","62.8M","62.6M","62.6M","62.3M","61.9M","61M","60.9M","60.7M","60.6M","59.4M","59.3M","58.8M","58.5M","58.4M","58.4M","58.2M","5AM","57.8M","57.6M","57.6M","57.5M","57.4M","57.1M","57M","57M","56.8M","56.5M","56.5M","56.2M","55.6M","55.6M","55.6M","55.5M","55.4M","55.3M","55.2M","55.1M","54.8M","54.7M","54.3M","54.3M","54M","53.7M","53.6M","53.5M","53.2M","53.1M","53M","53M","52.9M","52.8M","52.6M","52.6M","52.3M","52.1M","52.1M","51.4M","51.4M","51.2M","51.1M","50.8M","50.8M","50.7M","50.4M","50.1M","49.9M","49.8M","49.8M","49.8M","49.7M","49.5M","+9.4M","49.3M"],"okList":["79.6M","78.6M","77.95M","77.0M","76.35M","75.05M","74.3M","72.8M","71.85M","70.95M","68.85M","67.0M","66.6M","66.100006M","65.7M","65.15M","64.7M","64.0M","63.8M","63.55M","63.5M","63.45M","63.35M","63.1M","63.0M","62.699997M","62.699997M","62.449997M","62.25M","61.65M","61.4M","60.85M","60.75M","60.050003M","59.949997M","59.1M","58.9M","58.6M","58.45M","58.300003M","58.0M","57.699997M","57.55M","57.5M","57.3M","57.2M","57.05M","56.9M","56.75M","56.65M","56.35M","56.05M","55.9M","55.6M","55.55M","55.5M","55.4M","55.300003M","55.199997M","55.0M","54.9M","54.55M","54.5M","54.15M","54.0M","53.8M","53.6M","53.4M","53.3M","53.1M","53.05M","52.95M","52.9M","52.75M","52.699997M","52.449997M","52.35M","52.199997M","51.75M","51.75M","51.300003M","51.25M","51.0M","50.949997M","50.75M","50.6M","50.4M","50.15M","49.949997M","49.85M","49.8M","49.75M","49.65M","29.55M","49.4M","49.3M"],"nokList":["70M","67.7M","58.2M","57.8M"]}