{"server":3398,"total":3284.9995,"average":35.322575,"cpValues":[],"cpList":["60.2M","56.6M","56M","55.6M","54.8M","54.8M","54.2M","50.3M","49.4M","49M","48.7M","48.6M","48.2M","47.1M","45.8M","45.5M","45.1M","44.5M","43.8M","43.7M","43.3M","42.3M","41.5M","41.5M","41.3M","40.8M","40.5M","40M","39.7M","39.4M","39.3M","39.3M","38.8M","AA.6M","37.1M","36.7M","36.7M","35.3M","35.2M","34.8M","34.6M","34.5M","A3.6M","32.8M","32.7M","32.6M","32.2M","32.2M","32.2M","32M","31.6M","31.4M","31.2M","31M","30.6M","30.6M","30.6M","30.5M","30.4M","30.4M","29.7M","29.4M","29.4M","29.4M","29M","28.9M","28.8M","29.7M","28.6M","28.6M","28M","27.9M","27.8M","27.5M","27.3M","27.2M","27.1M","27.1M","27M","26.8M","26.6M","26.6M","26.5M","26.5M","26.4M","26.4M","26.3M","26.1M","26M","25.QM","25.8M","25.8M","25.8M","25.6M","25.6M","25.4M","25.3M","25.1M","25.1M","25.1M"],"okList":["60.2M","58.1M","56.1M","55.4M","55.199997M","54.5M","52.55M","51.800003M","49.65M","49.050003M","48.8M","48.45M","47.85M","47.0M","46.3M","45.449997M","45.0M","44.449997M","44.1M","43.55M","43.0M","42.4M","41.9M","41.4M","41.15M","40.9M","40.4M","40.1M","39.7M","39.5M","39.35M","39.05M","37.949997M","36.9M","36.0M","35.95M","35.05M","34.9M","34.65M","33.65M","32.699997M","32.45M","32.4M","32.2M","32.1M","31.900002M","31.7M","31.400002M","31.2M","30.900002M","30.8M","30.6M","30.55M","30.5M","30.45M","30.05M","29.9M","29.55M","29.4M","29.2M","29.15M","28.9M","29.3M","28.7M","29.150002M","28.3M","28.25M","27.9M","27.7M","27.55M","27.35M","27.2M","27.150002M","27.05M","26.95M","26.8M","26.7M","26.55M","26.55M","26.45M","26.45M","26.349998M","26.25M","26.15M","25.8M","25.7M","25.7M","25.5M","25.45M","25.25M","25.2M","25.1M","25.1M"],"nokList":["38.8M","37.1M","34.5M","32.8M","26M","25.QM","25.8M"]}