{"server":3400,"total":3517.3499,"average":39.969883,"cpValues":[],"cpList":["65.2M","59.3M","57.QM","57.3M","56M","55.4M","55.3M","55.1M","55.1M","53.7M","50.9M","49.8M","49.8M","48.8M","48.4M","48.3M","47.8M","47.1M","46.9M","46.7M","46.6M","45.8M","45.6M","45.1M","44.8M","44.1M","43.9M","43.4M","43.4M","43.1M","42.8M","42.3M","42.1M","42.1M","41.8M","41.2M","41.2M","40.1M","40.1M","39.3M","39.3M","38.7M","38.5M","38.4M","78M","78M","37.7M","37.4M","37.3M","37.2M","A6.9M","36.7M","A6.6M","A6.6M","36.4M","36.3M","35.8M","35.7M","35M","34.7M","34.5M","34.3M","34.2M","34.2M","34.1M","33.9M","A3.6M","A3.6M","33.4M","33.3M","33.2M","32.6M","32.6M","32.2M","32M","31.9M","31.8M","31.5M","31.3M","31.3M","30.9M","30.9M","30.7M","30.3M","30M","30M","29.9M","29.9M","29.8M","29.8M","29.5M","29.4M","29.4M","29.4M","29.3M","29.3M","29.2M","29.2M","29.1M","29.1M"],"okList":["65.2M","56.35M","55.65M","55.25M","55.199997M","54.4M","53.0M","51.75M","50.35M","49.3M","49.1M","48.55M","48.1M","47.699997M","47.35M","46.9M","46.75M","46.25M","46.1M","45.449997M","45.199997M","44.6M","44.35M","43.75M","43.65M","43.25M","43.1M","42.699997M","42.449997M","42.199997M","41.949997M","41.65M","41.5M","40.65M","40.65M","39.699997M","39.699997M","39.0M","38.9M","38.550003M","58.25M","78.0M","57.85M","57.7M","37.5M","37.300003M","36.95M","36.1M","36.0M","35.4M","35.2M","34.75M","34.5M","34.35M","34.25M","34.15M","34.050003M","33.300003M","32.949997M","32.9M","32.4M","32.3M","32.05M","31.9M","31.7M","31.55M","31.4M","31.099998M","31.099998M","30.8M","30.599998M","30.35M","30.15M","29.95M","29.95M","29.849998M","29.849998M","29.65M","29.599998M","29.45M","29.4M","29.349998M","29.349998M","29.25M","29.25M","29.150002M","29.150002M","29.1M"],"nokList":["59.3M","57.QM","57.3M","37.2M","36.7M","A6.6M","A6.6M","36.4M","33.9M","A3.6M","A3.6M","33.4M"]}