{"time":1755526856015,"server":3406,"cpList":["60.9M","56.9M","56.8M","56.7M","55.4M","55.3M","53.1M","53M","52.5M","52M","57M","50.4M","49.7M","48.3M","48.3M","47.9M","47.9M","47.4M","47.3M","46.4M","45.8M","45.7M","45M","446M","442M","43.2M","42.9M","42.7M","42.5M","42.4M","42M","41.6M","412M","40.6M","39.9M","39.9M","39.6M","39.6M","39.4M","39.2M","39M","38.8M","38.4M","37.3M","36.9M","36.3M","36.1M","35.7M","35.5M","35.5M","35.2M","35.1M","34.5M","34.1M","33.9M","33.9M","33.8M","33.8M","33.6M","33.3M","33.3M","33.1M","32.6M","32.2M","32.2M","32M","31.8M","31.6M","31.5M","31.4M","31.2M","31.1M","31.1M","30.8M","30.7M","29.7M","29.7M","29.4M","29.1M","29.1M","28.9M","28.7M","28.7M","28.6M","28.6M","28.6M","28.5M","28.4M","28.1M","28.1M","28M","28M","27.8M","27.8M","27.7M","27.6M","27.6M","27.6M","27.5M","27.5M"],"okList":["60.9M","56.9M","56.8M","56.7M","55.4M","55.3M","0.531M","0.0053M","5.25E-5M","5.2E-7M","5.6999999999999994E-8M","5.040000000000001E-9M","4.970000000000001E-9M","4.83E-9M","4.83E-9M","4.79E-9M","4.79E-9M","4.739999999999999E-9M","4.73E-9M","4.6400000000000005E-9M","4.58E-9M","4.57E-9M","4.500000000000001E-9M","4.4599999999999996E-8M","4.419999999999999E-8M","4.320000000000001E-9M","4.289999999999999E-9M","4.27E-9M","4.25E-9M","4.24E-9M","4.2E-9M","4.1600000000000005E-9M","4.12E-8M","4.0600000000000005E-9M","3.99E-9M","3.99E-9M","3.96E-9M","3.96E-9M","3.94E-9M","3.92E-9M","3.899999999999999E-9M","3.879999999999999E-9M","3.84E-9M","3.729999999999999E-9M","3.6900000000000003E-9M","3.63E-9M","3.6099999999999997E-9M","3.57E-9M","3.5499999999999995E-9M","3.5499999999999995E-9M","3.5200000000000007E-9M","3.5100000000000005E-9M","3.45E-9M","3.41E-9M","3.3899999999999997E-9M","3.3899999999999997E-9M","3.3799999999999995E-9M","3.3799999999999995E-9M","3.3600000000000004E-9M","3.33E-9M","3.33E-9M","3.31E-9M","3.2600000000000007E-9M","3.2200000000000005E-9M","3.2200000000000005E-9M","3.2E-9M","3.18E-9M","3.1600000000000003E-9M","3.15E-9M","3.14E-9M","3.12E-9M","3.11E-9M","3.11E-9M","3.0799999999999997E-9M","3.07E-9M","2.9700000000000003E-9M","2.9700000000000003E-9M","2.94E-9M","2.9100000000000005E-9M","2.9100000000000005E-9M","2.8899999999999997E-9M","2.87E-9M","2.87E-9M","2.86E-9M","2.86E-9M","2.86E-9M","2.85E-9M","2.8399999999999993E-9M","2.8100000000000004E-9M","2.8100000000000004E-9M","2.8000000000000003E-9M","2.8000000000000003E-9M","2.7800000000000003E-9M","2.7800000000000003E-9M","2.77E-9M","2.7600000000000004E-9M","2.7600000000000004E-9M","2.7600000000000004E-9M","2.7500000000000006E-9M","2.7500000000000006E-9M"],"nokList":[]}