{"server":3406,"total":3547.5996,"average":41.25116,"cpValues":[],"cpList":["78.3M","70.1M","62.4M","57.QM","57.8M","57.7M","57.2M","55.8M","54.6M","53.1M","53M","52.5M","51.6M","50.9M","50.4M","50.3M","50.1M","49.6M","47.8M","47.4M","47.3M","47.3M","47.2M","47M","46.2M","46M","45.9M","45.7M","45.4M","45.3M","44.1M","44M","43.3M","43.1M","43.1M","42.9M","42.8M","42.4M","41.8M","41.6M","41.1M","40.8M","40.6M","39.9M","39.9M","39.8M","39.8M","39.6M","39.6M","39.6M","39.4M","39.4M","39.4M","39M","38.7M","38.2M","38.2M","37.8M","37.4M","A6.6M","A6.6M","A6.6M","36.5M","36.5M","36.3M","A6.1M","A6.1M","35.5M","35.5M","35.4M","35.2M","35M","34.9M","34.1M","34.1M","33.8M","33.8M","33.7M","A3.6M","33.3M","33.2M","33M","32.7M","32.6M","32.2M","32.2M","32.2M","32M","31.8M","31.6M","31.4M","31.3M","31.M","31.2M","31.1M","31.1M","31M","30.7M","30.7M","29.7M"],"okList":["78.3M","70.350006M","57.5M","56.75M","55.9M","54.449997M","53.8M","52.8M","52.3M","51.7M","51.0M","50.6M","50.25M","49.949997M","48.949997M","48.5M","47.55M","47.35M","47.25M","47.15M","46.7M","46.5M","46.050003M","45.85M","45.65M","45.5M","44.75M","44.65M","43.699997M","43.55M","43.199997M","43.0M","42.949997M","42.65M","42.3M","42.0M","41.449997M","41.199997M","40.85M","40.35M","40.25M","39.85M","39.85M","39.699997M","39.699997M","39.6M","39.5M","39.5M","39.4M","39.2M","39.050003M","38.6M","38.45M","38.0M","37.800003M","36.4M","35.45M","35.35M","35.2M","35.050003M","34.55M","34.5M","33.949997M","33.949997M","33.75M","33.5M","33.15M","32.95M","32.8M","32.45M","32.4M","32.2M","32.1M","32.0M","31.8M","31.599998M","31.45M","31.2M","31.25M","31.05M","31.150002M","31.05M","30.900002M","30.85M","30.2M","29.7M"],"nokList":["62.4M","57.QM","57.8M","37.4M","A6.6M","A6.6M","A6.6M","36.5M","36.3M","A6.1M","A6.1M","35.5M","33.7M","33.3M"]}