{
    "server": 3407,
    "total": 4760.7,
    "average": 52.315388,
    "cpValues": [],
    "cpList": [
        "N8.2M",
        "89M",
        "87.2M",
        "77.6M",
        "74.9M",
        "73.6M",
        "72.2M",
        "71.7M",
        "68.9M",
        "6AM",
        "67M",
        "66.8M",
        "66.1M",
        "65.8M",
        "65.6M",
        "65.3M",
        "65.2M",
        "64.5M",
        "64.1M",
        "62.5M",
        "61.8M",
        "61.4M",
        "60.7M",
        "60.5M",
        "59.6M",
        "59M",
        "58.8M",
        "58.8M",
        "58.3M",
        "5AM",
        "56.5M",
        "55.9M",
        "54.8M",
        "54.4M",
        "54.1M",
        "54M",
        "54M",
        "53.6M",
        "53.2M",
        "52.5M",
        "52.1M",
        "52M",
        "51.6M",
        "51.6M",
        "51.5M",
        "51.1M",
        "50.3M",
        "49.6M",
        "49.5M",
        "49M",
        "48.M",
        "48.8M",
        "48.6M",
        "48.4M",
        "48.4M",
        "48.2M",
        "48.2M",
        "48.1M",
        "47.9M",
        "47.M",
        "47.2M",
        "47.2M",
        "47.2M",
        "47.1M",
        "46.9M",
        "46.9M",
        "46.3M",
        "46.3M",
        "46.1M",
        "46.1M",
        "46M",
        "45.9M",
        "45.8M",
        "45.8M",
        "45.5M",
        "45.5M",
        "45.2M",
        "45.2M",
        "45.1M",
        "45M",
        "44.8M",
        "44.8M",
        "44.6M",
        "44.5M",
        "43.8M",
        "43.6M",
        "43.4M",
        "43.3M",
        "43.1M",
        "43.1M",
        "42.9M",
        "42.8M",
        "42.7M",
        "#2.6M",
        "42.4M",
        "42.2M",
        "42.2M",
        "41.6M",
        "+1.3M",
        "41.2M"
    ],
    "okList": [
        "98.2M",
        "89M",
        "83.3M",
        "81.05M",
        "75.6M",
        "73.55M",
        "72.649994M",
        "70.55M",
        "68.9M",
        "67.95M",
        "67M",
        "66.55M",
        "66.3M",
        "65.85M",
        "65.55M",
        "65.399994M",
        "64.9M",
        "64.649994M",
        "63.5M",
        "62.949997M",
        "61.95M",
        "61.25M",
        "60.95M",
        "60.15M",
        "59.75M",
        "59.199997M",
        "58.9M",
        "58.55M",
        "58.3M",
        "57.4M",
        "56.5M",
        "55.65M",
        "55.15M",
        "54.449997M",
        "54.2M",
        "54.05M",
        "53.8M",
        "53.6M",
        "53.05M",
        "52.65M",
        "52.25M",
        "51.85M",
        "51.8M",
        "51.55M",
        "51.35M",
        "50.9M",
        "50.35M",
        "49.9M",
        "49.3M",
        "48.75M",
        "48.9M",
        "48.3M",
        "48.6M",
        "48.5M",
        "48.300003M",
        "48.300003M",
        "48.15M",
        "48.050003M",
        "47.55M",
        "47.550003M",
        "47.2M",
        "47.2M",
        "47.15M",
        "47.050003M",
        "47.0M",
        "46.6M",
        "46.6M",
        "46.199997M",
        "46.199997M",
        "46.05M",
        "46.0M",
        "45.9M",
        "45.85M",
        "45.65M",
        "45.65M",
        "45.35M",
        "45.35M",
        "45.15M",
        "45.1M",
        "44.949997M",
        "44.9M",
        "44.699997M",
        "44.65M",
        "44.199997M",
        "44.05M",
        "43.6M",
        "43.449997M",
        "43.25M",
        "43.199997M",
        "43.0M",
        "42.949997M",
        "42.800003M",
        "42.7M",
        "42.6M",
        "42.4M",
        "42.300003M",
        "41.9M",
        "41.75M",
        "41.4M",
        "41.2M"
    ],
    "nokList": [
        
    ]
}