{"server":3408,"total":3261.3994,"average":34.33052,"cpValues":[],"cpList":["63.7M","5AM","52.5M","49.7M","48.8M","48.1M","46.7M","46.5M","46M","45.9M","44.4M","43.4M","43.3M","42.8M","42.6M","42.2M","42.1M","41.4M","41.2M","41M","40.5M","39.7M","39.4M","AA.6M","38.5M","37.9M","37.6M","37.5M","37.3M","36.3M","A6.1M","35.6M","35.4M","35.3M","35.2M","35M","35M","34.9M","34.8M","34.2M","34.2M","34M","33.9M","33.8M","33.7M","33.3M","33.3M","33.1M","33M","32.9M","32.9M","32.6M","32.5M","32.4M","32.3M","32.2M","32M","31.9M","31.7M","31.5M","31.2M","30.9M","30.8M","30.7M","30.6M","30.5M","30.4M","30.2M","30.2M","30.2M","30.1M","30.1M","29.8M","29.5M","29.5M","29.4M","29.3M","29.1M","28.9M","28.8M","28.5M","28.4M","28.3M","28.2M","28.2M","28.2M","27.9M","27.8M","27.6M","27.5M","27.3M","27M","26.8M","26.4M","25.7M","25.6M","25.3M","25.2M","25M","24.9M"],"okList":["63.7M","58.1M","50.65M","48.9M","47.75M","47.3M","46.35M","46.2M","45.2M","44.65M","43.85M","43.1M","42.949997M","42.5M","42.35M","41.800003M","41.65M","41.2M","40.85M","40.35M","39.95M","38.95M","38.05M","37.7M","37.449997M","36.9M","35.949997M","35.449997M","35.300003M","35.15M","35.1M","34.95M","34.9M","34.550003M","34.5M","34.1M","34.050003M","33.9M","33.800003M","33.55M","33.5M","33.199997M","33.15M","33.0M","32.95M","32.75M","32.7M","32.5M","32.4M","32.300003M","32.15M","32.05M","31.85M","31.7M","31.45M","31.2M","31.0M","30.8M","30.7M","30.6M","30.5M","30.35M","30.3M","30.2M","30.150002M","30.150002M","29.95M","29.8M","29.65M","29.45M","29.4M","29.25M","29.099998M","28.95M","28.7M","28.599998M","28.4M","28.3M","28.25M","28.2M","28.05M","28.0M","27.75M","27.65M","27.45M","27.25M","27.05M","26.7M","26.25M","26.0M","25.5M","25.400002M","25.15M","25.05M","24.9M"],"nokList":["52.5M","39.4M","38.5M","36.3M","35.6M"]}