{"time":1755510769772,"server":341,"cpList":["185M","162M","148M","143M","141M","138M","136M","132M","130M","129M","129M","128M","126M","123M","122M","779M","118M","176M","115M","771M","770M","109M","109M","108M","108M","108M","106M","105M","105M","104M","104M","104M","104M","103M","103M","102M","102M","102M","102M","101M","101M","100M","100M","100M","99.7M","99.2M","98.6M","98.5M","98.2M","97.7M","97.4M","97.2M","96.9M","968M","96.4M","95.6M","95.5M","94.7M","94.1M","94.1M","94M","93.9M","93.8M","93.5M","93.4M","93.2M","93.1M","92.8M","92.2M","91.5M","90.8M","90.7M","90.7M","90.6M","90.4M","89.4M","89.3M","88.7M","88.3M","87.9M","87.7M","87.6M","87.6M","87.6M","87.6M","87.4M","87.3M","87.2M","86.9M","86.9M","86.3M","86.1M","85.9M","85.6M","85.6M","85.5M","85.5M","85.5M","85.4M","85.4M"],"okList":["185.0M","162.0M","148.0M","143.0M","141.0M","138.0M","136.0M","132.0M","130.0M","129.0M","129.0M","12.8M","0.126M","0.0012300000000000002M","1.22E-5M","1.7899999999999998E-6M","1.1800000000000001E-7M","1.7600000000000004E-7M","1.15E-7M","1.7100000000000004E-7M","1.7E-7M","1.0900000000000001E-7M","1.0900000000000001E-7M","1.0800000000000001E-7M","1.0800000000000001E-7M","1.0800000000000001E-7M","1.06E-7M","1.05E-7M","1.05E-7M","1.0400000000000002E-7M","1.0400000000000002E-7M","1.0400000000000002E-7M","1.0400000000000002E-7M","1.0300000000000001E-7M","1.0300000000000001E-7M","1.0199999999999999E-7M","1.0199999999999999E-7M","1.0199999999999999E-7M","1.0199999999999999E-7M","1.0099999999999998E-7M","1.0099999999999998E-7M","1.0000000000000001E-7M","1.0000000000000001E-7M","1.0000000000000001E-7M","9.970000000000001E-8M","9.92E-9M","9.860000000000002E-9M","9.849999999999999E-9M","9.820000000000001E-9M","9.769999999999999E-9M","9.740000000000002E-9M","9.72E-9M","9.690000000000001E-9M","9.68E-8M","9.640000000000002E-9M","9.559999999999998E-9M","9.55E-9M","9.470000000000001E-9M","9.41E-9M","9.41E-9M","9.399999999999998E-9M","9.39E-9M","9.379999999999999E-9M","9.350000000000001E-9M","9.340000000000001E-9M","9.32E-9M","9.309999999999999E-9M","9.280000000000001E-9M","9.220000000000001E-9M","9.150000000000001E-9M","9.080000000000001E-9M","9.07E-9M","9.07E-9M","9.059999999999998E-9M","9.039999999999999E-9M","8.940000000000001E-9M","8.930000000000001E-9M","8.869999999999998E-9M","8.83E-9M","8.79E-9M","8.77E-9M","8.759999999999999E-9M","8.759999999999999E-9M","8.759999999999999E-9M","8.759999999999999E-9M","8.740000000000001E-9M","8.73E-9M","8.720000000000001E-9M","8.69E-9M","8.69E-9M","8.630000000000002E-9M","8.609999999999999E-9M","8.590000000000001E-9M","8.559999999999999E-9M","8.559999999999999E-9M","8.55E-9M","8.55E-9M","8.55E-9M","8.54E-9M","8.54E-9M"],"nokList":[]}