{"server":341,"total":7091.6494,"average":87.55122,"cpValues":[],"cpList":["156M","143M","137M","135M","131M","124M","121M","120M","120M","118M","118M","117M","116M","111M","110M","107M","107M","106M","106M","106M","105M","105M","104M","103M","100M","100M","100M","29.9M","29.9M","29.9M","29.7M","29.6M","29.6M","29.3M","29M","29M","28.4M","N8.2M","97.6M","97.5M","97.4M","97.2M","97M","97M","N6.9M","26.3M","25.9M","25.8M","24.7M","24.1M","N2.9M","N2.6M","N2.6M","22.4M","21.7M","N1.2M","2O.9M","89.9M","89.2M","88.8M","A8.6M","88.2M","88.2M","A8M","87.6M","87.4M","87.2M","97.1M","87M","87M","86.8M","86.7M","86.5M","86.2M","86M","85.6M","85.3M","85.2M","85.2M","85.2M","84.7M","84.4M","83.9M","83.8M","83.4M","83.3M","83.3M","83.1M","83.1M","83M","82.M","82.6M","82.6M","82.4M","82.3M","82.2M","82.1M","81.9M","81.8M","81.7M"],"okList":["156.0M","146.5M","139.0M","134.0M","129.5M","126.0M","122.0M","120.5M","119.0M","119.0M","117.5M","117.0M","114.0M","113.0M","109.0M","108.5M","106.5M","106.5M","106.0M","105.5M","105.5M","104.5M","104.0M","102.0M","101.5M","100.0M","64.95M","64.95M","29.9M","29.8M","29.75M","29.650002M","29.45M","29.3M","29.15M","28.7M","97.5M","97.35M","97.2M","97.1M","26.05M","25.3M","24.95M","89.350006M","88.5M","87.899994M","87.399994M","92.25M","87.1M","92.05M","86.9M","86.85M","86.65M","86.45M","86.25M","85.899994M","85.65M","85.399994M","85.25M","85.2M","84.95M","84.8M","84.3M","84.100006M","83.65M","83.55M","83.350006M","83.2M","83.2M","83.05M","82.55M","82.8M","82.6M","82.5M","82.45M","82.3M","82.2M","82.05M","81.95M","81.8M","81.7M"],"nokList":["28.4M","N8.2M","97.6M","97M","N6.9M","26.3M","24.1M","N2.9M","N2.6M","N2.6M","22.4M","21.7M","N1.2M","2O.9M","89.9M","88.8M","88.2M","88.2M","87.6M"]}