{"time":1756151255499,"server":341,"cpList":["185M","163M","148M","143M","138M","137M","135M","132M","131M","129M","129M","128M","126M","123M","122M","119M","118M","M6M","115M","112M","1T0M","109M","109M","109M","108M","108M","106M","105M","105M","105M","104M","104M","104M","103M","103M","102M","102M","102M","102M","101M","101M","100M","100M","100M","99.7M","99.2M","98.9M","98.5M","98.2M","97.8M","97.4M","97.2M","97M","96.8M","96.5M","96.1M","95.6M","94.7M","94.3M","94.2M","94.1M","94.1M","93.8M","93.5M","93.5M","93.3M","93.1M","93M","92.2M","91.5M","90.9M","90.9M","90.8M","90.6M","90.6M","89.4M","89.3M","89M","88.3M","87.9M","87.6M","87.6M","87.6M","87.5M","87.4M","87.4M","87.3M","86.9M","86.9M","86.1M","86.1M","86M","86M","85.9M","85.7M","85.7M","85.6M","85.6M","85.5M","85.5M"],"okList":["185.0M","163.0M","148.0M","143.0M","138.0M","137.0M","135.0M","132.0M","131.0M","129.0M","129.0M","128.0M","126.0M","123.0M","122.0M","119.0M","118.0M","6.0M","11.5M","11.2M","17.0M","10.9M","10.9M","10.9M","10.8M","10.8M","10.6M","10.5M","10.5M","10.5M","10.4M","10.4M","10.4M","10.3M","10.3M","10.2M","10.2M","10.2M","10.2M","10.1M","10.1M","10.0M","10.0M","10.0M","9.97M","9.92M","9.89M","9.85M","9.82M","9.78M","9.74M","9.72M","9.7M","9.68M","9.65M","9.61M","9.559999999999999M","9.47M","9.43M","9.42M","9.41M","9.41M","9.379999999999999M","9.35M","9.35M","9.33M","9.309999999999999M","9.3M","9.22M","9.15M","9.09M","9.09M","9.08M","9.059999999999999M","9.059999999999999M","8.940000000000001M","8.93M","8.9M","8.83M","8.790000000000001M","8.76M","8.76M","8.76M","8.75M","8.74M","8.74M","8.73M","8.690000000000001M","8.690000000000001M","8.61M","8.61M","8.6M","8.6M","8.59M","8.57M","8.57M","8.559999999999999M","8.559999999999999M","8.55M","8.55M"],"nokList":[]}