{"server":3410,"total":3545.9495,"average":39.84213,"cpValues":[],"cpList":["75.3M","62.3M","62.2M","61.7M","58.1M","57.3M","55.5M","53.8M","53.1M","52.6M","51.9M","50.6M","49.9M","49M","49M","47.9M","46.6M","46.5M","46.1M","45.7M","45.3M","44.7M","44.5M","44.5M","44M","42.9M","42.8M","42M","41.2M","41.1M","40.4M","39.7M","39.3M","39.2M","39M","38.8M","38.7M","38.4M","38.3M","78M","37.9M","37.8M","37.6M","37.6M","37.4M","37.3M","37.2M","A6.9M","A6.9M","36.7M","A6.6M","A6.6M","A6.6M","36.2M","A6.1M","35.5M","35.4M","35.3M","34.7M","34.5M","34.1M","34.1M","33.9M","33.5M","33.4M","33.4M","33.2M","33.1M","33M","33M","33M","32.8M","32.5M","32.5M","32.3M","32.2M","32.1M","31.8M","31.8M","31.6M","31.5M","31.1M","31M","30.9M","30.8M","30.7M","30.5M","30.5M","30.4M","30.1M","29.9M","29.9M","29.8M","29.6M","29.4M","29.1M","29M","2A.9M","28.9M","2A.8M"],"okList":["75.3M","68.75M","62.0M","60.15M","59.5M","56.8M","55.55M","54.3M","53.199997M","52.5M","51.6M","50.9M","49.8M","49.45M","48.45M","47.8M","47.2M","46.35M","46.1M","45.699997M","45.2M","44.9M","44.6M","44.25M","43.7M","43.4M","42.45M","42.0M","41.55M","40.800003M","40.4M","39.85M","39.45M","39.15M","39.0M","38.85M","38.6M","38.5M","58.2M","38.1M","57.9M","37.75M","37.699997M","37.5M","37.449997M","37.300003M","35.85M","35.4M","35.050003M","34.9M","34.4M","34.3M","34.0M","33.8M","33.65M","33.45M","33.300003M","33.25M","33.1M","33.05M","33.0M","32.9M","32.75M","32.65M","32.4M","32.35M","32.199997M","32.0M","31.949999M","31.7M","31.65M","31.35M","31.25M","31.0M","30.9M","30.8M","30.65M","30.6M","30.45M","30.3M","30.15M","30.0M","29.849998M","29.75M","29.599998M","29.35M","29.2M","28.95M","28.8M"],"nokList":["37.2M","A6.9M","A6.9M","36.7M","A6.6M","A6.6M","A6.6M","36.2M","35.5M","29M","28.9M"]}