{"server":3421,"total":3674.4006,"average":38.275005,"cpValues":[],"cpList":["85.1M","71M","67.5M","64.3M","62.8M","62.7M","61M","60M","59M","57.5M","57.4M","55.9M","51.9M","49.3M","49M","47.8M","47.M","47.4M","46.8M","45.2M","45.1M","44.2M","43.7M","42.5M","42.5M","42.3M","42.1M","42M","41.4M","41.1M","40.9M","40.4M","40.3M","40.3M","39.9M","39.6M","39.3M","38.9M","38.7M","38.7M","37.7M","37.3M","37.2M","37.2M","37.1M","A6.9M","A6.1M","35.9M","35.8M","35.6M","35.4M","35.4M","35.1M","34.3M","34.3M","33.9M","33.8M","33.5M","33.3M","33M","33M","32.7M","32.2M","32.1M","31.2M","31M","31M","30.8M","30.8M","30M","29.6M","29.6M","29.3M","29.3M","28.9M","28.5M","28.3M","28.1M","27.9M","27.6M","27.6M","27.6M","27.4M","27.4M","27.4M","27.3M","27.3M","27.1M","27.1M","27.1M","26.5M","26.3M","26.1M","25.7M","25.6M","25.6M","25.5M","25.3M","25.2M","25.1M"],"okList":["85.1M","76.3M","67.65M","65.15M","63.5M","61.9M","61.35M","60.0M","58.75M","58.2M","56.7M","54.65M","52.6M","50.45M","48.55M","48.0M","47.6M","46.9M","46.300003M","45.949997M","44.7M","44.4M","43.35M","43.1M","42.4M","42.3M","42.15M","41.75M","41.55M","41.15M","40.75M","40.6M","40.35M","40.1M","39.949997M","39.6M","39.25M","39.0M","38.800003M","38.2M","38.0M","37.45M","37.25M","37.15M","35.75M","35.6M","35.5M","35.25M","34.85M","34.699997M","34.1M","34.05M","33.7M","33.55M","33.25M","33.15M","32.85M","32.6M","32.4M","31.7M","31.55M","31.1M","30.9M","30.9M","30.4M","30.2M","29.8M","29.45M","29.45M","29.099998M","28.9M","28.599998M","28.3M","28.099998M","27.85M","27.75M","27.6M","27.5M","27.5M","27.4M","27.349998M","27.349998M","27.2M","27.2M","27.1M","26.8M","26.7M","26.3M","26.0M","25.85M","25.650002M","25.55M","25.45M","25.35M","25.2M","25.1M"],"nokList":["37.1M","A6.9M","A6.1M","35.9M"]}