{"server":3422,"total":3088.775,"average":31.518112,"cpValues":[],"cpList":["56M","55.4M","53.3M","49.6M","49.2M","44.8M","43.5M","42.9M","42.6M","42.3M","41.5M","41.2M","40.1M","39.4M","39.2M","39.1M","39M","38.8M","38.8M","38.7M","38.5M","38.5M","38.3M","38.2M","38.2M","35.9M","35.8M","35.7M","35.6M","35.3M","35.1M","34.4M","34.1M","34M","34M","33.9M","A3.6M","33.5M","33.3M","33.2M","32.9M","31.9M","31.8M","31.3M","30.9M","30.2M","29.9M","29.8M","29.8M","29.3M","29.1M","29M","29M","28.9M","28.8M","28.8M","28.6M","28.4M","28.3M","27.6M","27.1M","27.1M","27.1M","27M","26.8M","26.6M","26.4M","26.2M","26M","25.7M","25.6M","25.5M","25.3M","25.1M","25M","24.8M","24.7M","24.4M","24.3M","24.3M","23.9M","23.8M","23.8M","23.5M","23.5M","23.3M","23.3M","23.1M","23.1M","23.1M","23M","23M","23M","22.9M","22.8M","22.7M","22.6M","22.5M","22.55M","22.5M"],"okList":["56.0M","54.65M","52.5M","51.25M","47.199997M","46.35M","43.85M","43.05M","42.6M","42.05M","41.75M","40.8M","40.300003M","39.65M","39.25M","39.1M","38.949997M","38.9M","38.75M","38.65M","38.6M","38.4M","38.35M","38.25M","37.050003M","37.0M","35.800003M","35.699997M","35.5M","35.35M","34.85M","34.6M","34.2M","34.05M","33.95M","33.7M","33.35M","33.1M","32.55M","32.35M","31.599998M","31.349998M","30.75M","30.4M","30.0M","29.849998M","29.55M","29.45M","29.15M","29.05M","28.95M","28.9M","28.849998M","28.7M","28.599998M","28.45M","28.0M","27.7M","27.35M","27.1M","27.05M","26.95M","26.8M","26.599998M","26.400002M","26.2M","25.95M","25.8M","25.6M","25.45M","25.3M","25.15M","24.95M","24.85M","24.599998M","24.5M","24.349998M","24.099998M","24.05M","23.849998M","23.65M","23.65M","23.4M","23.4M","23.2M","23.2M","23.1M","23.05M","23.05M","23.0M","22.95M","22.9M","22.8M","22.7M","22.6M","22.575M","22.5M","22.5M"],"nokList":["33.9M","33.5M"]}