{"server":3424,"total":5667.601,"average":56.67601,"cpValues":[],"cpList":["88.4M","88.3M","85M","83.1M","81.2M","78.9M","78.7M","77.9M","77.3M","75.4M","75.3M","71.4M","70.8M","69.7M","69.5M","69.1M","67.8M","67.8M","67.3M","67.2M","66.2M","66.2M","6M","65.5M","65.5M","64.9M","64.9M","64.2M","63.9M","63.8M","63.7M","63.4M","62.7M","61.9M","61M","60.9M","59.7M","59.6M","58.2M","57.5M","57.2M","57M","57M","56.7M","56.6M","56.3M","56.3M","56M","55.5M","55.4M","54.6M","54.3M","54.1M","54M","53.6M","53.4M","52.3M","52.3M","51.8M","51.8M","51.5M","51.4M","50.9M","50.5M","50.5M","50.4M","48.6M","48.3M","48.3M","48.2M","48.1M","48M","48M","47.M","47.3M","47.2M","46.9M","46.2M","46M","45.5M","45.4M","45.3M","44.9M","44.6M","44.6M","44.5M","44M","43.7M","43.3M","43.3M","43M","42.9M","42.5M","42.4M","42.3M","42M","41.7M","41.5M","40.7M","40.5M"],"okList":["88.4M","86.7M","85.7M","83.1M","81.0M","79.95M","78.4M","78.0M","76.65M","76.3M","73.4M","73.05M","70.55M","70.15M","69.399994M","68.65M","68.45M","67.55M","67.5M","66.75M","66.7M","36.1M","65.85M","65.5M","65.2M","65.2M","64.55M","64.4M","64.0M","63.800003M","63.6M","63.2M","62.65M","61.85M","61.4M","60.35M","60.25M","58.95M","58.55M","57.7M","57.25M","57.1M","56.85M","56.8M","56.5M","56.449997M","56.15M","55.9M","55.7M","55.05M","54.85M","54.35M","54.15M","53.85M","53.7M","52.949997M","52.85M","52.05M","52.05M","51.65M","51.6M","51.2M","50.95M","50.7M","50.45M","49.55M","49.35M","48.449997M","48.25M","48.199997M","48.1M","48.05M","47.5M","47.65M","47.1M","47.1M","46.7M","46.45M","45.85M","45.7M","45.4M","45.15M","44.949997M","44.75M","44.55M","44.3M","44.1M","43.65M","43.5M","43.15M","43.1M","42.75M","42.65M","42.4M","42.2M","42.0M","41.75M","41.2M","41.0M","40.5M"],"nokList":[]}