{"server":3425,"total":3083.7007,"average":31.466333,"cpValues":[],"cpList":["70.4M","68.7M","60M","59.4M","56.9M","55.8M","54.3M","53.1M","52.2M","49.8M","48.8M","47.M","47.5M","45M","44.5M","42.6M","40.8M","40.1M","40M","39.7M","39M","38.8M","AA.6M","37.7M","37.6M","36.8M","36.7M","35.6M","35.5M","33.7M","33.2M","33M","33M","32.8M","32.2M","32.1M","31.7M","30.6M","30.4M","30.1M","29.6M","29.3M","29.7M","28.5M","28.5M","28M","27.9M","27.7M","27.6M","27.1M","27M","27M","26.5M","26.5M","26M","26M","25.5M","25.4M","25.4M","25.4M","25.3M","25.3M","25.3M","25.2M","25M","25M","24.7M","24.6M","24.4M","24.1M","23.8M","23.6M","23.6M","23.2M","23.2M","22.9M","22.9M","22.8M","22.6M","22.5M","22.4M","22.4M","22.3M","22.3M","22.2M","22.1M","22.1M","21.6M","21.5M","21.4M","21.4M","21.3M","21.3M","21.2M","20.9M","20.8M","20.8M","20.8M","20.7M","20.2M"],"okList":["70.4M","65.2M","64.05M","58.45M","57.6M","55.6M","54.449997M","53.25M","51.449997M","50.5M","48.4M","48.15M","46.0M","46.0M","43.8M","42.65M","41.35M","40.4M","39.9M","39.5M","39.25M","38.25M","37.25M","37.15M","36.199997M","36.1M","34.65M","34.35M","33.35M","33.1M","32.9M","32.6M","32.449997M","31.95M","31.349998M","31.05M","30.35M","30.0M","29.7M","29.650002M","28.9M","29.1M","28.25M","28.2M","27.85M","27.75M","27.400002M","27.3M","27.05M","26.75M","26.75M","26.25M","26.25M","25.75M","25.7M","25.45M","25.4M","25.349998M","25.349998M","25.3M","25.25M","25.15M","25.1M","24.85M","24.8M","24.55M","24.35M","24.099998M","23.85M","23.7M","23.400002M","23.400002M","23.05M","23.05M","22.849998M","22.75M","22.65M","22.5M","22.45M","22.349998M","22.349998M","22.25M","22.2M","22.150002M","21.85M","21.8M","21.5M","21.45M","21.349998M","21.349998M","21.25M","21.099998M","21.0M","20.849998M","20.8M","20.75M","20.5M","20.2M"],"nokList":["38.8M","37.7M"]}