{"server":3451,"total":3477.7505,"average":37.801636,"cpValues":[],"cpList":["72M","69.7M","65.9M","63.9M","62.4M","60.1M","54.8M","53M","52.7M","51.6M","50.5M","50.4M","48.M","47.M","47.5M","46.9M","46.3M","46.2M","45.6M","45M","43M","42.7M","42.6M","42M","42M","42M","42M","41.5M","41.3M","40.8M","40.5M","39.5M","39.3M","38.8M","78M","78M","A6.9M","36.3M","36.2M","36.2M","A6M","A6M","35.3M","34.9M","34.7M","34.5M","34.1M","33.8M","33.8M","33.8M","A3.6M","33.5M","33.4M","32.4M","32.4M","32.3M","32.2M","31.9M","31.8M","31.6M","31.5M","30.9M","30.8M","30.8M","30.8M","30.5M","30.4M","30.4M","30.4M","30.2M","29.9M","29.6M","29.4M","29.4M","29.3M","29.1M","28.9M","28.3M","28.3M","28.3M","28.1M","27.8M","27.8M","27.3M","27.3M","27.2M","27.2M","27.2M","26.9M","26.9M","26.8M","26.7M","26.3M","26M","25.9M","25.9M","25.8M","25.7M","25.5M","25.1M"],"okList":["72.0M","68.95M","66.8M","64.15M","62.0M","58.6M","56.55M","53.75M","52.3M","51.6M","51.0M","49.25M","48.7M","47.75M","46.95M","46.9M","46.550003M","45.949997M","45.6M","44.3M","43.85M","42.8M","42.35M","42.3M","42.0M","42.0M","41.75M","41.65M","41.15M","40.9M","40.15M","39.9M","39.15M","58.65M","78.0M","57.15M","36.25M","35.0M","34.7M","34.4M","34.15M","33.949997M","33.8M","33.65M","32.95M","32.9M","32.35M","32.300003M","32.1M","32.0M","31.75M","31.65M","31.25M","31.15M","30.849998M","30.8M","30.65M","30.599998M","30.45M","30.4M","30.3M","30.15M","29.900002M","29.65M","29.5M","29.349998M","29.25M","29.099998M","28.7M","28.599998M","28.3M","28.2M","28.05M","27.95M","27.55M","27.55M","27.25M","27.25M","27.2M","27.05M","27.05M","26.849998M","26.8M","26.55M","26.35M","26.099998M","25.95M","25.849998M","25.8M","25.65M","25.400002M","25.1M"],"nokList":["78M","36.3M","36.2M","A6M","A6M","35.3M","33.8M","33.5M"]}