{"time":1756226261559,"server":3453,"cpList":["205M","176M","158M","157M","156M","149M","143M","142M","137M","135M","134M","132M","130M","128M","127M","125M","123M","122M","121M","121M","120M","119M","118M","117M","MT4M","113M","112M","112M","MTM","MTM","MTM","1T0M","1T0M","1T0M","109M","109M","108M","108M","108M","108M","107M","107M","106M","105M","105M","105M","103M","103M","103M","101M","101M","101M","101M","100M","99.4M","99.2M","99.1M","99.1M","98M","97.8M","97.8M","97.1M","96.8M","96.8M","96.6M","96.2M","95.7M","95.6M","95.4M","94.9M","94.6M","93.4M","93.3M","92.5M","92.4M","92M","91.8M","91.7M","91.5M","91.3M","91.3M","912M","91M","90.9M","90.8M","90.8M","90.8M","90.7M","90.6M","90.4M","90.3M","90.1M","90.1M","90.1M","89.6M","89.3M","89.2M","89.1M","89M","88.8M"],"okList":["205.0M","176.0M","158.0M","157.0M","156.0M","149.0M","143.0M","142.0M","137.0M","135.0M","134.0M","132.0M","130.0M","128.0M","127.0M","125.0M","123.0M","122.0M","121.0M","121.0M","120.0M","119.0M","118.0M","117.0M","74.0M","113.0M","112.0M","112.0M","7.0M","7.0M","7.0M","17.0M","17.0M","17.0M","10.9M","10.9M","10.8M","10.8M","10.8M","10.8M","10.7M","10.7M","10.6M","10.5M","10.5M","10.5M","10.3M","10.3M","10.3M","10.1M","10.1M","10.1M","10.1M","10.0M","9.940000000000001M","9.92M","9.91M","9.91M","9.8M","9.78M","9.78M","9.709999999999999M","9.68M","9.68M","9.66M","9.620000000000001M","9.57M","9.559999999999999M","9.540000000000001M","9.49M","9.459999999999999M","9.34M","9.33M","9.25M","9.24M","9.2M","9.18M","9.17M","9.15M","9.129999999999999M","9.129999999999999M","9.120000000000001M","9.1M","9.09M","9.08M","9.08M","9.08M","9.07M","9.059999999999999M","9.040000000000001M","9.03M","9.01M","9.01M","9.01M","8.959999999999999M","8.93M","8.92M","8.91M","8.9M","8.879999999999999M"],"nokList":[]}