{"time":1756269023898,"server":3453,"cpList":["205M","205M","158M","158M","156M","152M","143M","142M","137M","135M","134M","132M","130M","128M","127M","125M","123M","123M","121M","121M","120M","119M","119M","117M","MT4M","113M","112M","112M","MTM","MTM","MTM","1T0M","1T0M","1T0M","109M","109M","108M","108M","108M","108M","107M","107M","106M","105M","105M","105M","103M","103M","103M","101M","101M","101M","101M","100M","99.2M","99.1M","99.1M","99M","98.4M","98M","97.8M","97.8M","97.1M","96.9M","96.8M","96.8M","96.2M","95.7M","95.6M","95.4M","94.9M","94.6M","93.4M","93.3M","92.5M","92.5M","92M","91.9M","91.8M","91.5M","91.3M","912M","91M","91M","90.9M","90.8M","90.8M","90.7M","90.6M","90.4M","90.4M","90.3M","90.1M","90.1M","90.1M","89.7M","89.3M","89.2M","891M","89.1M"],"okList":["205.0M","205.0M","158.0M","158.0M","156.0M","152.0M","143.0M","142.0M","137.0M","135.0M","134.0M","132.0M","130.0M","128.0M","127.0M","125.0M","123.0M","123.0M","121.0M","121.0M","120.0M","119.0M","119.0M","117.0M","74.0M","113.0M","112.0M","112.0M","7.0M","7.0M","7.0M","17.0M","17.0M","17.0M","10.9M","10.9M","10.8M","10.8M","10.8M","10.8M","10.7M","10.7M","10.6M","10.5M","10.5M","10.5M","10.3M","10.3M","10.3M","10.1M","10.1M","10.1M","10.1M","10.0M","9.92M","9.91M","9.91M","9.9M","9.84M","9.8M","9.78M","9.78M","9.709999999999999M","9.690000000000001M","9.68M","9.68M","9.620000000000001M","9.57M","9.559999999999999M","9.540000000000001M","9.49M","9.459999999999999M","9.34M","9.33M","9.25M","9.25M","9.2M","9.190000000000001M","9.18M","9.15M","9.129999999999999M","9.120000000000001M","9.1M","9.1M","9.09M","9.08M","9.08M","9.07M","9.059999999999999M","9.040000000000001M","9.040000000000001M","9.03M","9.01M","9.01M","9.01M","8.97M","8.93M","8.92M","8.91M","8.91M"],"nokList":[]}