{"time":1755527199687,"server":3453,"cpList":["205M","175M","157M","157M","155M","152M","145M","143M","137M","134M","134M","132M","129M","127M","127M","127M","123M","123M","121M","120M","120M","779M","779M","118M","717M","113M","771M","771M","771M","771M","770M","770M","109M","109M","109M","108M","108M","108M","108M","107M","107M","107M","105M","105M","105M","103M","102M","102M","101M","101M","101M","100M","99.9M","99.3M","99.1M","99M","99M","97.7M","97.6M","96.9M","968M","96.7M","966M","96M","95.6M","95.6M","95.4M","946M","946M","94.5M","93.4M","93.1M","92.5M","92.3M","91.9M","91.7M","91.4M","91.3M","912M","91M","90.8M","90.6M","90.6M","90.4M","90.3M","90.3M","90.2M","90.1M","90.1M","90.1M","89.8M","89.5M","89.1M","89M","89M","88.6M","88.2M","88.1M","88M","87.9M"],"okList":["205.0M","175.0M","157.0M","157.0M","155.0M","152.0M","145.0M","143.0M","137.0M","134.0M","134.0M","132.0M","129.0M","127.0M","127.0M","127.0M","123.0M","12.3M","0.121M","0.0012M","1.1999999999999999E-5M","1.7899999999999998E-6M","1.7899999999999997E-7M","1.1800000000000001E-7M","1.17E-7M","1.1299999999999998E-7M","1.7100000000000004E-7M","1.7100000000000004E-7M","1.7100000000000004E-7M","1.7100000000000004E-7M","1.7E-7M","1.7E-7M","1.0900000000000001E-7M","1.0900000000000001E-7M","1.0900000000000001E-7M","1.0800000000000001E-7M","1.0800000000000001E-7M","1.0800000000000001E-7M","1.0800000000000001E-7M","1.0699999999999999E-7M","1.0699999999999999E-7M","1.0699999999999999E-7M","1.05E-7M","1.05E-7M","1.05E-7M","1.0300000000000001E-7M","1.0199999999999999E-7M","1.0199999999999999E-7M","1.0099999999999998E-7M","1.0099999999999998E-7M","1.0099999999999998E-7M","1.0000000000000001E-7M","9.990000000000001E-8M","9.93E-9M","9.91E-9M","9.899999999999998E-9M","9.899999999999998E-9M","9.769999999999999E-9M","9.760000000000001E-9M","9.690000000000001E-9M","9.68E-8M","9.670000000000002E-9M","9.66E-8M","9.6E-9M","9.559999999999998E-9M","9.559999999999998E-9M","9.540000000000001E-9M","9.460000000000001E-8M","9.460000000000001E-8M","9.45E-9M","9.340000000000001E-9M","9.309999999999999E-9M","9.250000000000002E-9M","9.229999999999997E-9M","9.19E-9M","9.17E-9M","9.14E-9M","9.13E-9M","9.12E-8M","9.1E-9M","9.080000000000001E-9M","9.059999999999998E-9M","9.059999999999998E-9M","9.039999999999999E-9M","9.03E-9M","9.03E-9M","9.02E-9M","9.01E-9M","9.01E-9M","9.01E-9M","8.98E-9M","8.949999999999999E-9M","8.91E-9M","8.9E-9M","8.9E-9M","8.86E-9M","8.82E-9M","8.809999999999999E-9M","8.800000000000001E-9M","8.79E-9M"],"nokList":[]}