{"server":3455,"total":3518.35,"average":35.183502,"cpValues":[],"cpList":["79.6M","70.2M","69.7M","66.4M","64.3M","61.7M","58.2M","57.7M","57.7M","53.8M","52.6M","51.8M","49.6M","49.1M","49M","46.9M","46.2M","44M","43.6M","42.4M","42.2M","39M","37.4M","37.2M","37.2M","36.8M","36.7M","36.4M","36.2M","35.8M","35.6M","35.5M","34.9M","34.9M","34.8M","34.7M","34.6M","34.4M","34M","34M","33.7M","33.3M","33M","32.5M","32M","31.7M","31M","31M","31M","30.9M","30.8M","30.6M","30.4M","30.4M","30.1M","30M","29.9M","29.6M","29.5M","29.5M","29.4M","29.1M","28.9M","29.7M","28.6M","28.5M","28.2M","28.1M","27.9M","27.2M","27.2M","27M","26.9M","26.9M","26.9M","26.7M","26.6M","26.5M","26.5M","26.5M","26.4M","26.2M","26.2M","25.8M","25.7M","25.6M","25.4M","25.4M","25.3M","25M","24.9M","24.9M","24.7M","24.6M","24.6M","24.5M","24.5M","24.5M","24.3M","24.2M"],"okList":["79.6M","74.649994M","68.3M","67.0M","64.05M","61.25M","59.7M","57.95M","55.75M","55.15M","52.8M","51.1M","50.449997M","49.3M","48.0M","47.6M","45.45M","44.9M","43.2M","42.9M","40.7M","39.800003M","38.1M","37.300003M","37.0M","36.95M","36.6M","36.45M","36.1M","35.9M","35.65M","35.25M","35.2M","34.85M","34.800003M","34.699997M","34.550003M","34.3M","34.2M","33.85M","33.65M","33.35M","32.9M","32.5M","32.1M","31.5M","31.35M","31.0M","30.95M","30.9M","30.75M","30.599998M","30.5M","30.25M","30.2M","30.0M","29.8M","29.7M","29.55M","29.45M","29.3M","29.15M","29.400002M","28.75M","29.1M","28.400002M","28.3M","28.05M","27.650002M","27.55M","27.1M","27.05M","26.95M","26.9M","26.8M","26.75M","26.6M","26.55M","26.5M","26.45M","26.35M","26.3M","26.0M","25.95M","25.7M","25.55M","25.5M","25.349998M","25.2M","25.099998M","24.95M","24.8M","24.75M","24.650002M","24.55M","24.55M","24.5M","24.4M","24.35M","24.2M"],"nokList":[]}