{"time":1755527279181,"server":3467,"cpList":["96.3M","86M","71.8M","71.2M","70.1M","70.1M","70M","68.5M","68.2M","64M","63.7M","62.8M","62.1M","62.1M","61.6M","61.5M","61.3M","60.5M","60.4M","60.2M","60.2M","59.3M","59.2M","59M","59M","58.9M","58.9M","58.9M","58.6M","58.6M","58.5M","58.4M","58.2M","57.9M","57.9M","57.6M","57.6M","57.2M","56.5M","55.8M","55.8M","55.1M","54.9M","53.9M","53.7M","53.6M","53.6M","53.4M","53.1M","53M","53M","53M","53M","52.9M","52.9M","52.8M","52.1M","52M","51.9M","51.9M","51.7M","51.5M","51.5M","51.4M","57M","57M","50.8M","50.7M","50.5M","50.4M","49.8M","49.6M","49.4M","49.1M","49M","48.9M","48.9M","48.7M","48.6M","48.6M","48.4M","48.2M","48.2M","48M","48M","47.4M","47.3M","46.9M","46.5M","46.4M","45.7M","45.7M","45.4M","45.3M","45M","44.9M","44.8M","44.5M","444M","43.8M"],"okList":["96.3M","86.0M","71.8M","71.2M","70.1M","70.1M","70.0M","68.5M","68.2M","64.0M","63.7M","62.8M","62.1M","62.1M","61.6M","61.5M","61.3M","60.5M","60.4M","60.2M","60.2M","59.3M","59.2M","59.0M","59.0M","58.9M","58.9M","58.9M","58.6M","58.6M","58.5M","58.4M","58.2M","57.9M","57.9M","57.6M","57.6M","57.2M","56.5M","55.8M","55.8M","55.1M","54.9M","53.9M","53.7M","53.6M","53.6M","53.4M","53.1M","53.0M","53.0M","53.0M","53.0M","52.9M","52.9M","52.8M","52.1M","52.0M","51.9M","51.9M","0.517M","0.00515M","5.15E-5M","5.140000000000001E-7M","5.6999999999999994E-8M","5.7E-9M","5.080000000000001E-9M","5.07E-9M","5.0500000000000006E-9M","5.040000000000001E-9M","4.979999999999999E-9M","4.96E-9M","4.940000000000001E-9M","4.910000000000001E-9M","4.9E-9M","4.89E-9M","4.89E-9M","4.870000000000001E-9M","4.86E-9M","4.86E-9M","4.839999999999999E-9M","4.820000000000001E-9M","4.820000000000001E-9M","4.8E-9M","4.8E-9M","4.739999999999999E-9M","4.73E-9M","4.689999999999999E-9M","4.65E-9M","4.6400000000000005E-9M","4.57E-9M","4.57E-9M","4.5400000000000005E-9M","4.529999999999999E-9M","4.500000000000001E-9M","4.49E-9M","4.48E-9M","4.45E-9M","4.44E-8M","4.379999999999999E-9M"],"nokList":[]}