{"server":3468,"total":4175.299,"average":44.41807,"cpValues":[],"cpList":["69.7M","67.6M","62.5M","60.6M","58.1M","57.4M","57.3M","55.7M","55.6M","54.5M","54.3M","53.6M","53.1M","52.4M","51.9M","51.8M","50.6M","50.4M","50.4M","50.1M","49.6M","49.6M","49.5M","49.1M","48.7M","48.6M","48.5M","48.2M","47M","46.7M","46.6M","46.5M","46.3M","46.2M","45.8M","45.8M","45.5M","45.3M","44.9M","44.8M","44.7M","44.6M","44.5M","43.9M","43.7M","43M","42.6M","42.4M","42.2M","42.2M","42.1M","41.8M","41.7M","41.5M","41.3M","40.9M","40.5M","40.4M","40.3M","39.9M","39.7M","39.5M","39.5M","39.2M","39.1M","39M","39M","38.8M","38.7M","AA.6M","38.4M","38.4M","38.3M","38.2M","38.2M","38.2M","38.1M","37.9M","37.8M","37.7M","37.7M","37.6M","37.1M","37M","A6.9M","36.5M","36.4M","A6M","35.9M","35.9M","35.6M","35.5M","35.5M","35.4M","35.4M","35.4M","35.2M","35.2M","34.9M","34.9M"],"okList":["69.7M","66.1M","64.1M","60.3M","59.0M","57.699997M","56.550003M","56.449997M","55.1M","54.949997M","54.05M","53.699997M","53.0M","52.5M","52.1M","51.25M","51.1M","50.5M","50.25M","50.0M","49.85M","49.55M","49.35M","49.1M","48.85M","48.6M","48.4M","47.75M","47.45M","46.8M","46.6M","46.449997M","46.35M","46.05M","46.0M","45.65M","45.55M","45.2M","45.05M","44.800003M","44.699997M","44.6M","44.25M","44.1M","43.45M","43.15M","42.7M","42.4M","42.300003M","42.15M","42.0M","41.9M","41.65M","41.5M","41.2M","40.9M","40.65M","40.4M","40.15M","40.0M","39.7M","39.6M","39.35M","39.3M","39.1M","39.05M","38.9M","38.85M","38.550003M","38.35M","38.300003M","38.25M","38.2M","38.15M","38.050003M","37.949997M","37.800003M","37.75M","37.65M","37.4M","37.3M","36.75M","36.15M","35.75M","35.7M","35.55M","35.45M","35.45M","35.4M","35.300003M","35.300003M","35.050003M","35.050003M","34.9M"],"nokList":["38.7M","38.4M","37M","36.5M","36.4M","35.9M"]}