{"time":1755527385042,"server":3477,"cpList":["78.2M","76.5M","76.5M","76.4M","76.4M","76.4M","75.5M","74.3M","742M","72.8M","72.6M","71.5M","71.1M","77M","70.9M","70.6M","70.1M","69.8M","69.5M","69.1M","68.8M","68.7M","68.6M","68.2M","67.8M","67.4M","67.4M","67.1M","67M","66.9M","66.7M","66.2M","66.1M","66M","65.8M","65.7M","65.6M","65.4M","65M","64.7M","64.7M","646M","642M","64M","63.7M","63.7M","63.5M","63.3M","63.2M","63.2M","63.1M","62.8M","62.8M","62.3M","61.4M","61.3M","61.3M","61M","60.9M","60.8M","60.8M","60.7M","60.6M","60.6M","60.6M","60.4M","60.4M","60.3M","60.2M","60.2M","60.1M","59.8M","59.5M","59.4M","59.2M","58.8M","58.8M","58.7M","58.6M","58.5M","58M","57.8M","57.8M","57.2M","56.9M","56.7M","56.5M","56.5M","56.4M","56.4M","56.4M","56.3M","56.2M","56.1M","56M","55.9M","55.3M","55.3M","55.2M","55.1M"],"okList":["78.2M","76.5M","76.5M","76.4M","0.764M","0.00764M","7.55E-5M","7.429999999999999E-6M","1.4199999999999997E-7M","7.279999999999999E-8M","7.26E-9M","7.15E-9M","7.11E-9M","7.700000000000001E-9M","7.09E-9M","7.06E-9M","7.0099999999999996E-9M","6.9799999999999995E-9M","6.949999999999999E-9M","6.91E-9M","6.879999999999999E-9M","6.8700000000000005E-9M","6.86E-9M","6.82E-9M","6.779999999999999E-9M","6.74E-9M","6.74E-9M","6.709999999999999E-9M","6.7000000000000004E-9M","6.69E-9M","6.670000000000001E-9M","6.62E-9M","6.609999999999999E-9M","6.6E-9M","6.579999999999999E-9M","6.57E-9M","6.56E-9M","6.54E-9M","6.500000000000001E-9M","6.47E-9M","6.47E-9M","6.460000000000001E-8M","6.419999999999999E-8M","6.4E-9M","6.37E-9M","6.37E-9M","6.35E-9M","6.3299999999999994E-9M","6.3200000000000005E-9M","6.3200000000000005E-9M","6.31E-9M","6.28E-9M","6.28E-9M","6.23E-9M","6.14E-9M","6.13E-9M","6.13E-9M","6.099999999999998E-9M","6.09E-9M","6.08E-9M","6.08E-9M","6.07E-9M","6.06E-9M","6.06E-9M","6.06E-9M","6.040000000000001E-9M","6.040000000000001E-9M","6.03E-9M","6.02E-9M","6.02E-9M","6.01E-9M","5.9800000000000004E-9M","5.9499999999999995E-9M","5.9400000000000006E-9M","5.920000000000001E-9M","5.88E-9M","5.88E-9M","5.870000000000001E-9M","5.86E-9M","5.8499999999999994E-9M","5.8E-9M","5.7799999999999995E-9M","5.7799999999999995E-9M","5.72E-9M","5.69E-9M","5.6700000000000005E-9M","5.65E-9M","5.65E-9M","5.6399999999999995E-9M","5.6399999999999995E-9M","5.6399999999999995E-9M","5.63E-9M","5.620000000000001E-9M","5.61E-9M","5.6000000000000005E-9M","5.59E-9M","5.53E-9M","5.53E-9M","5.520000000000001E-9M","5.51E-9M"],"nokList":[]}