{"server":3478,"total":4136.801,"average":42.212254,"cpValues":[],"cpList":["64.3M","56.1M","53.9M","50.9M","50.5M","50.2M","50M","49.8M","49.8M","49.6M","49.5M","49.4M","48.7M","48.7M","48.1M","47.8M","47.M","47.4M","47.1M","46.9M","46.9M","46.5M","46.2M","45.9M","45.5M","45.3M","45M","44.3M","44.1M","43.9M","43.8M","43.7M","43.7M","43.5M","43.3M","43.2M","43.1M","43.1M","43.1M","43M","43M","42.8M","42.7M","42.6M","42M","41.8M","41.7M","41.4M","40.9M","40.6M","40.5M","40.4M","40.4M","40.1M","40M","39.7M","39.7M","39.3M","39.2M","39.1M","39.1M","39M","38.9M","38.8M","38.8M","38.5M","38.4M","38.3M","38.2M","38.1M","78M","37.9M","37.9M","37.7M","37.5M","37.4M","37.2M","37.2M","37.1M","A6.9M","36.8M","35.9M","35.4M","35.3M","35.3M","35.2M","35.1M","34.9M","34.8M","34.7M","34.6M","34.5M","34.5M","34.2M","34.1M","34M","33.9M","33.9M","33.8M","33.7M"],"okList":["64.3M","59.100002M","53.5M","52.2M","50.550003M","50.25M","50.0M","49.9M","49.699997M","49.65M","49.5M","49.1M","49.050003M","48.4M","48.25M","47.55M","47.6M","47.05M","47.15M","47.0M","46.7M","46.550003M","46.2M","45.85M","45.6M","45.25M","44.8M","44.55M","44.1M","43.949997M","43.800003M","43.75M","43.6M","43.5M","43.35M","43.199997M","43.15M","43.1M","43.05M","43.05M","42.9M","42.85M","42.699997M","42.35M","42.199997M","41.85M","41.6M","41.300003M","41.0M","40.7M","40.5M","40.45M","40.25M","40.2M","39.9M","39.85M","39.5M","39.45M","39.199997M","39.15M","39.05M","39.0M","38.9M","38.85M","38.65M","38.6M","38.4M","38.300003M","38.199997M","58.1M","38.0M","57.95M","37.800003M","37.7M","37.550003M","37.35M","37.300003M","37.15M","36.949997M","36.1M","35.6M","35.35M","35.25M","35.199997M","35.050003M","34.949997M","34.800003M","34.699997M","34.6M","34.55M","34.35M","34.3M","34.1M","34.0M","33.95M","33.85M","33.800003M","33.7M"],"nokList":["37.1M","36.8M"]}