{"server":3479,"total":3103.0503,"average":31.663778,"cpValues":[],"cpList":["62.1M","54.4M","51.8M","50.7M","49.1M","47.5M","45.5M","44.6M","44.1M","43.7M","43.6M","42.2M","40.9M","40.5M","39.9M","39.6M","38.5M","37.6M","A6.9M","36.3M","35.8M","35.7M","35.6M","35.5M","35.3M","34.8M","34.6M","34.3M","34.2M","34.2M","33.4M","33.3M","33M","32.6M","32.6M","32.6M","32.5M","32.2M","31.8M","31.8M","31.5M","31.4M","31.4M","31.3M","31.3M","30.4M","30.2M","30.1M","30.1M","30M","30M","29.5M","29.5M","29.2M","28.8M","29.7M","28.6M","28.6M","28.5M","28.1M","27.7M","27.6M","27.6M","27.4M","27.3M","27M","26.9M","26.8M","26.3M","26.1M","25.7M","25.6M","25.6M","25.6M","25.5M","25.4M","25.3M","25.3M","25.2M","25.1M","25M","24.9M","24.8M","24.6M","24.6M","24.5M","24.5M","24.4M","24.4M","24.3M","24.3M","24.2M","24.1M","24.1M","24M","23.9M","23.9M","23.8M","23.6M","23.1M"],"okList":["62.1M","56.949997M","52.550003M","50.449997M","49.1M","47.3M","46.05M","44.8M","44.15M","43.85M","42.95M","42.25M","41.35M","40.4M","40.05M","39.2M","38.6M","36.949997M","36.0M","35.699997M","35.6M","35.449997M","35.15M","34.949997M","34.55M","34.4M","34.25M","33.800003M","33.75M","33.2M","32.949997M","32.8M","32.6M","32.55M","32.4M","32.15M","32.0M","31.65M","31.599998M","31.45M","31.349998M","31.349998M","30.849998M","30.75M","30.25M","30.150002M","30.05M","30.05M","29.75M","29.75M","29.35M","29.15M","29.45M","28.7M","29.150002M","28.55M","28.35M","28.1M","27.85M","27.650002M","27.5M","27.45M","27.2M","27.099998M","26.9M","26.599998M","26.45M","26.0M","25.85M","25.650002M","25.6M","25.55M","25.5M","25.4M","25.349998M","25.25M","25.2M","25.1M","25.0M","24.9M","24.75M","24.7M","24.55M","24.55M","24.45M","24.45M","24.349998M","24.349998M","24.25M","24.2M","24.150002M","24.05M","24.0M","23.95M","23.849998M","23.75M","23.45M","23.1M"],"nokList":["37.6M","36.3M"]}