{"time":1755510796132,"server":348,"cpList":["126M","106M","105M","101M","99.8M","968M","96M","95.9M","94.4M","942M","92.2M","90.1M","89.3M","88.8M","88.7M","86.5M","86.5M","85.7M","85.2M","83.9M","83.9M","83.5M","83M","82.6M","82.5M","81.6M","81.5M","81.5M","81.4M","81.3M","80.7M","80.1M","78.7M","78.7M","77.5M","77.4M","77.4M","77.2M","77.1M","76.7M","766M","76.5M","75.3M","74.9M","74.8M","74.1M","73.9M","73.8M","73.4M","73.2M","73.2M","72.7M","72.5M","72.5M","71.9M","71.5M","71.2M","71.2M","70.9M","70.5M","70.3M","70.1M","69.9M","69.8M","69.5M","69.3M","69.3M","69.3M","69.3M","69.1M","69M","68.5M","68.5M","67.8M","67.7M","67.4M","67.3M","67.1M","67M","66.9M","66.9M","66.8M","66.7M","66.4M","66.1M","65.9M","65.8M","65.8M","65.8M","65.5M","65.3M","65.2M","65M","65M","64.7M","64.5M","64.5M","64.4M","643M","64.2M"],"okList":["126.0M","106.0M","105.0M","101.0M","99.8M","96.8M","96.0M","95.9M","94.4M","94.2M","92.2M","90.1M","89.3M","88.8M","88.7M","86.5M","86.5M","85.7M","85.2M","83.9M","83.9M","83.5M","83.0M","82.6M","82.5M","81.6M","81.5M","81.5M","81.4M","81.3M","80.7M","80.1M","78.7M","78.7M","77.5M","77.4M","77.4M","77.2M","0.7709999999999999M","0.00767M","1.66E-5M","7.649999999999999E-8M","7.53E-9M","7.490000000000001E-9M","7.48E-9M","7.41E-9M","7.39E-9M","7.3800000000000006E-9M","7.340000000000001E-9M","7.32E-9M","7.32E-9M","7.269999999999999E-9M","7.25E-9M","7.25E-9M","7.190000000000001E-9M","7.15E-9M","7.120000000000001E-9M","7.120000000000001E-9M","7.09E-9M","7.0499999999999994E-9M","7.03E-9M","7.0099999999999996E-9M","6.99E-9M","6.9799999999999995E-9M","6.949999999999999E-9M","6.929999999999999E-9M","6.929999999999999E-9M","6.929999999999999E-9M","6.929999999999999E-9M","6.91E-9M","6.9E-9M","6.85E-9M","6.85E-9M","6.779999999999999E-9M","6.77E-9M","6.74E-9M","6.73E-9M","6.709999999999999E-9M","6.7000000000000004E-9M","6.69E-9M","6.69E-9M","6.68E-9M","6.670000000000001E-9M","6.64E-9M","6.609999999999999E-9M","6.590000000000001E-9M","6.579999999999999E-9M","6.579999999999999E-9M","6.579999999999999E-9M","6.550000000000001E-9M","6.53E-9M","6.5200000000000015E-9M","6.500000000000001E-9M","6.500000000000001E-9M","6.47E-9M","6.45E-9M","6.45E-9M","6.440000000000001E-9M","6.43E-8M","6.4200000000000006E-9M"],"nokList":[]}