{"time":1755527543925,"server":3495,"cpList":["69.2M","58.8M","57.8M","54.1M","57M","49.2M","45.5M","448M","44.4M","43.9M","42.9M","41.9M","41.8M","40.8M","40M","39.3M","39.1M","39M","38.2M","37.8M","37.3M","36.5M","36.4M","36M","35.5M","35.4M","35.2M","34.7M","34.4M","34.4M","342M","33.7M","33.6M","33.6M","33.5M","33.5M","33.3M","33.2M","33M","32.6M","32.6M","32.6M","32.4M","32.3M","32.2M","32.2M","32M","32M","31.9M","31.9M","31.8M","31.2M","31.1M","31.1M","31M","31M","30.9M","30.4M","30.1M","29.8M","29.7M","29.7M","29M","28.6M","28.4M","28.4M","28M","27.9M","27.7M","27.6M","27.5M","27.3M","27.3M","26.9M","26.8M","26.7M","26.5M","26.4M","261M","25.9M","25.4M","25.3M","25.1M","25M","24.9M","24.8M","24.8M","24.7M","24.5M","24.4M","24.4M","242M","24.1M","24M","23.8M","23.8M","23.6M","23.6M","23.6M","23.6M"],"okList":["0.6920000000000001M","0.00588M","5.7799999999999995E-5M","5.410000000000001E-7M","5.6999999999999994E-8M","4.920000000000001E-9M","4.55E-9M","4.4800000000000004E-8M","4.44E-9M","4.389999999999999E-9M","4.289999999999999E-9M","4.190000000000001E-9M","4.18E-9M","4.079999999999999E-9M","4.0E-9M","3.9299999999999995E-9M","3.91E-9M","3.899999999999999E-9M","3.8200000000000005E-9M","3.78E-9M","3.729999999999999E-9M","3.65E-9M","3.64E-9M","3.6E-9M","3.5499999999999995E-9M","3.54E-9M","3.5200000000000007E-9M","3.4700000000000002E-9M","3.4399999999999997E-9M","3.4399999999999997E-9M","3.42E-8M","3.37E-9M","3.3600000000000004E-9M","3.3600000000000004E-9M","3.3500000000000002E-9M","3.3500000000000002E-9M","3.33E-9M","3.32E-9M","3.3E-9M","3.2600000000000007E-9M","3.2600000000000007E-9M","3.2600000000000007E-9M","3.24E-9M","3.229999999999999E-9M","3.2200000000000005E-9M","3.2200000000000005E-9M","3.2E-9M","3.2E-9M","3.1900000000000004E-9M","3.1900000000000004E-9M","3.18E-9M","3.12E-9M","3.11E-9M","3.11E-9M","3.1E-9M","3.1E-9M","3.09E-9M","3.04E-9M","3.01E-9M","2.98E-9M","2.9700000000000003E-9M","2.9700000000000003E-9M","2.9E-9M","2.86E-9M","2.8399999999999993E-9M","2.8399999999999993E-9M","2.8000000000000003E-9M","2.7899999999999993E-9M","2.77E-9M","2.7600000000000004E-9M","2.7500000000000006E-9M","2.7300000000000003E-9M","2.7300000000000003E-9M","2.69E-9M","2.6800000000000003E-9M","2.67E-9M","2.65E-9M","2.6400000000000004E-9M","2.61E-8M","2.5900000000000004E-9M","2.5400000000000003E-9M","2.53E-9M","2.5100000000000002E-9M","2.5E-9M","2.4899999999999995E-9M","2.48E-9M","2.48E-9M","2.4700000000000004E-9M","2.45E-9M","2.4400000000000003E-9M","2.4400000000000003E-9M","2.42E-8M","2.4100000000000006E-9M","2.4E-9M","2.38E-9M","2.38E-9M","2.36E-9M","2.36E-9M","2.36E-9M","2.36E-9M"],"nokList":[]}