{"server":3495,"total":3313.8499,"average":33.814793,"cpValues":[],"cpList":["63.8M","58.8M","57.8M","53.3M","53.1M","49.2M","48M","47.M","46M","44M","43.9M","43.2M","42.5M","40.8M","40.7M","40.5M","40.1M","40M","39.7M","39.3M","39.3M","39.2M","39M","39M","78M","36.4M","A6M","35.4M","35M","34.7M","34.4M","34.1M","34M","34M","33.7M","33.3M","33.2M","33.2M","33M","32.8M","32.6M","32.6M","32.6M","32.4M","32.4M","32.3M","32.2M","32.2M","31.5M","31.3M","31.2M","31.1M","31.1M","31.1M","31M","31M","31M","31M","31M","30.9M","30.1M","29.8M","29.7M","29.7M","29.2M","29M","29M","29.7M","29.7M","28.6M","28.6M","28.6M","28.6M","28.4M","28.4M","28.4M","28.3M","28.3M","28.1M","27.6M","27.6M","27.6M","27.5M","27.4M","27.3M","27.3M","27.3M","27M","27M","26.8M","26.7M","26.7M","26.6M","26.4M","26.4M","25.9M","25.9M","25.6M","25.4M","25.3M"],"okList":["63.8M","60.8M","56.05M","55.449997M","51.25M","50.55M","48.1M","47.0M","45.5M","44.95M","43.6M","43.2M","42.0M","41.6M","40.65M","40.4M","40.25M","39.9M","39.65M","39.5M","39.25M","39.15M","39.1M","39.0M","37.7M","35.9M","35.050003M","34.7M","34.4M","34.2M","34.05M","33.85M","33.65M","33.45M","33.25M","33.1M","33.0M","32.8M","32.699997M","32.6M","32.5M","32.5M","32.35M","32.300003M","32.25M","31.85M","31.75M","31.35M","31.2M","31.150002M","31.1M","31.05M","31.05M","31.0M","31.0M","31.0M","30.95M","30.55M","30.349998M","29.900002M","29.75M","29.45M","29.35M","29.1M","29.0M","29.7M","29.150002M","29.150002M","28.6M","28.6M","28.5M","28.5M","28.4M","28.349998M","28.349998M","28.2M","27.95M","27.85M","27.6M","27.55M","27.5M","27.4M","27.349998M","27.3M","27.15M","27.15M","26.9M","26.85M","26.75M","26.650002M","26.55M","26.5M","26.15M","26.15M","25.75M","25.65M","25.45M","25.3M"],"nokList":["36.4M","35.4M"]}