{"time":1756225328893,"server":3506,"cpList":["MTM","107M","103M","96.2M","95.7M","94M","91.7M","90.6M","90.4M","89.8M","88M","87.9M","87.5M","85.8M","85.6M","85.4M","82.7M","82.1M","81.5M","81.3M","81.1M","80.2M","79.4M","78.5M","78.5M","78.4M","78.3M","77.8M","77.8M","77.6M","77.5M","77.4M","77.2M","76.9M","76M","75.9M","75.1M","74.9M","74.6M","74.4M","73.9M","73.6M","73.6M","73.6M","73M","72.7M","72.6M","72.4M","72.3M","72.3M","72.1M","71.7M","71.6M","71.3M","70.7M","70.7M","70.6M","70.6M","70.3M","70M","69.9M","69.1M","69.1M","68.7M","68.5M","68.2M","68.2M","68.2M","67.7M","67.5M","67.5M","67.2M","67.1M","66.8M","66M","65.9M","65.8M","65.4M","65.3M","65.2M","65.1M","64.8M","64.5M","64.4M","64.2M","64M","63.9M","63.9M","63.6M","63.4M","63.2M","63.1M","63M","63M","63M","62.9M","62.8M","62.7M","627M","62.6M"],"okList":["7.0M","10.7M","10.3M","9.620000000000001M","9.57M","9.4M","9.17M","9.059999999999999M","9.040000000000001M","8.98M","8.8M","8.790000000000001M","8.75M","8.58M","8.559999999999999M","8.540000000000001M","8.27M","8.209999999999999M","8.15M","8.129999999999999M","8.11M","8.02M","7.94M","7.85M","7.85M","7.840000000000001M","7.83M","7.779999999999999M","7.779999999999999M","7.76M","7.75M","7.74M","7.720000000000001M","7.69M","7.6M","7.590000000000001M","7.51M","7.49M","7.459999999999999M","7.44M","7.390000000000001M","7.359999999999999M","7.359999999999999M","7.359999999999999M","7.3M","7.2700000000000005M","7.26M","7.24M","7.2299999999999995M","7.2299999999999995M","7.209999999999999M","7.17M","7.159999999999999M","7.13M","7.07M","7.07M","7.06M","7.06M","7.029999999999999M","7.0M","6.99M","6.909999999999999M","6.909999999999999M","6.87M","6.85M","6.82M","6.82M","6.82M","6.7700000000000005M","6.75M","6.75M","6.720000000000001M","6.709999999999999M","6.68M","6.6M","6.590000000000001M","6.58M","6.540000000000001M","6.529999999999999M","6.5200000000000005M","6.51M","6.4799999999999995M","6.45M","6.44M","6.42M","6.4M","6.39M","6.39M","6.36M","6.34M","6.32M","6.3100000000000005M","6.3M","6.3M","6.3M","6.29M","6.279999999999999M","6.2700000000000005M","6.2700000000000005M","6.26M"],"nokList":[]}