{"server":3506,"total":6149.4487,"average":66.841835,"cpValues":[],"cpList":["111M","97.9M","25.6M","24M","88.9M","97.1M","86M","85.9M","84.4M","83.7M","81.4M","80.4M","79.9M","7A.6M","7AM","77.9M","76.1M","75.9M","75.9M","75.8M","75.7M","75.6M","75.3M","75.3M","74.9M","74.8M","73.8M","73.6M","73M","73M","72.7M","72.7M","72.7M","72.2M","71.4M","71.3M","70.5M","70M","69.4M","69.2M","69.1M","68.7M","68.3M","68.2M","67.6M","67.5M","67.5M","67M","66.5M","66.2M","6M","65.1M","65M","63.9M","63.9M","63.9M","62.9M","62.8M","62.7M","62.7M","62.6M","62.5M","62.4M","62.1M","62.1M","62.1M","62.1M","62M","61.9M","61.7M","61.1M","60.8M","60.6M","60.5M","60.4M","60.3M","60.2M","60M","59.9M","59.6M","59.4M","59.3M","59.2M","59M","58.9M","58.9M","58.9M","58.8M","58.4M","58.1M","5AM","57.QM","57.8M","57.5M","57.3M","56.9M","56.7M","55.9M","55.8M","55.6M"],"okList":["111.0M","68.3M","60.95M","57.25M","88.9M","87.45M","91.5M","85.2M","84.8M","82.9M","82.05M","80.65M","76.9M","76.0M","75.850006M","75.8M","75.7M","75.5M","75.45M","75.100006M","75.05M","74.350006M","74.2M","73.4M","73.3M","72.85M","72.85M","72.7M","72.45M","72.05M","71.75M","70.95M","70.65M","69.95M","69.6M","69.25M","68.95M","68.7M","68.45M","67.95M","67.85M","67.55M","67.25M","67.0M","66.6M","36.25M","65.649994M","35.5M","64.5M","64.45M","63.9M","63.4M","63.35M","62.800003M","62.75M","62.65M","62.6M","62.5M","62.3M","62.25M","62.1M","62.1M","62.05M","62.0M","61.85M","61.5M","61.25M","60.85M","60.65M","60.5M","60.4M","60.300003M","60.15M","60.050003M","59.8M","59.65M","59.449997M","59.300003M","59.15M","59.050003M","58.95M","58.9M","58.85M","58.65M","58.449997M","57.55M","57.2M","57.0M","56.4M","56.25M","55.75M","55.6M"],"nokList":["79.9M","7A.6M","7AM","77.9M","58.1M","5AM","57.QM","57.8M"]}