{"time":1755527596908,"server":3507,"cpList":["846M","81M","746M","68.5M","61.7M","61.6M","59.5M","58.9M","56.4M","55.6M","53.3M","52.2M","52.2M","51.9M","51.4M","50.7M","50.3M","49.8M","49.7M","49.2M","48.8M","48.3M","47.9M","47.6M","47.6M","47.2M","47M","46.7M","46.6M","46.6M","46.4M","461M","45.9M","45.5M","45.4M","45.1M","446M","446M","442M","43.6M","43.6M","43.5M","43.3M","42.8M","42.4M","41.6M","41.6M","41.3M","41.3M","412M","41M","40.7M","40.6M","40.5M","40.2M","40.1M","40M","39.7M","39.6M","39.2M","39.2M","39.1M","39M","38.9M","38.9M","38.7M","38.3M","38.3M","38.1M","38.1M","38M","38M","37.5M","37.4M","37.4M","37.3M","37.2M","37.2M","37.1M","36.9M","36.8M","36.8M","36.7M","36.5M","36.5M","36.1M","35.9M","35.9M","35.9M","35.8M","35.4M","35.4M","35.2M","35.1M","35M","34.9M","34.9M","34.8M","34.7M","34.7M"],"okList":["8.460000000000001E-5M","8.1E-6M","1.4599999999999998E-7M","6.85E-8M","6.17E-9M","6.159999999999999E-9M","5.9499999999999995E-9M","5.89E-9M","5.6399999999999995E-9M","5.560000000000001E-9M","5.329999999999999E-9M","5.22E-9M","5.22E-9M","5.1900000000000005E-9M","5.140000000000001E-9M","5.07E-9M","5.03E-9M","4.979999999999999E-9M","4.970000000000001E-9M","4.920000000000001E-9M","4.8800000000000005E-9M","4.83E-9M","4.79E-9M","4.76E-9M","4.76E-9M","4.72E-9M","4.699999999999999E-9M","4.670000000000001E-9M","4.66E-9M","4.66E-9M","4.6400000000000005E-9M","4.610000000000001E-8M","4.59E-9M","4.55E-9M","4.5400000000000005E-9M","4.51E-9M","4.4599999999999996E-8M","4.4599999999999996E-8M","4.419999999999999E-8M","4.360000000000001E-9M","4.360000000000001E-9M","4.35E-9M","4.33E-9M","4.279999999999999E-9M","4.24E-9M","4.1600000000000005E-9M","4.1600000000000005E-9M","4.1300000000000004E-9M","4.1300000000000004E-9M","4.12E-8M","4.0999999999999995E-9M","4.070000000000001E-9M","4.0600000000000005E-9M","4.050000000000001E-9M","4.020000000000001E-9M","4.010000000000001E-9M","4.0E-9M","3.97E-9M","3.96E-9M","3.92E-9M","3.92E-9M","3.91E-9M","3.899999999999999E-9M","3.8900000000000004E-9M","3.8900000000000004E-9M","3.87E-9M","3.829999999999999E-9M","3.829999999999999E-9M","3.81E-9M","3.81E-9M","3.8E-9M","3.8E-9M","3.75E-9M","3.74E-9M","3.74E-9M","3.729999999999999E-9M","3.7200000000000012E-9M","3.7200000000000012E-9M","3.7100000000000002E-9M","3.6900000000000003E-9M","3.68E-9M","3.68E-9M","3.6700000000000004E-9M","3.65E-9M","3.65E-9M","3.6099999999999997E-9M","3.59E-9M","3.59E-9M","3.59E-9M","3.5799999999999996E-9M","3.54E-9M","3.54E-9M","3.5200000000000007E-9M","3.5100000000000005E-9M","3.5E-9M","3.4899999999999997E-9M","3.4899999999999997E-9M","3.48E-9M","3.4700000000000002E-9M","3.4700000000000002E-9M"],"nokList":[]}