{"server":3507,"total":4038.6497,"average":42.069267,"cpValues":[],"cpList":["81.4M","79.1M","68.5M","56.5M","56.4M","54.8M","52.8M","52M","51.9M","51.4M","51M","48M","47.2M","47M","46.9M","46.8M","46.6M","46.4M","45.9M","44.9M","44.7M","44.6M","44.6M","44.3M","44M","43.9M","43.6M","43.5M","43.5M","43.1M","42.9M","42.8M","42.4M","42.4M","42.3M","42.3M","42.2M","42M","41.6M","41.3M","41.3M","41.1M","41M","40.8M","40.3M","40.2M","40.1M","39.7M","39.5M","39.4M","39.3M","39.3M","39.1M","39M","38.9M","38.9M","38.5M","78M","37.8M","37.7M","37.5M","37.5M","37.4M","37.4M","37.4M","37.3M","37.2M","37.1M","36.7M","36.5M","36.4M","A6.1M","A6M","35.9M","35.7M","35.4M","35.4M","35.4M","35.2M","35M","34.9M","34.9M","34.8M","34.7M","34.6M","34.6M","34.6M","34.4M","34.4M","34.3M","34.2M","34.2M","34.1M","34.1M","34M","34M","34M","33.9M","33.7M","33.6M"],"okList":["81.4M","74.95M","67.8M","62.45M","55.65M","54.6M","53.4M","52.35M","51.7M","51.45M","49.7M","49.1M","47.5M","47.050003M","46.9M","46.75M","46.6M","46.25M","45.65M","45.300003M","44.75M","44.65M","44.449997M","44.3M","44.1M","43.8M","43.7M","43.55M","43.3M","43.2M","42.949997M","42.65M","42.6M","42.35M","42.35M","42.25M","42.15M","41.9M","41.65M","41.449997M","41.199997M","41.15M","40.949997M","40.65M","40.5M","40.199997M","39.95M","39.8M","39.550003M","39.4M","39.35M","39.199997M","39.15M","39.0M","38.95M","38.7M","58.45M","38.15M","57.85M","37.65M","37.6M","37.45M","37.45M","37.4M","37.35M","37.300003M","37.199997M","36.95M","36.8M","36.550003M","35.65M","35.550003M","35.4M","35.300003M","35.2M","35.050003M","34.95M","34.85M","34.800003M","34.699997M","34.65M","34.6M","34.5M","34.5M","34.35M","34.300003M","34.25M","34.15M","34.15M","34.05M","34.05M","34.0M","33.95M","33.85M","33.75M","33.6M"],"nokList":["36.4M","A6.1M","A6M","35.9M"]}