{"time":1755527649545,"server":3510,"cpList":["72.5M","69.8M","69.7M","69.3M","69.2M","69.1M","68.1M","67.2M","67.1M","65.6M","65.1M","642M","63.8M","62.8M","62.7M","62.7M","62M","60.8M","60.7M","60.2M","59.7M","59.7M","59.1M","59.1M","59M","58.9M","58.8M","58.2M","58M","57.4M","57.1M","57.1M","56.6M","56.5M","56.3M","56.1M","55.8M","55.7M","55.3M","55.1M","54.8M","54.1M","53.4M","53.4M","53.4M","53.3M","53.3M","52.1M","52M","51.8M","51.5M","51.5M","51.3M","51.2M","51.1M","57M","50.7M","50.7M","50.5M","50.5M","50.4M","50.3M","50.3M","50.1M","50.1M","49.6M","49.5M","49.3M","49.1M","49M","49M","48.9M","48.6M","48.5M","48.3M","48.1M","47.6M","47.5M","47.5M","47.5M","47.5M","47.4M","47.3M","47.2M","468M","468M","468M","46.3M","45.9M","45.4M","45.3M","44.9M","44.5M","44.3M","44.3M","44M","43.8M","43.8M","43.8M","43.7M"],"okList":["72.5M","69.8M","69.7M","69.3M","69.2M","69.1M","68.1M","67.2M","67.1M","65.6M","65.1M","64.2M","63.8M","62.8M","62.7M","62.7M","62.0M","60.8M","60.7M","60.2M","59.7M","59.7M","59.1M","59.1M","59.0M","58.9M","58.8M","58.2M","58.0M","57.4M","57.1M","57.1M","56.6M","56.5M","56.3M","56.1M","55.8M","55.7M","55.3M","55.1M","54.8M","54.1M","53.4M","53.4M","53.4M","53.3M","53.3M","52.1M","52.0M","51.8M","51.5M","0.515M","0.00513M","5.1200000000000004E-5M","5.110000000000001E-7M","5.6999999999999994E-8M","5.07E-9M","5.07E-9M","5.0500000000000006E-9M","5.0500000000000006E-9M","5.040000000000001E-9M","5.03E-9M","5.03E-9M","5.01E-9M","5.01E-9M","4.96E-9M","4.949999999999999E-9M","4.930000000000001E-9M","4.910000000000001E-9M","4.9E-9M","4.9E-9M","4.89E-9M","4.86E-9M","4.8500000000000004E-9M","4.83E-9M","4.8100000000000006E-9M","4.76E-9M","4.7499999999999995E-9M","4.7499999999999995E-9M","4.7499999999999995E-9M","4.7499999999999995E-9M","4.739999999999999E-9M","4.73E-9M","4.72E-9M","4.6799999999999996E-8M","4.6799999999999996E-8M","4.6799999999999996E-8M","4.629999999999999E-9M","4.59E-9M","4.5400000000000005E-9M","4.529999999999999E-9M","4.49E-9M","4.45E-9M","4.43E-9M","4.43E-9M","4.4000000000000005E-9M","4.379999999999999E-9M","4.379999999999999E-9M","4.379999999999999E-9M","4.3700000000000004E-9M"],"nokList":[]}