{"server":3510,"total":4705.151,"average":49.01199,"cpValues":[],"cpList":["68.9M","68.8M","67.7M","66.4M","65.7M","65.2M","64.7M","64.7M","62.8M","60.8M","60M","59.6M","59.6M","59.4M","58.8M","58.5M","58.4M","57.QM","57M","57M","55.8M","55.8M","55.6M","53.8M","53.4M","52.9M","52.3M","52M","51.6M","51.3M","51.3M","50.7M","50.4M","50.3M","50M","49.7M","49.5M","49.5M","49.5M","49.5M","49.5M","49.2M","49.1M","48.8M","48.5M","48.5M","48.4M","48.3M","48.2M","48.1M","48.1M","47.4M","47.2M","47.2M","47.2M","47.1M","46.8M","46.1M","46M","45.9M","45.7M","45.7M","45.5M","45.4M","45M","44.9M","44.8M","44.8M","44.3M","44.1M","43.8M","43.7M","43.6M","43.5M","43.5M","43.1M","43.1M","43M","43M","42.6M","42.5M","42.4M","41.6M","41.5M","41.4M","41.2M","41.1M","40.7M","40.3M","40.2M","40.1M","39.3M","39.1M","39.1M","39M","38.7M","38.5M","38.3M","38.2M","3AM"],"okList":["68.9M","68.3M","67.600006M","66.7M","65.8M","65.2M","64.95M","63.75M","62.75M","61.4M","60.199997M","59.8M","59.5M","59.199997M","58.95M","58.6M","56.4M","56.4M","55.699997M","54.8M","54.5M","53.35M","52.85M","52.45M","51.949997M","51.65M","51.449997M","51.0M","50.85M","50.5M","50.2M","50.0M","49.75M","49.6M","49.5M","49.5M","49.5M","49.35M","49.3M","49.0M","48.8M","48.65M","48.45M","48.4M","48.300003M","48.199997M","48.15M","47.75M","47.65M","47.300003M","47.2M","47.15M","47.0M","46.6M","46.4M","46.0M","45.85M","45.800003M","45.6M","45.550003M","45.25M","45.15M","44.9M","44.85M","44.55M","44.449997M","44.05M","43.9M","43.699997M","43.6M","43.55M","43.3M","43.3M","43.05M","43.05M","42.8M","42.75M","42.5M","42.05M","41.95M","41.5M","41.35M","41.25M","40.95M","40.699997M","40.45M","40.199997M","39.75M","39.6M","39.199997M","39.05M","38.9M","38.75M","38.5M","38.35M","38.0M"],"nokList":["58.4M","57.QM","57M","38.2M"]}