{"server":3522,"total":5416.0513,"average":59.517048,"cpValues":[],"cpList":["25.1M","22.5M","21.4M","N1.2M","86M","81.1M","80.8M","79.5M","79M","78.7M","78.5M","77.9M","76.5M","75.1M","74.7M","74.6M","74.4M","73.4M","12.4M","72.1M","71.5M","71M","69.4M","69M","68.9M","68.8M","6A.6M","68.5M","68.4M","66.7M","66.1M","65.9M","65.9M","65.5M","65.3M","65.1M","65M","64.9M","64.7M","64.5M","64.3M","64.2M","63.9M","63.8M","63M","61.3M","60.7M","60.7M","60.7M","60.3M","60M","59.6M","59.5M","59.3M","59M","58.9M","58.3M","5AM","57.QM","57.5M","57.2M","56.7M","56.5M","55.7M","55.2M","55.1M","55.1M","55.1M","55M","54.8M","54.5M","54.2M","54M","53.9M","53.6M","53.3M","53.3M","53M","52.9M","52.5M","52M","51.9M","51.9M","51.7M","51.7M","51.6M","51.6M","51.5M","51.5M","51.4M","51.4M","51.1M","51M","50.9M","50.3M","49.9M","49.9M","49.6M","+9.5M","49.2M"],"okList":["25.1M","23.25M","83.4M","80.3M","79.9M","79.1M","78.75M","78.3M","77.5M","76.5M","75.6M","74.85M","74.55M","74.0M","43.4M","72.75M","41.95M","71.55M","70.45M","70.0M","69.15M","68.9M","68.65M","67.6M","67.25M","66.3M","66.0M","65.7M","65.600006M","65.3M","65.15M","65.0M","64.85M","64.7M","64.5M","64.35M","64.100006M","64.0M","63.45M","62.55M","61.85M","61.0M","60.7M","60.5M","60.35M","59.949997M","59.75M","59.449997M","59.25M","59.1M","58.65M","57.1M","56.85M","56.2M","55.85M","55.4M","55.15M","55.1M","55.05M","54.949997M","54.75M","54.5M","54.25M","54.050003M","53.8M","53.6M","53.449997M","53.15M","53.1M","52.75M","52.45M","52.2M","51.95M","51.800003M","51.800003M","51.65M","51.65M","51.55M","51.55M","51.45M","51.45M","51.25M","51.2M","51.0M","50.65M","50.4M","50.1M","49.75M","29.7M","49.4M","49.2M"],"nokList":["21.4M","N1.2M","86M","68.8M","68.5M","58.3M","5AM","57.QM","57.5M"]}