{"time":1755527676130,"server":3522,"cpList":["102M","101M","99.3M","95.7M","94.3M","90.1M","89.5M","87M","85.7M","85.5M","85.3M","84.5M","83.7M","82.8M","82.4M","80.9M","80.4M","80.2M","79.9M","79.8M","79.8M","79.5M","79.2M","79M","78.3M","78.1M","77.7M","77.7M","77.4M","77.3M","77.1M","76.7M","762M","76.1M","75.8M","75.4M","75M","74.8M","74.4M","742M","73.5M","72.9M","72.8M","72.8M","72.6M","72.4M","72M","71.8M","71.1M","70.3M","70.3M","70.2M","70.1M","70.1M","69.9M","69.9M","69.5M","68.8M","68.8M","68.8M","68.6M","68.5M","68.1M","68.1M","68.1M","67.6M","67.5M","67.3M","67.3M","67.2M","67.1M","66.6M","66.6M","66.4M","66.2M","66.2M","66.1M","65.6M","65.6M","65.5M","65.5M","65.5M","65.3M","64.9M","646M","646M","64.5M","64.4M","64.3M","642M","64.1M","64.1M","63.7M","63.7M","63.6M","63.6M","63.4M","62.9M","62.5M","62.4M"],"okList":["102.0M","101.0M","99.3M","95.7M","94.3M","90.1M","89.5M","87.0M","85.7M","85.5M","85.3M","84.5M","83.7M","82.8M","82.4M","80.9M","80.4M","80.2M","79.9M","79.8M","79.8M","79.5M","79.2M","79.0M","78.3M","78.1M","77.7M","77.7M","77.4M","77.3M","0.7709999999999999M","0.00767M","1.62E-5M","7.61E-8M","7.579999999999999E-9M","7.54E-9M","7.5E-9M","7.48E-9M","7.4400000000000024E-9M","1.4199999999999998E-8M","7.35E-9M","7.290000000000001E-9M","7.28E-9M","7.28E-9M","7.26E-9M","7.240000000000001E-9M","7.2E-9M","7.18E-9M","7.11E-9M","7.03E-9M","7.03E-9M","7.020000000000001E-9M","7.0099999999999996E-9M","7.0099999999999996E-9M","6.99E-9M","6.99E-9M","6.949999999999999E-9M","6.879999999999999E-9M","6.879999999999999E-9M","6.879999999999999E-9M","6.86E-9M","6.85E-9M","6.8099999999999994E-9M","6.8099999999999994E-9M","6.8099999999999994E-9M","6.759999999999999E-9M","6.750000000000001E-9M","6.73E-9M","6.73E-9M","6.720000000000001E-9M","6.709999999999999E-9M","6.66E-9M","6.66E-9M","6.64E-9M","6.62E-9M","6.62E-9M","6.609999999999999E-9M","6.56E-9M","6.56E-9M","6.550000000000001E-9M","6.550000000000001E-9M","6.550000000000001E-9M","6.53E-9M","6.4900000000000005E-9M","6.460000000000001E-8M","6.460000000000001E-8M","6.45E-9M","6.440000000000001E-9M","6.43E-9M","6.419999999999999E-8M","6.409999999999999E-9M","6.409999999999999E-9M","6.37E-9M","6.37E-9M","6.36E-9M","6.36E-9M","6.34E-9M","6.290000000000001E-9M","6.2500000000000005E-9M","6.24E-9M"],"nokList":[]}