{"server":3523,"total":3673.85,"average":38.26927,"cpValues":[],"cpList":["76.6M","71.5M","63.8M","63.2M","60.3M","59.9M","53.8M","53.3M","51.6M","49.6M","49.4M","48.M","48.2M","47.6M","47M","46M","45.8M","45.8M","45.5M","45.1M","44.8M","44.6M","43.9M","43M","42.5M","42M","41.7M","41.1M","41M","40.4M","40.3M","38.8M","78M","78M","37.8M","37.4M","A6.9M","36.8M","36.2M","A6.1M","35.3M","35.3M","35.1M","35M","34.6M","34.3M","34.3M","34.3M","34.1M","34M","33.8M","33.4M","33.3M","33.3M","33.2M","33M","32.9M","32.5M","32.5M","32.3M","32.2M","32M","31.9M","31.7M","31.7M","31.6M","31.4M","31.4M","31.3M","30.7M","30.7M","30.5M","30.3M","30.3M","29.9M","29.9M","29.8M","29.6M","29.4M","29.3M","29.1M","29.1M","29M","28.9M","28.8M","29.7M","29.7M","28.3M","28M","27.5M","27.3M","27.1M","27.1M","21.1M","26.6M","26.6M","26.5M","26.3M","26.3M","26.2M"],"okList":["76.6M","70.2M","67.35M","62.05M","61.550003M","57.05M","56.6M","52.699997M","51.449997M","50.5M","48.8M","48.800003M","47.8M","47.6M","46.8M","46.4M","45.9M","45.65M","45.449997M","45.15M","44.85M","44.35M","43.8M","43.2M","42.5M","42.1M","41.55M","41.35M","40.75M","40.65M","39.6M","59.15M","78.0M","57.9M","57.7M","37.1M","35.75M","35.199997M","35.15M","34.85M","34.65M","34.449997M","34.3M","34.199997M","34.15M","33.949997M","33.7M","33.55M","33.35M","33.25M","33.15M","33.050003M","32.75M","32.7M","32.4M","32.35M","32.15M","32.05M","31.85M","31.8M","31.650002M","31.55M","31.5M","31.349998M","31.05M","31.0M","30.6M","30.5M","30.4M","30.099998M","30.099998M","29.849998M","29.75M","29.599998M","29.45M","29.25M","29.2M","29.05M","29.0M","28.9M","29.3M","29.7M","29.0M","28.85M","27.9M","27.65M","27.3M","27.2M","24.1M","26.85M","26.6M","26.55M","26.45M","26.4M","26.25M","26.2M"],"nokList":["37.4M","36.8M","36.2M","35.3M"]}