{"time":1755527729101,"server":3524,"cpList":["89M","87.4M","82.6M","79.7M","76.8M","73.2M","70.1M","70M","69.1M","68.9M","68.6M","68.1M","67.7M","66.5M","66.3M","65.1M","64.8M","64.3M","63.6M","63.3M","62.9M","62.6M","62.3M","62.2M","62M","61.7M","61.5M","60.4M","60.3M","59.8M","59.6M","59.4M","59.3M","59.2M","59M","59M","58.9M","58.1M","57.4M","57.1M","57M","56.9M","56.9M","56.1M","56.1M","55.3M","54.6M","54.4M","542M","53.9M","53.5M","53.4M","53.3M","53.2M","53.1M","52.9M","52.5M","52.1M","51.6M","51.3M","51.2M","57M","57M","50.9M","50.7M","50.7M","50.3M","50.1M","50.1M","49.9M","49.7M","49.5M","49.4M","49M","48.9M","48.5M","48.4M","48.3M","48.2M","48.2M","48.2M","48M","48M","47.9M","47.9M","47.6M","47.4M","47.3M","47.2M","47.2M","468M","46.7M","46.5M","46.3M","46.1M","46M","45.8M","45.6M","45.5M","45.2M"],"okList":["89.0M","87.4M","82.6M","79.7M","76.8M","73.2M","70.1M","70.0M","69.1M","68.9M","68.6M","68.1M","67.7M","66.5M","66.3M","65.1M","64.8M","64.3M","63.6M","63.3M","62.9M","62.6M","62.3M","62.2M","62.0M","61.7M","61.5M","60.4M","60.3M","59.8M","59.6M","59.4M","59.3M","59.2M","59.0M","59.0M","58.9M","58.1M","57.4M","57.1M","57.0M","56.9M","56.9M","56.1M","56.1M","55.3M","54.6M","54.4M","54.2M","53.9M","53.5M","53.4M","53.3M","53.2M","53.1M","52.9M","52.5M","0.521M","0.0051600000000000005M","5.13E-5M","5.12E-7M","5.6999999999999994E-8M","5.7E-9M","5.0900000000000004E-9M","5.07E-9M","5.07E-9M","5.03E-9M","5.01E-9M","5.01E-9M","4.989999999999999E-9M","4.970000000000001E-9M","4.949999999999999E-9M","4.940000000000001E-9M","4.9E-9M","4.89E-9M","4.8500000000000004E-9M","4.839999999999999E-9M","4.83E-9M","4.820000000000001E-9M","4.820000000000001E-9M","4.820000000000001E-9M","4.8E-9M","4.8E-9M","4.79E-9M","4.79E-9M","4.76E-9M","4.739999999999999E-9M","4.73E-9M","4.72E-9M","4.72E-9M","4.6799999999999996E-8M","4.670000000000001E-9M","4.65E-9M","4.629999999999999E-9M","4.6100000000000004E-9M","4.6E-9M","4.58E-9M","4.559999999999999E-9M","4.55E-9M","4.519999999999999E-9M"],"nokList":[]}