{"time":1755527755398,"server":3526,"cpList":["100M","94.9M","94.5M","93.3M","92M","90.7M","89.2M","84.9M","84.7M","84.4M","84M","82.3M","81.5M","81.4M","79.9M","79.2M","79M","78.6M","766M","76.5M","75.9M","75.5M","74.7M","74.5M","74.1M","73.9M","73.7M","72.5M","72M","71.1M","70.5M","69.4M","69.1M","67.2M","66.6M","65.9M","65.7M","65.5M","64.8M","646M","64.3M","64.1M","63.9M","62.6M","62.6M","62.4M","62M","61.9M","61.8M","61.8M","61.7M","61M","60.8M","60.7M","60.5M","60.4M","60.2M","59.4M","59.3M","58.6M","58.3M","58.2M","58.1M","57.3M","57.3M","56.7M","56.1M","55.9M","55.8M","55.7M","55.6M","55.6M","55.1M","54.9M","54.1M","53.9M","53.7M","53.6M","53.6M","52.8M","52.8M","52.7M","52.6M","52.6M","51.9M","51.7M","51.6M","51.3M","51.2M","57M","57M","50.9M","50.5M","50.4M","50.3M","49.9M","49M","48.9M","48.4M","48.3M"],"okList":["100.0M","94.9M","94.5M","93.3M","92.0M","90.7M","89.2M","84.9M","84.7M","84.4M","84.0M","82.3M","81.5M","81.4M","79.9M","79.2M","0.79M","0.007859999999999999M","1.66E-5M","7.649999999999999E-8M","7.59E-9M","7.550000000000001E-9M","7.47E-9M","7.45E-9M","7.41E-9M","7.39E-9M","7.37E-9M","7.25E-9M","7.2E-9M","7.11E-9M","7.0499999999999994E-9M","6.9400000000000004E-9M","6.91E-9M","6.720000000000001E-9M","6.66E-9M","6.590000000000001E-9M","6.57E-9M","6.550000000000001E-9M","6.48E-9M","6.460000000000001E-8M","6.43E-9M","6.409999999999999E-9M","6.39E-9M","6.26E-9M","6.26E-9M","6.24E-9M","6.2E-9M","6.19E-9M","6.18E-9M","6.18E-9M","6.17E-9M","6.099999999999998E-9M","6.08E-9M","6.07E-9M","6.05E-9M","6.040000000000001E-9M","6.02E-9M","5.9400000000000006E-9M","5.93E-9M","5.86E-9M","5.83E-9M","5.820000000000001E-9M","5.8099999999999996E-9M","5.73E-9M","5.73E-9M","5.6700000000000005E-9M","5.61E-9M","5.59E-9M","5.5799999999999985E-9M","5.57E-9M","5.560000000000001E-9M","5.560000000000001E-9M","5.51E-9M","5.49E-9M","5.410000000000001E-9M","5.390000000000001E-9M","5.37E-9M","5.3600000000000005E-9M","5.3600000000000005E-9M","5.280000000000001E-9M","5.280000000000001E-9M","5.270000000000001E-9M","5.2600000000000004E-9M","5.2600000000000004E-9M","5.1900000000000005E-9M","5.17E-9M","5.160000000000001E-9M","5.13E-9M","5.1200000000000005E-9M","5.7E-9M","5.7E-9M","5.0900000000000004E-9M","5.0500000000000006E-9M","5.040000000000001E-9M","5.03E-9M","4.989999999999999E-9M","4.9E-9M","4.89E-9M","4.839999999999999E-9M","4.83E-9M"],"nokList":[]}