{"server":3526,"total":4290.0005,"average":44.687504,"cpValues":[],"cpList":["85.5M","70.5M","65.1M","62.8M","58.6M","56.6M","56.5M","54.6M","54.4M","54.3M","53.4M","52.7M","52.4M","51.7M","51.1M","51M","50.8M","50.6M","49.7M","49.5M","49.4M","49.1M","48.5M","48.3M","48.1M","47.9M","47.1M","46.4M","46M","46M","45.9M","45.8M","45.8M","45.5M","45.3M","45.1M","44.5M","44.2M","43.9M","43.8M","43.7M","43.3M","43.2M","43.1M","42.9M","42.6M","42.3M","42M","41.3M","41.1M","41M","40.7M","40.7M","40.4M","40.3M","40.2M","40M","39.9M","39.7M","39.4M","39.2M","39.1M","39.1M","39.1M","39M","39M","38.9M","38.8M","38.7M","AA.6M","38.5M","38.5M","38.3M","38.2M","38.1M","78M","37.9M","37.8M","37.8M","37.8M","37.8M","37.7M","37.6M","37.6M","37.5M","37.4M","37.1M","37M","37M","37M","A6.9M","36.7M","36.4M","36.3M","36.2M","36.2M","36.2M","36.1M","36.1M","36M"],"okList":["85.5M","75.3M","66.65M","61.85M","59.699997M","57.55M","55.6M","55.45M","54.449997M","53.9M","53.5M","52.9M","52.2M","51.75M","51.35M","50.949997M","50.8M","50.25M","50.05M","49.550003M","49.3M","48.95M","48.699997M","48.3M","48.1M","47.6M","47.15M","46.55M","46.2M","45.95M","45.9M","45.85M","45.65M","45.55M","45.3M","44.9M","44.65M","44.2M","44.0M","43.800003M","43.55M","43.45M","43.199997M","43.050003M","42.85M","42.6M","42.3M","41.8M","41.55M","41.15M","40.9M","40.85M","40.550003M","40.5M","40.300003M","40.15M","40.050003M","39.85M","39.65M","39.45M","39.25M","39.15M","39.1M","39.05M","39.05M","38.95M","38.9M","38.800003M","38.6M","38.4M","38.35M","38.199997M","58.1M","38.0M","57.9M","37.85M","37.8M","37.8M","37.75M","37.699997M","37.65M","37.55M","37.5M","37.3M","37.2M","37.05M","37.0M","36.85M","36.5M","36.300003M","36.25M","36.2M","36.15M","36.15M","36.05M","36.0M"],"nokList":["38.7M","38.5M","37M","36.7M"]}