{"time":1755527808641,"server":3529,"cpList":["75.8M","73.7M","69.3M","67.6M","64.8M","646M","64.1M","63.8M","63.2M","62.9M","62.8M","62.6M","62.4M","62.2M","61M","60M","60M","59.9M","59.5M","59.1M","58.8M","58.8M","58.5M","58.3M","57.8M","57M","56.6M","55.4M","55.3M","55.3M","55.1M","543M","53.9M","53.2M","53.1M","53M","52.7M","52.6M","52.6M","52.2M","51.9M","51.5M","51.4M","51.4M","51.4M","51.2M","51.1M","57M","57M","50.5M","50.1M","50M","50M","49.8M","49.7M","49.6M","49.3M","49.3M","49.3M","49.2M","49M","48.7M","48.5M","48.3M","48.3M","48.1M","47.9M","47.9M","47.7M","47.1M","46.9M","46.9M","46.9M","468M","468M","46.7M","46.7M","46.7M","46.5M","45.9M","45.7M","45.6M","45.6M","45.5M","45.4M","45.1M","448M","44.7M","446M","44.5M","44.4M","443M","44.2M","44M","43.9M","43.3M","43.2M","43M","42.6M","42.6M"],"okList":["75.8M","73.7M","69.3M","67.6M","64.8M","64.6M","64.1M","63.8M","63.2M","62.9M","62.8M","62.6M","62.4M","62.2M","61.0M","60.0M","60.0M","59.9M","59.5M","59.1M","58.8M","58.8M","58.5M","58.3M","57.8M","57.0M","56.6M","55.4M","55.3M","55.3M","55.1M","54.3M","53.9M","53.2M","53.1M","53.0M","52.7M","52.6M","52.6M","52.2M","51.9M","51.5M","51.4M","0.514M","0.0051400000000000005M","5.1200000000000004E-5M","5.110000000000001E-7M","5.6999999999999994E-8M","5.7E-9M","5.0500000000000006E-9M","5.01E-9M","5.0E-9M","5.0E-9M","4.979999999999999E-9M","4.970000000000001E-9M","4.96E-9M","4.930000000000001E-9M","4.930000000000001E-9M","4.930000000000001E-9M","4.920000000000001E-9M","4.9E-9M","4.870000000000001E-9M","4.8500000000000004E-9M","4.83E-9M","4.83E-9M","4.8100000000000006E-9M","4.79E-9M","4.79E-9M","4.770000000000001E-9M","4.7100000000000005E-9M","4.689999999999999E-9M","4.689999999999999E-9M","4.689999999999999E-9M","4.6799999999999996E-8M","4.6799999999999996E-8M","4.670000000000001E-9M","4.670000000000001E-9M","4.670000000000001E-9M","4.65E-9M","4.59E-9M","4.57E-9M","4.559999999999999E-9M","4.559999999999999E-9M","4.55E-9M","4.5400000000000005E-9M","4.51E-9M","4.4800000000000004E-8M","4.4700000000000005E-9M","4.4599999999999996E-8M","4.45E-9M","4.44E-9M","4.43E-8M","4.42E-9M","4.4000000000000005E-9M","4.389999999999999E-9M","4.33E-9M","4.320000000000001E-9M","4.3000000000000005E-9M","4.26E-9M","4.26E-9M"],"nokList":[]}