{"server":3530,"total":4208.65,"average":42.945408,"cpValues":[],"cpList":["120M","80.6M","71.2M","70.2M","62.7M","62.5M","61.8M","58.7M","57.4M","57.4M","57.4M","57.3M","57.2M","57.1M","55.5M","55.3M","54.2M","53.9M","53.5M","52.2M","51.9M","51.9M","51.4M","49.1M","48.1M","46.9M","46.1M","45.8M","45.4M","45.4M","45.3M","45.1M","43.4M","43.2M","43.1M","42.3M","42.2M","42.2M","42.1M","41.9M","41M","41M","40.8M","40.7M","40.5M","39.3M","39M","38.9M","38.5M","38.5M","38.4M","38.4M","38.4M","38.2M","37.4M","37.4M","37.3M","37M","36.8M","36.4M","A6M","35.9M","35.6M","35.5M","35.3M","35.3M","35M","34.8M","34.8M","34.7M","34.7M","34.5M","34.5M","34.4M","34.2M","34M","33.8M","33.4M","33.2M","33.1M","32.7M","32.7M","32.7M","32.5M","32.4M","32.2M","31.7M","31.4M","31.3M","31M","30.8M","30.8M","30.7M","30.6M","30.5M","30.5M","30.5M","30.4M","30.2M","30.1M"],"okList":["120.0M","95.6M","75.399994M","66.95M","66.35M","62.25M","60.6M","59.6M","58.050003M","57.4M","57.35M","57.300003M","57.199997M","56.35M","56.199997M","54.85M","54.6M","53.85M","53.050003M","52.7M","52.050003M","51.65M","50.5M","49.75M","48.0M","47.1M","46.35M","45.75M","45.6M","45.35M","45.25M","44.35M","44.15M","43.25M","42.75M","42.65M","42.25M","42.15M","42.050003M","41.55M","41.45M","40.9M","40.85M","40.65M","40.0M","39.75M","39.1M","38.75M","38.7M","38.45M","38.45M","38.4M","38.300003M","37.9M","37.800003M","37.35M","37.2M","37.05M","36.7M","36.15M","35.7M","35.449997M","35.4M","35.15M","35.05M","34.9M","34.75M","34.75M","34.6M","34.6M","34.45M","34.35M","34.2M","34.0M","33.7M","33.5M","33.25M","32.95M","32.9M","32.7M","32.6M","32.550003M","32.35M","32.050003M","31.8M","31.5M","31.2M","31.05M","30.9M","30.75M","30.7M","30.6M","30.55M","30.5M","30.45M","30.35M","30.25M","30.1M"],"nokList":["36.4M","35.9M"]}