{"time":1755527861684,"server":3532,"cpList":["125M","99.4M","99.1M","98.8M","94.5M","89.7M","85M","848M","846M","78.2M","766M","75.4M","75.2M","74.3M","73.9M","72.2M","71.9M","71.3M","70.8M","69.9M","69.5M","69.4M","69.1M","68.9M","68.5M","67.3M","67.3M","66.8M","66.8M","66.4M","65.6M","65.2M","64.8M","646M","64.4M","64M","63.5M","63.5M","63.4M","63.3M","63.2M","63.2M","63.2M","63.1M","62.8M","62.8M","61.7M","61.6M","61.5M","61.5M","60.6M","60.3M","60M","59.8M","59.4M","59.4M","59.4M","58.7M","58.7M","58.3M","58M","57.8M","57.5M","57.5M","57.3M","57.2M","57.1M","57.1M","57.1M","56.9M","56.9M","56.6M","56.5M","56.3M","56.1M","56.1M","56M","56M","55.8M","55.7M","55.6M","55.6M","55.6M","55.5M","55.4M","55.3M","55.1M","55.1M","54.6M","543M","542M","54.1M","53.8M","53.5M","53.3M","53.1M","53.1M","52.8M","52.6M","52.6M"],"okList":["125.0M","99.4M","99.1M","98.8M","94.5M","89.7M","85.0M","84.8M","0.846M","0.00782M","1.66E-5M","7.540000000000001E-8M","7.519999999999999E-9M","7.43E-9M","7.39E-9M","7.2199999999999995E-9M","7.190000000000001E-9M","7.13E-9M","7.08E-9M","6.99E-9M","6.949999999999999E-9M","6.9400000000000004E-9M","6.91E-9M","6.890000000000001E-9M","6.85E-9M","6.73E-9M","6.73E-9M","6.68E-9M","6.68E-9M","6.64E-9M","6.56E-9M","6.5200000000000015E-9M","6.48E-9M","6.460000000000001E-8M","6.440000000000001E-9M","6.4E-9M","6.35E-9M","6.35E-9M","6.34E-9M","6.3299999999999994E-9M","6.3200000000000005E-9M","6.3200000000000005E-9M","6.3200000000000005E-9M","6.31E-9M","6.28E-9M","6.28E-9M","6.17E-9M","6.159999999999999E-9M","6.1500000000000005E-9M","6.1500000000000005E-9M","6.06E-9M","6.03E-9M","6.0E-9M","5.9800000000000004E-9M","5.9400000000000006E-9M","5.9400000000000006E-9M","5.9400000000000006E-9M","5.870000000000001E-9M","5.870000000000001E-9M","5.83E-9M","5.8E-9M","5.7799999999999995E-9M","5.75E-9M","5.75E-9M","5.73E-9M","5.72E-9M","5.71E-9M","5.71E-9M","5.71E-9M","5.69E-9M","5.69E-9M","5.660000000000001E-9M","5.65E-9M","5.63E-9M","5.61E-9M","5.61E-9M","5.6000000000000005E-9M","5.6000000000000005E-9M","5.5799999999999985E-9M","5.57E-9M","5.560000000000001E-9M","5.560000000000001E-9M","5.560000000000001E-9M","5.55E-9M","5.54E-9M","5.53E-9M","5.51E-9M","5.51E-9M","5.4600000000000006E-9M","5.4299999999999997E-8M","5.4199999999999996E-8M","5.410000000000001E-9M","5.38E-9M","5.350000000000001E-9M","5.329999999999999E-9M","5.310000000000001E-9M","5.310000000000001E-9M","5.280000000000001E-9M","5.2600000000000004E-9M","5.2600000000000004E-9M"],"nokList":[]}