{"server":3535,"total":3682.6,"average":37.96495,"cpValues":[],"cpList":["20.3M","70.8M","69.5M","67.2M","64.2M","63.9M","62.5M","59.8M","58.5M","56.3M","56.1M","55.8M","55.5M","54.1M","53.9M","52.9M","50.3M","50.1M","49.6M","49.4M","48.6M","47.3M","46.3M","45.9M","44.8M","43.9M","41M","41M","40.8M","40.5M","40.3M","39.5M","39.5M","39.5M","39.1M","38.9M","38.8M","38.5M","38.5M","37.9M","37.7M","37.6M","37.5M","37.4M","A6.9M","36.8M","A6.1M","35.9M","35.4M","35.3M","35.1M","35M","34.5M","33.4M","33.4M","33.3M","33.2M","33M","32.9M","32.9M","32.9M","32.5M","32.3M","31.9M","31.9M","31.7M","31.3M","31.1M","30.6M","30.5M","30.3M","30.2M","30.1M","29.9M","29.8M","29.6M","29.5M","29.4M","29.3M","29.2M","29.7M","28.4M","28.3M","28.2M","28.2M","28.1M","28.1M","28M","28M","27.8M","27.6M","27.6M","27.6M","21.5M","27.1M","27M","27M","26.9M","26.8M","26.8M"],"okList":["20.3M","44.9M","69.0M","66.85M","65.55M","63.35M","61.85M","60.5M","58.05M","57.3M","56.05M","55.8M","54.949997M","54.7M","53.5M","52.1M","51.5M","49.949997M","49.75M","49.1M","48.35M","47.449997M","46.6M","45.55M","44.9M","42.9M","42.45M","40.9M","40.75M","40.55M","40.0M","39.9M","39.5M","39.3M","39.2M","38.949997M","38.7M","38.65M","38.2M","38.1M","37.75M","37.6M","37.5M","37.1M","36.35M","35.6M","35.25M","35.15M","34.8M","34.2M","33.95M","33.35M","33.300003M","33.15M","33.050003M","32.95M","32.9M","32.7M","32.6M","32.2M","32.1M","31.8M","31.599998M","31.400002M","30.95M","30.8M","30.45M","30.35M","30.2M","30.05M","29.95M","29.75M","29.65M","29.5M","29.4M","29.3M","29.5M","28.8M","29.0M","28.3M","28.25M","28.150002M","28.150002M","28.05M","28.05M","27.9M","27.8M","27.7M","27.6M","24.55M","27.35M","24.25M","27.05M","26.95M","26.9M","26.849998M","26.8M"],"nokList":["37.4M","36.8M","35.9M"]}