{"server":3538,"total":2589.3005,"average":27.841942,"cpValues":[],"cpList":["48.8M","42.9M","41M","40.8M","40.8M","40.4M","40.1M","37.9M","37.9M","37.2M","36.7M","36.3M","36.2M","A6.1M","35.7M","35.6M","35.5M","35.4M","35.1M","34.6M","34.6M","A3.6M","A3.6M","33.3M","33.3M","33.3M","33.2M","33.1M","32.8M","32.7M","32.5M","32.5M","32.4M","32.2M","31.6M","31.6M","31.6M","31.5M","30.6M","30.5M","30.4M","30.2M","29.7M","28.9M","28.5M","28.2M","26.9M","26.8M","26.6M","26.6M","26.5M","26.5M","26.1M","25.7M","25.5M","25.5M","25.4M","25.2M","25M","24.7M","24.5M","24.5M","24.5M","24.1M","24M","23.8M","23.8M","23.5M","23.3M","23.1M","22.8M","22.7M","22.6M","22.6M","22.6M","22.6M","22.3M","22.1M","22M","21.9M","21.5M","21.2M","20.9M","20.9M","20.7M","20.3M","20.2M","20.2M","19.8M","19.5M","19.5M","19.4M","19.2M","19.2M","19.1M","19M","18.6M","18.3M","18.3M","1A.3M"],"okList":["48.8M","44.9M","41.85M","40.9M","40.6M","40.449997M","39.15M","39.0M","37.550003M","37.300003M","36.75M","36.45M","35.95M","35.6M","35.5M","35.3M","35.0M","34.85M","33.3M","33.25M","33.199997M","33.0M","32.9M","32.65M","32.6M","32.45M","32.35M","32.0M","31.900002M","31.6M","31.55M","31.1M","31.0M","30.5M","30.35M","30.05M","29.55M","29.1M","28.55M","27.7M","27.5M","26.75M","26.7M","26.55M","26.55M","26.3M","26.1M","25.8M","25.6M","25.45M","25.35M","25.2M","24.95M","24.75M","24.6M","24.5M","24.3M","24.25M","23.95M","23.9M","23.65M","23.55M","23.3M","23.05M","22.900002M","22.7M","22.650002M","22.6M","22.6M","22.45M","22.35M","22.15M","22.0M","21.75M","21.55M","21.2M","21.05M","20.8M","20.599998M","20.45M","20.25M","20.0M","19.85M","19.65M","19.45M","19.35M","19.3M","19.150002M","19.1M","18.85M","18.65M","18.45M","18.3M"],"nokList":["36.2M","35.7M","34.6M","A3.6M","A3.6M","33.3M","18.3M"]}