{"server":3540,"total":3255.4495,"average":33.91093,"cpValues":[],"cpList":["48.7M","45.7M","45.1M","44.9M","44M","43.9M","43.5M","43.5M","42.3M","42.1M","41.9M","40.7M","40M","39.9M","39.6M","39.2M","39M","38.7M","37.9M","37.5M","37.3M","37.1M","A6.9M","36.5M","36.4M","36.2M","35.8M","35.6M","35.5M","35.5M","35.4M","35.2M","35.1M","35.1M","35.1M","34.9M","34.6M","34.6M","34.6M","34.5M","34.4M","34.4M","34.1M","34.1M","33.8M","33.7M","A3.6M","33.5M","33.5M","33.5M","33.3M","33.3M","33.2M","33.1M","33.1M","32.9M","32.8M","32.5M","32.4M","32.2M","32.1M","32M","31.8M","31.5M","31.5M","31.4M","31.1M","31M","31M","30.9M","30.9M","30.8M","30.4M","30.2M","30.2M","30.1M","30.1M","30M","29.8M","29.7M","29.6M","29.3M","29.2M","28.9M","28.8M","28.6M","28.6M","28.6M","28.6M","28.5M","28.5M","28.4M","28.1M","28.1M","27.9M","21.2M","27.7M","27.6M","27.5M","27.4M"],"okList":["48.7M","46.9M","45.300003M","44.55M","44.4M","43.75M","43.7M","42.9M","42.8M","42.1M","41.4M","40.95M","40.300003M","39.8M","39.550003M","39.3M","38.95M","38.45M","38.1M","37.6M","37.3M","36.8M","36.35M","36.1M","35.9M","35.65M","35.55M","35.45M","35.35M","35.25M","35.15M","35.1M","35.0M","34.85M","34.75M","34.6M","34.55M","34.5M","34.45M","34.25M","34.25M","33.949997M","33.9M","33.6M","33.5M","33.4M","33.4M","33.25M","33.199997M","33.15M","33.0M","32.949997M","32.7M","32.6M","32.35M","32.25M","32.1M","31.949999M","31.75M","31.65M","31.45M","31.3M","31.2M","31.05M","30.95M","30.95M","30.849998M","30.65M","30.5M","30.3M","30.150002M","30.150002M","30.05M","29.95M","29.85M","29.7M","29.5M","29.400002M","29.099998M","29.0M","28.75M","28.7M","28.6M","28.6M","28.55M","28.55M","28.45M","28.3M","28.25M","28.0M","24.650002M","27.8M","24.400002M","27.6M","27.5M","27.4M"],"nokList":["37.1M","36.5M","33.7M","33.5M"]}