{"server":3542,"total":2250.6504,"average":22.506504,"cpValues":[],"cpList":["43.4M","36.8M","35.4M","34.7M","34.6M","34.6M","34.2M","34M","34M","33.8M","32.6M","31.4M","31.4M","30.8M","30.8M","30.6M","30.5M","29.9M","29.9M","29.6M","29M","28.8M","27.9M","27.7M","27.6M","27.4M","27.4M","27.2M","27.1M","26.9M","25.3M","25.3M","25.2M","25.1M","24.6M","24.1M","23.9M","23.8M","23.5M","23.2M","23M","22.9M","22.1M","21.9M","21.8M","21.8M","21.8M","21.6M","21.6M","21.4M","21.1M","20.9M","20.3M","20.2M","19.7M","19.7M","19.2M","19.2M","81.8M","18.6M","18.3M","17.7M","17.5M","17.3M","17.3M","16.9M","16.8M","16.7M","16.6M","16.1M","15.9M","15.9M","15.7M","15.7M","15.5M","15.5M","15.3M","15.3M","15.3M","15.2M","15.1M","15M","15M","15M","14.9M","14.8M","14.8M","14.7M","14.6M","14.5M","14.3M","14.2M","14.1M","13.9M","13.8M","13.8M","13.8M","13.8M","13.8M","13.7M"],"okList":["43.4M","39.4M","35.75M","35.0M","34.65M","34.4M","34.3M","34.1M","33.9M","33.3M","32.6M","32.0M","31.099998M","31.099998M","30.7M","30.65M","30.25M","30.2M","29.75M","29.45M","29.2M","28.45M","28.25M","27.75M","27.55M","27.5M","27.3M","27.25M","27.05M","26.2M","26.099998M","25.25M","25.2M","24.900002M","24.6M","24.25M","23.95M","23.7M","23.5M","23.25M","23.05M","22.55M","22.4M","21.95M","21.849998M","21.8M","21.7M","21.7M","21.5M","21.35M","21.15M","20.7M","20.55M","20.0M","19.95M","19.45M","19.45M","19.2M","18.900002M","50.050003M","18.150002M","17.9M","17.5M","17.4M","17.099998M","17.05M","16.8M","16.7M","16.400002M","16.25M","16.0M","15.799999M","15.799999M","15.6M","15.6M","15.4M","15.4M","15.3M","15.25M","15.200001M","15.1M","15.05M","15.0M","14.95M","14.9M","14.85M","14.75M","14.700001M","14.6M","14.450001M","14.35M","14.200001M","14.049999M","13.950001M","13.85M","13.8M","13.8M","13.8M","13.75M","13.7M"],"nokList":[]}