{"server":3601,"total":2740.8992,"average":27.40899,"cpValues":[],"cpList":["63.3M","55.7M","53.6M","53.5M","46.4M","45.7M","45.6M","44M","43.5M","41.2M","41.1M","39.6M","39.3M","38.9M","38.2M","78M","37.6M","36.2M","35.9M","34.8M","34.7M","34.6M","33.5M","33.3M","32.8M","32.5M","32.1M","31.6M","31.5M","31M","30.4M","30.1M","30M","29.8M","29.6M","29.7M","28.2M","28.2M","27.5M","26.2M","26.1M","26M","25.8M","25.5M","24.9M","24.7M","24.4M","24.1M","24M","23.6M","23.5M","23.3M","22.8M","22.3M","22.3M","22.3M","22.2M","22.1M","22M","22M","21.9M","21.8M","21.8M","21.3M","21.2M","21.1M","21.1M","20.8M","20.7M","20.6M","20.4M","20.2M","20.2M","20.1M","18.9M","18.7M","18.6M","18.6M","18.3M","18.3M","17.6M","17.6M","17.5M","17.4M","17.2M","16.9M","16.8M","16.6M","16.4M","16.4M","16.4M","16.4M","16.2M","16.1M","16M","15.9M","15.5M","15.5M","15.4M","15.4M"],"okList":["63.3M","58.449997M","54.6M","50.0M","49.6M","46.0M","44.85M","44.55M","42.6M","42.3M","40.4M","40.199997M","39.25M","38.75M","58.45M","37.9M","57.1M","36.75M","35.5M","35.300003M","34.699997M","34.1M","33.949997M","33.15M","32.9M","32.449997M","32.05M","31.8M","31.3M","30.95M","30.55M","30.2M","29.95M","29.8M","29.75M","28.900002M","28.95M","27.85M","27.2M","26.8M","26.1M","25.95M","25.75M","25.349998M","25.1M","24.65M","24.400002M","24.2M","23.85M","23.75M","23.45M","23.15M","22.8M","22.55M","22.3M","22.25M","22.2M","22.1M","22.05M","21.95M","21.9M","21.849998M","21.55M","21.5M","21.2M","21.150002M","20.95M","20.900002M","20.7M","20.55M","20.400002M","20.3M","20.150002M","19.55M","19.400002M","18.75M","18.650002M","18.45M","18.45M","17.95M","17.95M","17.55M","17.5M","17.35M","17.15M","17.0M","16.75M","16.599998M","16.5M","16.4M","16.4M","16.3M","16.25M","16.1M","16.0M","15.75M","15.7M","15.45M","15.45M","15.4M"],"nokList":[]}