{"server":3605,"total":3093.2004,"average":31.56327,"cpValues":[],"cpList":["73.9M","64.7M","52.7M","50.7M","47.8M","46.7M","46.5M","44.8M","44.6M","42.4M","41.4M","41M","40.8M","40.1M","39.5M","39.4M","39M","38.8M","38.1M","37.4M","A6.9M","36.7M","35.9M","35.5M","35M","34.5M","34.1M","34.1M","33.7M","33.5M","33.1M","33.1M","32.5M","32.4M","32.2M","32.2M","31.9M","31.8M","31.8M","31.8M","31.4M","31.2M","30.6M","30.5M","30.3M","30.1M","30M","29.6M","29.4M","29.2M","28.9M","29.7M","29.7M","28.6M","28.5M","28.5M","28.1M","28.1M","28M","27.8M","27.7M","27.7M","27.6M","27.4M","27.3M","27.3M","27M","26.9M","26.8M","25.7M","25.7M","25.6M","25.6M","25.6M","25.3M","25.1M","25M","25M","24.8M","24.8M","24.5M","24.4M","24.2M","24.1M","24.1M","24M","23.7M","23.7M","23.5M","23.3M","23.2M","23.1M","23M","23M","22.8M","22.8M","22.7M","22.3M","22.3M","22.3M"],"okList":["73.9M","63.300003M","57.699997M","50.25M","48.7M","47.15M","45.75M","45.55M","43.6M","43.0M","41.7M","41.1M","40.55M","40.15M","39.75M","39.25M","39.1M","38.55M","38.1M","37.050003M","36.1M","35.45M","35.0M","34.55M","34.3M","33.9M","33.8M","33.4M","33.3M","32.8M","32.75M","32.35M","32.300003M","32.05M","32.0M","31.849998M","31.8M","31.599998M","31.5M","31.0M","30.85M","30.45M","30.3M","30.15M","29.85M","29.7M","29.400002M","29.15M","29.45M","29.7M","29.150002M","29.1M","28.55M","28.3M","28.3M","28.05M","27.95M","27.85M","27.75M","27.650002M","27.55M","27.45M","27.349998M","27.15M","27.099998M","26.9M","26.3M","26.25M","25.650002M","25.650002M","25.6M","25.45M","25.35M","25.15M","25.05M","24.9M","24.9M","24.65M","24.599998M","24.35M","24.25M","24.150002M","24.05M","23.900002M","23.85M","23.6M","23.5M","23.35M","23.2M","23.1M","23.05M","22.9M","22.9M","22.75M","22.55M","22.5M","22.3M","22.3M"],"nokList":["37.4M","36.7M"]}