{"server":3618,"total":4212.249,"average":44.81116,"cpValues":[],"cpList":["88.5M","86.8M","79.4M","77.9M","76.9M","76M","75.6M","75M","72.6M","69M","68.7M","68.4M","68.3M","67.6M","67.4M","66.9M","65.3M","65M","64.4M","63.9M","63.9M","63.6M","62.9M","62.7M","62.4M","60.7M","58.5M","58.2M","57.QM","54.6M","53.2M","51.8M","51.6M","51.5M","50.7M","49.6M","49.3M","49M","46.8M","45.2M","40.6M","39.6M","39.2M","38.9M","38.7M","38.1M","78M","37.4M","37M","36.4M","35.8M","35.8M","35.1M","34.9M","34.8M","34M","34M","33.8M","33.7M","33.1M","33.1M","32.7M","32.3M","32.1M","32M","31.8M","31.8M","31.4M","31.1M","30.8M","30.8M","30.5M","30.1M","29.9M","29.8M","29.7M","29.3M","29.2M","28.9M","28.6M","28.5M","28.3M","28.2M","27.7M","27.6M","27.4M","27.1M","26.8M","26.8M","26.5M","25.QM","25.5M","25.4M","25.3M","25.3M","25.1M","25.1M","25M","25M","24.7M"],"okList":["88.5M","83.95M","82.350006M","78.15M","76.95M","76.25M","75.5M","74.1M","72.0M","70.649994M","68.7M","68.5M","68.0M","67.850006M","67.25M","66.350006M","65.95M","64.850006M","64.45M","64.15M","63.75M","63.4M","63.15M","62.65M","61.7M","60.45M","59.45M","53.199997M","52.4M","51.65M","51.15M","50.55M","50.0M","49.3M","48.05M","47.1M","43.699997M","42.4M","39.9M","39.25M","38.95M","38.5M","58.35M","37.75M","57.5M","36.9M","36.4M","36.1M","35.449997M","35.35M","34.949997M","34.45M","34.4M","33.9M","33.85M","33.449997M","33.4M","32.9M","32.699997M","32.4M","32.15M","31.949999M","31.9M","31.599998M","31.45M","31.099998M","30.95M","30.65M","30.45M","30.2M","29.95M","29.8M","29.55M","29.45M","29.099998M","28.900002M","28.7M","28.45M","28.35M","28.0M","27.900002M","27.55M","27.35M","27.099998M","26.95M","26.65M","25.4M","25.349998M","25.2M","25.2M","25.05M","25.05M","24.85M","24.7M"],"nokList":["58.2M","57.QM","54.6M","26.5M","25.QM","25.5M"]}