{"time":1755510822522,"server":362,"cpList":["97.4M","88.4M","80.5M","77.2M","766M","74.5M","72.5M","69.6M","69.6M","68.4M","65.2M","64.1M","63.8M","63.8M","60.9M","60.6M","59.8M","56M","55.8M","55.4M","54.6M","54.6M","54.5M","54.1M","53.9M","53.8M","52.8M","52.2M","51.9M","50.7M","50.3M","50.2M","50.1M","49.8M","48.2M","48M","47.7M","47.5M","47.1M","47.1M","47M","462M","461M","461M","45.1M","446M","443M","43.6M","43.6M","43.5M","43.2M","43.1M","42.9M","42.9M","42.7M","42.7M","42.3M","42.1M","42M","412M","41M","40.9M","40.8M","40.7M","40.5M","40.2M","39.9M","39.4M","39.4M","38.9M","38.9M","37.6M","37.6M","36.6M","36.4M","36.4M","36.4M","36.4M","35.5M","35.4M","35.3M","35.3M","35.3M","346M","342M","33.9M","33.6M","33M","32.9M","32.8M","32.5M","32M","32M","31.1M","30.5M","30.1M","30M","29.7M","29.3M","29.1M"],"okList":["97.4M","88.4M","0.805M","0.00772M","1.66E-5M","7.45E-8M","7.25E-9M","6.96E-9M","6.96E-9M","6.840000000000001E-9M","6.5200000000000015E-9M","6.409999999999999E-9M","6.380000000000001E-9M","6.380000000000001E-9M","6.09E-9M","6.06E-9M","5.9800000000000004E-9M","5.6000000000000005E-9M","5.5799999999999985E-9M","5.54E-9M","5.4600000000000006E-9M","5.4600000000000006E-9M","5.45E-9M","5.410000000000001E-9M","5.390000000000001E-9M","5.38E-9M","5.280000000000001E-9M","5.22E-9M","5.1900000000000005E-9M","5.07E-9M","5.03E-9M","5.0200000000000004E-9M","5.01E-9M","4.979999999999999E-9M","4.820000000000001E-9M","4.8E-9M","4.770000000000001E-9M","4.7499999999999995E-9M","4.7100000000000005E-9M","4.7100000000000005E-9M","4.699999999999999E-9M","4.62E-8M","4.610000000000001E-8M","4.610000000000001E-8M","4.51E-9M","4.4599999999999996E-8M","4.43E-8M","4.360000000000001E-9M","4.360000000000001E-9M","4.35E-9M","4.320000000000001E-9M","4.31E-9M","4.289999999999999E-9M","4.289999999999999E-9M","4.27E-9M","4.27E-9M","4.2300000000000005E-9M","4.21E-9M","4.2E-9M","4.12E-8M","4.0999999999999995E-9M","4.09E-9M","4.079999999999999E-9M","4.070000000000001E-9M","4.050000000000001E-9M","4.020000000000001E-9M","3.99E-9M","3.94E-9M","3.94E-9M","3.8900000000000004E-9M","3.8900000000000004E-9M","3.7599999999999994E-9M","3.7599999999999994E-9M","3.66E-9M","3.64E-9M","3.64E-9M","3.64E-9M","3.64E-9M","3.5499999999999995E-9M","3.54E-9M","3.53E-9M","3.53E-9M","3.53E-9M","3.46E-8M","3.42E-8M","3.3899999999999997E-9M","3.3600000000000004E-9M","3.3E-9M","3.2899999999999996E-9M","3.28E-9M","3.2500000000000006E-9M","3.2E-9M","3.2E-9M","3.11E-9M","3.049999999999999E-9M","3.01E-9M","3.0E-9M","2.9700000000000003E-9M","2.93E-9M","2.9100000000000005E-9M"],"nokList":[]}