{"server":362,"total":4178.2,"average":44.926884,"cpValues":[],"cpList":["26.2M","88.4M","7A.6M","75.1M","72.7M","72.6M","68.8M","66.9M","66.6M","65.6M","62.7M","61.7M","61.6M","61M","60.6M","59.5M","55.1M","54.5M","53.8M","53.2M","52.8M","52.7M","52.6M","52.4M","52.2M","51.9M","51.9M","50.9M","50.2M","50.1M","50M","49.8M","48.2M","48.1M","48M","47.M","47.5M","47.1M","47M","47M","46.2M","46.1M","45.5M","44.9M","44.6M","44.3M","44.2M","43.6M","43.6M","43.5M","42.9M","42.9M","42.7M","42.7M","42.3M","42.1M","41.5M","41.2M","41M","40.9M","40.7M","40.1M","40.1M","39.9M","39.5M","39.4M","39.1M","38.4M","38.3M","37.6M","A6.6M","A6.6M","A6.6M","36.4M","36.4M","35.9M","35.5M","35.4M","35.4M","35.3M","35.3M","35.3M","34.4M","34.2M","33.9M","33M","32.9M","32.8M","32.2M","32M","31.6M","31.3M","31.1M","30.9M","30.5M","30M","29.7M","29.6M","29.3M","29.1M"],"okList":["26.2M","81.75M","73.85M","70.75M","69.75M","67.7M","66.25M","64.65M","63.65M","62.15M","61.35M","61.1M","60.25M","57.85M","57.0M","54.449997M","53.85M","53.3M","52.95M","52.699997M","52.550003M","52.4M","52.15M","52.050003M","51.4M","51.050003M","50.5M","50.1M","49.949997M","49.1M","48.949997M","48.1M","47.55M","47.75M","47.05M","47.25M","47.05M","46.6M","46.55M","45.85M","45.5M","45.05M","44.6M","44.4M","43.949997M","43.9M","43.55M","43.25M","43.2M","42.800003M","42.800003M","42.5M","42.4M","41.9M","41.65M","41.25M","41.050003M","40.85M","40.5M","40.4M","40.0M","39.8M","39.65M","39.3M","38.9M","38.699997M","38.0M","36.15M","35.95M","35.65M","35.45M","35.35M","35.35M","35.3M","34.85M","34.75M","34.15M","33.6M","33.4M","32.9M","32.550003M","32.4M","31.900002M","31.65M","31.35M","31.099998M","30.8M","30.45M","30.1M","29.8M","29.5M","29.35M","29.1M"],"nokList":["88.4M","75.1M","37.6M","A6.6M","A6.6M","A6.6M","36.4M"]}