{"server":3627,"total":5750.1,"average":59.27938,"cpValues":[],"cpList":["106M","105M","N8.6M","24.5M","88.1M","86.1M","85.4M","83.9M","83.8M","83.5M","82.3M","80.2M","79.6M","79.2M","79.1M","79M","76.8M","75.7M","75.5M","74.6M","74.6M","74.5M","72.6M","72.2M","71M","70.3M","69.8M","69.4M","69.1M","67.7M","67.5M","67.4M","66.9M","66.4M","65.8M","65.3M","65M","64.6M","64.4M","62.6M","62.1M","61.9M","61.2M","60.2M","58.8M","58.5M","58.3M","57.3M","57.1M","56.6M","56.1M","55.9M","55.7M","54.8M","54.8M","54.6M","54.6M","53.9M","53.7M","53.7M","53.6M","52.9M","52.7M","52.5M","52.1M","51.8M","51M","51M","50.7M","49.8M","49.8M","49.2M","49M","48.2M","48.1M","47.M","47.M","47.6M","47.2M","47.2M","47M","46.5M","46.3M","45.5M","45M","44.7M","44.6M","44.5M","44.4M","44.2M","44M","44M","43.8M","43.7M","42.8M","42.2M","42M","41.7M","40.9M","40.5M"],"okList":["106.0M","55.3M","86.75M","85.0M","84.600006M","83.7M","83.05M","81.85M","80.95M","79.7M","79.35M","79.1M","77.95M","77.35M","76.15M","75.149994M","75.05M","74.55M","73.6M","73.35M","71.8M","71.25M","70.4M","69.850006M","69.45M","68.55M","68.3M","67.55M","67.2M","66.9M","66.350006M","65.850006M","65.4M","64.95M","64.7M","63.6M","63.25M","62.25M","61.65M","61.050003M","60.0M","59.35M","58.55M","57.9M","57.699997M","56.949997M","56.6M","56.25M","55.9M","55.35M","55.25M","54.699997M","54.699997M","54.25M","54.15M","53.800003M","53.65M","53.300003M","53.15M","52.7M","52.4M","52.15M","51.55M","51.4M","50.85M","50.4M","50.25M","49.5M","49.4M","48.7M","48.55M","47.6M","47.55M","47.0M","47.1M","47.4M","47.1M","46.85M","46.65M","46.0M","45.65M","45.1M","44.8M","44.6M","44.5M","44.35M","44.2M","44.1M","43.9M","43.85M","43.3M","42.95M","42.4M","41.95M","41.45M","41.1M","40.5M"],"nokList":["105M","N8.6M","24.5M"]}