{"server":3628,"total":2561.0496,"average":28.456106,"cpValues":[],"cpList":["43.1M","39.7M","39.7M","39.5M","39.5M","39.1M","38.1M","37.2M","37M","A6.9M","36.7M","A6.6M","A6.6M","36.2M","34.4M","34.3M","33.9M","33.7M","33.7M","33.7M","33.3M","33.3M","33.1M","32.5M","32.2M","31.9M","31.7M","31.6M","31.5M","31.3M","30.9M","30.9M","30.6M","30.2M","30M","29.7M","29.6M","29.6M","29.4M","29.4M","29.3M","29M","29M","28.9M","28.9M","29.7M","28.6M","28.5M","28M","28M","28M","27.5M","27.4M","27.4M","27.2M","26.9M","26.9M","26.9M","26.8M","26.5M","26.2M","26M","25.QM","25.QM","25.QM","25.5M","25.4M","25.3M","25.1M","24.9M","24.8M","24.5M","24.5M","24.3M","24M","23.9M","23.9M","23.7M","23.7M","23.7M","23.5M","23.4M","23.3M","23.3M","23.2M","23.2M","22.7M","22.7M","22.6M","22.5M","22.5M","22.5M","22.4M","22.3M","22.2M","22.2M","22.1M","22.1M","22M","21.9M"],"okList":["43.1M","41.4M","39.6M","39.6M","39.3M","38.8M","38.15M","37.55M","36.85M","35.25M","34.15M","34.0M","33.800003M","33.7M","33.5M","33.5M","33.199997M","32.9M","32.65M","32.2M","31.95M","31.75M","31.6M","31.45M","31.2M","31.099998M","30.75M","30.55M","30.3M","29.95M","29.8M","29.650002M","29.5M","29.5M","29.349998M","29.2M","29.15M","28.95M","28.95M","28.9M","28.75M","29.1M","28.3M","28.25M","28.0M","27.75M","27.7M","27.45M","27.3M","27.15M","27.05M","26.9M","26.849998M","26.7M","26.5M","26.25M","25.4M","25.25M","25.099998M","24.95M","24.7M","24.65M","24.4M","24.25M","24.099998M","23.95M","23.8M","23.8M","23.7M","23.6M","23.55M","23.4M","23.349998M","23.25M","23.25M","22.95M","22.95M","22.650002M","22.6M","22.55M","22.5M","22.45M","22.4M","22.3M","22.25M","22.150002M","22.150002M","22.05M","22.0M","21.9M"],"nokList":["37M","36.7M","A6.6M","A6.6M","36.2M","26M","25.QM","25.QM","25.QM","25.5M"]}