{"server":3630,"total":3912.5493,"average":39.125492,"cpValues":[],"cpList":["85.7M","85.1M","81.1M","77.6M","77.6M","77.6M","76.5M","73.9M","69.2M","68.4M","67.6M","66.2M","64.3M","64M","63.2M","62.9M","62.8M","61.6M","61.4M","59.7M","59.6M","59.4M","59.2M","58.9M","58.3M","55.8M","55.3M","54.9M","54.7M","52.3M","51.9M","49.5M","45.3M","37.8M","36.2M","35.7M","35.7M","35.7M","35.6M","35.5M","35.1M","34.7M","34.5M","33.2M","32.8M","32.2M","30.2M","29.1M","29M","29.7M","29.7M","28.3M","28.1M","28.1M","27.9M","27.9M","27.9M","27.5M","27.2M","27M","26.9M","26.7M","26.4M","25.8M","25.8M","25.5M","25.3M","25.3M","25.1M","24.8M","24.8M","24.7M","24.6M","24.5M","24.4M","24.2M","24M","23.8M","23.6M","23.5M","23.3M","23.2M","23.1M","22.8M","22.7M","22.3M","22.2M","22.1M","22.1M","22M","21.9M","21.9M","21.7M","21.M","21.7M","21.6M","21.1M","20.9M","20.7M","20.3M"],"okList":["85.7M","83.399994M","81.35M","79.35M","77.6M","77.05M","75.75M","72.85M","71.15M","68.399994M","67.3M","65.95M","65.1M","63.75M","63.45M","63.0M","62.25M","62.1M","60.65M","60.5M","59.550003M","59.4M","59.15M","58.75M","57.35M","56.8M","55.35M","55.0M","53.6M","53.300003M","50.9M","48.6M","43.65M","40.75M","36.75M","35.95M","35.7M","35.65M","35.6M","35.35M","35.1M","34.8M","33.95M","33.65M","32.7M","31.5M","30.650002M","29.6M","29.400002M","29.7M","29.0M","28.900002M","28.2M","28.0M","28.0M","27.9M","27.7M","27.55M","27.25M","27.05M","26.85M","26.65M","26.25M","26.099998M","25.65M","25.55M","25.4M","25.2M","25.05M","24.95M","24.75M","24.7M","24.6M","24.5M","24.35M","24.2M","24.0M","23.8M","23.65M","23.45M","23.35M","23.2M","23.0M","22.900002M","22.55M","22.45M","22.2M","22.150002M","22.05M","22.0M","21.95M","21.8M","21.45M","21.7M","21.3M","21.400002M","21.25M","20.900002M","20.599998M","20.3M"],"nokList":[]}