{"server":3638,"total":2096.3506,"average":21.836985,"cpValues":[],"cpList":["38.4M","A6.9M","36.8M","A6.6M","A6.1M","35.4M","33M","32.7M","32.4M","32M","31.9M","31.4M","31.1M","30.4M","29.6M","28.9M","28.5M","28.1M","27.8M","27.7M","27.7M","27.1M","27M","26.4M","26.3M","26.2M","25.7M","25.5M","25.5M","25.4M","25.3M","25.1M","25M","24.8M","24.1M","23.7M","23.1M","23.1M","23M","22.7M","22.6M","22.4M","22.2M","22.2M","21.8M","21.4M","21.4M","21.2M","21.2M","21M","20.9M","20.9M","20.7M","20.6M","20.6M","20.3M","19.9M","19.9M","19.8M","19.8M","19.7M","19.6M","19.6M","19.5M","19.5M","19.4M","18.7M","18.7M","18.3M","18.1M","17.8M","17.6M","17.2M","17M","16.8M","16.6M","16.3M","16.2M","16.2M","16M","16M","16M","16M","15.9M","15.9M","15.9M","15.9M","15.7M","15.7M","15.6M","15.5M","15.5M","15.3M","15.3M","15.3M","15.2M","15.2M","15.2M","15.2M","15.1M"],"okList":["38.4M","37.6M","34.050003M","32.7M","32.35M","32.15M","31.7M","31.5M","30.9M","30.35M","29.65M","29.05M","28.5M","28.15M","27.900002M","27.75M","27.400002M","27.35M","26.75M","26.65M","26.3M","26.0M","25.85M","25.6M","25.45M","25.4M","25.25M","25.15M","24.95M","24.55M","24.25M","23.6M","23.400002M","23.05M","22.900002M","22.8M","22.55M","22.400002M","22.3M","22.0M","21.8M","21.599998M","21.3M","21.3M","21.1M","21.05M","20.95M","20.8M","20.75M","20.650002M","20.45M","20.25M","20.099998M","19.849998M","19.849998M","19.75M","19.7M","19.650002M","19.55M","19.55M","19.45M","19.1M","19.05M","18.5M","18.400002M","18.05M","17.85M","17.5M","17.3M","17.0M","16.8M","16.55M","16.400002M","16.25M","16.1M","16.1M","16.0M","16.0M","15.95M","15.95M","15.9M","15.9M","15.799999M","15.799999M","15.65M","15.6M","15.55M","15.4M","15.4M","15.3M","15.25M","15.25M","15.2M","15.2M","15.15M","15.1M"],"nokList":["36.8M","A6.6M","A6.1M","35.4M"]}