{"server":3639,"total":2353.6504,"average":23.536505,"cpValues":[],"cpList":["55.6M","53.5M","39.4M","36.8M","34.9M","34M","33.7M","33.1M","32.6M","32.3M","31.9M","31.4M","31.3M","31.2M","31.1M","31M","30.8M","30.4M","29.8M","29.7M","29.5M","29.4M","27.8M","27.7M","27.7M","27.6M","26.8M","26.8M","26.7M","26.3M","26.3M","25.8M","25.1M","24.8M","24.7M","24.6M","24.6M","24.2M","24.1M","23.8M","23.6M","23.3M","23.2M","23.1M","23.1M","22.9M","22.7M","22.4M","22.2M","22.2M","22.1M","21.9M","21.9M","21.7M","21.3M","21.1M","21M","20.5M","20.4M","20.3M","20.2M","20.1M","20.1M","20.1M","20M","20M","19.9M","19.9M","19.5M","19.4M","19.3M","19.1M","19M","18.7M","18.6M","18.1M","18M","17.7M","17.7M","17.5M","17.5M","17.2M","17.1M","17.1M","16.8M","16.6M","16M","15.9M","15.6M","15.5M","15.2M","15.1M","15M","14.6M","14.5M","14.4M","14.0","14.4M","13.9M","13.7M"],"okList":["55.6M","47.5M","45.15M","37.15M","35.4M","34.300003M","33.55M","33.15M","32.699997M","32.25M","31.849998M","31.599998M","31.3M","31.2M","31.1M","30.95M","30.7M","30.3M","30.05M","29.65M","29.55M","28.65M","28.55M","27.75M","27.650002M","27.25M","27.2M","26.75M","26.55M","26.5M","26.05M","25.7M","25.3M","24.900002M","24.7M","24.650002M","24.400002M","24.35M","24.0M","23.85M","23.55M","23.400002M","23.2M","23.150002M","23.0M","22.900002M","22.65M","22.45M","22.3M","22.150002M","22.05M","22.0M","21.8M","21.599998M","21.400002M","21.15M","20.8M","20.7M","20.4M","20.3M","20.2M","20.150002M","20.1M","20.05M","20.05M","19.95M","19.95M","19.7M","19.65M","19.4M","19.25M","19.15M","18.900002M","18.8M","18.400002M","18.3M","17.900002M","17.85M","17.6M","17.6M","17.35M","17.3M","17.150002M","16.95M","16.85M","16.4M","16.25M","15.8M","15.7M","15.4M","15.3M","15.1M","14.85M","14.75M","14.5M","14.25M","14.4M","13.95M","14.049999M","13.7M"],"nokList":[]}