{"server":3646,"total":3386.8005,"average":35.27917,"cpValues":[],"cpList":["66.9M","56.6M","55.7M","55.2M","54.5M","53.5M","51.6M","49M","49M","47.6M","45.1M","45M","44.9M","44.4M","43.6M","43.5M","43.2M","42.9M","41.7M","41M","40.9M","40.8M","40.2M","40.1M","39.7M","39.5M","39.2M","38.4M","78M","37.9M","A6.9M","36.5M","36.3M","35.5M","35.4M","35M","34.9M","34.9M","34.8M","34.5M","34.5M","34.1M","34.1M","33.9M","A3.6M","33.1M","33M","32.5M","32.4M","32.4M","32M","31.8M","31.2M","31.2M","31.1M","30.9M","30.8M","30.8M","30.7M","30.7M","30.7M","30.7M","30.6M","30.5M","30.2M","30.1M","29.9M","29.8M","29.8M","29.8M","29.7M","29.6M","29.5M","29.3M","29M","29.7M","28.5M","28.5M","28.2M","27.8M","27.8M","27.8M","27.7M","27.6M","27.5M","27.5M","27.4M","27.3M","27.3M","27.3M","27.3M","27.3M","26.9M","26.7M","26.7M","26.5M","26.4M","26.4M","26.3M","26.2M"],"okList":["66.9M","61.300003M","55.9M","55.1M","54.35M","53.05M","51.25M","50.3M","48.3M","47.05M","46.3M","45.0M","44.7M","44.25M","43.95M","43.4M","43.2M","42.45M","41.95M","41.300003M","40.9M","40.550003M","40.449997M","39.95M","39.8M","39.45M","38.95M","58.6M","38.15M","37.2M","36.0M","35.85M","35.25M","35.15M","34.95M","34.85M","34.7M","34.65M","34.3M","34.3M","34.0M","33.5M","32.8M","32.7M","32.45M","32.2M","32.1M","31.6M","31.5M","31.150002M","31.05M","30.95M","30.849998M","30.75M","30.75M","30.7M","30.7M","30.650002M","30.6M","30.400002M","30.3M","30.05M","29.95M","29.849998M","29.8M","29.75M","29.7M","29.6M","29.45M","29.25M","29.5M","28.75M","29.1M","28.35M","28.15M","28.0M","27.8M","27.75M","27.7M","27.6M","27.55M","27.45M","27.4M","27.349998M","27.3M","27.3M","27.3M","27.099998M","27.0M","26.8M","26.6M","26.55M","26.45M","26.349998M","26.3M","26.2M"],"nokList":["37.9M","36.5M","33.9M","33.1M"]}