{
    "server": 3649,
    "total": 4494.3994,
    "average": 52.875286,
    "cpValues": [],
    "cpList": [
        "100M",
        "26.3M",
        "89.5M",
        "87.4M",
        "84.4M",
        "81M",
        "79M",
        "76.4M",
        "75.9M",
        "75.8M",
        "75.7M",
        "74.1M",
        "74M",
        "71.4M",
        "70.7M",
        "70.2M",
        "69.8M",
        "6AM",
        "6AM",
        "67.9M",
        "66.9M",
        "66.1M",
        "65.3M",
        "64.3M",
        "63.6M",
        "63.1M",
        "62.7M",
        "61.8M",
        "61.5M",
        "60.9M",
        "60.5M",
        "60.3M",
        "60.1M",
        "59.8M",
        "59.2M",
        "59.1M",
        "58.5M",
        "58.2M",
        "5AM",
        "57.6M",
        "57.4M",
        "57.4M",
        "57.4M",
        "57.1M",
        "56.8M",
        "56.7M",
        "54.8M",
        "53.5M",
        "52.1M",
        "51M",
        "50.3M",
        "48.2M",
        "46.5M",
        "45.3M",
        "45M",
        "43.9M",
        "43.6M",
        "42.9M",
        "41.4M",
        "41.3M",
        "41.2M",
        "40.5M",
        "40.4M",
        "39.8M",
        "39.3M",
        "38.7M",
        "AA.6M",
        "38.5M",
        "38.2M",
        "37.6M",
        "37.6M",
        "37.4M",
        "37.3M",
        "37.3M",
        "37.3M",
        "37.2M",
        "A6.9M",
        "A6.9M",
        "A6.6M",
        "36.4M",
        "36.2M",
        "A6.1M",
        "35.9M",
        "35.4M",
        "35.4M",
        "35.4M",
        "35.3M",
        "35.3M",
        "35.2M",
        "35.2M",
        "35.1M",
        "35M",
        "35M",
        "34.6M",
        "34.5M",
        "34.5M",
        "34.4M",
        "34.3M",
        "34.2M",
        "34M"
    ],
    "okList": [
        "100.0M",
        "94.75M",
        "56.85M",
        "86.95M",
        "84.2M",
        "81.7M",
        "78.7M",
        "77.45M",
        "76.100006M",
        "75.8M",
        "74.95M",
        "74.85M",
        "72.75M",
        "72.35M",
        "70.8M",
        "70.25M",
        "69.8M",
        "68M",
        "68M",
        "67.9M",
        "67.0M",
        "66.100006M",
        "65.2M",
        "64.45M",
        "63.7M",
        "63.15M",
        "62.449997M",
        "62.1M",
        "61.35M",
        "61.0M",
        "60.6M",
        "60.3M",
        "60.05M",
        "59.65M",
        "59.449997M",
        "58.85M",
        "58.65M",
        "58.2M",
        "57.9M",
        "57.6M",
        "57.5M",
        "57.4M",
        "57.25M",
        "57.1M",
        "56.9M",
        "55.8M",
        "55.1M",
        "53.449997M",
        "52.25M",
        "51.199997M",
        "49.6M",
        "48.4M",
        "46.75M",
        "45.75M",
        "44.6M",
        "44.3M",
        "43.4M",
        "42.5M",
        "42.1M",
        "41.300003M",
        "40.9M",
        "40.800003M",
        "40.15M",
        "39.85M",
        "39.25M",
        "38.7M",
        "38.6M",
        "38.5M",
        "38.05M",
        "37.9M",
        "37.5M",
        "37.449997M",
        "37.35M",
        "37.3M",
        "37.25M",
        "37.2M",
        "36.9M",
        "36.9M",
        "36.6M",
        "36.4M",
        "36.2M",
        "36.050003M",
        "35.9M",
        "35.65M",
        "35.4M",
        "35.35M",
        "35.35M",
        "35.25M",
        "35.25M",
        "35.15M",
        "35.1M",
        "35.05M",
        "34.8M",
        "34.75M",
        "34.55M",
        "34.45M",
        "34.4M",
        "34.300003M",
        "34.15M",
        "34.0M"
    ],
    "nokList": [
    ]
}