{"server":3663,"total":2340.25,"average":24.377604,"cpValues":[],"cpList":["42.8M","41.1M","35.3M","34.6M","34.1M","33.4M","32.7M","32M","31.9M","31.2M","31.2M","30.6M","30.3M","30.2M","29.8M","29.6M","29.5M","29.4M","29.2M","29M","28.8M","29.7M","28.3M","27.9M","27.8M","27.8M","27.8M","27.3M","27.3M","27.3M","27.1M","27M","26.9M","26.7M","26.7M","26.5M","26.3M","26M","25.QM","25.QM","25.7M","25.5M","25.2M","24.8M","24.8M","24.8M","24.5M","24.5M","24.5M","24.5M","24.1M","24.1M","24M","23.8M","23.7M","23.6M","23M","23M","22.6M","22.4M","22.3M","21.9M","21.7M","21.6M","21.3M","21.2M","21.1M","21M","20.8M","20.8M","20.8M","20.7M","20.5M","20.5M","20.4M","20.1M","19.7M","19.6M","19.6M","19.4M","19.2M","19.1M","18.9M","18.4M","18.4M","18.3M","18.2M","18.2M","18.1M","17.8M","17.6M","17.2M","17.1M","16.8M","16.7M","16.7M","16.5M","16.3M","16.3M","16.2M"],"okList":["42.8M","39.05M","37.85M","34.699997M","34.0M","33.4M","32.7M","32.3M","31.6M","31.55M","30.900002M","30.75M","30.400002M","30.05M","29.900002M","29.65M","29.5M","29.35M","29.2M","29.0M","29.35M","28.55M","28.8M","28.05M","27.849998M","27.8M","27.55M","27.55M","27.3M","27.2M","27.15M","27.0M","26.85M","26.8M","26.6M","26.5M","26.25M","25.45M","25.15M","25.0M","24.8M","24.65M","24.65M","24.5M","24.5M","24.3M","24.3M","24.05M","23.95M","23.85M","23.7M","23.35M","23.3M","22.8M","22.7M","22.45M","22.15M","22.0M","21.75M","21.5M","21.400002M","21.2M","21.1M","20.95M","20.9M","20.8M","20.75M","20.65M","20.6M","20.45M","20.3M","20.05M","19.85M","19.650002M","19.5M","19.400002M","19.25M","19.05M","18.75M","18.65M","18.349998M","18.3M","18.25M","18.150002M","18.0M","17.85M","17.5M","17.35M","17.0M","16.900002M","16.75M","16.6M","16.5M","16.4M","16.25M","16.2M"],"nokList":["26M","25.QM","25.QM","25.7M"]}