{"server":3671,"total":2332.5999,"average":23.325998,"cpValues":[],"cpList":["38.3M","36.3M","35.5M","34.8M","34.4M","34.2M","33.8M","33.1M","32.9M","32.9M","32.7M","32.3M","31.2M","31.1M","30.8M","30.8M","30.4M","30.2M","30.2M","30.1M","29.9M","29.9M","29.3M","28.3M","28.2M","28M","27.6M","27.3M","26.9M","26.9M","26.7M","26.7M","26.6M","26.2M","26.2M","26.2M","25.7M","25.5M","24.5M","24.4M","24.4M","24M","23.9M","23.8M","23.7M","23.6M","23.4M","23.2M","22.8M","22.6M","22.4M","22.1M","22M","21.7M","21.6M","21.4M","21.2M","21.2M","20.8M","20.6M","20.5M","20.5M","19.6M","19.5M","19.5M","19.4M","19.1M","19M","18.6M","18.5M","18.4M","18.3M","18.2M","18.1M","17.3M","17.3M","17.3M","17.2M","16.9M","16.7M","16.7M","16.5M","16.4M","16.4M","16.4M","16.3M","16.3M","16.2M","16.2M","15.9M","15.5M","15.4M","15.3M","15.2M","15.2M","15.1M","14.9M","14.9M","14.9M","14.7M"],"okList":["38.3M","36.9M","35.55M","34.95M","34.5M","34.1M","33.65M","33.35M","33.0M","32.800003M","32.6M","31.95M","31.7M","31.0M","30.95M","30.599998M","30.5M","30.3M","30.150002M","30.05M","30.0M","29.599998M","29.099998M","28.75M","28.15M","27.900002M","27.65M","27.25M","27.099998M","26.8M","26.8M","26.650002M","26.45M","26.400002M","26.2M","25.95M","25.85M","25.1M","24.95M","24.45M","24.2M","24.15M","23.9M","23.8M","23.7M","23.55M","23.400002M","23.099998M","22.900002M","22.599998M","22.35M","22.2M","21.900002M","21.8M","21.55M","21.400002M","21.3M","21.0M","20.900002M","20.65M","20.55M","20.05M","20.0M","19.55M","19.45M","19.3M","19.2M","18.85M","18.75M","18.5M","18.4M","18.3M","18.2M","17.75M","17.7M","17.3M","17.25M","17.099998M","16.95M","16.8M","16.6M","16.55M","16.45M","16.4M","16.349998M","16.349998M","16.25M","16.25M","16.05M","15.85M","15.65M","15.4M","15.299999M","15.25M","15.15M","15.049999M","15.0M","14.9M","14.799999M","14.7M"],"nokList":[]}