{"server":3688,"total":4249.3496,"average":45.20585,"cpValues":[],"cpList":["77.6M","73.3M","71.4M","69.4M","69.1M","69M","68.8M","68.5M","66.6M","66.1M","65.3M","64.7M","64.5M","63.1M","62.6M","59.3M","58.9M","58.7M","57.8M","57.8M","57.7M","57.6M","57.6M","57.4M","56.4M","49.8M","49.6M","49.5M","49.5M","49.4M","49M","49M","48.8M","48.5M","48.2M","47.8M","47.6M","47M","46.8M","46.3M","46.2M","46.1M","45.9M","45.8M","45.7M","45.6M","40.8M","40.6M","40.2M","40M","39.9M","39.7M","39.4M","AA.6M","AA.6M","38.3M","37.9M","37.2M","37M","36.3M","35.9M","35.5M","35.4M","35.4M","35M","34.9M","34.6M","34.4M","34.4M","34.3M","34.3M","34M","34M","33.7M","33.7M","33.7M","A3.6M","33.4M","33.3M","33.1M","33M","32.6M","32.6M","32.4M","32.4M","32.4M","32.2M","32.2M","32.1M","32.1M","31.9M","31.9M","31.7M","31.3M","31.3M","31.2M","31.1M","30.9M","30.8M","30.7M"],"okList":["77.6M","74.5M","71.350006M","70.25M","69.2M","68.95M","68.75M","67.7M","67.3M","65.95M","65.399994M","64.9M","63.899998M","63.55M","61.199997M","60.75M","59.0M","58.35M","58.25M","57.75M","57.699997M","57.65M","57.5M","57.0M","53.6M","53.0M","49.65M","49.55M","49.45M","49.25M","49.2M","48.9M","48.75M","48.5M","48.15M","47.9M","47.4M","47.199997M","46.65M","46.5M","46.199997M","46.050003M","45.949997M","45.800003M","45.699997M","43.25M","43.1M","40.5M","40.3M","40.050003M","39.85M","39.65M","37.75M","37.45M","36.75M","36.45M","35.9M","35.65M","35.45M","35.2M","35.15M","34.8M","34.65M","34.5M","34.35M","34.35M","34.15M","34.15M","33.85M","33.85M","33.7M","33.550003M","33.25M","33.15M","32.85M","32.8M","32.5M","32.5M","32.4M","32.300003M","32.300003M","32.15M","32.15M","32.0M","32.0M","31.8M","31.599998M","31.5M","31.25M","31.2M","31.05M","30.95M","30.8M","30.7M"],"nokList":["39.4M","AA.6M","AA.6M","38.3M","33.7M","33.4M"]}