{"server":369,"total":4569.699,"average":48.613823,"cpValues":[],"cpList":["74.7M","72.8M","71.9M","71.8M","68.5M","67.9M","67.5M","65.7M","65.6M","63.7M","63.6M","62.9M","62.3M","61.7M","61.5M","61.4M","60.9M","59.9M","59.5M","58.8M","58.8M","58.4M","57.4M","57.3M","56.3M","55.8M","54.8M","54.4M","53.5M","53.4M","51.7M","51.6M","51.6M","51.5M","50.2M","50.2M","49.8M","49.8M","49.3M","49.1M","48.M","48.7M","48.2M","48.2M","48.2M","48.1M","47.9M","47.8M","47.6M","47.5M","47.4M","46.9M","45.9M","45.9M","45.7M","45.2M","44.9M","44.8M","44.8M","44.7M","44.5M","43.5M","43.3M","43.3M","43.1M","43.1M","42.4M","42.3M","40.7M","40.4M","39.9M","39.6M","AA.6M","37.5M","37.2M","37M","A6.9M","36.8M","36.7M","36.4M","A6.1M","35.7M","35.6M","35.4M","35.3M","35.1M","34.9M","34.7M","34.7M","34.3M","33.8M","33.7M","33.6M","33.6M","33.6M","33.6M","33.2M","33M","32.5M","32.5M"],"okList":["74.7M","73.3M","72.3M","70.2M","69.850006M","68.0M","66.8M","66.55M","64.7M","64.6M","63.300003M","62.949997M","62.300003M","61.9M","61.550003M","61.2M","60.65M","60.2M","59.35M","59.15M","58.6M","58.1M","57.85M","56.85M","56.55M","55.55M","55.1M","54.15M","53.9M","52.6M","52.5M","51.65M","51.55M","50.9M","50.85M","50.0M","50.0M","49.55M","49.449997M","48.65M","48.9M","48.1M","48.45M","48.2M","48.15M","48.050003M","47.949997M","47.75M","47.65M","47.5M","47.2M","46.65M","46.4M","45.800003M","45.550003M","45.300003M","45.0M","44.85M","44.75M","44.65M","44.1M","43.9M","43.4M","43.199997M","43.199997M","42.75M","42.699997M","41.550003M","41.35M","40.300003M","40.0M","38.55M","37.25M","36.9M","36.6M","36.050003M","35.550003M","35.449997M","35.25M","35.1M","34.9M","34.800003M","34.5M","34.25M","34.0M","33.699997M","33.65M","33.6M","33.6M","33.4M","33.3M","32.85M","32.75M","32.5M"],"nokList":["39.6M","37.5M","37M","36.8M","36.4M","35.7M"]}