{"server":372,"total":4747.551,"average":47.47551,"cpValues":[],"cpList":["73.7M","12.4M","71.9M","67.6M","65.1M","64.3M","63.9M","63M","62M","61.3M","59.9M","59M","58.9M","58.6M","58.5M","57.4M","57.2M","56.9M","56.8M","56.5M","56.2M","56.1M","55.7M","54.6M","54.4M","54.4M","54.3M","53.9M","53.8M","53.2M","52.6M","52.4M","52.2M","52.1M","52.1M","52M","51.9M","51.8M","51.5M","51.2M","51.2M","51M","50M","49.1M","49.1M","47.9M","47.6M","47.3M","46.3M","46.1M","46M","45.4M","45.1M","44.9M","44.7M","44.6M","44.4M","44.1M","44M","43.3M","43.1M","42.3M","41.9M","41.6M","41.3M","41.1M","41M","40.9M","40.9M","40.6M","39.3M","39.3M","38.8M","38.5M","38.2M","78M","37.8M","37.4M","37.3M","37.2M","37.2M","36.7M","36.7M","36.5M","36.2M","35.7M","35.5M","35.4M","35.4M","35.3M","35.2M","34.9M","34.6M","33.8M","33.2M","33.2M","33.1M","33M","33M","32.6M"],"okList":["73.7M","72.8M","40.0M","68.5M","65.95M","64.5M","63.65M","62.95M","62.15M","60.95M","60.15M","59.4M","58.8M","58.7M","58.0M","57.85M","57.15M","57.0M","56.7M","56.5M","56.3M","55.95M","55.35M","55.050003M","54.5M","54.35M","54.15M","54.05M","53.550003M","53.199997M","52.800003M","52.4M","52.25M","52.15M","52.05M","52.0M","51.9M","51.7M","51.5M","51.35M","51.1M","50.6M","50.05M","49.55M","48.5M","48.35M","47.6M","46.949997M","46.699997M","46.15M","45.75M","45.55M","45.15M","44.9M","44.75M","44.550003M","44.35M","44.2M","43.699997M","43.55M","42.8M","42.5M","41.949997M","41.6M","41.35M","41.15M","41.0M","40.95M","40.75M","40.1M","39.949997M","39.05M","38.9M","38.5M","58.25M","38.0M","57.7M","37.55M","37.300003M","37.25M","36.95M","36.95M","36.6M","36.45M","36.1M","35.85M","35.550003M","35.45M","35.35M","35.300003M","35.1M","34.9M","34.35M","33.9M","33.5M","33.15M","33.1M","33.05M","32.8M","32.6M"],"nokList":[]}