{"time":1755510874899,"server":372,"cpList":["81M","73.7M","71.6M","68.6M","68.4M","67.1M","66.6M","65.5M","63.8M","62.6M","61.5M","61.3M","60.5M","59.3M","58.5M","57.4M","57.3M","57.2M","56.8M","56.6M","56.5M","56.2M","56M","55.6M","54.6M","54.5M","54.4M","542M","53.9M","53.6M","53.2M","52.7M","52.6M","52.4M","52.1M","52.1M","51.8M","51.6M","51.5M","51.2M","57M","50.8M","49.1M","48.7M","47.6M","47.3M","47M","46.3M","461M","46M","45.2M","45.1M","44.9M","44.7M","446M","44.4M","443M","44M","43.3M","43.1M","42.7M","42.3M","41.9M","41.6M","41.6M","41.3M","41M","40.9M","39.3M","39.3M","39M","38.9M","38.8M","38.5M","38.2M","38M","37.8M","37.6M","37.3M","37.3M","37.2M","36.7M","36.7M","36.1M","35.7M","35.5M","35.4M","35.4M","35.3M","35.2M","35.2M","346M","34.4M","33.8M","33.4M","33.2M","33.2M","33M","32.6M","32.2M"],"okList":["81.0M","73.7M","71.6M","68.6M","68.4M","67.1M","66.6M","65.5M","63.8M","62.6M","61.5M","61.3M","60.5M","59.3M","58.5M","57.4M","57.3M","57.2M","56.8M","56.6M","56.5M","56.2M","56.0M","55.6M","54.6M","54.5M","54.4M","54.2M","53.9M","53.6M","53.2M","52.7M","52.6M","52.4M","52.1M","52.1M","0.518M","0.0051600000000000005M","5.15E-5M","5.12E-7M","5.6999999999999994E-8M","5.080000000000001E-9M","4.910000000000001E-9M","4.870000000000001E-9M","4.76E-9M","4.73E-9M","4.699999999999999E-9M","4.629999999999999E-9M","4.610000000000001E-8M","4.6E-9M","4.519999999999999E-9M","4.51E-9M","4.49E-9M","4.4700000000000005E-9M","4.4599999999999996E-8M","4.44E-9M","4.43E-8M","4.4000000000000005E-9M","4.33E-9M","4.31E-9M","4.27E-9M","4.2300000000000005E-9M","4.190000000000001E-9M","4.1600000000000005E-9M","4.1600000000000005E-9M","4.1300000000000004E-9M","4.0999999999999995E-9M","4.09E-9M","3.9299999999999995E-9M","3.9299999999999995E-9M","3.899999999999999E-9M","3.8900000000000004E-9M","3.879999999999999E-9M","3.8500000000000006E-9M","3.8200000000000005E-9M","3.8E-9M","3.78E-9M","3.7599999999999994E-9M","3.729999999999999E-9M","3.729999999999999E-9M","3.7200000000000012E-9M","3.6700000000000004E-9M","3.6700000000000004E-9M","3.6099999999999997E-9M","3.57E-9M","3.5499999999999995E-9M","3.54E-9M","3.54E-9M","3.53E-9M","3.5200000000000007E-9M","3.5200000000000007E-9M","3.46E-8M","3.4399999999999997E-9M","3.3799999999999995E-9M","3.34E-9M","3.32E-9M","3.32E-9M","3.3E-9M","3.2600000000000007E-9M","3.2200000000000005E-9M"],"nokList":[]}