{"time":1756105417961,"server":3737,"cpList":["112M","MTM","101M","89.3M","89.1M","88.4M","87.2M","87.2M","85.8M","81.5M","79.7M","78.9M","76.6M","76.1M","74.3M","73.9M","73.2M","70.6M","69.9M","69.8M","67.6M","66.4M","66.1M","65.4M","63.1M","63.1M","61.1M","60.6M","59.6M","59.1M","58.7M","58.4M","58.2M","57.9M","57.8M","57M","56.9M","56.3M","54.6M","54M","54M","53.6M","53.2M","52.2M","52.2M","50.8M","50.6M","49.5M","49.5M","49.1M","49M","48.4M","48M","47.9M","47.7M","46.9M","46.9M","45.5M","44.7M","40.7M","39.2M","39M","35.6M","34.8M","34.5M","34.1M","33.8M","32.6M","32.6M","32.6M","31.4M","31.4M","31.4M","31M","30.1M","28.8M","28.4M","28.4M","28.1M","27.9M","27.8M","27.8M","27.1M","27M","26.9M","26.5M","26.1M","26.1M","26M","25.6M","25.4M","25.3M","25.3M","25M","24.6M","24.3M","23.9M","23.7M","23.7M","23.7M"],"okList":["112.0M","7.0M","10.1M","8.93M","8.91M","8.84M","8.72M","8.72M","8.58M","8.15M","7.970000000000001M","7.890000000000001M","7.659999999999999M","7.609999999999999M","7.43M","7.390000000000001M","7.32M","7.06M","6.99M","6.9799999999999995M","6.76M","6.640000000000001M","6.609999999999999M","6.540000000000001M","6.3100000000000005M","6.3100000000000005M","6.11M","6.0600000000000005M","5.96M","5.91M","5.87M","5.84M","5.82M","5.79M","5.779999999999999M","5.7M","5.6899999999999995M","5.63M","5.46M","5.4M","5.4M","5.36M","5.32M","5.220000000000001M","5.220000000000001M","5.08M","5.0600000000000005M","4.95M","4.95M","4.91M","4.9M","4.84M","4.8M","4.79M","4.7700000000000005M","4.6899999999999995M","4.6899999999999995M","4.55M","4.470000000000001M","4.07M","3.9200000000000004M","3.9M","3.56M","3.4799999999999995M","3.45M","3.41M","3.38M","3.2600000000000002M","3.2600000000000002M","3.2600000000000002M","3.1399999999999997M","3.1399999999999997M","3.1399999999999997M","3.1M","3.0100000000000002M","2.88M","2.84M","2.84M","2.81M","2.79M","2.7800000000000002M","2.7800000000000002M","2.71M","2.7M","2.69M","2.65M","2.6100000000000003M","2.6100000000000003M","2.6M","2.56M","2.54M","2.5300000000000002M","2.5300000000000002M","2.5M","2.46M","2.43M","2.3899999999999997M","2.37M","2.37M","2.37M"],"nokList":[]}