{"time":1755510900974,"server":383,"cpList":["122M","92M","88M","87.3M","82.5M","80.7M","79.5M","78.7M","78.3M","77.5M","75.7M","75.3M","73.3M","72.7M","71.7M","71.6M","71.5M","71.3M","71.2M","70.9M","70.4M","69.2M","67.9M","67.4M","66.4M","66M","646M","64.3M","63.8M","63.3M","63.1M","62.7M","62.6M","62.2M","62.2M","62.2M","61.8M","61.1M","60.8M","60.6M","60.6M","60.3M","60.1M","60M","58.8M","58.3M","58.3M","57.6M","57.5M","57.5M","56.2M","55.7M","55.7M","55.5M","55.5M","55.4M","55.3M","55.3M","54.4M","54.1M","53.9M","53.8M","53.7M","53.5M","53.2M","53.1M","53.1M","52.9M","52.9M","52.8M","52.5M","52.4M","52.2M","52.1M","52M","51.9M","51.2M","57M","50.5M","50.1M","49.9M","49.7M","48.8M","48.7M","48.5M","47.9M","46.6M","461M","45.4M","45.3M","45M","443M","44.2M","44.1M","44.1M","43.9M","43.1M","42.9M","422M","42.2M"],"okList":["122.0M","92.0M","88.0M","87.3M","82.5M","80.7M","79.5M","78.7M","78.3M","77.5M","75.7M","75.3M","73.3M","72.7M","71.7M","71.6M","71.5M","71.3M","71.2M","70.9M","70.4M","69.2M","67.9M","67.4M","66.4M","66.0M","64.6M","64.3M","63.8M","63.3M","63.1M","62.7M","62.6M","62.2M","62.2M","62.2M","61.8M","61.1M","60.8M","60.6M","60.6M","60.3M","60.1M","60.0M","58.8M","58.3M","58.3M","57.6M","57.5M","57.5M","56.2M","55.7M","55.7M","55.5M","55.5M","55.4M","55.3M","55.3M","54.4M","54.1M","53.9M","53.8M","53.7M","53.5M","53.2M","53.1M","53.1M","52.9M","52.9M","52.8M","52.5M","52.4M","52.2M","0.521M","0.0052M","5.19E-5M","5.12E-7M","5.6999999999999994E-8M","5.0500000000000006E-9M","5.01E-9M","4.989999999999999E-9M","4.970000000000001E-9M","4.8800000000000005E-9M","4.870000000000001E-9M","4.8500000000000004E-9M","4.79E-9M","4.66E-9M","4.610000000000001E-8M","4.5400000000000005E-9M","4.529999999999999E-9M","4.500000000000001E-9M","4.43E-8M","4.42E-9M","4.41E-9M","4.41E-9M","4.389999999999999E-9M","4.31E-9M","4.289999999999999E-9M","4.2199999999999994E-8M","4.220000000000001E-9M"],"nokList":[]}