{"server":386,"total":5735.0,"average":64.4382,"cpValues":[],"cpList":["107M","103M","22.4M","20.5M","20.2M","89.9M","88.8M","88.7M","84.5M","83.9M","83M","81.8M","81.2M","78.7M","7A.6M","7A.6M","78.5M","77.5M","75.6M","74.5M","74.1M","73.3M","72.8M","72.5M","72.1M","71.3M","70.8M","69.7M","69.6M","69.1M","6A.6M","68.5M","68.3M","67.6M","67.1M","66.9M","66.9M","66.5M","66.3M","66.2M","66.1M","65.5M","65.5M","64.8M","64.7M","64.4M","63.9M","63.6M","63.6M","63.4M","63.2M","62.8M","62.7M","62.6M","62.2M","61.9M","61.7M","61M","60.9M","60.7M","60.7M","60.5M","60.4M","60.3M","60.2M","60.1M","60M","59.9M","59.9M","59.7M","59.5M","59.4M","58.9M","58.8M","58.6M","58.6M","58.5M","58.2M","58.1M","5AM","57.QM","57.QM","57.8M","57.7M","57.4M","57.3M","57.3M","57.2M","57.2M","57.1M","57M","57M","57M","56.3M","56M","56M","55.8M","55.8M","55.7M","55.5M"],"okList":["107.0M","64.7M","61.75M","21.3M","55.2M","54.5M","89.3M","86.65M","86.3M","83.75M","82.850006M","82.1M","80.25M","77.05M","76.0M","74.85M","73.9M","73.45M","72.9M","72.45M","71.9M","71.45M","70.5M","70.2M","69.399994M","68.8M","68.05M","67.7M","67.25M","67.0M","66.7M","66.600006M","66.35M","66.2M","65.85M","65.8M","65.15M","65.1M","64.600006M","64.3M","64.0M","63.75M","63.5M","63.4M","63.1M","62.95M","62.699997M","62.45M","62.25M","61.95M","61.45M","61.300003M","60.85M","60.800003M","60.6M","60.550003M","60.4M","60.300003M","60.199997M","60.1M","60.0M","59.95M","59.800003M","59.7M","59.550003M","59.2M","59.1M","58.75M","58.699997M","58.55M","58.4M","58.3M","57.6M","57.5M","57.35M","57.25M","57.25M","57.15M","57.1M","57.05M","57.0M","56.65M","56.5M","56.15M","55.9M","55.9M","55.75M","55.65M","55.5M"],"nokList":["78.7M","7A.6M","7A.6M","78.5M","69.1M","68.5M","58.1M","5AM","57.QM","57.QM","57.8M"]}