{"time":1756150857367,"server":386,"cpList":["134M","MTM","1T0M","108M","104M","103M","101M","95.1M","95M","94M","93.3M","91.9M","90.5M","90.1M","88.8M","88.5M","87.3M","86.5M","85.3M","83.7M","83.4M","83.1M","83M","82.9M","81.9M","81.3M","80.7M","80.3M","79.9M","78.8M","77.5M","77M","76.5M","762M","76M","75.3M","74.9M","74.7M","74.5M","74.5M","73.2M","73M","72.9M","72.8M","72.7M","72.5M","72.2M","72.1M","72M","71.9M","71.7M","71.4M","71.3M","70.3M","70M","69.8M","69.8M","69.7M","69.5M","69.4M","69.4M","69.3M","68.9M","68.4M","67.9M","67.8M","67.5M","67.3M","67M","66.8M","66.6M","66.5M","66.1M","66.1M","65.8M","65.8M","65.8M","65.7M","65.4M","65.2M","65.1M","65M","64.9M","64.8M","64.6M","64.5M","64.1M","64.1M","63.7M","63.6M","63.5M","63.4M","63.4M","63.4M","63.3M","63.1M","62.8M","62.6M","62M","61.6M"],"okList":["134.0M","7.0M","17.0M","10.8M","10.4M","10.3M","10.1M","9.51M","9.5M","9.4M","9.33M","9.190000000000001M","9.05M","9.01M","8.879999999999999M","8.85M","8.73M","8.65M","8.53M","8.370000000000001M","8.34M","8.309999999999999M","8.3M","8.290000000000001M","8.190000000000001M","8.129999999999999M","8.07M","8.03M","7.99M","7.88M","7.75M","7.7M","7.65M","7.62M","7.6M","7.529999999999999M","7.49M","7.470000000000001M","7.45M","7.45M","7.32M","7.3M","7.290000000000001M","7.279999999999999M","7.2700000000000005M","7.25M","7.220000000000001M","7.209999999999999M","7.2M","7.19M","7.17M","7.140000000000001M","7.13M","7.029999999999999M","7.0M","6.9799999999999995M","6.9799999999999995M","6.970000000000001M","6.95M","6.94M","6.94M","6.93M","6.890000000000001M","6.840000000000001M","6.790000000000001M","6.779999999999999M","6.75M","6.7299999999999995M","6.7M","6.68M","6.659999999999999M","6.65M","6.609999999999999M","6.609999999999999M","6.58M","6.58M","6.58M","6.57M","6.540000000000001M","6.5200000000000005M","6.51M","6.5M","6.49M","6.4799999999999995M","6.459999999999999M","6.45M","6.409999999999999M","6.409999999999999M","6.37M","6.36M","6.35M","6.34M","6.34M","6.34M","6.33M","6.3100000000000005M","6.279999999999999M","6.26M","6.2M","6.16M"],"nokList":[]}