{"time":1755510927265,"server":386,"cpList":["133M","771M","770M","108M","104M","103M","101M","95M","95M","94M","93.1M","91.5M","90.5M","89.8M","88.7M","88.4M","88.4M","87.3M","85.1M","83.7M","83.2M","83M","82.9M","82.7M","81.9M","81.3M","80.4M","80.2M","79.9M","78.7M","77.4M","76.9M","76.4M","76M","75.9M","75.1M","74.7M","74.5M","74.5M","74.5M","74.1M","73.7M","73.2M","72.8M","72.8M","72.7M","72.5M","72.2M","72.1M","71.9M","71.4M","71.2M","70.3M","70M","69.8M","69.7M","69.7M","69.7M","69.4M","69.4M","69.4M","69.4M","68.9M","68.4M","67.9M","67.8M","67.1M","67M","66.8M","66.6M","66.5M","66.1M","66.1M","65.8M","65.7M","65.7M","65.6M","65.3M","65.2M","65.1M","64.9M","64.8M","64.8M","646M","64.5M","64M","64M","63.7M","63.7M","63.5M","63.4M","63.3M","63.3M","63.1M","63M","62.6M","62.6M","62.6M","623M","61.8M"],"okList":["1.33E-5M","1.7100000000000001E-6M","1.7E-7M","1.0800000000000001E-7M","1.0400000000000002E-7M","1.0300000000000001E-7M","1.0099999999999998E-7M","9.5E-8M","9.499999999999999E-9M","9.399999999999998E-9M","9.309999999999999E-9M","9.150000000000001E-9M","9.05E-9M","8.98E-9M","8.869999999999998E-9M","8.84E-9M","8.84E-9M","8.73E-9M","8.510000000000001E-9M","8.37E-9M","8.320000000000001E-9M","8.3E-9M","8.290000000000002E-9M","8.270000000000002E-9M","8.190000000000001E-9M","8.13E-9M","8.040000000000001E-9M","8.020000000000002E-9M","7.99E-9M","7.87E-9M","7.74E-9M","7.69E-9M","7.640000000000001E-9M","7.6E-9M","7.59E-9M","7.509999999999999E-9M","7.47E-9M","7.45E-9M","7.45E-9M","7.45E-9M","7.41E-9M","7.37E-9M","7.32E-9M","7.28E-9M","7.28E-9M","7.269999999999999E-9M","7.25E-9M","7.2199999999999995E-9M","7.21E-9M","7.190000000000001E-9M","7.14E-9M","7.120000000000001E-9M","7.03E-9M","7.0E-9M","6.9799999999999995E-9M","6.97E-9M","6.97E-9M","6.97E-9M","6.9400000000000004E-9M","6.9400000000000004E-9M","6.9400000000000004E-9M","6.9400000000000004E-9M","6.890000000000001E-9M","6.840000000000001E-9M","6.790000000000001E-9M","6.779999999999999E-9M","6.709999999999999E-9M","6.7000000000000004E-9M","6.68E-9M","6.66E-9M","6.65E-9M","6.609999999999999E-9M","6.609999999999999E-9M","6.579999999999999E-9M","6.57E-9M","6.57E-9M","6.56E-9M","6.53E-9M","6.5200000000000015E-9M","6.51E-9M","6.4900000000000005E-9M","6.48E-9M","6.48E-9M","6.460000000000001E-8M","6.45E-9M","6.4E-9M","6.4E-9M","6.37E-9M","6.37E-9M","6.35E-9M","6.34E-9M","6.3299999999999994E-9M","6.3299999999999994E-9M","6.31E-9M","6.3E-9M","6.26E-9M","6.26E-9M","6.26E-9M","6.23E-8M","6.18E-9M"],"nokList":[]}