{"time":1756103728914,"server":3901,"cpList":["MTM","100M","98.6M","86.3M","81.6M","78.8M","78.1M","76.8M","70.3M","67.2M","64.5M","64.1M","63.7M","62.9M","62.4M","61.1M","60.1M","57.9M","55.2M","49.5M","48.1M","47.3M","46.7M","45.5M","40.4M","39.7M","39M","37M","36.5M","36.5M","36.5M","36.2M","36M","35.8M","35.5M","35.1M","35M","35M","34.8M","34.4M","33.5M","33.4M","33.2M","33.2M","33.1M","33.1M","33.1M","32.9M","32.6M","32.1M","32.1M","31.6M","31.1M","30.7M","30.6M","30.5M","30.2M","30.2M","30M","30M","29.4M","29.2M","29.2M","29.2M","29.1M","28.8M","28.7M","28.7M","28.7M","28.7M","28.6M","28.6M","28.6M","28.5M","28.1M","28.1M","28M","27.9M","27.8M","27.8M","27.7M","27.6M","27.5M","27.3M","27.3M","27.2M","27.1M","26.8M","26.6M","26.5M","26.5M","26.5M","26.4M","26.3M","26.2M","26M","26M","26M","26M","25.8M"],"okList":["7.0M","10.0M","9.86M","8.629999999999999M","8.16M","7.88M","7.81M","7.68M","7.029999999999999M","6.720000000000001M","6.45M","6.409999999999999M","6.37M","6.29M","6.24M","6.11M","6.01M","5.79M","5.5200000000000005M","4.95M","4.8100000000000005M","4.7299999999999995M","4.67M","4.55M","4.04M","3.97M","3.9M","3.7M","3.65M","3.65M","3.65M","3.62M","3.6M","3.5799999999999996M","3.55M","3.5100000000000002M","3.5M","3.5M","3.4799999999999995M","3.44M","3.35M","3.34M","3.3200000000000003M","3.3200000000000003M","3.31M","3.31M","3.31M","3.29M","3.2600000000000002M","3.21M","3.21M","3.16M","3.1100000000000003M","3.07M","3.06M","3.05M","3.02M","3.02M","3.0M","3.0M","2.94M","2.92M","2.92M","2.92M","2.91M","2.88M","2.87M","2.87M","2.87M","2.87M","2.8600000000000003M","2.8600000000000003M","2.8600000000000003M","2.85M","2.81M","2.81M","2.8M","2.79M","2.7800000000000002M","2.7800000000000002M","2.77M","2.7600000000000002M","2.75M","2.73M","2.73M","2.7199999999999998M","2.71M","2.68M","2.66M","2.65M","2.65M","2.65M","2.6399999999999997M","2.63M","2.62M","2.6M","2.6M","2.6M","2.6M","2.58M"],"nokList":[]}