{"server":411,"total":4683.1006,"average":50.903267,"cpValues":[],"cpList":["87.6M","84.4M","78.7M","76.2M","72.7M","72.3M","71.5M","70.2M","65.4M","64.8M","64M","63.5M","63.4M","62.5M","61.5M","61.3M","60.7M","60.5M","60.4M","60.4M","59.1M","58.6M","58.3M","57.5M","57.4M","57.3M","57.2M","56.3M","54.6M","54.3M","53.4M","53.3M","52.9M","52.8M","52.6M","52.3M","52M","50.7M","50.5M","50.5M","50.3M","50.2M","49.6M","49.6M","49.5M","49.5M","49.1M","48.3M","48.2M","47.M","46.8M","46.5M","46.4M","46.3M","45.4M","45.2M","45.1M","44.5M","44.3M","44.2M","43.7M","43.7M","42.9M","42.9M","42.6M","42.4M","41.5M","41.1M","40.7M","40.2M","40.1M","40M","40M","39.4M","38.9M","AA.6M","AA.6M","38.4M","38.2M","38.1M","78M","37.9M","37.9M","37.8M","37.3M","37.2M","37.2M","37.1M","37M","A6.9M","A6.6M","36.4M","36.4M","36.1M","35.8M","35.4M","35.2M","35.1M","35.1M","35.1M"],"okList":["87.6M","83.149994M","80.3M","75.7M","74.25M","72.1M","71.25M","68.45M","67.5M","64.7M","64.15M","63.7M","63.0M","62.45M","61.9M","61.1M","60.9M","60.550003M","60.45M","59.75M","59.5M","58.699997M","58.05M","57.85M","57.4M","57.300003M","56.8M","55.9M","55.3M","54.0M","53.8M","53.15M","53.05M","52.75M","52.55M","52.3M","51.5M","51.25M","50.6M","50.4M","50.35M","49.949997M","49.9M","49.55M","49.55M","49.3M","48.9M","48.65M","47.65M","47.5M","46.75M","46.6M","46.4M","45.9M","45.75M","45.25M","44.85M","44.699997M","44.35M","44.0M","43.95M","43.300003M","43.300003M","42.75M","42.65M","42.05M","41.75M","41.1M","40.65M","40.4M","40.1M","40.05M","39.7M","39.45M","38.25M","58.1M","38.0M","57.95M","37.85M","37.6M","37.5M","37.25M","37.15M","37.1M","36.25M","36.1M","35.75M","35.5M","35.25M","35.15M","35.1M","35.1M"],"nokList":["38.9M","AA.6M","AA.6M","38.4M","37M","A6.9M","A6.6M","36.4M"]}