{"server":437,"total":5386.3,"average":55.528866,"cpValues":[],"cpList":["25.6M","7A.6M","75.4M","75M","73.9M","72.8M","72.2M","71M","70.7M","70.7M","6AM","67.8M","66.5M","66.4M","66.4M","65.8M","65.8M","65.6M","65.5M","65.4M","65M","64.2M","64.2M","64.2M","63.9M","63.7M","63.6M","63.3M","63.1M","62.4M","62.3M","62.2M","62.1M","62M","61.8M","61.6M","61.6M","61.4M","59.7M","59.2M","59.1M","58.9M","58.4M","57.7M","57.2M","57M","56.8M","56.7M","56.6M","56.6M","56.5M","55.9M","54.7M","54.5M","54.3M","53.7M","53.5M","53.1M","53M","52.9M","52.6M","52.5M","51.7M","51.4M","51.3M","51.3M","51.3M","50.8M","50.7M","50.6M","50.6M","50.5M","50.4M","50.3M","49.8M","49.6M","49.5M","49.4M","49.3M","49.2M","49.1M","48.6M","47.8M","47.6M","47M","46.8M","46.7M","46.5M","46.3M","46.2M","45.3M","45.3M","44.7M","44.7M","44.4M","44.3M","43.8M","43.6M","+3.5M","43.5M"],"okList":["25.6M","50.5M","74.65M","73.9M","73.05M","71.9M","71.45M","70.85M","69.25M","67.100006M","66.45M","66.100006M","66.100006M","65.7M","65.65M","65.5M","65.25M","64.8M","64.6M","64.2M","64.05M","63.949997M","63.75M","63.5M","63.35M","62.85M","62.699997M","62.300003M","62.199997M","62.1M","61.949997M","61.8M","61.699997M","61.5M","60.65M","60.300003M","59.4M","59.050003M","58.75M","58.300003M","57.800003M","57.35M","57.0M","56.85M","56.699997M","56.65M","56.55M","56.25M","55.6M","55.2M","54.5M","54.1M","53.9M","53.4M","53.25M","53.0M","52.8M","52.7M","52.15M","51.95M","51.5M","51.35M","51.3M","51.05M","51.0M","50.699997M","50.65M","50.55M","50.5M","50.4M","50.1M","49.949997M","49.65M","49.5M","49.4M","49.300003M","49.199997M","48.9M","48.449997M","48.1M","47.4M","47.199997M","46.85M","46.65M","46.5M","46.35M","45.8M","45.75M","45.0M","45.0M","44.550003M","44.5M","44.1M","43.949997M","23.65M","43.55M","43.5M"],"nokList":["75.4M","70.7M","67.8M"]}