{"time":1755511084457,"server":441,"cpList":["105M","83.8M","83.2M","68.3M","66.5M","66.2M","66.2M","64.9M","64.9M","62.8M","61.1M","60.9M","60.6M","60.3M","60.1M","60.1M","60.1M","59.9M","59.4M","59.2M","58.1M","57.1M","57.1M","56.8M","56.6M","56.5M","56.4M","56.4M","55.8M","55.7M","55.4M","55M","54.4M","53.8M","53.8M","53.6M","52.8M","52M","51.5M","51.3M","51.1M","50.8M","50.3M","49.9M","49.2M","49M","48.5M","48.2M","47.8M","47.7M","47.7M","47.4M","47M","468M","46.7M","46.3M","45.4M","44.9M","44.9M","44.7M","442M","44M","43.9M","43.7M","43.5M","43.3M","42.8M","42.3M","42.1M","41.7M","41.5M","41.5M","41.3M","41.3M","412M","41.1M","41M","40.6M","40.3M","40.2M","39.8M","39.5M","39.5M","39.4M","39.1M","39M","38.9M","38.8M","38.8M","38.7M","38.5M","38.5M","38.2M","37.7M","37.7M","33.4M","37.2M","37.2M","37.2M","37M"],"okList":["105.0M","83.8M","83.2M","68.3M","66.5M","66.2M","66.2M","64.9M","64.9M","62.8M","61.1M","60.9M","60.6M","60.3M","60.1M","60.1M","60.1M","59.9M","59.4M","59.2M","58.1M","57.1M","57.1M","56.8M","56.6M","56.5M","56.4M","56.4M","55.8M","55.7M","55.4M","55.0M","54.4M","53.8M","53.8M","53.6M","52.8M","52.0M","51.5M","51.3M","51.1M","50.8M","50.3M","49.9M","49.2M","49.0M","48.5M","48.2M","47.8M","47.7M","47.7M","47.4M","47.0M","46.8M","46.7M","46.3M","45.4M","44.9M","44.9M","44.7M","44.2M","44.0M","43.9M","43.7M","43.5M","43.3M","42.8M","42.3M","42.1M","41.7M","41.5M","41.5M","41.3M","41.3M","41.2M","41.1M","41.0M","40.6M","40.3M","40.2M","39.8M","39.5M","39.5M","39.4M","39.1M","39.0M","38.9M","38.8M","38.8M","38.7M","38.5M","38.5M","0.382M","0.00377M","3.77E-5M","3.34E-7M","3.72E-8M","3.7200000000000012E-9M","3.7200000000000012E-9M","3.7000000000000005E-9M"],"nokList":[]}