{"time":1756150326365,"server":459,"cpList":["MTM","81.5M","77.1M","76.6M","71.9M","70.6M","70.4M","69.2M","66.8M","66.8M","66.7M","66.4M","65.5M","64.3M","64.3M","61.3M","60.8M","60.2M","60M","56.6M","55.5M","54.5M","54.4M","54.3M","53.9M","53M","51.8M","51.7M","51.5M","51.4M","51.1M","50.3M","50.1M","48.7M","48.3M","48.2M","48M","47.9M","47.6M","47.5M","47.1M","46.7M","46.6M","46.1M","45.7M","45.6M","44.9M","44.5M","44.2M","44.1M","44.1M","42.9M","42.8M","42.7M","42.7M","41.8M","41.6M","412M","41M","40.8M","40.7M","40.4M","40.2M","40.2M","39.3M","39M","38.8M","38.7M","38.6M","38.4M","38.4M","38.2M","37.9M","37.3M","363M","36.1M","35.9M","35.8M","35.8M","35.1M","35M","34.5M","34.1M","33.8M","33.8M","33.6M","33.5M","33.4M","33.3M","33.3M","33.2M","33.1M","33M","32.7M","32.5M","32.4M","32.3M","32.3M","322M","32.1M"],"okList":["7.0M","8.15M","7.709999999999999M","7.659999999999999M","7.19M","7.06M","7.040000000000001M","6.92M","6.68M","6.68M","6.67M","6.640000000000001M","6.55M","6.43M","6.43M","6.13M","6.08M","6.0200000000000005M","6.0M","5.66M","5.55M","5.45M","5.4399999999999995M","5.43M","5.39M","5.3M","5.18M","5.17M","5.15M","5.14M","5.11M","5.029999999999999M","5.01M","4.87M","4.83M","4.82M","4.8M","4.79M","4.76M","4.75M","4.71M","4.67M","4.66M","4.61M","4.57M","4.5600000000000005M","4.49M","4.45M","4.42M","4.41M","4.41M","4.29M","4.279999999999999M","4.2700000000000005M","4.2700000000000005M","4.18M","4.16M","4.12M","4.1M","4.08M","4.07M","4.04M","4.0200000000000005M","4.0200000000000005M","3.9299999999999997M","3.9M","3.88M","3.87M","3.8600000000000003M","3.84M","3.84M","3.8200000000000003M","3.79M","3.7299999999999995M","3.63M","3.6100000000000003M","3.59M","3.5799999999999996M","3.5799999999999996M","3.5100000000000002M","3.5M","3.45M","3.41M","3.38M","3.38M","3.3600000000000003M","3.35M","3.34M","3.3299999999999996M","3.3299999999999996M","3.3200000000000003M","3.31M","3.3M","3.2700000000000005M","3.25M","3.2399999999999998M","3.2299999999999995M","3.2299999999999995M","3.22M","3.21M"],"nokList":[]}