{"server":459,"total":4410.1006,"average":46.915962,"cpValues":[],"cpList":["106M","81.5M","76M","74M","68.5M","67.6M","67.1M","66.6M","65.3M","64.7M","64.3M","64M","63.8M","63.3M","62.5M","61M","60.8M","60M","59.4M","54.6M","54.3M","53.9M","53.8M","53.2M","53M","52.3M","51.1M","50.2M","50.2M","50.1M","49.8M","49.7M","49.4M","48.7M","48.3M","47.4M","47.3M","47.1M","47.1M","46.7M","46.7M","46.6M","46.3M","46.1M","45.7M","45.6M","44.5M","44.1M","44.1M","42.6M","42.3M","42.3M","42.1M","41.6M","41.2M","40.8M","40.5M","40.4M","40.2M","39.5M","39.3M","39.2M","38.8M","38.8M","38.7M","AA.6M","38.4M","38.4M","38.2M","37.4M","37.3M","36.3M","A6.1M","35.8M","35.8M","35.5M","35M","34.7M","34.5M","34M","33.8M","33.7M","A3.6M","33.5M","33.4M","33.3M","33.3M","33.1M","33M","32.9M","32.8M","32.7M","32.5M","32.4M","32.3M","32.3M","32.2M","32.1M","32M","31.6M"],"okList":["106.0M","91.0M","77.75M","72.25M","70.8M","67.8M","67.1M","66.2M","65.649994M","64.8M","64.35M","64.05M","63.65M","63.15M","62.15M","61.65M","60.5M","60.1M","57.3M","56.85M","54.25M","54.05M","53.550003M","53.4M","52.75M","52.05M","51.25M","50.65M","50.15M","50.0M","49.9M","49.6M","49.2M","48.85M","48.050003M","47.8M","47.25M","47.199997M","46.9M","46.9M","46.65M","46.5M","46.35M","46.0M","45.85M","45.1M","44.85M","44.3M","43.35M","43.199997M","42.449997M","42.199997M","41.949997M","41.65M","41.199997M","40.85M","40.6M","40.35M","39.95M","39.75M","39.35M","39.05M","39.0M","38.75M","38.550003M","38.300003M","37.9M","37.75M","36.85M","36.05M","35.65M","35.4M","35.1M","34.75M","34.35M","34.15M","33.85M","33.6M","33.4M","33.35M","33.199997M","33.15M","33.0M","32.9M","32.800003M","32.65M","32.550003M","32.4M","32.35M","32.25M","32.199997M","32.1M","31.849998M","31.6M"],"nokList":["38.7M","38.4M","36.3M","35.8M","33.7M","33.5M"]}