{"time":1755511136945,"server":459,"cpList":["770M","81.5M","77M","766M","71.9M","70.4M","70.4M","69.9M","69.2M","66.9M","66.7M","66.4M","65.3M","64.3M","64.3M","61.3M","60.8M","60M","60M","56.6M","55.5M","54.5M","543M","543M","53.9M","53M","51.7M","51.7M","51.5M","51.4M","57M","50.3M","50.1M","48.7M","48.3M","48.3M","48.1M","47.9M","47.6M","47.5M","47.1M","46.7M","46.6M","461M","45.7M","45.6M","448M","44.5M","442M","441M","441M","42.8M","42.8M","42.7M","42.7M","42.4M","41.4M","412M","41M","40.8M","40.7M","40.4M","40.2M","40.2M","39.3M","38.9M","38.7M","38.7M","38.6M","38.4M","38.4M","38.1M","37.8M","37.3M","36.3M","36.1M","35.8M","35.8M","35.7M","35.1M","34.7M","34.4M","34.1M","33.8M","33.8M","33.6M","33.5M","33.4M","33.3M","33.3M","33.2M","33.1M","33M","32.7M","32.5M","32.4M","32.3M","32.3M","322M","32.1M"],"okList":["170.0M","0.815M","0.0077M","1.66E-5M","7.19E-8M","7.040000000000001E-9M","7.040000000000001E-9M","6.99E-9M","6.92E-9M","6.69E-9M","6.670000000000001E-9M","6.64E-9M","6.53E-9M","6.43E-9M","6.43E-9M","6.13E-9M","6.08E-9M","6.0E-9M","6.0E-9M","5.660000000000001E-9M","5.55E-9M","5.45E-9M","5.4299999999999997E-8M","5.4299999999999997E-8M","5.390000000000001E-9M","5.3E-9M","5.17E-9M","5.17E-9M","5.15E-9M","5.140000000000001E-9M","5.7E-9M","5.03E-9M","5.01E-9M","4.870000000000001E-9M","4.83E-9M","4.83E-9M","4.8100000000000006E-9M","4.79E-9M","4.76E-9M","4.7499999999999995E-9M","4.7100000000000005E-9M","4.670000000000001E-9M","4.66E-9M","4.610000000000001E-8M","4.57E-9M","4.559999999999999E-9M","4.4800000000000004E-8M","4.45E-9M","4.419999999999999E-8M","4.4100000000000004E-8M","4.4100000000000004E-8M","4.279999999999999E-9M","4.279999999999999E-9M","4.27E-9M","4.27E-9M","4.24E-9M","4.139999999999999E-9M","4.12E-8M","4.0999999999999995E-9M","4.079999999999999E-9M","4.070000000000001E-9M","4.039999999999999E-9M","4.020000000000001E-9M","4.020000000000001E-9M","3.9299999999999995E-9M","3.8900000000000004E-9M","3.87E-9M","3.87E-9M","3.86E-9M","3.84E-9M","3.84E-9M","3.81E-9M","3.78E-9M","3.729999999999999E-9M","3.63E-9M","3.6099999999999997E-9M","3.5799999999999996E-9M","3.5799999999999996E-9M","3.57E-9M","3.5100000000000005E-9M","3.4700000000000002E-9M","3.4399999999999997E-9M","3.41E-9M","3.3799999999999995E-9M","3.3799999999999995E-9M","3.3600000000000004E-9M","3.3500000000000002E-9M","3.34E-9M","3.33E-9M","3.33E-9M","3.32E-9M","3.31E-9M","3.3E-9M","3.27E-9M","3.2500000000000006E-9M","3.24E-9M","3.229999999999999E-9M","3.229999999999999E-9M","3.2200000000000004E-8M","3.2100000000000003E-9M"],"nokList":[]}