{"server":466,"total":5459.9995,"average":59.34782,"cpValues":[],"cpList":["26.1M","21.5M","21.3M","87.8M","84.5M","82.M","80.6M","80.2M","78.8M","78.8M","77.1M","76.8M","76.6M","76.2M","75.2M","73.9M","72.8M","71.1M","70.4M","69.1M","6A.6M","6AM","67.9M","67.2M","66.8M","66.1M","66.1M","65.6M","65.2M","65M","64.8M","64.8M","64.5M","64.1M","63.1M","62.9M","62.7M","62.6M","62.3M","62.3M","62.3M","62M","61M","60.9M","60.4M","60.3M","60M","59.9M","59.8M","59.8M","59.6M","59.3M","59.1M","58.6M","58.6M","58.2M","58.1M","5AM","57.QM","57.8M","57.7M","57.2M","56.8M","56.5M","56.5M","55.6M","55.4M","55.4M","55.2M","55.1M","54.9M","54.7M","53.8M","53.6M","53.4M","53.2M","52.8M","52.7M","52.6M","52.5M","52.5M","52.2M","52.2M","51.9M","51.4M","50.4M","50.4M","50.2M","49.8M","49.5M","49.4M","49.4M","49.2M","48.9M","48.8M","48.8M","47.8M","47.8M","47.4M","47M"],"okList":["26.1M","23.7M","54.65M","52.9M","84.9M","82.55M","81.1M","79.7M","79.5M","77.95M","77.8M","76.85M","76.5M","75.899994M","75.05M","74.0M","72.5M","71.600006M","70.1M","67.350006M","66.649994M","66.45M","65.85M","65.649994M","65.3M","65.0M","64.9M","64.65M","64.45M","63.8M","63.5M","62.9M","62.75M","62.5M","62.449997M","62.3M","62.15M","61.65M","61.45M","60.7M","60.6M","60.2M","60.1M","59.9M","59.85M","59.699997M","59.55M","59.35M","58.949997M","58.85M","58.4M","58.35M","57.5M","57.25M","56.85M","56.65M","56.05M","55.95M","55.5M","55.300003M","55.25M","55.050003M","54.9M","54.35M","54.15M","53.6M","53.4M","53.1M","52.95M","52.699997M","52.6M","52.55M","52.35M","52.35M","52.050003M","51.800003M","51.15M","50.9M","50.300003M","50.1M","49.85M","49.6M","49.45M","49.300003M","49.15M","49.0M","48.85M","48.3M","48.3M","47.6M","47.4M","47.0M"],"nokList":["69.1M","6A.6M","6AM","67.9M","58.1M","5AM","57.QM","57.8M"]}