{"server":485,"total":6527.551,"average":69.44203,"cpValues":[],"cpList":["97.3M","M7.1M","26.1M","N2.9M","20.7M","A8M","86.3M","85.8M","85.5M","83.4M","82.7M","82.5M","82M","81.7M","81.5M","81.4M","81M","80.3M","80M","79.5M","78.9M","78.2M","77.5M","76.7M","76.6M","75.8M","75.3M","75.2M","74.5M","74.1M","73.6M","72.6M","72.3M","72.1M","72M","71.3M","71M","70.6M","70.4M","70.3M","70.3M","70.2M","69.9M","69.8M","69.6M","69.2M","69.2M","69M","68.8M","68.4M","68.3M","68.1M","6AM","67.8M","67.7M","67.5M","67.5M","67.4M","66.9M","66.8M","66.8M","66.6M","66.4M","66.4M","66.4M","65.9M","65.9M","65.6M","65.3M","65.2M","64.7M","64.7M","64.7M","64.3M","64.2M","63.6M","63.6M","63.3M","63.2M","63M","63M","62.9M","62.6M","62.5M","62.4M","62.3M","62.1M","62M","61.9M","61.8M","61.5M","61.4M","61.3M","61.3M","61.2M","61.2M","60.9M","60.8M","60.6M","60.6M"],"okList":["97.3M","61.7M","53.5M","85.9M","84.600006M","84.1M","82.95M","82.35M","82.1M","81.75M","81.55M","81.25M","80.850006M","80.5M","79.9M","79.45M","78.85M","78.2M","77.45M","77.05M","76.25M","75.95M","75.5M","74.9M","74.649994M","74.05M","73.35M","72.95M","72.35M","72.15M","71.7M","71.5M","70.95M","70.7M","70.45M","70.350006M","70.25M","70.100006M","70.0M","69.75M","69.5M","69.399994M","69.1M","69.0M","68.7M","68.55M","68.25M","67.95M","67.65M","67.6M","67.45M","67.2M","67.100006M","66.850006M","66.7M","66.600006M","66.5M","66.4M","66.15M","66.15M","65.75M","65.600006M","65.399994M","65.0M","64.95M","64.7M","64.5M","64.45M","63.95M","63.899998M","63.449997M","63.4M","63.15M","63.1M","62.95M","62.8M","62.7M","62.5M","62.4M","62.25M","62.15M","62.0M","61.9M","61.7M","61.6M","61.4M","61.35M","61.25M","61.25M","61.050003M","61.0M","60.75M","60.699997M","60.6M"],"nokList":["26.1M","N2.9M","20.7M","86.3M","68.1M","67.8M"]}