{"time":1755511215460,"server":485,"cpList":["103M","100M","98.9M","94M","88.7M","88.6M","88.3M","88.1M","88M","85.6M","85.4M","842M","842M","83.4M","83.4M","82.3M","81.8M","81.1M","81.1M","81M","81M","80M","78.7M","78.6M","77.5M","77M","76.9M","766M","766M","75.9M","75.7M","74.9M","74.3M","73.5M","73.3M","73.1M","72.6M","72.5M","72.5M","72.4M","71.4M","77M","77M","77M","70.9M","70.6M","70.5M","70.3M","69.9M","69.7M","69.6M","69.6M","69.6M","69.6M","69.2M","69.2M","68.9M","68.9M","68.9M","68.8M","68.2M","68M","67.8M","67.7M","67.5M","67.2M","67M","66.7M","66.5M","66.4M","66.2M","66.1M","65.9M","65.3M","64.5M","64.4M","64.3M","64.3M","642M","63.9M","63.9M","63.9M","63.9M","63.8M","63.8M","63.7M","63.6M","63.6M","63.2M","63.1M","63.1M","63M","62.5M","62.3M","62.2M","62.1M","61.7M","61.5M","61.5M","61.2M"],"okList":["103.0M","100.0M","98.9M","94.0M","88.7M","88.6M","88.3M","88.1M","88.0M","85.6M","85.4M","84.2M","84.2M","83.4M","83.4M","82.3M","81.8M","81.1M","81.1M","81.0M","81.0M","80.0M","78.7M","78.6M","77.5M","77.0M","0.769M","0.00166M","1.66E-5M","7.590000000000001E-8M","7.570000000000001E-9M","7.490000000000001E-9M","7.43E-9M","7.35E-9M","7.329999999999999E-9M","7.31E-9M","7.26E-9M","7.25E-9M","7.25E-9M","7.240000000000001E-9M","7.14E-9M","7.700000000000001E-9M","7.700000000000001E-9M","7.700000000000001E-9M","7.09E-9M","7.06E-9M","7.0499999999999994E-9M","7.03E-9M","6.99E-9M","6.97E-9M","6.96E-9M","6.96E-9M","6.96E-9M","6.96E-9M","6.92E-9M","6.92E-9M","6.890000000000001E-9M","6.890000000000001E-9M","6.890000000000001E-9M","6.879999999999999E-9M","6.82E-9M","6.8E-9M","6.779999999999999E-9M","6.77E-9M","6.750000000000001E-9M","6.720000000000001E-9M","6.7000000000000004E-9M","6.670000000000001E-9M","6.65E-9M","6.64E-9M","6.62E-9M","6.609999999999999E-9M","6.590000000000001E-9M","6.53E-9M","6.45E-9M","6.440000000000001E-9M","6.43E-9M","6.43E-9M","6.419999999999999E-8M","6.39E-9M","6.39E-9M","6.39E-9M","6.39E-9M","6.380000000000001E-9M","6.380000000000001E-9M","6.37E-9M","6.36E-9M","6.36E-9M","6.3200000000000005E-9M","6.31E-9M","6.31E-9M","6.3E-9M","6.2500000000000005E-9M","6.23E-9M","6.22E-9M","6.210000000000001E-9M","6.17E-9M","6.1500000000000005E-9M","6.1500000000000005E-9M","6.1199999999999995E-9M"],"nokList":[]}