{"time":1755511267829,"server":499,"cpList":["112M","105M","102M","100M","93.3M","89.2M","88.4M","87M","86.3M","85.8M","85.5M","85.2M","843M","83.1M","82.5M","82.2M","80.6M","80.2M","80.1M","79.7M","79.5M","79.3M","78.5M","77.2M","766M","75.8M","75.8M","75.6M","75.3M","74.9M","742M","73.9M","73.8M","73.7M","73.5M","73M","73M","72.5M","72.4M","72.3M","71.5M","71.3M","71.2M","70.9M","70.7M","70.6M","70.2M","69.7M","69.3M","69.2M","68.8M","68.8M","67.9M","67.8M","67.4M","67.4M","67.2M","67.2M","66.9M","66.8M","66.4M","66.1M","65.3M","64.8M","646M","64.5M","64.5M","64.4M","64.4M","64M","63.9M","63.9M","63.5M","63.3M","63.2M","63.1M","62.9M","62.8M","62.4M","62.3M","62.2M","62M","61.8M","61.6M","61.6M","61.4M","61.4M","61.4M","61.4M","61.1M","60.8M","60.4M","60.3M","60M","59.6M","59.5M","59.5M","59.4M","59.3M","59.2M"],"okList":["112.0M","105.0M","102.0M","100.0M","93.3M","89.2M","88.4M","87.0M","86.3M","85.8M","85.5M","85.2M","84.3M","83.1M","82.5M","82.2M","80.6M","80.2M","80.1M","79.7M","79.5M","79.3M","0.785M","0.00772M","1.66E-5M","7.580000000000002E-8M","7.579999999999999E-9M","7.56E-9M","7.53E-9M","7.490000000000001E-9M","1.4199999999999998E-8M","7.39E-9M","7.3800000000000006E-9M","7.37E-9M","7.35E-9M","7.3E-9M","7.3E-9M","7.25E-9M","7.240000000000001E-9M","7.23E-9M","7.15E-9M","7.13E-9M","7.120000000000001E-9M","7.09E-9M","7.070000000000001E-9M","7.06E-9M","7.020000000000001E-9M","6.97E-9M","6.929999999999999E-9M","6.92E-9M","6.879999999999999E-9M","6.879999999999999E-9M","6.790000000000001E-9M","6.779999999999999E-9M","6.74E-9M","6.74E-9M","6.720000000000001E-9M","6.720000000000001E-9M","6.69E-9M","6.68E-9M","6.64E-9M","6.609999999999999E-9M","6.53E-9M","6.48E-9M","6.460000000000001E-8M","6.45E-9M","6.45E-9M","6.440000000000001E-9M","6.440000000000001E-9M","6.4E-9M","6.39E-9M","6.39E-9M","6.35E-9M","6.3299999999999994E-9M","6.3200000000000005E-9M","6.31E-9M","6.290000000000001E-9M","6.28E-9M","6.24E-9M","6.23E-9M","6.22E-9M","6.2E-9M","6.18E-9M","6.159999999999999E-9M","6.159999999999999E-9M","6.14E-9M","6.14E-9M","6.14E-9M","6.14E-9M","6.11E-9M","6.08E-9M","6.040000000000001E-9M","6.03E-9M","6.0E-9M","5.96E-9M","5.9499999999999995E-9M","5.9499999999999995E-9M","5.9400000000000006E-9M","5.93E-9M","5.920000000000001E-9M"],"nokList":[]}