{"server":500,"total":6035.999,"average":60.35999,"cpValues":[],"cpList":["79.4M","78.8M","77.9M","77.3M","76.8M","76.4M","75.9M","73.9M","73.6M","72.9M","72M","71M","69.5M","68.9M","68.8M","67.6M","67.4M","67.3M","66.5M","66.4M","66.2M","66.1M","65.9M","65.6M","65.4M","65.3M","65.3M","64.7M","63.8M","63.7M","63.7M","63.5M","63.5M","63.3M","63.2M","63.2M","63.1M","63.1M","63M","62.9M","62.7M","62.1M","62M","61.5M","61.3M","61.1M","60.7M","60.2M","59.9M","59.9M","59.7M","59.6M","59.6M","59.4M","58.9M","58.9M","58.2M","57.6M","57.1M","57.1M","57.1M","56.8M","56.8M","56.8M","56.4M","56.1M","55.8M","55.7M","55.5M","55.4M","55.4M","55.3M","54.3M","54.2M","54M","54M","53.9M","53.9M","53.4M","52.2M","51.9M","51.8M","51.7M","51.5M","51.4M","50.8M","50.4M","50.4M","50.3M","50.2M","50.1M","49.9M","49.5M","49.4M","49.2M","49.2M","49M","48.8M","48.6M","48.4M"],"okList":["79.4M","78.65M","78.05M","77.350006M","76.850006M","76.350006M","75.15M","74.75M","73.4M","72.8M","71.95M","70.75M","69.95M","69.15M","68.25M","68.100006M","67.45M","66.95M","66.850006M","66.35M","66.25M","66.05M","65.85M","65.65M","65.45M","65.350006M","65.0M","64.55M","64.2M","63.75M","63.6M","63.6M","63.4M","63.35M","63.25M","63.15M","63.15M","63.05M","63.0M","62.85M","62.5M","62.35M","61.8M","61.65M","61.3M","61.0M","60.65M","60.300003M","60.050003M","59.800003M","59.75M","59.65M","59.5M","59.25M","59.15M","58.550003M","58.25M","57.65M","57.35M","57.1M","56.949997M","56.949997M","56.8M","56.6M","56.449997M","56.1M","55.9M","55.65M","55.550003M","55.45M","55.35M","54.85M","54.75M","54.15M","54.1M","53.95M","53.95M","53.65M","53.050003M","52.65M","52.0M","51.800003M","51.65M","51.550003M","51.15M","50.9M","50.6M","50.35M","50.300003M","50.199997M","50.050003M","49.8M","49.65M","49.35M","49.300003M","49.1M","49.0M","48.8M","48.6M","48.4M"],"nokList":[]}