{"time":1755511320249,"server":502,"cpList":["92.5M","916M","90.3M","87.4M","87.3M","86.6M","85.1M","84.7M","84.7M","83.6M","83.5M","82.4M","82.3M","81.5M","81.5M","78.8M","78.7M","77.6M","77.1M","76.8M","766M","76.5M","76.4M","75.6M","75.6M","75.3M","74.3M","74.3M","73.7M","73.5M","73.2M","72.5M","71.8M","70.9M","70.6M","69.9M","69.5M","69.5M","69.2M","69.1M","69M","68.8M","68.4M","67.6M","67.5M","67.5M","67.4M","66.9M","66.9M","66.6M","66.1M","65.7M","65.2M","64.5M","64.3M","64.1M","63.9M","63.7M","63.6M","63.5M","63.5M","63M","61.9M","61.7M","61.1M","61M","60.8M","60.3M","60.3M","59.9M","59.7M","59.3M","58.9M","58.7M","58.7M","58.7M","58.3M","58.2M","58M","57.8M","57.8M","57.7M","57.6M","57.4M","57.3M","57.3M","57.2M","57.2M","57M","56.9M","56.7M","56.2M","56.2M","56.1M","56.1M","56M","56M","55.5M","55.4M","55.1M"],"okList":["92.5M","91.6M","90.3M","87.4M","87.3M","86.6M","85.1M","84.7M","84.7M","83.6M","83.5M","82.4M","82.3M","81.5M","81.5M","78.8M","78.7M","77.6M","0.7709999999999999M","0.00768M","1.66E-5M","7.649999999999999E-8M","7.640000000000001E-9M","7.56E-9M","7.56E-9M","7.53E-9M","7.43E-9M","7.43E-9M","7.37E-9M","7.35E-9M","7.32E-9M","7.25E-9M","7.18E-9M","7.09E-9M","7.06E-9M","6.99E-9M","6.949999999999999E-9M","6.949999999999999E-9M","6.92E-9M","6.91E-9M","6.9E-9M","6.879999999999999E-9M","6.840000000000001E-9M","6.759999999999999E-9M","6.750000000000001E-9M","6.750000000000001E-9M","6.74E-9M","6.69E-9M","6.69E-9M","6.66E-9M","6.609999999999999E-9M","6.57E-9M","6.5200000000000015E-9M","6.45E-9M","6.43E-9M","6.409999999999999E-9M","6.39E-9M","6.37E-9M","6.36E-9M","6.35E-9M","6.35E-9M","6.3E-9M","6.19E-9M","6.17E-9M","6.11E-9M","6.099999999999998E-9M","6.08E-9M","6.03E-9M","6.03E-9M","5.99E-9M","5.97E-9M","5.93E-9M","5.89E-9M","5.870000000000001E-9M","5.870000000000001E-9M","5.870000000000001E-9M","5.83E-9M","5.820000000000001E-9M","5.8E-9M","5.7799999999999995E-9M","5.7799999999999995E-9M","5.7700000000000005E-9M","5.760000000000001E-9M","5.74E-9M","5.73E-9M","5.73E-9M","5.72E-9M","5.72E-9M","5.7E-9M","5.69E-9M","5.6700000000000005E-9M","5.620000000000001E-9M","5.620000000000001E-9M","5.61E-9M","5.61E-9M","5.6000000000000005E-9M","5.6000000000000005E-9M","5.55E-9M","5.54E-9M","5.51E-9M"],"nokList":[]}