{
    "server": 511,
    "total": 2973.7498,
    "average": 30.97656,
    "cpValues": [],
    "cpList": [
        "70.2M",
        "70.1M",
        "61.2M",
        "60.7M",
        "5AM",
        "57.4M",
        "56.3M",
        "55.5M",
        "54.6M",
        "53.9M",
        "50.4M",
        "48.6M",
        "47.1M",
        "44.7M",
        "44.2M",
        "43.8M",
        "43.6M",
        "43.2M",
        "43M",
        "42.6M",
        "42.5M",
        "42M",
        "41.5M",
        "40.9M",
        "40.3M",
        "39.6M",
        "39.2M",
        "38.4M",
        "37.9M",
        "37.2M",
        "36.4M",
        "A6.1M",
        "35.6M",
        "35.2M",
        "35.1M",
        "34.2M",
        "33.2M",
        "32.5M",
        "32.5M",
        "32.2M",
        "31.9M",
        "30.5M",
        "29.9M",
        "29.8M",
        "28.9M",
        "28.8M",
        "28.3M",
        "27.4M",
        "27.3M",
        "26.8M",
        "26.4M",
        "25.8M",
        "25.7M",
        "25.4M",
        "25.4M",
        "25.1M",
        "24.4M",
        "24.2M",
        "24M",
        "23.8M",
        "23.3M",
        "23.3M",
        "23.2M",
        "23.1M",
        "23M",
        "23M",
        "22.9M",
        "22.8M",
        "22.6M",
        "22.6M",
        "22.4M",
        "22.3M",
        "21.9M",
        "21.6M",
        "21.5M",
        "21.5M",
        "21.2M",
        "21.1M",
        "21.1M",
        "21M",
        "20.9M",
        "20.9M",
        "20.5M",
        "20.4M",
        "20.4M",
        "20.1M",
        "19.9M",
        "19.7M",
        "19.5M",
        "19.1M",
        "19.1M",
        "19M",
        "18.7M",
        "18.6M",
        "18.6M",
        "18.6M",
        "18.1M",
        "18.1M",
        "18.1M",
        "17.8M"
    ],
    "okList": [
        "70.2M",
        "65.7M",
        "65.4M",
        "60.7M",
        "59.050003M",
        "57.4M",
        "56.45M",
        "55.449997M",
        "54.7M",
        "52.5M",
        "51.25M",
        "48.75M",
        "46.65M",
        "45.65M",
        "44.25M",
        "43.9M",
        "43.5M",
        "43.3M",
        "42.9M",
        "42.75M",
        "42.3M",
        "42.0M",
        "41.45M",
        "40.9M",
        "40.25M",
        "39.75M",
        "39.0M",
        "38.550003M",
        "37.800003M",
        "37.15M",
        "36.4M",
        "36.0M",
        "35.6M",
        "35.35M",
        "34.7M",
        "34.15M",
        "33.35M",
        "32.85M",
        "32.35M",
        "32.2M",
        "31.35M",
        "30.9M",
        "30.15M",
        "29.4M",
        "29.3M",
        "28.599998M",
        "28.099998M",
        "27.8M",
        "27.099998M",
        "26.849998M",
        "26.3M",
        "26.05M",
        "25.599998M",
        "25.55M",
        "25.25M",
        "24.9M",
        "24.650002M",
        "24.2M",
        "24.0M",
        "23.65M",
        "23.55M",
        "23.25M",
        "23.2M",
        "23.1M",
        "23.05M",
        "22.95M",
        "22.9M",
        "22.75M",
        "22.7M",
        "22.5M",
        "22.45M",
        "22.15M",
        "21.95M",
        "21.7M",
        "21.55M",
        "21.35M",
        "21.3M",
        "21.150002M",
        "21.05M",
        "21.0M",
        "20.95M",
        "20.7M",
        "20.65M",
        "20.45M",
        "20.25M",
        "20.15M",
        "19.900002M",
        "19.7M",
        "19.400002M",
        "19.3M",
        "19.05M",
        "18.900002M",
        "18.8M",
        "18.650002M",
        "18.6M",
        "18.35M",
        "18.35M",
        "18.1M",
        "17.95M",
        "17.8M"
    ],
    "nokList": [
        
    ]
}