{"server":515,"total":6157.1,"average":66.205376,"cpValues":[],"cpList":["97.3M","N3.3M","89.2M","88.8M","88.1M","85.4M","84.7M","83.6M","83.2M","82.M","79.6M","79.5M","79.5M","79.4M","78.3M","76.1M","76M","75.6M","74.7M","73.7M","73.3M","73.2M","71.5M","71.1M","71M","70.8M","70.8M","70.1M","68.3M","68.3M","68.2M","68.1M","6AM","67.7M","67.7M","67.5M","67.4M","67.3M","67M","66.5M","66.3M","65.8M","65M","64.9M","64.5M","64.5M","64.4M","64.3M","64.2M","64.1M","63.8M","63.5M","63.5M","63.5M","63.4M","63.3M","63.3M","63.2M","62.5M","62.4M","62.3M","62.1M","62.1M","62M","61.8M","61.7M","61.6M","61.6M","61.5M","61M","60.8M","60.8M","60.5M","60M","59.9M","59.6M","59.5M","58.9M","58.7M","58.5M","58.4M","58.3M","57.QM","57.8M","57.3M","57.2M","57.2M","56.7M","56.5M","56.3M","55.9M","55.6M","55.3M","55.2M","55.1M","55.1M","54.8M","54.3M","54.1M","53.4M"],"okList":["97.3M","88.649994M","87.100006M","86.399994M","84.5M","83.95M","82.8M","81.399994M","80.75M","79.55M","79.45M","78.9M","77.75M","77.15M","75.85M","75.35M","74.649994M","74.0M","73.45M","72.4M","72.149994M","71.25M","70.95M","70.9M","70.45M","69.55M","69.2M","68.25M","68.2M","67.899994M","67.6M","67.55M","67.4M","67.2M","66.9M","66.65M","66.15M","65.65M","65.350006M","64.75M","64.7M","64.45M","64.4M","64.3M","64.2M","64.0M","63.8M","63.65M","63.5M","63.45M","63.4M","63.35M","63.25M","62.9M","62.800003M","62.4M","62.25M","62.199997M","62.05M","61.949997M","61.85M","61.699997M","61.65M","61.55M","61.3M","61.15M","60.9M","60.65M","60.4M","60.2M","59.8M","59.7M","59.25M","59.1M","58.7M","58.550003M","58.4M","57.5M","57.25M","56.95M","56.85M","56.5M","56.2M","55.949997M","55.6M","55.4M","55.199997M","55.15M","54.949997M","54.699997M","54.449997M","53.85M","53.4M"],"nokList":["N3.3M","89.2M","68.1M","67.7M","58.3M","57.QM","57.8M"]}