{"time":1755511399117,"server":515,"cpList":["97.3M","93.3M","89.5M","89.4M","89.3M","89.1M","88.1M","86.7M","85.4M","83.5M","83M","82.8M","81.1M","81M","80.1M","80M","79.4M","79M","78.8M","77.8M","77.2M","746M","74.4M","742M","73.5M","72.2M","71.8M","71.6M","70.9M","70.8M","70.4M","70.4M","70.3M","70.1M","70.1M","69.7M","69.4M","69.1M","69M","68.5M","68.5M","68.3M","68.2M","67.8M","67.2M","66.6M","66.5M","66.2M","66.1M","66M","65.7M","65.4M","65.1M","65M","64.9M","64.7M","64.4M","64.3M","64.3M","64.3M","63.6M","63.6M","63.3M","63.2M","63.1M","62.9M","62.9M","62.5M","62.5M","62.4M","62.3M","62.1M","61.8M","612M","612M","60.8M","60.7M","60.5M","60.5M","59.7M","59.3M","59.3M","58.4M","57.9M","57.9M","57.7M","57.4M","57.3M","57.3M","57.2M","57M","56.8M","56.3M","56.2M","56M","55.8M","55.3M","55.1M","54.1M","54M"],"okList":["97.3M","93.3M","89.5M","89.4M","89.3M","89.1M","88.1M","86.7M","85.4M","83.5M","83.0M","82.8M","81.1M","81.0M","80.1M","80.0M","79.4M","0.79M","0.00788M","7.780000000000001E-5M","7.72E-6M","1.4599999999999998E-7M","7.44E-8M","1.4199999999999998E-8M","7.35E-9M","7.2199999999999995E-9M","7.18E-9M","7.159999999999999E-9M","7.09E-9M","7.08E-9M","7.040000000000001E-9M","7.040000000000001E-9M","7.03E-9M","7.0099999999999996E-9M","7.0099999999999996E-9M","6.97E-9M","6.9400000000000004E-9M","6.91E-9M","6.9E-9M","6.85E-9M","6.85E-9M","6.83E-9M","6.82E-9M","6.779999999999999E-9M","6.720000000000001E-9M","6.66E-9M","6.65E-9M","6.62E-9M","6.609999999999999E-9M","6.6E-9M","6.57E-9M","6.54E-9M","6.51E-9M","6.500000000000001E-9M","6.4900000000000005E-9M","6.47E-9M","6.440000000000001E-9M","6.43E-9M","6.43E-9M","6.43E-9M","6.36E-9M","6.36E-9M","6.3299999999999994E-9M","6.3200000000000005E-9M","6.31E-9M","6.290000000000001E-9M","6.290000000000001E-9M","6.2500000000000005E-9M","6.2500000000000005E-9M","6.24E-9M","6.23E-9M","6.210000000000001E-9M","6.18E-9M","6.119999999999999E-8M","6.119999999999999E-8M","6.08E-9M","6.07E-9M","6.05E-9M","6.05E-9M","5.97E-9M","5.93E-9M","5.93E-9M","5.84E-9M","5.79E-9M","5.79E-9M","5.7700000000000005E-9M","5.74E-9M","5.73E-9M","5.73E-9M","5.72E-9M","5.7E-9M","5.6799999999999986E-9M","5.63E-9M","5.620000000000001E-9M","5.6000000000000005E-9M","5.5799999999999985E-9M","5.53E-9M","5.51E-9M","5.410000000000001E-9M","5.4E-9M"],"nokList":[]}