{"time":1755511425197,"server":520,"cpList":["717M","80.3M","75.7M","73M","72.6M","68.8M","67.9M","67.5M","67.1M","66.7M","66.6M","66.6M","66.5M","66.3M","65.2M","646M","64.1M","64M","62.4M","62.2M","61.7M","61.6M","612M","61.1M","60.8M","60.2M","60.1M","59.2M","59.2M","58.9M","58.4M","58.2M","58M","57.7M","57.6M","57.6M","57.5M","57.2M","57.1M","56.8M","56.7M","56.4M","55.9M","55.8M","55.8M","55.6M","55.2M","55.1M","54.7M","54.7M","54.6M","542M","542M","54.1M","53.9M","53.6M","53.3M","53M","53M","52.9M","52.8M","52.7M","52.6M","52.6M","52.5M","52.3M","52.2M","52M","51.4M","57M","50.7M","50.6M","50.5M","50.3M","50.2M","50.1M","50M","50M","50M","49.9M","49.7M","49.5M","49.5M","49.5M","49.2M","49.1M","49M","48.8M","48.6M","48.6M","48.6M","48.2M","48M","47.7M","47.6M","47.6M","47.5M","47.5M","47.4M","47.3M"],"okList":["117.0M","80.3M","75.7M","73.0M","72.6M","68.8M","67.9M","67.5M","67.1M","66.7M","66.6M","66.6M","66.5M","66.3M","65.2M","64.6M","64.1M","64.0M","62.4M","62.2M","61.7M","61.6M","61.2M","61.1M","60.8M","60.2M","60.1M","59.2M","59.2M","58.9M","58.4M","58.2M","58.0M","57.7M","57.6M","57.6M","57.5M","57.2M","57.1M","56.8M","56.7M","56.4M","55.9M","55.8M","55.8M","55.6M","55.2M","55.1M","54.7M","54.7M","54.6M","54.2M","54.2M","54.1M","53.9M","53.6M","53.3M","53.0M","53.0M","52.9M","52.8M","52.7M","52.6M","52.6M","52.5M","0.523M","0.00522M","5.2E-5M","5.140000000000001E-7M","5.6999999999999994E-8M","5.07E-9M","5.06E-9M","5.0500000000000006E-9M","5.03E-9M","5.0200000000000004E-9M","5.01E-9M","5.0E-9M","5.0E-9M","5.0E-9M","4.989999999999999E-9M","4.970000000000001E-9M","4.949999999999999E-9M","4.949999999999999E-9M","4.949999999999999E-9M","4.920000000000001E-9M","4.910000000000001E-9M","4.9E-9M","4.8800000000000005E-9M","4.86E-9M","4.86E-9M","4.86E-9M","4.820000000000001E-9M","4.8E-9M","4.770000000000001E-9M","4.76E-9M","4.76E-9M","4.7499999999999995E-9M","4.7499999999999995E-9M","4.739999999999999E-9M","4.73E-9M"],"nokList":[]}