{"server":521,"total":3814.8494,"average":40.156307,"cpValues":[],"cpList":["70.2M","64.9M","62.3M","61M","59.8M","59M","57.8M","56.9M","56.2M","55.4M","54.7M","54.5M","53.4M","53.3M","53M","52.2M","52.2M","51.5M","51.2M","50.7M","50.3M","50M","49.4M","49.3M","48.7M","48.5M","48.2M","47.4M","46.9M","46.7M","46.5M","46.2M","45.9M","45.5M","45.5M","45.4M","45.4M","44.6M","43.5M","43.5M","43.4M","43.2M","43.1M","42.6M","41.9M","41M","39.5M","38.8M","38.5M","38.3M","38.2M","37.7M","37.7M","37.3M","36.7M","A6M","34.8M","33.8M","33.7M","33.2M","33M","32.9M","32.9M","32.8M","32.2M","32.1M","31.5M","31.3M","30.9M","30.8M","30.5M","29.8M","29.4M","29.1M","29M","29M","28.8M","28.6M","28.6M","28.4M","28.3M","28.2M","28.1M","27.7M","27.2M","27.2M","27.2M","25.QM","25.6M","25.5M","25.3M","25.1M","24.6M","24.4M","24.3M","24.2M","23.9M","23.7M","23.7M","23.7M"],"okList":["70.2M","66.25M","62.95M","61.05M","60.0M","58.8M","57.95M","57.0M","56.15M","55.45M","54.95M","54.050003M","53.9M","53.2M","52.75M","52.6M","51.85M","51.7M","51.1M","50.75M","50.35M","49.85M","49.65M","49.050003M","48.9M","48.45M","47.95M","47.550003M","47.050003M","46.7M","46.45M","46.2M","45.85M","45.7M","45.45M","45.45M","45.0M","44.45M","44.05M","43.45M","43.35M","43.25M","42.9M","42.5M","41.8M","40.7M","39.9M","39.0M","38.55M","38.35M","38.0M","37.95M","37.5M","37.2M","35.75M","34.25M","33.5M","33.35M","33.050003M","32.95M","32.85M","32.550003M","32.449997M","31.85M","31.699999M","31.2M","31.05M","30.7M","30.3M","29.95M","29.45M","29.2M","29.05M","28.9M","28.8M","28.7M","28.5M","28.45M","28.3M","28.2M","27.95M","27.650002M","27.45M","27.2M","25.45M","25.3M","24.95M","24.75M","24.45M","24.3M","24.099998M","23.95M","23.8M","23.7M","23.7M"],"nokList":["36.7M","34.8M","27.2M","25.QM","25.6M"]}