{"time":1755511530138,"server":531,"cpList":["94.8M","90.2M","89M","87.1M","87M","83.9M","81.9M","78.2M","78.1M","77.9M","77.6M","77.6M","77.5M","76.4M","746M","74.3M","74.3M","73.5M","70.4M","69.7M","69.6M","68.8M","68.4M","68.3M","68M","67.3M","66.6M","66.4M","65.3M","65.2M","64.9M","646M","646M","646M","64.3M","64.1M","63.5M","63M","62.2M","61.6M","60.9M","60.5M","60.4M","60.2M","59.7M","59.6M","58.9M","58.7M","58.7M","58.5M","58.5M","58.2M","58.1M","58.1M","57.6M","57.2M","56.9M","56.2M","55.8M","55.7M","55.7M","55.7M","55.6M","55.5M","55.3M","55.1M","54.5M","54.4M","54.4M","542M","542M","53.9M","53.9M","53.8M","53.7M","53.7M","53.4M","53.2M","53.1M","52.6M","52.3M","51.8M","51.7M","51.6M","51.3M","50.3M","50.1M","49.8M","49.4M","49.4M","49.3M","48.9M","47.6M","47.4M","46.2M","46M","45.9M","45.8M","45.7M","44.9M"],"okList":["94.8M","90.2M","89.0M","87.1M","87.0M","83.9M","81.9M","78.2M","78.1M","77.9M","0.7759999999999999M","0.0077599999999999995M","7.75E-5M","7.640000000000001E-6M","1.4599999999999998E-7M","7.43E-8M","7.43E-9M","7.35E-9M","7.040000000000001E-9M","6.97E-9M","6.96E-9M","6.879999999999999E-9M","6.840000000000001E-9M","6.83E-9M","6.8E-9M","6.73E-9M","6.66E-9M","6.64E-9M","6.53E-9M","6.5200000000000015E-9M","6.4900000000000005E-9M","6.460000000000001E-8M","6.460000000000001E-8M","6.460000000000001E-8M","6.43E-9M","6.409999999999999E-9M","6.35E-9M","6.3E-9M","6.22E-9M","6.159999999999999E-9M","6.09E-9M","6.05E-9M","6.040000000000001E-9M","6.02E-9M","5.97E-9M","5.96E-9M","5.89E-9M","5.870000000000001E-9M","5.870000000000001E-9M","5.8499999999999994E-9M","5.8499999999999994E-9M","5.820000000000001E-9M","5.8099999999999996E-9M","5.8099999999999996E-9M","5.760000000000001E-9M","5.72E-9M","5.69E-9M","5.620000000000001E-9M","5.5799999999999985E-9M","5.57E-9M","5.57E-9M","5.57E-9M","5.560000000000001E-9M","5.55E-9M","5.53E-9M","5.51E-9M","5.45E-9M","5.44E-9M","5.44E-9M","5.4199999999999996E-8M","5.4199999999999996E-8M","5.390000000000001E-9M","5.390000000000001E-9M","5.38E-9M","5.37E-9M","5.37E-9M","5.34E-9M","5.32E-9M","5.310000000000001E-9M","5.2600000000000004E-9M","5.23E-9M","5.180000000000001E-9M","5.17E-9M","5.160000000000001E-9M","5.13E-9M","5.03E-9M","5.01E-9M","4.979999999999999E-9M","4.940000000000001E-9M","4.940000000000001E-9M","4.930000000000001E-9M","4.89E-9M","4.76E-9M","4.739999999999999E-9M","4.62E-9M","4.6E-9M","4.59E-9M","4.58E-9M","4.57E-9M","4.49E-9M"],"nokList":[]}