{"time":1755511582571,"server":542,"cpList":["97.4M","88.7M","85M","84.1M","81.3M","78.7M","76.4M","75.2M","74.8M","71.9M","71.2M","70.2M","69.6M","69M","66.6M","66.5M","66.2M","65.9M","65.6M","65.2M","65M","63.2M","62.3M","61.6M","61.4M","60.8M","60.7M","60.5M","60.3M","59.8M","59.2M","58.6M","58.4M","58.2M","57.7M","57.7M","57.5M","56.7M","56.5M","56.5M","56.4M","55.9M","55.7M","55.6M","54.6M","54.6M","54.5M","54.4M","53.8M","53.7M","53.5M","53.3M","52.8M","52.1M","52.1M","51.7M","51.6M","51.3M","51.3M","51.1M","57M","57M","50.8M","49.7M","49.6M","49M","48.8M","48.7M","48.5M","48.4M","48.3M","48.3M","48.2M","48M","47.9M","47.9M","47.1M","47.1M","47.1M","46.7M","46.6M","46.6M","46.4M","462M","462M","45.8M","45.7M","45.5M","45.2M","448M","44.4M","443M","44.3M","44.2M","44.1M","43.7M","43.4M","43.2M","42.8M","42.7M"],"okList":["97.4M","88.7M","85.0M","84.1M","81.3M","78.7M","76.4M","75.2M","74.8M","71.9M","71.2M","70.2M","69.6M","69.0M","66.6M","66.5M","66.2M","65.9M","65.6M","65.2M","65.0M","63.2M","62.3M","61.6M","61.4M","60.8M","60.7M","60.5M","60.3M","59.8M","59.2M","58.6M","58.4M","58.2M","57.7M","57.7M","57.5M","56.7M","56.5M","56.5M","56.4M","55.9M","55.7M","55.6M","54.6M","54.6M","54.5M","54.4M","53.8M","53.7M","53.5M","53.3M","52.8M","52.1M","52.1M","51.7M","0.516M","0.00513M","5.13E-5M","5.110000000000001E-7M","5.6999999999999994E-8M","5.7E-9M","5.080000000000001E-9M","4.970000000000001E-9M","4.96E-9M","4.9E-9M","4.8800000000000005E-9M","4.870000000000001E-9M","4.8500000000000004E-9M","4.839999999999999E-9M","4.83E-9M","4.83E-9M","4.820000000000001E-9M","4.8E-9M","4.79E-9M","4.79E-9M","4.7100000000000005E-9M","4.7100000000000005E-9M","4.7100000000000005E-9M","4.670000000000001E-9M","4.66E-9M","4.66E-9M","4.6400000000000005E-9M","4.62E-8M","4.62E-8M","4.58E-9M","4.57E-9M","4.55E-9M","4.519999999999999E-9M","4.4800000000000004E-8M","4.44E-9M","4.43E-8M","4.43E-9M","4.42E-9M","4.41E-9M","4.3700000000000004E-9M","4.34E-9M","4.320000000000001E-9M","4.279999999999999E-9M","4.27E-9M"],"nokList":[]}