{"server":542,"total":5088.602,"average":53.56423,"cpValues":[],"cpList":["25.6M","86.5M","81M","80.1M","77.M","76.3M","72.6M","72.1M","71.8M","71.4M","68.7M","67.9M","67.7M","67.5M","64.4M","63.5M","63.2M","62.7M","62.7M","61.9M","61.9M","61.6M","61.3M","60.5M","60.3M","59.2M","59.1M","58.2M","57.QM","57.7M","57.6M","57.5M","57.4M","56.4M","56M","55.7M","55.6M","55.5M","55.3M","55.1M","54.4M","54.1M","53.8M","53.1M","52.9M","52.9M","52.8M","52.1M","51.8M","51.7M","51.6M","51.3M","51.3M","51.3M","51M","50.8M","50M","49.7M","49.5M","49M","48.8M","48.5M","48.4M","48.3M","48.3M","47.9M","47.9M","47.8M","47.8M","47.3M","47.3M","47.1M","46.7M","46.4M","46.4M","46.4M","46.2M","46.2M","45.7M","45.3M","45.2M","45.1M","44.8M","44.7M","44.5M","44.5M","44.4M","44.4M","44.3M","44.1M","44M","43.4M","43.2M","43M","42.7M","42.5M","42.3M","42.2M","#2M","42M"],"okList":["25.6M","53.3M","83.3M","79.0M","78.2M","74.8M","74.2M","72.2M","71.75M","70.25M","69.65M","68.2M","67.7M","66.05M","65.5M","63.800003M","63.1M","62.95M","62.300003M","62.300003M","61.75M","61.6M","61.05M","60.8M","59.85M","59.699997M","58.7M","57.6M","57.5M","56.95M","56.7M","56.050003M","55.8M","55.6M","55.449997M","55.3M","54.85M","54.6M","54.1M","53.6M","53.35M","53.0M","52.85M","52.5M","52.3M","51.9M","51.699997M","51.5M","51.449997M","51.3M","51.15M","51.05M","50.5M","50.25M","49.75M","49.35M","49.15M","48.75M","48.6M","48.4M","48.35M","48.1M","48.1M","47.85M","47.85M","47.55M","47.55M","47.199997M","47.0M","46.75M","46.550003M","46.4M","46.300003M","46.300003M","45.95M","45.75M","45.45M","45.199997M","45.0M","44.9M","44.65M","44.6M","44.45M","44.45M","44.35M","44.25M","44.15M","43.75M","43.6M","43.2M","42.95M","42.75M","42.5M","42.35M","42.0M"],"nokList":["58.2M","57.QM","57.7M","42.2M","#2M"]}