{"server":553,"total":4737.249,"average":48.339275,"cpValues":[],"cpList":["84.8M","83.1M","66.1M","65.9M","62.1M","60.3M","60M","59.7M","59.4M","59.2M","59M","58.7M","58.5M","58.2M","5AM","56.9M","56.7M","56.1M","56M","55.7M","55.6M","54.7M","54.6M","54.6M","54.3M","54M","53.8M","53.6M","53M","52.4M","52.3M","52.2M","51.3M","51.3M","51.2M","50.2M","50M","49.9M","49.9M","49.5M","49.5M","49.1M","49M","48.6M","48.6M","48.4M","47.8M","47M","47M","47M","47M","46.4M","46.3M","46.2M","46.1M","46M","45.9M","45.1M","45M","44.7M","44.3M","44.2M","44.1M","44M","44M","43.6M","43.4M","43.3M","43.1M","42.7M","42.2M","42.2M","42.2M","42.2M","42M","41.5M","40.8M","40.7M","40.7M","40.6M","40.3M","40.3M","40.3M","40M","39.9M","39.8M","39.7M","39.7M","39.6M","39.6M","39.5M","38.4M","38.3M","38.2M","38.1M","31.8M","37.7M","37.7M","37.5M","37.4M"],"okList":["84.8M","75.45M","74.5M","64.1M","63.1M","61.05M","60.0M","59.7M","59.45M","59.2M","58.95M","58.75M","58.45M","57.550003M","56.5M","56.35M","55.9M","55.8M","55.2M","55.1M","54.65M","54.449997M","54.3M","54.05M","53.8M","53.4M","53.0M","52.65M","52.300003M","51.8M","51.75M","51.25M","50.75M","50.6M","50.050003M","49.95M","49.7M","49.7M","49.3M","49.25M","48.85M","48.8M","48.5M","48.199997M","47.7M","47.4M","47.0M","47.0M","46.7M","46.65M","46.300003M","46.199997M","46.1M","46.0M","45.55M","45.45M","44.9M","44.65M","44.45M","44.199997M","44.1M","44.05M","43.8M","43.7M","43.449997M","43.25M","43.0M","42.65M","42.45M","42.2M","42.2M","42.1M","41.85M","41.4M","41.1M","40.75M","40.65M","40.5M","40.449997M","40.3M","40.15M","40.1M","39.9M","39.800003M","39.75M","39.65M","39.65M","39.55M","39.0M","38.9M","38.300003M","38.199997M","35.0M","37.9M","37.7M","37.6M","37.550003M","37.4M"],"nokList":["58.2M","56.9M"]}