{"server":564,"total":5286.05,"average":58.08846,"cpValues":[],"cpList":["108M","25.9M","N1.1M","80.4M","78.7M","76.8M","75.3M","74.8M","73.5M","73.5M","72.8M","71.6M","71.1M","70M","69M","6AM","67.3M","64.7M","64.3M","63.7M","63.7M","63.1M","63M","63M","62.8M","62.2M","62.1M","61.8M","61.3M","61M","60.6M","60.5M","60.4M","60.3M","60.2M","60.1M","60M","59.9M","59.5M","58.9M","58.8M","58.8M","58.5M","5AM","57.7M","57.5M","57.4M","57.3M","57.3M","57.1M","56.8M","56.8M","56.6M","56.4M","55.6M","55.1M","55.1M","55.1M","54.4M","54.3M","53.8M","53.7M","53.7M","53.6M","53.6M","53.4M","53.3M","53.1M","53M","52.9M","52.5M","52.3M","52M","52M","51.8M","51.3M","50.9M","50.8M","50.7M","50.7M","50.3M","50.3M","50.2M","50.1M","49.8M","49.7M","49.6M","49.4M","49.3M","49M","49M","48.8M","48.7M","48.6M","48.4M","48.2M","48.2M","4AM","48M","4AM"],"okList":["108.0M","78.600006M","77.0M","75.8M","74.4M","74.15M","73.15M","72.55M","71.95M","70.8M","70.05M","68.15M","65.8M","64.2M","64.0M","63.4M","63.35M","63.05M","62.9M","62.6M","62.449997M","62.0M","61.699997M","61.4M","60.949997M","60.75M","60.5M","60.4M","60.300003M","60.199997M","60.1M","60.0M","59.75M","59.4M","59.15M","58.85M","58.65M","58.1M","57.550003M","57.4M","57.35M","57.199997M","57.05M","56.949997M","56.699997M","56.6M","56.1M","55.75M","55.35M","55.1M","54.75M","54.699997M","54.1M","54.0M","53.75M","53.65M","53.65M","53.5M","53.449997M","53.25M","53.15M","53.0M","52.75M","52.6M","52.25M","52.15M","51.9M","51.65M","51.35M","51.05M","50.800003M","50.75M","50.5M","50.5M","50.25M","50.199997M","50.0M","49.9M","49.699997M","49.550003M","49.449997M","49.2M","49.15M","48.9M","48.85M","48.699997M","48.550003M","48.4M","48.300003M","48.1M","48.0M"],"nokList":["25.9M","N1.1M","80.4M","69M","67.3M","58.5M","57.7M","48.2M","48M"]}