{"time":1755511739870,"server":579,"cpList":["78.3M","77.2M","76.7M","742M","73.8M","73.6M","73.3M","72.3M","70.4M","68.1M","67.8M","67.5M","66.2M","65.5M","65.2M","64.1M","62.7M","61.7M","61.6M","61.6M","60.6M","60.4M","60.1M","60M","59.3M","59.3M","58.8M","58.2M","58M","57.9M","57.3M","55.7M","55.7M","54.9M","54M","53.5M","52.4M","51.9M","50.4M","50.2M","49.5M","49M","47M","46.9M","46.9M","468M","46.5M","46.4M","462M","461M","45M","44.5M","44.4M","443M","442M","44M","43.7M","43.3M","43.2M","43M","42.7M","422M","41.7M","41M","40.8M","40.1M","40M","39.5M","39M","38.9M","38.8M","38.6M","37.9M","37.8M","37.3M","37.2M","37.1M","37.1M","37M","36.9M","36.6M","36.3M","36M","35.7M","35.5M","35.4M","35.2M","346M","34.5M","34.3M","34M","33.9M","33.7M","33.6M","33.6M","33.3M","32.9M","32.9M","32.9M","32.7M"],"okList":["0.007829999999999998M","7.72E-5M","7.67E-6M","1.4199999999999997E-7M","7.38E-8M","7.36E-9M","7.329999999999999E-9M","7.23E-9M","7.040000000000001E-9M","6.8099999999999994E-9M","6.779999999999999E-9M","6.750000000000001E-9M","6.62E-9M","6.550000000000001E-9M","6.5200000000000015E-9M","6.409999999999999E-9M","6.270000000000001E-9M","6.17E-9M","6.159999999999999E-9M","6.159999999999999E-9M","6.06E-9M","6.040000000000001E-9M","6.01E-9M","6.0E-9M","5.93E-9M","5.93E-9M","5.88E-9M","5.820000000000001E-9M","5.8E-9M","5.79E-9M","5.73E-9M","5.57E-9M","5.57E-9M","5.49E-9M","5.4E-9M","5.350000000000001E-9M","5.24E-9M","5.1900000000000005E-9M","5.040000000000001E-9M","5.0200000000000004E-9M","4.949999999999999E-9M","4.9E-9M","4.699999999999999E-9M","4.689999999999999E-9M","4.689999999999999E-9M","4.6799999999999996E-8M","4.65E-9M","4.6400000000000005E-9M","4.62E-8M","4.610000000000001E-8M","4.500000000000001E-9M","4.45E-9M","4.44E-9M","4.43E-8M","4.419999999999999E-8M","4.4000000000000005E-9M","4.3700000000000004E-9M","4.33E-9M","4.320000000000001E-9M","4.3000000000000005E-9M","4.27E-9M","4.2199999999999994E-8M","4.17E-9M","4.0999999999999995E-9M","4.079999999999999E-9M","4.010000000000001E-9M","4.0E-9M","3.950000000000001E-9M","3.899999999999999E-9M","3.8900000000000004E-9M","3.879999999999999E-9M","3.86E-9M","3.7899999999999995E-9M","3.78E-9M","3.729999999999999E-9M","3.7200000000000012E-9M","3.7100000000000002E-9M","3.7100000000000002E-9M","3.7000000000000005E-9M","3.6900000000000003E-9M","3.66E-9M","3.63E-9M","3.6E-9M","3.57E-9M","3.5499999999999995E-9M","3.54E-9M","3.5200000000000007E-9M","3.46E-8M","3.45E-9M","3.43E-9M","3.4E-9M","3.3899999999999997E-9M","3.37E-9M","3.3600000000000004E-9M","3.3600000000000004E-9M","3.33E-9M","3.2899999999999996E-9M","3.2899999999999996E-9M","3.2899999999999996E-9M","3.27E-9M"],"nokList":[]}