{"time":1755511766202,"server":584,"cpList":["147M","93.3M","79.4M","78.3M","73.9M","72.3M","71.7M","70.5M","69.5M","69.4M","68.1M","68M","65.6M","63.9M","63.4M","62.9M","62.7M","62.5M","62.3M","62.1M","612M","60.2M","59.2M","58.6M","58.6M","58.6M","58.4M","58.2M","57.9M","57.8M","57.7M","57.7M","57.1M","57.1M","56.4M","56.4M","56.1M","55.6M","54.4M","542M","54.1M","53.6M","52.9M","52.5M","52.4M","52.3M","52.2M","52.1M","51.5M","51.4M","51.4M","51.2M","57M","50.9M","50.7M","50.5M","50M","49.6M","49.2M","48.9M","48.8M","48.7M","48.4M","48.3M","48.3M","48.1M","48.1M","47.9M","47.5M","47.2M","46.9M","46.9M","46.6M","46.5M","46.4M","46.3M","46M","45.9M","45.6M","45.6M","45.3M","44.9M","448M","44.7M","43.8M","43.6M","43.6M","43.6M","43.3M","43.2M","43.2M","43.1M","42.9M","42.9M","42.6M","42.3M","41.9M","41.5M","40.9M","40.2M"],"okList":["147.0M","93.3M","79.4M","78.3M","73.9M","72.3M","71.7M","70.5M","69.5M","69.4M","68.1M","68.0M","65.6M","63.9M","63.4M","62.9M","62.7M","62.5M","62.3M","62.1M","61.2M","60.2M","59.2M","58.6M","58.6M","58.6M","58.4M","58.2M","57.9M","57.8M","57.7M","57.7M","57.1M","57.1M","56.4M","56.4M","56.1M","55.6M","54.4M","54.2M","54.1M","53.6M","52.9M","52.5M","52.4M","52.3M","52.2M","52.1M","0.515M","0.0051400000000000005M","5.14E-5M","5.12E-7M","5.6999999999999994E-8M","5.0900000000000004E-9M","5.07E-9M","5.0500000000000006E-9M","5.0E-9M","4.96E-9M","4.920000000000001E-9M","4.89E-9M","4.8800000000000005E-9M","4.870000000000001E-9M","4.839999999999999E-9M","4.83E-9M","4.83E-9M","4.8100000000000006E-9M","4.8100000000000006E-9M","4.79E-9M","4.7499999999999995E-9M","4.72E-9M","4.689999999999999E-9M","4.689999999999999E-9M","4.66E-9M","4.65E-9M","4.6400000000000005E-9M","4.629999999999999E-9M","4.6E-9M","4.59E-9M","4.559999999999999E-9M","4.559999999999999E-9M","4.529999999999999E-9M","4.49E-9M","4.4800000000000004E-8M","4.4700000000000005E-9M","4.379999999999999E-9M","4.360000000000001E-9M","4.360000000000001E-9M","4.360000000000001E-9M","4.33E-9M","4.320000000000001E-9M","4.320000000000001E-9M","4.31E-9M","4.289999999999999E-9M","4.289999999999999E-9M","4.26E-9M","4.2300000000000005E-9M","4.190000000000001E-9M","4.15E-9M","4.09E-9M","4.020000000000001E-9M"],"nokList":[]}