{"server":584,"total":5189.5,"average":52.954082,"cpValues":[],"cpList":["143M","N3.3M","79.4M","76.5M","73.9M","69.9M","68.3M","68.1M","68.1M","67.2M","67.2M","65.6M","65.3M","62.7M","62.3M","61.4M","61.2M","60.2M","59.9M","59.6M","59.1M","59M","58.5M","58.4M","57.8M","57.7M","57.5M","56.5M","56.4M","56.2M","55.9M","55.8M","55.7M","55.6M","55.3M","54.8M","54.4M","53.9M","53.6M","53.1M","52.3M","52.2M","52.1M","52.1M","51.5M","51.4M","51.4M","51.4M","51M","50.9M","50.7M","50.2M","50M","49.8M","49.5M","48.M","48.6M","48.6M","48.5M","48.3M","48.1M","48.1M","48.1M","47.9M","47.M","47.5M","47.5M","47.4M","47.2M","46.9M","46.5M","46.4M","46.3M","46.3M","46.1M","45.6M","45.3M","45.1M","45M","44.9M","44.6M","44.2M","43.6M","43.6M","43.6M","43.5M","43.4M","43.2M","43.2M","43.2M","43.1M","43M","42.9M","42.7M","42.6M","42.4M","42.3M","42.1M","41.5M","41.5M"],"okList":["143.0M","76.65M","73.2M","71.100006M","69.0M","68.2M","67.649994M","67.649994M","66.399994M","66.25M","64.15M","63.800003M","62.050003M","61.75M","60.800003M","60.550003M","59.9M","59.5M","59.3M","58.8M","58.7M","58.15M","58.050003M","57.65M","57.1M","56.95M","56.35M","56.15M","56.0M","55.800003M","55.699997M","55.5M","55.199997M","54.85M","54.35M","54.0M","53.5M","52.949997M","52.65M","52.199997M","52.15M","51.8M","51.75M","51.45M","51.4M","51.2M","51.15M","50.85M","50.550003M","50.35M","50.0M","49.75M","48.9M","49.05M","48.6M","48.55M","48.449997M","48.3M","48.199997M","48.1M","48.0M","47.55M","47.7M","47.5M","47.45M","47.35M","47.15M","46.85M","46.65M","46.4M","46.35M","46.199997M","45.949997M","45.699997M","45.35M","45.15M","45.0M","44.8M","44.550003M","44.1M","43.9M","43.6M","43.55M","43.5M","43.35M","43.300003M","43.2M","43.15M","43.1M","43.0M","42.85M","42.75M","42.550003M","42.449997M","42.25M","41.9M","41.8M","41.5M"],"nokList":["N3.3M","79.4M"]}