{"time":1755511792294,"server":591,"cpList":["155M","134M","112M","104M","95.3M","92.9M","92M","89.4M","86.4M","85.3M","843M","84M","80.4M","79M","77.9M","77.5M","77.2M","76.5M","75.2M","75M","73M","72.4M","77M","77M","70.9M","70.7M","70.4M","70.3M","69.9M","69.8M","69.8M","69.6M","69.6M","69.3M","68.4M","68M","67.9M","67.6M","67.5M","67.2M","67.1M","67M","67M","67M","66.8M","66.5M","66.3M","66.3M","65.9M","65.9M","65.7M","65.2M","65.1M","65.1M","64.4M","63.6M","63.3M","63.2M","63.1M","63M","62.8M","62.7M","62.4M","62.3M","62.2M","62.1M","62M","61.9M","61.8M","61.7M","61.7M","61.5M","612M","60.8M","60.8M","60.8M","60.7M","60.7M","60.6M","60.5M","60.3M","60.2M","60.2M","60M","59.9M","59.8M","59.4M","59.3M","59.1M","59.1M","59M","59M","59M","58.8M","59.8M","58.6M","58.6M","58.4M","58.4M","58.4M"],"okList":["155.0M","134.0M","112.0M","104.0M","95.3M","92.9M","92.0M","89.4M","86.4M","85.3M","84.3M","84.0M","80.4M","79.0M","77.9M","77.5M","77.2M","76.5M","0.752M","0.0075M","7.3E-5M","7.240000000000001E-7M","7.699999999999999E-8M","7.700000000000001E-9M","7.09E-9M","7.070000000000001E-9M","7.040000000000001E-9M","7.03E-9M","6.99E-9M","6.9799999999999995E-9M","6.9799999999999995E-9M","6.96E-9M","6.96E-9M","6.929999999999999E-9M","6.840000000000001E-9M","6.8E-9M","6.790000000000001E-9M","6.759999999999999E-9M","6.750000000000001E-9M","6.720000000000001E-9M","6.709999999999999E-9M","6.7000000000000004E-9M","6.7000000000000004E-9M","6.7000000000000004E-9M","6.68E-9M","6.65E-9M","6.63E-9M","6.63E-9M","6.590000000000001E-9M","6.590000000000001E-9M","6.57E-9M","6.5200000000000015E-9M","6.51E-9M","6.51E-9M","6.440000000000001E-9M","6.36E-9M","6.3299999999999994E-9M","6.3200000000000005E-9M","6.31E-9M","6.3E-9M","6.28E-9M","6.270000000000001E-9M","6.24E-9M","6.23E-9M","6.22E-9M","6.210000000000001E-9M","6.2E-9M","6.19E-9M","6.18E-9M","6.17E-9M","6.17E-9M","6.1500000000000005E-9M","6.119999999999999E-8M","6.08E-9M","6.08E-9M","6.08E-9M","6.07E-9M","6.07E-9M","6.06E-9M","6.05E-9M","6.03E-9M","6.02E-9M","6.02E-9M","6.0E-9M","5.99E-9M","5.9800000000000004E-9M","5.9400000000000006E-9M","5.93E-9M","5.91E-9M","5.91E-9M","5.9E-9M","5.9E-9M","5.9E-9M","5.88E-9M","5.9800000000000004E-9M","5.86E-9M","5.86E-9M","5.84E-9M","5.84E-9M","5.84E-9M"],"nokList":[]}