{"time":1755511818789,"server":593,"cpList":["95.2M","88.7M","85.3M","81.8M","81.3M","742M","71.6M","71.5M","70.6M","70.3M","68.7M","67.4M","66.8M","65.8M","64.1M","62.5M","612M","60.9M","60.4M","60.4M","60.2M","59.2M","58.4M","58.1M","58.1M","57.4M","57.1M","57.1M","56.6M","56.6M","56.3M","56M","55.9M","55.8M","55.7M","55.3M","55.3M","55M","54.7M","53.8M","53.5M","53.5M","53.4M","53.3M","53M","53M","52.9M","52.3M","51.9M","51.5M","50.9M","50.7M","50.6M","49.7M","49.6M","49.5M","49.3M","49.2M","48.9M","48.8M","48.7M","48.5M","47.1M","47M","46.7M","46.5M","46.4M","46.4M","46.4M","46.3M","461M","46M","46M","45.9M","45.9M","45.8M","45.4M","45.4M","45.3M","45.2M","44.7M","44.7M","44.5M","443M","442M","442M","441M","43.8M","43.5M","43.1M","42.9M","42.7M","42.6M","42.5M","42.5M","42.3M","41.5M","41.1M","40.9M","40.8M"],"okList":["95.2M","0.887M","0.00853M","8.18E-5M","8.129999999999998E-6M","1.4199999999999997E-7M","7.159999999999999E-8M","7.15E-9M","7.06E-9M","7.03E-9M","6.8700000000000005E-9M","6.74E-9M","6.68E-9M","6.579999999999999E-9M","6.409999999999999E-9M","6.2500000000000005E-9M","6.119999999999999E-8M","6.09E-9M","6.040000000000001E-9M","6.040000000000001E-9M","6.02E-9M","5.920000000000001E-9M","5.84E-9M","5.8099999999999996E-9M","5.8099999999999996E-9M","5.74E-9M","5.71E-9M","5.71E-9M","5.660000000000001E-9M","5.660000000000001E-9M","5.63E-9M","5.6000000000000005E-9M","5.59E-9M","5.5799999999999985E-9M","5.57E-9M","5.53E-9M","5.53E-9M","5.500000000000001E-9M","5.47E-9M","5.38E-9M","5.350000000000001E-9M","5.350000000000001E-9M","5.34E-9M","5.329999999999999E-9M","5.3E-9M","5.3E-9M","5.2900000000000006E-9M","5.23E-9M","5.1900000000000005E-9M","5.15E-9M","5.0900000000000004E-9M","5.07E-9M","5.06E-9M","4.970000000000001E-9M","4.96E-9M","4.949999999999999E-9M","4.930000000000001E-9M","4.920000000000001E-9M","4.89E-9M","4.8800000000000005E-9M","4.870000000000001E-9M","4.8500000000000004E-9M","4.7100000000000005E-9M","4.699999999999999E-9M","4.670000000000001E-9M","4.65E-9M","4.6400000000000005E-9M","4.6400000000000005E-9M","4.6400000000000005E-9M","4.629999999999999E-9M","4.610000000000001E-8M","4.6E-9M","4.6E-9M","4.59E-9M","4.59E-9M","4.58E-9M","4.5400000000000005E-9M","4.5400000000000005E-9M","4.529999999999999E-9M","4.519999999999999E-9M","4.4700000000000005E-9M","4.4700000000000005E-9M","4.45E-9M","4.43E-8M","4.419999999999999E-8M","4.419999999999999E-8M","4.4100000000000004E-8M","4.379999999999999E-9M","4.35E-9M","4.31E-9M","4.289999999999999E-9M","4.27E-9M","4.26E-9M","4.25E-9M","4.25E-9M","4.2300000000000005E-9M","4.15E-9M","4.109999999999999E-9M","4.09E-9M","4.079999999999999E-9M"],"nokList":[]}