{"server":593,"total":4710.0005,"average":49.578953,"cpValues":[],"cpList":["22.3M","86.9M","81.5M","78.4M","7AM","12.4M","69.5M","68.9M","68.2M","66.1M","65.7M","64.8M","63.7M","63.3M","60.2M","59.2M","59.1M","57.7M","57.7M","57.3M","57.2M","56.5M","56.2M","55.9M","55.7M","54.5M","54.4M","54.1M","54.1M","53.5M","53.5M","53.3M","53.1M","52.9M","52.8M","52.5M","52.4M","52.1M","51.8M","51.6M","51.5M","51.3M","50.9M","50.9M","50.7M","50.3M","50.2M","50M","50M","49.7M","49.3M","48.4M","48.2M","47.M","47.3M","47.1M","47M","46.7M","46.5M","46.5M","46.2M","46.2M","46.1M","46M","45.9M","45.9M","45.7M","45.4M","44.7M","44.7M","44.4M","44.3M","44.2M","44.2M","43.9M","43.9M","43.8M","43.8M","43.6M","43.1M","43M","42.8M","42.5M","42.3M","42.2M","42M","41.9M","41.5M","41.3M","41.1M","41.1M","41M","40.8M","#0.7M","40.5M","40.3M","39.9M","39.6M","39.4M","39.4M"],"okList":["22.3M","51.9M","82.65M","45.4M","40.65M","68.85M","67.5M","66.95M","65.45M","64.7M","64.05M","61.95M","61.25M","59.65M","58.45M","58.4M","57.5M","57.45M","56.9M","56.7M","56.2M","55.95M","55.2M","55.050003M","54.3M","54.25M","53.8M","53.8M","53.4M","53.3M","53.1M","52.949997M","52.7M","52.6M","52.3M","52.1M","51.85M","51.65M","51.449997M","51.2M","51.1M","50.800003M","50.6M","50.45M","50.15M","50.1M","49.85M","49.65M","49.050003M","48.75M","47.7M","47.75M","47.05M","47.15M","46.9M","46.75M","46.6M","46.35M","46.35M","46.15M","46.1M","46.0M","45.95M","45.800003M","45.65M","45.2M","45.050003M","44.550003M","44.5M","44.300003M","44.25M","44.050003M","44.050003M","43.85M","43.85M","43.699997M","43.449997M","43.3M","42.949997M","42.75M","42.55M","42.35M","42.15M","42.050003M","41.75M","41.6M","41.3M","41.199997M","41.05M","40.949997M","40.2M","39.949997M","39.65M","39.5M","39.4M"],"nokList":["78.4M","12.4M","40.8M","#0.7M","40.5M"]}