{"time":1755511844716,"server":594,"cpList":["90.1M","82.9M","81.5M","79.5M","79M","77.7M","75.9M","74.9M","74.3M","73.8M","72.2M","71.4M","71.4M","70.8M","70.4M","69.9M","69.8M","69.3M","69.2M","69.1M","68.2M","68.1M","67.4M","67.4M","67.3M","65.5M","64.8M","63.4M","63.3M","63.1M","62.5M","62.2M","62.1M","61.1M","61M","60.9M","60.8M","60.8M","60.5M","59.4M","59.2M","58.4M","58.4M","58.1M","57.6M","57.3M","57.3M","56.8M","56.6M","55.7M","55.6M","54.6M","54.1M","54M","53.9M","53.7M","53.3M","52.9M","52.8M","52.1M","52M","52M","51.6M","51.4M","51.2M","51.1M","57M","50.8M","50.7M","50.7M","50.5M","50.1M","50M","49.3M","48.6M","48.3M","48.2M","48.2M","47.7M","47.2M","47M","46.6M","46.5M","46.4M","45.5M","45.5M","45.3M","45.2M","45M","44.9M","448M","446M","44.4M","44.4M","44.3M","43.7M","43.6M","43.5M","43.4M","43.4M"],"okList":["90.1M","82.9M","81.5M","79.5M","79.0M","77.7M","75.9M","74.9M","74.3M","73.8M","72.2M","71.4M","71.4M","70.8M","70.4M","69.9M","69.8M","69.3M","69.2M","69.1M","68.2M","68.1M","67.4M","67.4M","67.3M","65.5M","64.8M","63.4M","63.3M","63.1M","62.5M","62.2M","62.1M","61.1M","61.0M","60.9M","60.8M","60.8M","60.5M","59.4M","59.2M","58.4M","58.4M","58.1M","57.6M","57.3M","57.3M","56.8M","56.6M","55.7M","55.6M","54.6M","54.1M","54.0M","53.9M","53.7M","53.3M","52.9M","52.8M","52.1M","52.0M","52.0M","0.516M","0.0051400000000000005M","5.1200000000000004E-5M","5.110000000000001E-7M","5.6999999999999994E-8M","5.080000000000001E-9M","5.07E-9M","5.07E-9M","5.0500000000000006E-9M","5.01E-9M","5.0E-9M","4.930000000000001E-9M","4.86E-9M","4.83E-9M","4.820000000000001E-9M","4.820000000000001E-9M","4.770000000000001E-9M","4.72E-9M","4.699999999999999E-9M","4.66E-9M","4.65E-9M","4.6400000000000005E-9M","4.55E-9M","4.55E-9M","4.529999999999999E-9M","4.519999999999999E-9M","4.500000000000001E-9M","4.49E-9M","4.4800000000000004E-8M","4.4599999999999996E-8M","4.44E-9M","4.44E-9M","4.43E-9M","4.3700000000000004E-9M","4.360000000000001E-9M","4.35E-9M","4.34E-9M","4.34E-9M"],"nokList":[]}