{"time":1755511897244,"server":601,"cpList":["100M","90.3M","87.8M","87.8M","82.2M","82.2M","82.1M","80.5M","72.3M","70.4M","70.4M","69.3M","69.1M","68.8M","66.3M","64.7M","62.8M","62.2M","61.7M","61.6M","61.6M","61.5M","61.3M","61.1M","60.8M","60.5M","60.4M","60.3M","59.4M","58.9M","58.8M","58.7M","58.1M","58.1M","58M","57.4M","56.3M","56.3M","55.9M","55.8M","55.4M","53.8M","53.7M","53.6M","53.5M","52.3M","52.1M","52.1M","51.3M","51.2M","51.2M","49.3M","49.1M","48.6M","48.4M","47.8M","47.8M","47.8M","47.6M","47.5M","47.4M","47.4M","47.2M","46.7M","46.5M","46.3M","462M","46M","45.8M","45.1M","45M","446M","43.9M","43.7M","43.4M","43.4M","42.9M","42.9M","42.7M","42.5M","42.4M","42.3M","42M","42M","41.8M","412M","40.5M","40.2M","40.1M","39.9M","39.6M","39.3M","39.2M","37.9M","37.5M","33.5M","36.7M","36.7M","363M","36.1M"],"okList":["100.0M","90.3M","87.8M","87.8M","82.2M","82.2M","82.1M","80.5M","72.3M","70.4M","70.4M","69.3M","69.1M","68.8M","66.3M","64.7M","62.8M","62.2M","61.7M","61.6M","61.6M","61.5M","61.3M","61.1M","60.8M","60.5M","60.4M","60.3M","59.4M","58.9M","58.8M","58.7M","58.1M","58.1M","58.0M","57.4M","56.3M","56.3M","55.9M","55.8M","55.4M","53.8M","53.7M","53.6M","53.5M","52.3M","52.1M","52.1M","51.3M","51.2M","51.2M","49.3M","49.1M","48.6M","48.4M","47.8M","47.8M","47.8M","47.6M","47.5M","47.4M","47.4M","47.2M","46.7M","46.5M","46.3M","46.2M","46.0M","45.8M","45.1M","45.0M","44.6M","43.9M","43.7M","43.4M","43.4M","42.9M","42.9M","42.7M","42.5M","42.4M","42.3M","42.0M","42.0M","41.8M","41.2M","40.5M","40.2M","40.1M","39.9M","39.6M","39.3M","0.392M","0.00379M","3.75E-5M","3.35E-7M","3.6700000000000004E-8M","3.6700000000000004E-9M","3.63E-8M","3.6099999999999997E-9M"],"nokList":[]}