{"time":1756148336500,"server":607,"cpList":["119M","117M","M6M","1T0M","105M","97.5M","96.7M","94.7M","89.4M","88.2M","88.2M","86.5M","85.8M","84.8M","812M","79M","78.9M","78.3M","77.3M","76.7M","763M","75M","74.5M","73.8M","72.4M","72.4M","72.4M","71.7M","71.5M","71.3M","71.1M","71M","70.5M","67M","66.7M","66M","65.5M","65.3M","65.2M","65.1M","65M","65M","64.9M","64.8M","64.6M","64.1M","64M","63.2M","63.2M","63.1M","62.6M","62.5M","61.5M","60.6M","60.5M","60.3M","59.8M","59.7M","59.6M","59.5M","59.4M","59.3M","58.9M","58.6M","58.3M","58.1M","58.1M","58M","57.9M","57.8M","57.7M","57.7M","57.6M","57.5M","57.2M","57.1M","56.5M","56.5M","56.5M","56.1M","56M","55.8M","55.7M","55.7M","55.3M","55.2M","55.2M","54.6M","54.5M","54.5M","54.4M","54.2M","54.1M","53.3M","53.2M","50.7M","50.5M","50.1M","50M","49.8M"],"okList":["119.0M","117.0M","6.0M","17.0M","10.5M","9.75M","9.67M","9.47M","8.940000000000001M","8.82M","8.82M","8.65M","8.58M","8.48M","8.120000000000001M","7.9M","7.890000000000001M","7.83M","7.7299999999999995M","7.67M","7.63M","7.5M","7.45M","7.38M","7.24M","7.24M","7.24M","7.17M","7.15M","7.13M","7.109999999999999M","7.1M","7.05M","6.7M","6.67M","6.6M","6.55M","6.529999999999999M","6.5200000000000005M","6.51M","6.5M","6.5M","6.49M","6.4799999999999995M","6.459999999999999M","6.409999999999999M","6.4M","6.32M","6.32M","6.3100000000000005M","6.26M","6.25M","6.15M","6.0600000000000005M","6.05M","6.029999999999999M","5.9799999999999995M","5.970000000000001M","5.96M","5.95M","5.9399999999999995M","5.93M","5.89M","5.86M","5.83M","5.8100000000000005M","5.8100000000000005M","5.8M","5.79M","5.779999999999999M","5.7700000000000005M","5.7700000000000005M","5.76M","5.75M","5.720000000000001M","5.71M","5.65M","5.65M","5.65M","5.61M","5.6M","5.58M","5.57M","5.57M","5.529999999999999M","5.5200000000000005M","5.5200000000000005M","5.46M","5.45M","5.45M","5.4399999999999995M","5.42M","5.41M","5.33M","5.32M","5.07M","5.05M","5.01M","5.0M","4.9799999999999995M"],"nokList":[]}