{"time":1755532474535,"server":607,"cpList":["779M","779M","176M","771M","105M","96.7M","95.3M","946M","89.2M","88.2M","88.2M","86.4M","85.8M","846M","81.3M","79M","78.7M","78.1M","77.3M","766M","76.3M","75M","74.5M","73.8M","72.4M","72.3M","72.3M","71.7M","71.5M","71.2M","77M","77M","70.2M","66.8M","66.7M","65.9M","65.3M","65.2M","65.2M","65.1M","65M","65M","64.8M","646M","646M","64M","63.9M","63.2M","63.1M","62.9M","62.6M","62.5M","62M","61.4M","60.5M","60.4M","60.3M","59.6M","59.5M","59.4M","59.4M","59.3M","58.8M","58.6M","58.1M","58.1M","58.1M","58M","57.9M","57.7M","57.7M","57.6M","57.6M","57.4M","57.2M","57M","56.5M","56.5M","56.5M","56.1M","55.7M","55.7M","55.7M","55.6M","55.3M","55.2M","55.1M","54.6M","54.5M","54.5M","54.4M","542M","54.1M","53.3M","53.2M","50.7M","50.3M","50.1M","50M","49.8M"],"okList":["179.0M","77.9M","17.6M","7.709999999999999M","10.5M","9.67M","9.53M","9.459999999999999M","8.92M","8.82M","8.82M","8.64M","8.58M","8.459999999999999M","8.129999999999999M","7.9M","7.87M","7.81M","7.7299999999999995M","7.659999999999999M","7.63M","7.5M","7.45M","7.38M","7.24M","7.2299999999999995M","7.2299999999999995M","7.17M","7.15M","7.12M","7.7M","7.7M","7.0200000000000005M","6.68M","6.67M","6.590000000000001M","6.529999999999999M","6.5200000000000005M","6.5200000000000005M","6.51M","6.5M","6.5M","6.4799999999999995M","6.459999999999999M","6.459999999999999M","6.4M","6.39M","6.32M","6.3100000000000005M","6.29M","6.26M","6.25M","6.2M","6.14M","6.05M","6.04M","6.029999999999999M","5.96M","5.95M","5.9399999999999995M","5.9399999999999995M","5.93M","5.88M","5.86M","5.8100000000000005M","5.8100000000000005M","5.8100000000000005M","5.8M","5.79M","5.7700000000000005M","5.7700000000000005M","5.76M","5.76M","5.74M","5.720000000000001M","5.7M","5.65M","5.65M","5.65M","5.61M","5.57M","5.57M","5.57M","5.5600000000000005M","5.529999999999999M","5.5200000000000005M","5.51M","5.46M","5.45M","5.45M","5.4399999999999995M","5.42M","5.41M","5.33M","5.32M","5.07M","5.029999999999999M","5.01M","5.0M","4.9799999999999995M"],"nokList":[]}