{"time":1755511923545,"server":607,"cpList":["779M","779M","176M","771M","105M","96.7M","95.3M","946M","89.2M","88.2M","88.2M","85.8M","846M","83.5M","81.2M","79M","78.6M","77.8M","77.3M","76.5M","76.3M","75M","74.5M","73.8M","72.4M","72.3M","72.3M","71.7M","71.5M","77M","77M","70.6M","70.2M","66.8M","66.7M","65.9M","65.3M","65.2M","65.2M","65.1M","65M","65M","64.8M","646M","646M","64M","63.9M","63.2M","63.1M","63M","62.6M","62.5M","61.4M","60.5M","60.4M","60.3M","59.6M","59.5M","59.4M","59.4M","59.3M","58.7M","58.7M","58.6M","58.1M","58.1M","58M","57.9M","57.9M","57.7M","57.7M","57.6M","57.6M","57.4M","57.2M","57M","56.5M","56.5M","56.5M","56.1M","55.7M","55.7M","55.7M","55.6M","55.3M","55.2M","55.1M","54.6M","54.5M","54.5M","54.4M","542M","54.1M","53.3M","53.2M","50.7M","50.3M","50.1M","50M","49.8M"],"okList":["179.0M","179.0M","176.0M","171.0M","105.0M","96.7M","95.3M","94.6M","89.2M","88.2M","88.2M","85.8M","84.6M","83.5M","81.2M","79.0M","78.6M","77.8M","77.3M","76.5M","76.3M","75.0M","74.5M","73.8M","72.4M","0.723M","0.0072299999999999994M","7.170000000000001E-5M","7.15E-7M","7.699999999999999E-8M","7.700000000000001E-9M","7.06E-9M","7.020000000000001E-9M","6.68E-9M","6.670000000000001E-9M","6.590000000000001E-9M","6.53E-9M","6.5200000000000015E-9M","6.5200000000000015E-9M","6.51E-9M","6.500000000000001E-9M","6.500000000000001E-9M","6.48E-9M","6.460000000000001E-8M","6.460000000000001E-8M","6.4E-9M","6.39E-9M","6.3200000000000005E-9M","6.31E-9M","6.3E-9M","6.26E-9M","6.2500000000000005E-9M","6.14E-9M","6.05E-9M","6.040000000000001E-9M","6.03E-9M","5.96E-9M","5.9499999999999995E-9M","5.9400000000000006E-9M","5.9400000000000006E-9M","5.93E-9M","5.870000000000001E-9M","5.870000000000001E-9M","5.86E-9M","5.8099999999999996E-9M","5.8099999999999996E-9M","5.8E-9M","5.79E-9M","5.79E-9M","5.7700000000000005E-9M","5.7700000000000005E-9M","5.760000000000001E-9M","5.760000000000001E-9M","5.74E-9M","5.72E-9M","5.7E-9M","5.65E-9M","5.65E-9M","5.65E-9M","5.61E-9M","5.57E-9M","5.57E-9M","5.57E-9M","5.560000000000001E-9M","5.53E-9M","5.520000000000001E-9M","5.51E-9M","5.4600000000000006E-9M","5.45E-9M","5.45E-9M","5.44E-9M","5.4199999999999996E-8M","5.410000000000001E-9M","5.329999999999999E-9M","5.32E-9M","5.07E-9M","5.03E-9M","5.01E-9M","5.0E-9M","4.979999999999999E-9M"],"nokList":[]}