{"time":1755511949621,"server":608,"cpList":["83.4M","82.5M","77.7M","73.9M","72.7M","66.8M","66.7M","66M","65.8M","65.3M","64.3M","62.2M","62.2M","61.8M","61.7M","61.6M","61.1M","61.1M","60M","59.8M","59.5M","59.2M","58.9M","58.9M","58.2M","57.9M","57.8M","56.9M","56.7M","56.6M","56.1M","54.6M","543M","54M","53.6M","53.3M","53.1M","52.7M","52.3M","52.3M","51.8M","51.4M","51.3M","57M","50.4M","49.7M","49.6M","49.5M","49.4M","49.2M","48.9M","48.3M","48.3M","48.1M","48M","48M","47.8M","47.4M","468M","45.6M","45.5M","44.7M","442M","442M","43.3M","43.2M","43.1M","42.9M","42.5M","41.5M","41.4M","412M","40.1M","39.9M","39.6M","39.5M","39.3M","39M","38.7M","38.6M","38.6M","38.4M","38.4M","38.3M","37.5M","37.4M","37.2M","37.1M","37.1M","37M","36.9M","36.5M","36.5M","36.2M","36.1M","36.1M","35.9M","35.6M","35.5M","35.3M"],"okList":["83.4M","82.5M","77.7M","73.9M","72.7M","66.8M","66.7M","66.0M","65.8M","65.3M","64.3M","62.2M","62.2M","61.8M","61.7M","61.6M","61.1M","61.1M","60.0M","59.8M","59.5M","59.2M","58.9M","58.9M","58.2M","57.9M","57.8M","56.9M","56.7M","56.6M","56.1M","54.6M","54.3M","54.0M","53.6M","53.3M","53.1M","52.7M","52.3M","0.523M","0.005180000000000001M","5.14E-5M","5.13E-7M","5.6999999999999994E-8M","5.040000000000001E-9M","4.970000000000001E-9M","4.96E-9M","4.949999999999999E-9M","4.940000000000001E-9M","4.920000000000001E-9M","4.89E-9M","4.83E-9M","4.83E-9M","4.8100000000000006E-9M","4.8E-9M","4.8E-9M","4.779999999999999E-9M","4.739999999999999E-9M","4.6799999999999996E-8M","4.559999999999999E-9M","4.55E-9M","4.4700000000000005E-9M","4.419999999999999E-8M","4.419999999999999E-8M","4.33E-9M","4.320000000000001E-9M","4.31E-9M","4.289999999999999E-9M","4.25E-9M","4.15E-9M","4.139999999999999E-9M","4.12E-8M","4.010000000000001E-9M","3.99E-9M","3.96E-9M","3.950000000000001E-9M","3.9299999999999995E-9M","3.899999999999999E-9M","3.87E-9M","3.86E-9M","3.86E-9M","3.84E-9M","3.84E-9M","3.829999999999999E-9M","3.75E-9M","3.74E-9M","3.7200000000000012E-9M","3.7100000000000002E-9M","3.7100000000000002E-9M","3.7000000000000005E-9M","3.6900000000000003E-9M","3.65E-9M","3.65E-9M","3.6200000000000003E-9M","3.6099999999999997E-9M","3.6099999999999997E-9M","3.59E-9M","3.5600000000000005E-9M","3.5499999999999995E-9M","3.53E-9M"],"nokList":[]}