{"server":610,"total":4648.7007,"average":50.529354,"cpValues":[],"cpList":["N2.9M","84M","77.8M","77.3M","77.2M","74.6M","72.3M","72.1M","71.8M","71.1M","70.5M","70.3M","69.9M","6AM","64.9M","63.2M","61.6M","61.4M","61.3M","61.1M","60.4M","60.1M","59.2M","59.2M","59M","58.8M","58.4M","58.3M","5AM","57.5M","57.4M","56.1M","55.7M","55M","54.7M","53.8M","53.3M","53.2M","52.7M","52.3M","52.1M","51.7M","51.5M","51.3M","51.2M","51.1M","50.8M","50.7M","50.3M","49.4M","47.9M","47.8M","47.5M","46.4M","46.2M","45.7M","45.5M","45.5M","45.5M","45.4M","45.1M","45M","44.9M","44.7M","44.4M","43.8M","43.7M","43.4M","43.3M","42.6M","42.6M","41.8M","41.8M","41.3M","41.1M","41M","41M","41M","40.9M","40.5M","39.9M","39.9M","39.6M","39.4M","39.3M","39.3M","39.2M","39M","39M","38.9M","38.8M","AA.6M","38.5M","38.3M","38M","31.9M","37.5M","37.4M","37.1M","37M"],"okList":["80.65M","77.5M","75.95M","74.75M","73.35M","72.05M","71.6M","71.15M","70.7M","70.2M","67.4M","63.25M","62.300003M","61.449997M","61.25M","60.85M","60.6M","59.800003M","59.65M","59.1M","59.0M","58.7M","58.55M","57.9M","56.8M","56.550003M","55.55M","55.2M","54.4M","54.0M","53.5M","53.0M","52.75M","52.4M","52.0M","51.8M","51.5M","51.35M","51.199997M","51.0M","50.9M","50.55M","50.050003M","49.1M","48.6M","47.7M","47.1M","46.85M","46.050003M","45.85M","45.6M","45.5M","45.45M","45.3M","45.2M","45.0M","44.85M","44.65M","44.25M","44.050003M","43.6M","43.5M","43.0M","42.949997M","42.199997M","42.199997M","41.55M","41.449997M","41.15M","41.05M","41.0M","40.95M","40.75M","40.4M","40.2M","39.75M","39.65M","39.449997M","39.35M","39.25M","39.15M","39.1M","38.95M","38.9M","38.65M","38.25M","35.1M","37.75M","34.65M","37.3M","37.2M","37.0M"],"nokList":["N2.9M","84M","69.9M","64.9M","58.3M","57.5M","38.8M","38.5M"]}