{"time":1755511976040,"server":610,"cpList":["95.9M","87.5M","79.6M","79.4M","79.3M","762M","76M","74.3M","73.7M","73.3M","72.9M","71.3M","77M","70.5M","68.4M","67.7M","66.8M","63.9M","62.7M","62.7M","62.5M","61.9M","61.9M","61.4M","60.4M","60.4M","60.2M","60.1M","60M","59M","58M","57.7M","57.5M","57.4M","56.7M","56.1M","56.1M","55.6M","55M","543M","54M","53.5M","53.3M","53.1M","52.7M","52.6M","52.3M","51.9M","51.8M","51.3M","57M","50.3M","47.8M","47.5M","47.5M","47.4M","47.3M","47.3M","47.3M","47M","46.9M","46.7M","45.8M","45.7M","45.4M","45M","44.4M","442M","44M","43.8M","43.7M","43.5M","43.4M","43M","42.8M","42.8M","41.6M","41.4M","412M","41.1M","41M","41M","40.9M","40.9M","40.8M","40.5M","40M","39.9M","39.8M","39.7M","39.3M","39.3M","39.3M","38.6M","38.5M","38.4M","38.3M","38M","37.9M","33.8M"],"okList":["95.9M","87.5M","79.6M","0.794M","0.00793M","1.62E-5M","7.599999999999999E-8M","7.43E-9M","7.37E-9M","7.329999999999999E-9M","7.290000000000001E-9M","7.13E-9M","7.700000000000001E-9M","7.0499999999999994E-9M","6.840000000000001E-9M","6.77E-9M","6.68E-9M","6.39E-9M","6.270000000000001E-9M","6.270000000000001E-9M","6.2500000000000005E-9M","6.19E-9M","6.19E-9M","6.14E-9M","6.040000000000001E-9M","6.040000000000001E-9M","6.02E-9M","6.01E-9M","6.0E-9M","5.9E-9M","5.8E-9M","5.7700000000000005E-9M","5.75E-9M","5.74E-9M","5.6700000000000005E-9M","5.61E-9M","5.61E-9M","5.560000000000001E-9M","5.500000000000001E-9M","5.4299999999999997E-8M","5.4E-9M","5.350000000000001E-9M","5.329999999999999E-9M","5.310000000000001E-9M","5.270000000000001E-9M","5.2600000000000004E-9M","5.23E-9M","5.1900000000000005E-9M","5.180000000000001E-9M","5.13E-9M","5.7E-9M","5.03E-9M","4.779999999999999E-9M","4.7499999999999995E-9M","4.7499999999999995E-9M","4.739999999999999E-9M","4.73E-9M","4.73E-9M","4.73E-9M","4.699999999999999E-9M","4.689999999999999E-9M","4.670000000000001E-9M","4.58E-9M","4.57E-9M","4.5400000000000005E-9M","4.500000000000001E-9M","4.44E-9M","4.419999999999999E-8M","4.4000000000000005E-9M","4.379999999999999E-9M","4.3700000000000004E-9M","4.35E-9M","4.34E-9M","4.3000000000000005E-9M","4.279999999999999E-9M","4.279999999999999E-9M","4.1600000000000005E-9M","4.139999999999999E-9M","4.12E-8M","4.109999999999999E-9M","4.0999999999999995E-9M","4.0999999999999995E-9M","4.09E-9M","4.09E-9M","4.079999999999999E-9M","4.050000000000001E-9M","4.0E-9M","3.99E-9M","3.98E-9M","3.97E-9M","3.9299999999999995E-9M","3.9299999999999995E-9M","3.9299999999999995E-9M","3.86E-9M","3.8500000000000006E-9M","3.84E-9M","3.829999999999999E-9M","3.8E-9M","3.7899999999999995E-9M","3.3799999999999995E-9M"],"nokList":[]}