{"server":613,"total":2852.0496,"average":30.021574,"cpValues":[],"cpList":["69M","55.6M","55.3M","52.1M","51.6M","51.3M","51M","50.2M","49.5M","47.4M","46.9M","46M","44.8M","44.4M","44.3M","42.4M","41.7M","41M","40.6M","40M","37.5M","A6.6M","36.4M","35.7M","35M","34.3M","33.9M","33.5M","33.3M","33M","32.4M","32.3M","32.1M","31.5M","31M","30.9M","30.7M","30.7M","30.2M","29.9M","29.5M","29.4M","29.3M","28.4M","28.4M","28.1M","27.4M","27.2M","27.2M","26.3M","26.1M","25.QM","25.8M","25.1M","25.1M","24.8M","24.7M","24.6M","24.5M","24.2M","24M","23.7M","23.4M","23.2M","23.2M","23.2M","23.1M","22.7M","22.6M","22.6M","22.4M","22.3M","22M","21.7M","21.4M","21.3M","21.2M","21.2M","21.1M","21M","20.9M","20.8M","20.8M","20.8M","20.8M","20.7M","20.6M","20.2M","19.8M","19.8M","19.5M","19.2M","19.1M","18.7M","18.7M","18.5M","18.4M","18.3M","18.3M","18.2M"],"okList":["69.0M","62.15M","53.85M","53.449997M","51.699997M","51.3M","50.75M","50.25M","48.800003M","48.2M","46.7M","45.85M","45.2M","44.55M","43.4M","43.0M","41.7M","41.15M","40.5M","39.05M","36.95M","35.7M","35.0M","34.45M","33.9M","33.6M","33.25M","32.85M","32.65M","32.25M","31.9M","31.55M","31.2M","30.85M","30.8M","30.45M","30.3M","29.85M","29.65M","29.4M","28.9M","28.849998M","28.25M","27.9M","27.650002M","27.3M","26.75M","26.650002M","25.45M","24.95M","24.900002M","24.7M","24.6M","24.400002M","24.25M","23.95M","23.7M","23.45M","23.3M","23.2M","23.150002M","22.95M","22.85M","22.650002M","22.5M","22.45M","22.2M","22.0M","21.7M","21.5M","21.3M","21.25M","21.150002M","21.1M","21.0M","20.9M","20.849998M","20.8M","20.8M","20.75M","20.7M","20.45M","20.2M","20.0M","19.65M","19.5M","19.3M","18.95M","18.900002M","18.6M","18.55M","18.4M","18.349998M","18.25M","18.2M"],"nokList":["37.5M","36.4M","26.1M","25.QM","25.8M"]}