{"server":616,"total":5228.001,"average":54.458344,"cpValues":[],"cpList":["24.7M","23.1M","83M","80.9M","73.8M","72.8M","70.8M","70.5M","68.3M","66.7M","65.8M","65.2M","64.7M","64.5M","64.3M","64M","63.7M","63.5M","63.4M","62.8M","62.8M","62.7M","62.5M","62.1M","61.9M","61.6M","60.9M","60.7M","60.3M","60.1M","60M","59.8M","59.7M","58.9M","58.5M","58.4M","58.3M","5AM","57.QM","57.7M","57.7M","56.9M","56.8M","56.7M","56.3M","56.3M","55.7M","55.6M","55.3M","54.9M","54.7M","54.7M","54.3M","54.3M","54.1M","54M","53.5M","53.3M","53.3M","53M","52.8M","52.7M","52.6M","52.5M","52.2M","52.2M","51.6M","51.1M","51M","50.7M","50.6M","50.6M","49.7M","49.6M","49.1M","48.7M","48.3M","48.1M","48.1M","47.6M","47.4M","47.4M","46.9M","45.9M","45.5M","45.1M","44.9M","44.8M","44.8M","44.6M","44.5M","44.4M","43.8M","43.7M","43.1M","42.8M","42.6M","42.4M","+2.1M","42M"],"okList":["24.7M","53.85M","52.0M","78.4M","76.850006M","72.3M","71.65M","69.55M","68.6M","67.05M","65.95M","65.25M","64.85M","64.5M","64.25M","64.0M","63.75M","63.550003M","63.15M","63.1M","62.75M","62.65M","62.4M","62.2M","61.85M","61.4M","61.15M","60.6M","60.4M","60.15M","59.949997M","59.85M","59.35M","59.1M","58.65M","58.4M","57.300003M","57.25M","56.800003M","56.55M","56.5M","56.0M","55.949997M","55.5M","55.25M","55.0M","54.800003M","54.5M","54.5M","54.199997M","54.15M","53.8M","53.65M","53.4M","53.15M","53.05M","52.85M","52.699997M","52.6M","52.4M","52.35M","51.9M","51.65M","51.3M","50.9M","50.8M","50.65M","50.15M","50.1M","49.4M","49.15M","48.699997M","48.4M","48.199997M","47.85M","47.75M","47.5M","47.15M","46.65M","46.2M","45.5M","45.2M","44.949997M","44.85M","44.699997M","44.65M","44.5M","44.15M","44.050003M","43.449997M","43.25M","42.85M","42.6M","22.349998M","42.2M","42.0M"],"nokList":["58.3M","5AM","57.QM","57.7M"]}