{"time":1755512054629,"server":616,"cpList":["100M","95.4M","84.4M","81.5M","77.3M","74.4M","74M","72.2M","70.8M","68.8M","68.6M","67.3M","67.1M","67.1M","66.6M","66.5M","66.4M","65.5M","65.2M","64.8M","64.4M","642M","63.7M","63.5M","63.5M","63.3M","63M","63M","62.7M","62.4M","61.9M","61.7M","61.5M","59.8M","59.6M","59.4M","59.2M","59.1M","58.9M","58.9M","58.8M","58.7M","58.6M","58.3M","58M","57.7M","57.6M","57.6M","57.3M","57.1M","56.8M","56.3M","56.2M","56.1M","56M","55.6M","55.1M","55.1M","54.5M","54.5M","542M","54.1M","53.8M","53.8M","53.5M","53.3M","53.1M","52.7M","52.5M","51.6M","51.5M","51.3M","57M","50.6M","50.6M","50.6M","50.3M","49.6M","49.1M","48.8M","48.7M","48.5M","47.6M","47.4M","47.4M","46.9M","46.4M","461M","461M","45.7M","45.7M","45.2M","44.9M","44.8M","44.8M","43.6M","43.5M","43.1M","42.8M","42.8M"],"okList":["100.0M","95.4M","84.4M","81.5M","77.3M","74.4M","74.0M","72.2M","70.8M","68.8M","68.6M","67.3M","67.1M","67.1M","66.6M","66.5M","66.4M","65.5M","65.2M","64.8M","64.4M","64.2M","63.7M","63.5M","63.5M","63.3M","63.0M","63.0M","62.7M","62.4M","61.9M","61.7M","61.5M","59.8M","59.6M","59.4M","59.2M","59.1M","58.9M","58.9M","58.8M","58.7M","58.6M","58.3M","58.0M","57.7M","57.6M","57.6M","57.3M","57.1M","56.8M","56.3M","56.2M","56.1M","56.0M","55.6M","55.1M","55.1M","54.5M","54.5M","54.2M","54.1M","53.8M","53.8M","53.5M","53.3M","53.1M","52.7M","0.525M","0.0051600000000000005M","5.15E-5M","5.13E-7M","5.6999999999999994E-8M","5.06E-9M","5.06E-9M","5.06E-9M","5.03E-9M","4.96E-9M","4.910000000000001E-9M","4.8800000000000005E-9M","4.870000000000001E-9M","4.8500000000000004E-9M","4.76E-9M","4.739999999999999E-9M","4.739999999999999E-9M","4.689999999999999E-9M","4.6400000000000005E-9M","4.610000000000001E-8M","4.610000000000001E-8M","4.57E-9M","4.57E-9M","4.519999999999999E-9M","4.49E-9M","4.48E-9M","4.48E-9M","4.360000000000001E-9M","4.35E-9M","4.31E-9M","4.279999999999999E-9M","4.279999999999999E-9M"],"nokList":[]}