{"time":1755512080780,"server":619,"cpList":["138M","128M","122M","122M","120M","770M","107M","106M","105M","105M","103M","101M","100M","100M","97M","96.9M","95.2M","93.7M","93.4M","92.1M","91.4M","90.5M","89.8M","89.2M","89.1M","89M","88.9M","88.9M","88.4M","88.3M","88M","87.9M","87.3M","85.4M","85.3M","848M","84.7M","846M","84.5M","84.1M","83.9M","83.3M","83.3M","83.1M","83M","82.6M","82.1M","82.1M","82.1M","81.7M","81.6M","81.3M","81M","81M","81M","80.8M","80M","79.7M","79.6M","78.5M","77.4M","76.9M","76.5M","76.3M","76M","75.9M","75.8M","75.3M","74.8M","74.7M","74.4M","74.3M","74.1M","74M","74M","73.7M","73.6M","73.2M","73.1M","72.9M","72.9M","72.4M","71.7M","71.5M","71.3M","71.3M","71.2M","71.2M","70.9M","70.9M","70.7M","70.5M","70.5M","70.3M","70.1M","69.9M","69.8M","69.2M","69.2M","69.1M"],"okList":["138.0M","12.8M","0.122M","0.00122M","1.1999999999999999E-5M","1.7E-6M","1.0699999999999999E-7M","1.06E-7M","1.05E-7M","1.05E-7M","1.0300000000000001E-7M","1.0099999999999998E-7M","1.0000000000000001E-7M","1.0000000000000001E-7M","9.699999999999998E-8M","9.690000000000001E-9M","9.52E-9M","9.37E-9M","9.340000000000001E-9M","9.209999999999998E-9M","9.14E-9M","9.05E-9M","8.98E-9M","8.920000000000001E-9M","8.91E-9M","8.9E-9M","8.89E-9M","8.89E-9M","8.84E-9M","8.83E-9M","8.800000000000001E-9M","8.79E-9M","8.73E-9M","8.54E-9M","8.530000000000001E-9M","8.48E-8M","8.47E-9M","8.46E-8M","8.45E-9M","8.409999999999999E-9M","8.390000000000003E-9M","8.329999999999999E-9M","8.329999999999999E-9M","8.31E-9M","8.3E-9M","8.260000000000001E-9M","8.21E-9M","8.21E-9M","8.21E-9M","8.170000000000001E-9M","8.159999999999998E-9M","8.13E-9M","8.100000000000001E-9M","8.100000000000001E-9M","8.100000000000001E-9M","8.079999999999999E-9M","8.0E-9M","7.97E-9M","7.96E-9M","7.85E-9M","7.74E-9M","7.69E-9M","7.649999999999999E-9M","7.630000000000001E-9M","7.6E-9M","7.59E-9M","7.579999999999999E-9M","7.53E-9M","7.48E-9M","7.47E-9M","7.4400000000000024E-9M","7.43E-9M","7.41E-9M","7.400000000000001E-9M","7.400000000000001E-9M","7.37E-9M","7.36E-9M","7.32E-9M","7.31E-9M","7.290000000000001E-9M","7.290000000000001E-9M","7.240000000000001E-9M","7.170000000000001E-9M","7.15E-9M","7.13E-9M","7.13E-9M","7.120000000000001E-9M","7.120000000000001E-9M","7.09E-9M","7.09E-9M","7.070000000000001E-9M","7.0499999999999994E-9M","7.0499999999999994E-9M","7.03E-9M","7.0099999999999996E-9M","6.99E-9M","6.9799999999999995E-9M","6.92E-9M","6.92E-9M","6.91E-9M"],"nokList":[]}