{"server":619,"total":6931.549,"average":78.7676,"cpValues":[],"cpList":["132M","124M","116M","116M","116M","105M","103M","102M","102M","100M","N8.8M","97.8M","97.7M","N3.6M","N3.6M","23.1M","N3M","21.5M","20.7M","20.4M","88.9M","88.1M","86.2M","86.1M","85.4M","85.3M","84.7M","84.7M","84.5M","84.3M","84.2M","83.9M","83M","82.6M","82.6M","82.3M","82.2M","82.1M","82M","81.7M","81.6M","81.5M","81.3M","81.1M","80.4M","80.4M","80.1M","80M","79.9M","79M","78.4M","78.4M","78.2M","77.9M","77.4M","77.4M","77.1M","77.1M","76.8M","76.2M","75.5M","75.4M","75.3M","74.3M","74.1M","74M","73.6M","73.2M","73M","72.9M","72.6M","12.4M","72M","72M","71.7M","71.7M","71.5M","71.4M","71.4M","70.9M","70.8M","70.6M","70.5M","70.5M","70.3M","70.2M","70.1M","69.9M","69.2M","69.2M","69.2M","69.1M","68.5M","68.5M","68.1M","6].7M","67.6M","67.5M","66.7M","66.7M"],"okList":["132.0M","124.0M","120.0M","116.0M","110.5M","109.5M","103.5M","102.5M","101.0M","20.95M","54.800003M","54.25M","87.55M","87.1M","85.8M","85.7M","85.05M","85.0M","84.6M","84.5M","84.35M","84.100006M","83.6M","83.25M","82.8M","82.45M","82.399994M","82.2M","82.1M","81.899994M","81.8M","81.6M","81.45M","81.3M","80.850006M","80.75M","80.25M","80.2M","80.0M","79.5M","79.15M","78.7M","78.3M","78.15M","77.8M","77.65M","77.25M","77.25M","76.95M","76.649994M","76.15M","75.8M","75.4M","74.850006M","74.7M","74.15M","73.85M","73.6M","73.3M","73.05M","72.8M","42.65M","72.3M","72.0M","71.85M","71.85M","71.6M","71.55M","71.45M","71.15M","71.100006M","70.75M","70.65M","70.55M","70.4M","70.35M","70.2M","70.05M","69.649994M","69.55M","69.2M","69.149994M","68.85M","68.8M","68.3M","67.149994M","67.1M","66.7M"],"nokList":["100M","N8.8M","97.8M","97.7M","N3.6M","N3.6M","23.1M","N3M","21.5M","68.1M","6].7M","67.6M"]}