{"time":1755512133189,"server":623,"cpList":["86.1M","80.7M","78.7M","762M","73.5M","71.6M","71.2M","70.8M","69.1M","67.4M","66.8M","66.3M","66.1M","63.1M","62.2M","61.9M","61.8M","61.8M","61.6M","60.9M","60.4M","59.6M","59.1M","58.9M","58.5M","58.3M","58M","57.4M","57.1M","56.9M","55.2M","55.1M","55M","542M","53.7M","53.1M","52.1M","51.9M","51.7M","51.3M","50.6M","50.2M","49.9M","48.3M","48M","47.5M","47.1M","46.6M","46.5M","461M","45.8M","44.7M","44.5M","44.4M","441M","43.7M","43.4M","43.4M","43.3M","42.9M","426M","426M","42.5M","42M","42M","41.4M","41.3M","40.9M","40.8M","39.8M","39.7M","38.5M","38.3M","38.2M","38.1M","38M","37.6M","37.5M","36.6M","36.1M","36M","35.4M","34.7M","34.4M","34.3M","33M","32.9M","32.7M","32.5M","32M","31.9M","31.7M","31.6M","31.4M","31.3M","31.1M","30.7M","30.5M","30.4M","30.2M"],"okList":["86.1M","0.807M","0.00787M","1.62E-5M","7.35E-8M","7.159999999999999E-9M","7.120000000000001E-9M","7.08E-9M","6.91E-9M","6.74E-9M","6.68E-9M","6.63E-9M","6.609999999999999E-9M","6.31E-9M","6.22E-9M","6.19E-9M","6.18E-9M","6.18E-9M","6.159999999999999E-9M","6.09E-9M","6.040000000000001E-9M","5.96E-9M","5.91E-9M","5.89E-9M","5.8499999999999994E-9M","5.83E-9M","5.8E-9M","5.74E-9M","5.71E-9M","5.69E-9M","5.520000000000001E-9M","5.51E-9M","5.500000000000001E-9M","5.4199999999999996E-8M","5.37E-9M","5.310000000000001E-9M","5.21E-9M","5.1900000000000005E-9M","5.17E-9M","5.13E-9M","5.06E-9M","5.0200000000000004E-9M","4.989999999999999E-9M","4.83E-9M","4.8E-9M","4.7499999999999995E-9M","4.7100000000000005E-9M","4.66E-9M","4.65E-9M","4.610000000000001E-8M","4.58E-9M","4.4700000000000005E-9M","4.45E-9M","4.44E-9M","4.4100000000000004E-8M","4.3700000000000004E-9M","4.34E-9M","4.34E-9M","4.33E-9M","4.289999999999999E-9M","4.26E-8M","4.26E-8M","4.25E-9M","4.2E-9M","4.2E-9M","4.139999999999999E-9M","4.1300000000000004E-9M","4.09E-9M","4.079999999999999E-9M","3.98E-9M","3.97E-9M","3.8500000000000006E-9M","3.829999999999999E-9M","3.8200000000000005E-9M","3.81E-9M","3.8E-9M","3.7599999999999994E-9M","3.75E-9M","3.66E-9M","3.6099999999999997E-9M","3.6E-9M","3.54E-9M","3.4700000000000002E-9M","3.4399999999999997E-9M","3.43E-9M","3.3E-9M","3.2899999999999996E-9M","3.27E-9M","3.2500000000000006E-9M","3.2E-9M","3.1900000000000004E-9M","3.17E-9M","3.1600000000000003E-9M","3.14E-9M","3.13E-9M","3.11E-9M","3.07E-9M","3.049999999999999E-9M","3.04E-9M","3.0200000000000003E-9M"],"nokList":[]}