{"server":623,"total":4530.7,"average":47.194794,"cpValues":[],"cpList":["82M","73.4M","71.3M","69.6M","67.9M","67.7M","67.3M","64M","64M","63.2M","63.1M","61.6M","60.9M","59.5M","58.9M","58.7M","58.5M","58.4M","58.3M","57.7M","57.3M","56.7M","56.2M","55.5M","55.2M","54.4M","53.9M","53.9M","53.8M","53.7M","52.9M","52.6M","52M","51.8M","50.1M","49.7M","49.3M","48.4M","48.3M","48.1M","48M","47.5M","47.1M","46.5M","46.4M","46.1M","45.8M","45M","44.7M","44.5M","44.4M","43.3M","43.2M","42.9M","42.6M","42.6M","42.5M","42.5M","42M","41.9M","41.7M","41.3M","40.8M","40.8M","40.5M","40.3M","39.8M","39.7M","38.5M","38.3M","78M","37.7M","37.7M","37.5M","A6.6M","36.5M","A6M","35.4M","34.7M","34.7M","34.3M","34.1M","33M","32.7M","32.5M","32M","31.9M","31.7M","31.6M","31.6M","31.3M","31.1M","31.1M","30.7M","30.5M","30.4M","30.2M","29.9M","29.7M","2A.9M"],"okList":["82.0M","76.65M","71.5M","69.600006M","68.649994M","67.600006M","65.85M","65.65M","63.6M","63.55M","62.4M","62.0M","60.55M","59.9M","59.1M","58.7M","58.550003M","58.4M","58.050003M","57.8M","57.2M","56.75M","56.1M","55.7M","54.95M","54.550003M","54.15M","53.85M","53.800003M","53.35M","53.15M","52.45M","52.199997M","51.05M","50.75M","49.699997M","49.050003M","48.8M","48.25M","48.15M","47.8M","47.55M","47.0M","46.75M","46.3M","46.1M","45.55M","45.25M","44.75M","44.550003M","43.9M","43.800003M","43.1M","42.9M","42.75M","42.55M","42.55M","42.25M","42.2M","41.85M","41.6M","41.25M","41.05M","40.65M","40.55M","40.15M","40.0M","39.15M","39.0M","58.25M","38.0M","57.85M","37.6M","37.0M","35.95M","35.050003M","34.5M","34.4M","33.65M","33.4M","32.75M","32.35M","32.2M","31.85M","31.75M","31.650002M","31.45M","31.35M","31.2M","30.900002M","30.8M","30.55M","30.35M","30.15M","29.95M","28.9M"],"nokList":["37.5M","36.5M","35.4M","29.7M"]}