{"time":1755512185711,"server":630,"cpList":["90.7M","89.3M","88.1M","87.2M","84.1M","77.6M","73.9M","73.8M","71.1M","70.9M","70.9M","69.3M","69.1M","68.9M","67.6M","67.5M","67.2M","66.6M","66.1M","65.7M","65.2M","64.7M","64.4M","642M","63.4M","63M","62.7M","62.3M","62.2M","62.1M","62M","61.9M","61.7M","61.7M","61.5M","61.4M","61.3M","61.1M","60.8M","60.4M","60.2M","59.9M","59.8M","59.7M","59.2M","59M","57.9M","57.7M","57.2M","57.2M","57M","56.9M","56.8M","56.7M","56.4M","56.4M","56.4M","55.7M","55.6M","55.4M","55.3M","55M","54.9M","54.6M","542M","54.1M","53.1M","52.4M","51.8M","51.7M","51.3M","51.2M","51.2M","51.1M","57M","50.8M","50.2M","49.9M","49.7M","49.4M","49.2M","49.2M","48.9M","48.8M","48.5M","48.4M","48.3M","48.1M","47.7M","47.6M","47.1M","47M","47M","47M","47M","46.9M","46.8M","46.4M","463M","46.3M"],"okList":["90.7M","89.3M","88.1M","87.2M","84.1M","77.6M","73.9M","73.8M","71.1M","70.9M","70.9M","69.3M","69.1M","68.9M","67.6M","67.5M","67.2M","66.6M","66.1M","65.7M","65.2M","64.7M","64.4M","64.2M","63.4M","63.0M","62.7M","62.3M","62.2M","62.1M","62.0M","61.9M","61.7M","61.7M","61.5M","61.4M","61.3M","61.1M","60.8M","60.4M","60.2M","59.9M","59.8M","59.7M","59.2M","59.0M","57.9M","57.7M","57.2M","57.2M","57.0M","56.9M","56.8M","56.7M","56.4M","56.4M","56.4M","55.7M","55.6M","55.4M","55.3M","55.0M","54.9M","54.6M","54.2M","54.1M","53.1M","52.4M","51.8M","51.7M","0.513M","0.00512M","5.1200000000000004E-5M","5.110000000000001E-7M","5.6999999999999994E-8M","5.080000000000001E-9M","5.0200000000000004E-9M","4.989999999999999E-9M","4.970000000000001E-9M","4.940000000000001E-9M","4.920000000000001E-9M","4.920000000000001E-9M","4.89E-9M","4.8800000000000005E-9M","4.8500000000000004E-9M","4.839999999999999E-9M","4.83E-9M","4.8100000000000006E-9M","4.770000000000001E-9M","4.76E-9M","4.7100000000000005E-9M","4.699999999999999E-9M","4.699999999999999E-9M","4.699999999999999E-9M","4.699999999999999E-9M","4.689999999999999E-9M","4.68E-9M","4.6400000000000005E-9M","4.6300000000000004E-8M","4.629999999999999E-9M"],"nokList":[]}