{"server":630,"total":5387.251,"average":56.707905,"cpValues":[],"cpList":["70M","85.3M","84.3M","84.2M","83.3M","75.8M","71.8M","70.8M","68.9M","6AM","67.6M","67.4M","66.8M","66.6M","66.3M","65.7M","65.4M","65.1M","64.8M","64.3M","63.4M","63.2M","63.1M","63M","62.4M","62M","61.9M","60.9M","60.4M","60.4M","60.3M","60.3M","60.2M","60.2M","60.2M","60M","59.5M","58.9M","58.9M","58.7M","58.3M","58.3M","57.QM","57.6M","57.5M","57.2M","57.2M","57.2M","57M","56.9M","56.8M","56.5M","55.7M","55.3M","55.1M","55M","54.6M","54.6M","54.5M","53.6M","53.1M","52.9M","52.8M","52.2M","52.1M","52M","51.8M","51.2M","51.1M","51M","50.4M","50.3M","49.7M","49.3M","49.2M","49.1M","48.M","48.7M","48.6M","47.M","47.6M","47.4M","47.3M","47.2M","47.1M","47.1M","47M","47M","46.9M","46.9M","46.4M","46.3M","46.3M","45.9M","45.5M","45.5M","45.5M","45.2M","45.1M","45M"],"okList":["70.0M","77.15M","84.75M","83.8M","80.0M","77.55M","73.3M","70.350006M","68.25M","67.2M","67.0M","66.55M","66.149994M","65.850006M","65.399994M","65.100006M","64.7M","64.100006M","63.75M","63.25M","63.1M","62.75M","62.5M","62.15M","61.45M","61.15M","60.65M","60.35M","60.35M","60.25M","60.25M","60.2M","60.1M","59.85M","59.45M","59.2M","58.800003M","58.6M","58.5M","57.4M","57.35M","57.2M","57.1M","57.050003M","56.9M","56.7M","56.25M","55.9M","55.4M","55.15M","54.85M","54.8M","54.55M","54.1M","53.8M","53.25M","52.949997M","52.550003M","52.449997M","52.1M","51.949997M","51.6M","51.449997M","51.1M","50.75M","50.65M","50.050003M","49.8M","49.45M","49.199997M","48.6M","48.9M","48.3M","47.85M","48.1M","47.2M","47.449997M","47.300003M","47.199997M","47.15M","47.05M","47.05M","46.95M","46.95M","46.65M","46.6M","46.35M","46.1M","45.9M","45.7M","45.5M","45.35M","45.3M","45.1M","45.0M"],"nokList":["68.9M","67.6M","58.3M","57.QM","57.6M"]}