{"server":646,"total":3414.1497,"average":35.93842,"cpValues":[],"cpList":["63.6M","61.3M","60.6M","60.3M","59.9M","59.1M","58.2M","57.5M","56.2M","53.4M","50M","49.2M","48.5M","47.3M","47.2M","46.1M","45.8M","44.1M","43.6M","42.8M","42.1M","41.7M","41.1M","40.2M","40.1M","39.5M","39.5M","39.1M","78M","37.7M","37.4M","35.9M","35.8M","35.8M","35.6M","35.3M","35.2M","35.1M","34.5M","34.5M","34.4M","34M","34M","33.9M","A3.6M","33.5M","33.3M","33M","32.8M","32.8M","32.8M","32.7M","32.3M","32.1M","31.6M","31.1M","30.7M","30.4M","29.4M","29.4M","29.2M","29.1M","29M","28.8M","29.7M","28.5M","28.5M","28.4M","28.3M","28.3M","28.2M","28M","28M","27.8M","27.6M","26.9M","26.7M","26.5M","26.4M","26.4M","26.2M","26.2M","26.1M","25.QM","25.7M","25.5M","25.5M","25.3M","25.3M","25.1M","24.9M","24.9M","24.9M","24.6M","24.3M","24.2M","24.1M","24.1M","24.1M","24.1M"],"okList":["63.6M","62.1M","60.8M","60.25M","59.699997M","59.050003M","58.3M","57.2M","55.45M","53.1M","51.300003M","49.25M","48.25M","47.85M","46.699997M","46.5M","45.1M","44.699997M","43.449997M","42.85M","42.25M","41.6M","40.95M","40.6M","39.85M","39.8M","39.3M","58.75M","38.4M","57.7M","36.800003M","36.6M","35.85M","35.699997M","35.55M","35.4M","35.199997M","34.85M","34.8M","34.45M","34.25M","34.2M","33.95M","33.7M","33.25M","33.05M","32.9M","32.8M","32.75M","32.55M","32.4M","31.95M","31.599998M","31.150002M","30.75M","30.05M","29.9M","29.3M","29.25M","29.1M","28.95M","29.35M","28.65M","29.1M","28.45M","28.4M","28.349998M","28.25M","28.15M","28.1M","27.9M","27.8M","27.349998M","27.150002M","26.7M","26.55M","26.45M","26.3M","26.3M","26.150002M","25.6M","25.4M","25.4M","25.2M","25.099998M","25.0M","24.9M","24.75M","24.599998M","24.400002M","24.2M","24.150002M","24.1M","24.1M","24.1M"],"nokList":["33.9M","33.5M","26.1M","25.QM","25.7M"]}