{"time":1755512211710,"server":650,"cpList":["108M","95.5M","94.9M","92.4M","92.3M","91.5M","88.1M","87.7M","87.3M","86.9M","86.4M","86.3M","86.1M","85.8M","85.6M","848M","82.8M","82.8M","82.6M","82.4M","81.1M","80.6M","80.4M","80.2M","80.1M","80.1M","80M","79.7M","79.6M","79.2M","79M","78M","77.7M","77.3M","77.3M","76.7M","76.3M","76.3M","762M","75.4M","75.3M","74.8M","74.8M","74.1M","73.5M","73.4M","73.3M","73.1M","72.9M","72.8M","72.8M","72.3M","72.2M","71.7M","71.4M","71.1M","70.8M","70.6M","70.6M","70.4M","70.3M","70M","69.6M","69.2M","69M","68.3M","68M","67.7M","66.9M","66.6M","66.6M","66.3M","66M","65.7M","65.7M","65.6M","65.5M","65.1M","65.1M","64.9M","64.9M","64.8M","64.7M","64.3M","64.3M","642M","63.2M","63M","63M","62.9M","62.9M","62.8M","62.5M","62.4M","62.2M","62.2M","62.2M","62.1M","62M","62M"],"okList":["108.0M","95.5M","94.9M","92.4M","92.3M","91.5M","88.1M","87.7M","87.3M","86.9M","86.4M","86.3M","86.1M","85.8M","85.6M","84.8M","82.8M","82.8M","82.6M","82.4M","81.1M","80.6M","80.4M","80.2M","80.1M","80.1M","80.0M","79.7M","79.6M","79.2M","79.0M","78.0M","77.7M","77.3M","77.3M","76.7M","0.763M","0.0076300000000000005M","1.62E-5M","7.540000000000001E-8M","7.53E-9M","7.48E-9M","7.48E-9M","7.41E-9M","7.35E-9M","7.340000000000001E-9M","7.329999999999999E-9M","7.31E-9M","7.290000000000001E-9M","7.28E-9M","7.28E-9M","7.23E-9M","7.2199999999999995E-9M","7.170000000000001E-9M","7.14E-9M","7.11E-9M","7.08E-9M","7.06E-9M","7.06E-9M","7.040000000000001E-9M","7.03E-9M","7.0E-9M","6.96E-9M","6.92E-9M","6.9E-9M","6.83E-9M","6.8E-9M","6.77E-9M","6.69E-9M","6.66E-9M","6.66E-9M","6.63E-9M","6.6E-9M","6.57E-9M","6.57E-9M","6.56E-9M","6.550000000000001E-9M","6.51E-9M","6.51E-9M","6.4900000000000005E-9M","6.4900000000000005E-9M","6.48E-9M","6.47E-9M","6.43E-9M","6.43E-9M","6.419999999999999E-8M","6.3200000000000005E-9M","6.3E-9M","6.3E-9M","6.290000000000001E-9M","6.290000000000001E-9M","6.28E-9M","6.2500000000000005E-9M","6.24E-9M","6.22E-9M","6.22E-9M","6.22E-9M","6.210000000000001E-9M","6.2E-9M","6.2E-9M"],"nokList":[]}