{"server":651,"total":3222.5498,"average":33.568226,"cpValues":[],"cpList":["77.3M","62.7M","59.8M","59M","56.1M","55.6M","54.8M","54M","53M","52.5M","52.5M","52.3M","51.9M","50.5M","49.4M","48.7M","47.8M","45.5M","45.3M","44.4M","43.7M","43.6M","42.5M","41.8M","41.2M","41M","39.1M","39.1M","39M","38.5M","37.2M","35.9M","35.6M","35.2M","34.7M","34.3M","A3.6M","A3.6M","33.2M","33.1M","32.8M","31.4M","31.1M","30.6M","30.4M","30.3M","30.1M","30M","28.9M","28.2M","28.1M","27.8M","27.6M","27.5M","27.5M","27.3M","27M","26.5M","26.3M","26.2M","26.1M","26M","25.7M","25.7M","25.4M","25.3M","25.1M","25.1M","25M","24.9M","24.9M","24.7M","24.5M","24.5M","24.4M","23.8M","23.8M","23.7M","23.7M","23.4M","23.4M","23.3M","23.3M","23.2M","23.2M","23.1M","22.9M","22.9M","22.7M","22.7M","22.6M","22.5M","22.4M","22.3M","22.1M","22.1M","21.7M","21.4M","21.3M","20.9M"],"okList":["77.3M","68.55M","60.85M","57.949997M","57.3M","55.449997M","54.8M","53.9M","53.25M","52.75M","52.4M","52.2M","51.4M","50.65M","49.6M","48.6M","47.1M","46.55M","44.95M","44.5M","44.0M","43.1M","42.699997M","41.85M","41.4M","40.15M","40.05M","39.05M","38.8M","38.1M","37.2M","36.4M","35.550003M","35.15M","34.75M","33.0M","32.25M","31.95M","31.0M","30.75M","30.45M","30.25M","30.15M","29.5M","29.1M","28.5M","28.0M","27.85M","27.65M","27.55M","27.4M","27.25M","26.9M","26.65M","26.35M","26.2M","26.1M","25.900002M","25.85M","25.55M","25.5M","25.25M","25.2M","25.05M","25.0M","24.95M","24.8M","24.7M","24.6M","24.45M","24.15M","24.099998M","23.75M","23.75M","23.55M","23.55M","23.349998M","23.349998M","23.25M","23.25M","23.150002M","23.05M","23.0M","22.8M","22.8M","22.650002M","22.6M","22.5M","22.4M","22.25M","22.2M","21.900002M","21.75M","21.5M","21.15M","20.9M"],"nokList":["34.3M","A3.6M","A3.6M","33.2M"]}