{"server":653,"total":3023.3503,"average":31.824741,"cpValues":[],"cpList":["87.8M","69.4M","64.1M","5AM","57.2M","56.2M","56M","53.3M","50.2M","50.1M","48.5M","47.6M","47.4M","44.9M","44.8M","44.3M","42.3M","41.9M","41.4M","41.2M","40.5M","40.1M","39.7M","39.7M","39M","37.9M","37.3M","35.8M","35.7M","35M","33.9M","33.8M","33.3M","32.3M","32.1M","32.1M","31.4M","31.4M","29.9M","29.8M","29.5M","29M","28.3M","28M","27.8M","27.7M","27.6M","27.5M","27.4M","27.3M","27.3M","26.7M","26.5M","26.5M","26.4M","26.3M","26.2M","26.2M","26.2M","25.QM","25.8M","25.7M","25.1M","24.5M","23.6M","23.4M","23.3M","23.3M","23.3M","23.3M","23.2M","23.2M","23.1M","23M","22.9M","22.7M","22.6M","22.6M","22.5M","22.5M","21.8M","21.5M","21.2M","20.6M","20.2M","20.1M","20M","20M","19.9M","19.7M","19.6M","81.8M","18.8M","18.4M","18.2M","18.1M","18M","17.9M","17.9M","17.9M"],"okList":["87.8M","75.95M","60.65M","56.6M","54.75M","53.1M","51.699997M","49.35M","48.85M","47.95M","46.25M","46.1M","44.6M","43.55M","43.1M","41.85M","41.550003M","40.95M","40.65M","40.1M","39.9M","39.35M","38.800003M","38.15M","36.85M","36.5M","35.4M","34.800003M","34.4M","33.6M","33.05M","32.699997M","32.199997M","31.75M","31.75M","30.65M","30.599998M","29.7M","29.4M","28.9M","28.5M","28.05M","27.85M","27.7M","27.6M","27.5M","27.4M","27.349998M","27.0M","26.9M","26.6M","26.45M","26.4M","26.3M","26.25M","26.2M","25.45M","25.1M","24.35M","23.95M","23.45M","23.349998M","23.3M","23.3M","23.25M","23.25M","23.150002M","23.1M","23.0M","22.85M","22.75M","22.650002M","22.55M","22.55M","22.15M","22.0M","21.5M","21.05M","20.7M","20.35M","20.1M","20.05M","19.95M","19.85M","19.75M","50.75M","19.2M","50.100002M","18.5M","18.25M","18.1M","18.0M","17.95M","17.9M","17.9M"],"nokList":["64.1M","57.2M","26.2M","25.QM","25.8M"]}