{"time":1755512290255,"server":654,"cpList":["108M","108M","93.7M","92.9M","89M","87.9M","87.2M","86.6M","85.8M","84.7M","81.1M","79.3M","79.1M","78.5M","77.1M","76.4M","762M","75.9M","75.3M","74.7M","746M","73.6M","72.9M","72.5M","72.3M","71.9M","71.5M","71.1M","70.2M","69.4M","68.9M","68.8M","68.3M","68.1M","67.7M","67.4M","66.7M","66.5M","66.3M","65.9M","65.3M","65.2M","64.9M","64.7M","646M","64.4M","642M","63.6M","63.3M","62.6M","62.5M","62M","61.9M","61.8M","61.5M","61.5M","61.4M","612M","60.9M","60.5M","60.3M","59.9M","59.9M","59.8M","59.6M","59.4M","59.3M","59.2M","59.1M","59.1M","59M","58.7M","58.5M","58.2M","57.5M","57.3M","57.3M","56.8M","56.5M","56.4M","56.3M","56.3M","56.3M","56.2M","56.2M","55.9M","55.7M","55.6M","55.3M","55.3M","55.2M","55M","54.8M","54.7M","54.5M","54.2M","54.2M","53.9M","53.7M","53.7M"],"okList":["108.0M","108.0M","93.7M","92.9M","89.0M","87.9M","87.2M","86.6M","85.8M","84.7M","81.1M","79.3M","79.1M","78.5M","0.7709999999999999M","0.00764M","1.62E-5M","7.590000000000001E-8M","7.53E-9M","7.47E-9M","1.46E-8M","7.36E-9M","7.290000000000001E-9M","7.25E-9M","7.23E-9M","7.190000000000001E-9M","7.15E-9M","7.11E-9M","7.020000000000001E-9M","6.9400000000000004E-9M","6.890000000000001E-9M","6.879999999999999E-9M","6.83E-9M","6.8099999999999994E-9M","6.77E-9M","6.74E-9M","6.670000000000001E-9M","6.65E-9M","6.63E-9M","6.590000000000001E-9M","6.53E-9M","6.5200000000000015E-9M","6.4900000000000005E-9M","6.47E-9M","6.460000000000001E-8M","6.440000000000001E-9M","6.419999999999999E-8M","6.36E-9M","6.3299999999999994E-9M","6.26E-9M","6.2500000000000005E-9M","6.2E-9M","6.19E-9M","6.18E-9M","6.1500000000000005E-9M","6.1500000000000005E-9M","6.14E-9M","6.119999999999999E-8M","6.09E-9M","6.05E-9M","6.03E-9M","5.99E-9M","5.99E-9M","5.9800000000000004E-9M","5.96E-9M","5.9400000000000006E-9M","5.93E-9M","5.920000000000001E-9M","5.91E-9M","5.91E-9M","5.9E-9M","5.870000000000001E-9M","5.8499999999999994E-9M","5.820000000000001E-9M","5.75E-9M","5.73E-9M","5.73E-9M","5.6799999999999986E-9M","5.65E-9M","5.6399999999999995E-9M","5.63E-9M","5.63E-9M","5.63E-9M","5.620000000000001E-9M","5.620000000000001E-9M","5.59E-9M","5.57E-9M","5.560000000000001E-9M","5.53E-9M","5.53E-9M","5.520000000000001E-9M","5.500000000000001E-9M","5.48E-9M","5.47E-9M","5.45E-9M","5.420000000000001E-9M","5.420000000000001E-9M","5.390000000000001E-9M","5.37E-9M","5.37E-9M"],"nokList":[]}