{"server":654,"total":6220.4497,"average":63.473976,"cpValues":[],"cpList":["105M","103M","20.1M","89.4M","86.5M","86.1M","85.9M","82.8M","82.4M","82M","78.9M","77.6M","76.8M","74.8M","74.6M","74.2M","73.9M","73.9M","73.5M","12.4M","71.9M","71.3M","70.8M","70.5M","70.2M","70.1M","69M","68.7M","68.5M","68.1M","67.7M","67.4M","67.2M","67M","66.5M","66.5M","65.5M","65.2M","64.7M","64.4M","64.3M","64M","63.5M","63.5M","63.1M","62.6M","62.2M","61.8M","61.8M","61.8M","61M","60.4M","59.9M","59.8M","59.6M","59.4M","59.3M","59.3M","59.1M","59M","58.9M","58.8M","58.5M","58.2M","5AM","57.6M","57.5M","57.5M","57.4M","57.3M","57.3M","57.3M","56.8M","56.8M","56.8M","56.7M","56.3M","56.3M","56.3M","56.2M","55.9M","55.8M","55.8M","55.8M","55.7M","55.6M","55.3M","55.2M","55M","54.6M","54.2M","54.2M","54M","53.7M","53.4M","53.2M","53.1M","52.8M","52.7M","52.6M"],"okList":["105.0M","62.55M","96.2M","53.3M","87.75M","86.2M","84.45M","84.15M","82.4M","80.65M","79.8M","77.850006M","76.2M","75.7M","74.5M","74.25M","74.05M","73.7M","43.15M","72.7M","41.850002M","71.350006M","70.9M","70.5M","70.3M","69.6M","69.399994M","68.75M","68.399994M","68.1M","67.75M","67.45M","67.2M","66.85M","66.75M","66.0M","65.85M","65.1M","64.8M","64.5M","64.2M","63.9M","63.75M","63.3M","63.05M","62.65M","62.199997M","62.0M","61.8M","61.4M","61.1M","60.45M","60.1M","59.75M","59.6M","59.449997M","59.35M","59.199997M","59.15M","59.0M","58.9M","58.7M","58.5M","57.9M","57.55M","57.45M","57.4M","57.35M","57.3M","57.05M","57.05M","56.8M","56.75M","56.55M","56.5M","56.3M","56.25M","56.1M","56.0M","55.85M","55.8M","55.75M","55.699997M","55.5M","55.4M","55.15M","54.9M","54.6M","54.4M","54.1M","53.95M","53.7M","53.45M","53.25M","53.0M","52.9M","52.699997M","52.6M"],"nokList":["58.2M","57.6M"]}