{"server":659,"total":3412.4,"average":35.92,"cpValues":[],"cpList":["63.4M","63.4M","62.4M","61.4M","61.1M","58.6M","55.9M","55.6M","54.1M","51.4M","51.3M","51.2M","50.5M","49.1M","49M","49M","48.7M","47.8M","46.4M","46.4M","45.6M","45.6M","45.3M","45M","45M","42.4M","42.3M","42.1M","41M","40.9M","40.8M","40.6M","40M","39M","38.8M","38.3M","78M","37.8M","37.3M","37.1M","36.8M","A6.6M","36.5M","35.3M","34.9M","34.7M","34M","32.4M","31.7M","31.4M","31M","30.9M","30.7M","30.3M","30.1M","29.9M","29.7M","29.6M","29.5M","29.5M","29M","29M","28.8M","29.7M","29.7M","27.5M","27.5M","27.2M","26.9M","26.1M","25.QM","25.5M","25.5M","25.4M","25M","24.9M","24.9M","24.9M","24.5M","24.4M","24.3M","24.1M","24M","23.6M","23.5M","23.3M","22.9M","22.3M","22M","22M","21.9M","21.9M","21.8M","21.M","21.6M","21.4M","21.3M","21.1M","20.7M","20.6M"],"okList":["63.4M","62.9M","62.4M","61.75M","60.0M","58.5M","57.1M","55.0M","53.5M","52.699997M","51.300003M","50.9M","50.15M","49.75M","49.05M","48.85M","48.4M","47.550003M","47.1M","46.0M","46.0M","45.449997M","45.3M","45.15M","43.7M","43.65M","42.25M","41.65M","41.5M","40.9M","40.75M","40.4M","39.8M","39.4M","38.65M","58.4M","38.05M","57.65M","37.449997M","37.05M","36.65M","35.7M","35.0M","34.45M","33.550003M","32.85M","31.900002M","31.35M","31.15M","30.85M","30.599998M","30.400002M","30.099998M","29.900002M","29.75M","29.6M","29.55M","29.25M","29.25M","28.9M","29.35M","29.7M","28.6M","28.6M","27.35M","27.2M","26.650002M","25.45M","25.25M","25.15M","24.95M","24.9M","24.7M","24.65M","24.4M","24.25M","24.15M","23.85M","23.75M","23.45M","23.2M","22.8M","22.45M","22.15M","21.95M","21.95M","21.849998M","21.45M","21.7M","21.2M","21.45M","21.25M","21.0M","20.85M","20.6M"],"nokList":["36.8M","36.5M","26.1M","25.QM","25.5M"]}