{"server":661,"total":3709.15,"average":37.84847,"cpValues":[],"cpList":["76.1M","70.4M","68.8M","64.4M","63.5M","61.8M","61.5M","60.4M","60.4M","58.5M","56.6M","54.9M","54.1M","54M","53.1M","51.8M","51.3M","51.3M","51.2M","50.5M","49.8M","49.8M","49.3M","48.2M","48.1M","46.4M","46.2M","45.5M","45M","44.9M","44M","42.9M","42.8M","41.4M","41.3M","41.3M","41.2M","41.2M","39.1M","38.9M","A6.9M","36.5M","36.4M","34.9M","34.6M","34.4M","34.2M","34.1M","33.1M","33.1M","33.1M","32.9M","32.8M","32.3M","32.1M","31.3M","31.2M","31M","31M","30.7M","30.2M","29.8M","29.7M","29.6M","29.6M","29.2M","29M","28.6M","28M","28M","28M","27.9M","27.7M","27.1M","27.1M","26.9M","26.7M","26.5M","26.3M","26M","26M","25.8M","25.7M","25.7M","25.7M","25.5M","25.4M","25.3M","25M","24.6M","24.4M","24.3M","24.3M","23.8M","23.4M","23.4M","23.3M","23.2M","23.1M","22.8M"],"okList":["76.1M","72.45M","67.4M","66.15M","63.1M","62.5M","61.1M","60.95M","59.45M","58.5M","56.7M","55.35M","54.45M","53.6M","52.9M","52.199997M","51.55M","51.25M","50.9M","50.5M","50.15M","49.55M","49.0M","48.699997M","47.300003M","47.15M","45.95M","45.6M","45.2M","44.5M","43.9M","43.4M","42.15M","42.05M","41.35M","41.25M","41.25M","40.15M","40.050003M","37.7M","35.7M","35.5M","34.65M","34.4M","34.25M","33.65M","33.6M","33.1M","33.0M","32.949997M","32.6M","32.449997M","31.8M","31.65M","31.15M","31.1M","30.85M","30.6M","30.25M","29.95M","29.7M","29.650002M","29.400002M","29.3M","28.900002M","28.5M","28.3M","28.0M","27.95M","27.85M","27.5M","27.400002M","27.0M","26.900002M","26.7M","26.5M","26.25M","26.15M","25.9M","25.85M","25.75M","25.7M","25.6M","25.55M","25.4M","25.2M","24.95M","24.7M","24.45M","24.349998M","24.05M","23.849998M","23.599998M","23.349998M","23.3M","23.2M","23.0M","22.8M"],"nokList":["38.9M","36.5M"]}