{"time":1755512368919,"server":674,"cpList":["98.9M","95.1M","89.5M","88.4M","85.6M","83.4M","80.5M","79.5M","78M","74.9M","74.3M","73.5M","73.3M","71.9M","71.6M","71.4M","71.3M","71.1M","77M","70.4M","70M","69.5M","69.4M","69.4M","69.3M","68.4M","68.3M","68.3M","67.4M","67.1M","65.9M","65.4M","65M","64.7M","64.4M","64.3M","63.7M","63.6M","62.9M","62.8M","62.4M","62.1M","62M","61.8M","61.5M","59.7M","59.6M","59.5M","59.1M","59M","58.5M","58.5M","58M","57.4M","56.9M","56.9M","56.6M","56.5M","56.4M","56.2M","56.1M","55.8M","55.6M","55.5M","55M","54.8M","54.6M","54.5M","54.4M","54M","53.9M","53.7M","53.4M","53.4M","53.3M","52.6M","52.4M","52.3M","52.2M","51.9M","51.6M","51.5M","51.4M","51.3M","51.1M","50.8M","50.6M","50.3M","50.2M","50.1M","50M","50M","49.9M","49.9M","49.6M","49.5M","49.1M","49.1M","48.9M","48.5M"],"okList":["98.9M","95.1M","89.5M","88.4M","85.6M","83.4M","80.5M","79.5M","78.0M","74.9M","74.3M","73.5M","73.3M","71.9M","0.716M","0.0071400000000000005M","7.13E-5M","7.11E-7M","7.699999999999999E-8M","7.040000000000001E-9M","7.0E-9M","6.949999999999999E-9M","6.9400000000000004E-9M","6.9400000000000004E-9M","6.929999999999999E-9M","6.840000000000001E-9M","6.83E-9M","6.83E-9M","6.74E-9M","6.709999999999999E-9M","6.590000000000001E-9M","6.54E-9M","6.500000000000001E-9M","6.47E-9M","6.440000000000001E-9M","6.43E-9M","6.37E-9M","6.36E-9M","6.290000000000001E-9M","6.28E-9M","6.24E-9M","6.210000000000001E-9M","6.2E-9M","6.18E-9M","6.1500000000000005E-9M","5.97E-9M","5.96E-9M","5.9499999999999995E-9M","5.91E-9M","5.9E-9M","5.8499999999999994E-9M","5.8499999999999994E-9M","5.8E-9M","5.74E-9M","5.69E-9M","5.69E-9M","5.660000000000001E-9M","5.65E-9M","5.6399999999999995E-9M","5.620000000000001E-9M","5.61E-9M","5.5799999999999985E-9M","5.560000000000001E-9M","5.55E-9M","5.500000000000001E-9M","5.48E-9M","5.4600000000000006E-9M","5.45E-9M","5.44E-9M","5.4E-9M","5.390000000000001E-9M","5.37E-9M","5.34E-9M","5.34E-9M","5.329999999999999E-9M","5.2600000000000004E-9M","5.24E-9M","5.23E-9M","5.22E-9M","5.1900000000000005E-9M","5.160000000000001E-9M","5.15E-9M","5.140000000000001E-9M","5.13E-9M","5.110000000000001E-9M","5.080000000000001E-9M","5.06E-9M","5.03E-9M","5.0200000000000004E-9M","5.01E-9M","5.0E-9M","5.0E-9M","4.989999999999999E-9M","4.989999999999999E-9M","4.96E-9M","4.949999999999999E-9M","4.910000000000001E-9M","4.910000000000001E-9M","4.89E-9M","4.8500000000000004E-9M"],"nokList":[]}