{"time":1756147144061,"server":680,"cpList":["MTM","109M","108M","103M","103M","103M","100M","98.6M","98M","97.2M","97M","92.8M","91M","90.4M","90.2M","87.5M","87.3M","87.1M","87.1M","87.1M","87.1M","87.1M","85.9M","85.9M","85.8M","84.9M","84.5M","84.4M","83.9M","83.8M","82.7M","82.6M","81M","80.7M","80.6M","80.1M","80M","79.6M","79.4M","79.4M","79.1M","79.1M","78.9M","78.9M","78.6M","78.5M","78.3M","78.2M","78.1M","77.9M","77.6M","77.5M","77.2M","77.1M","76.6M","76M","75.5M","75.3M","75.2M","75.2M","75.1M","75M","75M","74.8M","74.6M","74.5M","74.5M","74.5M","74.4M","74.4M","74.4M","74.2M","74.2M","74.2M","74M","74M","73.9M","73.6M","73.5M","73.3M","73.2M","73.1M","73.1M","73M","72.9M","72.9M","72.8M","72.7M","72.7M","72.6M","72.4M","72.4M","723M","72M","71.7M","71.7M","71.5M","71.3M","712M","71.1M"],"okList":["7.0M","10.9M","10.8M","10.3M","10.3M","10.3M","10.0M","9.86M","9.8M","9.72M","9.7M","9.28M","9.1M","9.040000000000001M","9.02M","8.75M","8.73M","8.709999999999999M","8.709999999999999M","8.709999999999999M","8.709999999999999M","8.709999999999999M","8.59M","8.59M","8.58M","8.49M","8.45M","8.440000000000001M","8.39M","8.379999999999999M","8.27M","8.26M","8.1M","8.07M","8.059999999999999M","8.01M","8.0M","7.959999999999999M","7.94M","7.94M","7.909999999999999M","7.909999999999999M","7.890000000000001M","7.890000000000001M","7.859999999999999M","7.85M","7.83M","7.82M","7.81M","7.790000000000001M","7.76M","7.75M","7.720000000000001M","7.709999999999999M","7.659999999999999M","7.6M","7.55M","7.529999999999999M","7.5200000000000005M","7.5200000000000005M","7.51M","7.5M","7.5M","7.4799999999999995M","7.459999999999999M","7.45M","7.45M","7.45M","7.44M","7.44M","7.44M","7.42M","7.42M","7.42M","7.4M","7.4M","7.390000000000001M","7.359999999999999M","7.35M","7.33M","7.32M","7.31M","7.31M","7.3M","7.290000000000001M","7.290000000000001M","7.279999999999999M","7.2700000000000005M","7.2700000000000005M","7.26M","7.24M","7.24M","7.2299999999999995M","7.2M","7.17M","7.17M","7.15M","7.13M","7.12M","7.109999999999999M"],"nokList":[]}