{"time":1755512395393,"server":680,"cpList":["771M","108M","108M","104M","103M","102M","98.3M","97.9M","97.8M","97.2M","95.9M","92.8M","91M","90.3M","90.1M","87.5M","87.2M","87.1M","87.1M","87.1M","87M","87M","85.9M","85.8M","85.8M","84.7M","84.5M","842M","83.8M","83.7M","82.7M","81M","80.7M","80.6M","80.4M","79.9M","79.9M","79.4M","79.4M","79.3M","79.2M","79.2M","79M","78.9M","78.6M","78.4M","78.3M","78.3M","78.1M","78.1M","77.8M","77.2M","77.1M","77.1M","76.8M","75.8M","75.6M","75.3M","75.2M","75.2M","75.1M","75M","74.8M","74.7M","74.5M","74.4M","74.4M","74.3M","74.3M","74.3M","742M","742M","742M","74.1M","73.9M","73.8M","73.5M","73.4M","73.3M","73.2M","73M","73M","72.9M","72.9M","72.9M","72.9M","72.8M","72.7M","72.6M","72.4M","72.4M","72.3M","72.2M","72M","71.5M","71.4M","71.3M","71.2M","71.2M","71.1M"],"okList":["171.0M","108.0M","108.0M","104.0M","103.0M","102.0M","98.3M","97.9M","97.8M","97.2M","95.9M","92.8M","91.0M","90.3M","90.1M","87.5M","87.2M","87.1M","87.1M","87.1M","87.0M","87.0M","85.9M","85.8M","85.8M","84.7M","84.5M","84.2M","83.8M","83.7M","82.7M","81.0M","80.7M","80.6M","80.4M","79.9M","79.9M","79.4M","79.4M","79.3M","79.2M","79.2M","79.0M","78.9M","78.6M","78.4M","78.3M","78.3M","78.1M","78.1M","77.8M","77.2M","77.1M","77.1M","76.8M","75.8M","75.6M","75.3M","75.2M","75.2M","75.1M","75.0M","74.8M","74.7M","74.5M","74.4M","0.7440000000000001M","0.00743M","7.43E-5M","7.429999999999999E-6M","1.4199999999999997E-7M","1.4199999999999997E-7M","1.4199999999999997E-7M","7.410000000000001E-8M","7.39E-9M","7.3800000000000006E-9M","7.35E-9M","7.340000000000001E-9M","7.329999999999999E-9M","7.32E-9M","7.3E-9M","7.3E-9M","7.290000000000001E-9M","7.290000000000001E-9M","7.290000000000001E-9M","7.290000000000001E-9M","7.28E-9M","7.269999999999999E-9M","7.26E-9M","7.240000000000001E-9M","7.240000000000001E-9M","7.23E-9M","7.2199999999999995E-9M","7.2E-9M","7.15E-9M","7.14E-9M","7.13E-9M","7.120000000000001E-9M","7.120000000000001E-9M","7.11E-9M"],"nokList":[]}