{"server":685,"total":4998.3003,"average":53.17341,"cpValues":[],"cpList":["N0.6M","20.5M","88.7M","83.5M","78.9M","76M","72.7M","70.8M","70.1M","69M","69M","6AM","65.8M","65.2M","65.2M","64.6M","62.9M","62.2M","61.9M","61.7M","61.3M","60.8M","60.5M","60.4M","60.4M","60.2M","60.2M","60.1M","59.7M","59.1M","58.8M","58.4M","58.2M","5AM","56.6M","56.3M","55.9M","55.5M","55.3M","55M","54.3M","54.2M","53.8M","53.3M","53.1M","52.7M","52.7M","52.5M","52.4M","52.2M","52.2M","52.1M","51.9M","51.7M","51.6M","51.4M","51.4M","51.2M","50.7M","50M","50M","49.6M","48.M","48.8M","48.8M","48.5M","48.3M","47.9M","47.M","47.5M","47.5M","47.4M","47.3M","47M","46.9M","46.7M","46.5M","46.2M","45.2M","45M","44.8M","44.5M","44.4M","44.3M","44.2M","44M","43.7M","43.3M","43M","42.8M","42.6M","42.5M","42.2M","42.2M","42.1M","42.1M","42.1M","41.8M","41.6M","41.6M"],"okList":["52.0M","83.8M","79.75M","75.8M","73.4M","71.399994M","69.9M","69.55M","67.4M","65.5M","64.899994M","64.05M","63.4M","62.4M","61.95M","61.6M","61.25M","60.9M","60.6M","60.45M","60.300003M","60.300003M","60.15M","59.95M","59.6M","59.25M","58.75M","58.5M","57.4M","56.25M","55.9M","55.6M","55.25M","54.8M","54.6M","54.05M","53.75M","53.449997M","53.0M","52.9M","52.6M","52.550003M","52.35M","52.300003M","52.15M","52.050003M","51.9M","51.75M","51.550003M","51.5M","51.300003M","51.050003M","50.6M","50.35M","49.8M","49.0M","49.199997M","48.8M","48.65M","48.55M","48.2M","47.65M","47.7M","47.5M","47.45M","47.4M","47.2M","47.1M","46.85M","46.7M","46.45M","45.85M","45.6M","45.0M","44.75M","44.6M","44.4M","44.300003M","44.15M","43.95M","43.65M","43.35M","43.05M","42.8M","42.65M","42.4M","42.35M","42.15M","42.15M","42.1M","41.949997M","41.85M","41.699997M","41.6M"],"nokList":["N0.6M","20.5M","69M","65.8M","58.2M","56.6M"]}