{"server":693,"total":4149.75,"average":45.10598,"cpValues":[],"cpList":["64.6M","64.5M","64.3M","62.4M","62.1M","60.6M","59.9M","59M","57.8M","57M","56.9M","55.4M","55.4M","54.9M","54.7M","54.2M","53.7M","53.3M","52.7M","52.5M","51.8M","51.6M","51.5M","50.9M","50M","49.3M","49.1M","49.1M","48.8M","48.8M","48.6M","48.3M","47.9M","47.8M","47.3M","47.3M","47.3M","47M","46.5M","46.5M","46.2M","45.1M","45M","45M","44M","43.9M","43.5M","42.8M","42.1M","42M","42M","42M","41.8M","41.7M","41.4M","41.3M","40.8M","40.5M","40.1M","40.1M","40M","39.8M","39.7M","39.6M","39.1M","38.7M","38.3M","38.1M","38.1M","78M","37.8M","37.6M","A6.9M","A6.9M","A6.9M","A6.6M","36.5M","36.3M","A6.1M","35.9M","35.8M","35.6M","35.5M","35.4M","35.4M","35.2M","35.1M","34.6M","34.3M","34.3M","34.3M","34.1M","33.8M","33.7M","33.6M","33.2M","32.8M","32.7M","32.5M","32.1M"],"okList":["64.6M","64.45M","63.45M","63.2M","61.5M","61.0M","59.8M","58.85M","58.0M","57.35M","56.2M","56.15M","55.15M","55.050003M","54.550003M","54.2M","53.75M","53.2M","52.9M","52.25M","52.05M","51.65M","51.25M","50.75M","50.1M","49.55M","49.199997M","48.949997M","48.949997M","48.699997M","48.55M","48.25M","48.05M","47.6M","47.55M","47.3M","47.15M","46.9M","46.75M","46.35M","45.8M","45.6M","45.05M","44.5M","44.45M","43.75M","43.35M","42.8M","42.4M","42.05M","42.0M","41.9M","41.85M","41.6M","41.5M","41.1M","40.9M","40.449997M","40.3M","40.05M","39.949997M","39.85M","39.699997M","39.4M","39.15M","38.699997M","38.4M","38.199997M","38.1M","37.949997M","57.8M","36.1M","35.75M","35.65M","35.5M","35.45M","35.300003M","35.25M","34.9M","34.699997M","34.449997M","34.3M","34.199997M","34.05M","33.9M","33.699997M","33.45M","33.199997M","32.95M","32.65M","32.4M","32.1M"],"nokList":["37.6M","A6.9M","A6.9M","A6.9M","A6.6M","36.5M","36.3M","35.9M"]}