{"time":1755512500453,"server":694,"cpList":["89.2M","79.5M","79.2M","78.7M","78.4M","77.9M","77.9M","746M","74M","72M","71.6M","77M","70.9M","70.5M","70.1M","69.7M","69.1M","67.9M","67.8M","66.9M","66.2M","65.6M","65.4M","65.1M","65M","64.9M","64.8M","64.8M","646M","64.1M","63.8M","63M","62.6M","62.5M","62.5M","62M","61.7M","60.1M","59.7M","58.9M","58.8M","58.6M","58.6M","58.4M","58.3M","58.2M","58.1M","57.8M","57.7M","57.2M","57M","56.9M","56.8M","56.7M","56.5M","56.5M","56.1M","55.7M","55M","54.9M","54.6M","54.1M","53.9M","53.8M","53.6M","53.5M","53.5M","53.4M","53.3M","52.7M","52.7M","52.2M","51.8M","51.8M","51.7M","51.5M","51.2M","51.1M","50.7M","50.7M","50.4M","50.2M","50.1M","49.8M","49.6M","49M","48.8M","48.7M","48.3M","48.3M","47.5M","47.4M","47.3M","46.7M","46.5M","46.3M","46.3M","45.6M","45.3M","45.1M"],"okList":["89.2M","79.5M","79.2M","0.787M","0.00784M","7.79E-5M","7.79E-6M","1.4599999999999998E-7M","7.400000000000001E-8M","7.2E-9M","7.159999999999999E-9M","7.700000000000001E-9M","7.09E-9M","7.0499999999999994E-9M","7.0099999999999996E-9M","6.97E-9M","6.91E-9M","6.790000000000001E-9M","6.779999999999999E-9M","6.69E-9M","6.62E-9M","6.56E-9M","6.54E-9M","6.51E-9M","6.500000000000001E-9M","6.4900000000000005E-9M","6.48E-9M","6.48E-9M","6.460000000000001E-8M","6.409999999999999E-9M","6.380000000000001E-9M","6.3E-9M","6.26E-9M","6.2500000000000005E-9M","6.2500000000000005E-9M","6.2E-9M","6.17E-9M","6.01E-9M","5.97E-9M","5.89E-9M","5.88E-9M","5.86E-9M","5.86E-9M","5.84E-9M","5.83E-9M","5.820000000000001E-9M","5.8099999999999996E-9M","5.7799999999999995E-9M","5.7700000000000005E-9M","5.72E-9M","5.7E-9M","5.69E-9M","5.6799999999999986E-9M","5.6700000000000005E-9M","5.65E-9M","5.65E-9M","5.61E-9M","5.57E-9M","5.500000000000001E-9M","5.49E-9M","5.4600000000000006E-9M","5.410000000000001E-9M","5.390000000000001E-9M","5.38E-9M","5.3600000000000005E-9M","5.350000000000001E-9M","5.350000000000001E-9M","5.34E-9M","5.329999999999999E-9M","5.270000000000001E-9M","5.270000000000001E-9M","5.22E-9M","5.180000000000001E-9M","5.180000000000001E-9M","5.17E-9M","5.15E-9M","5.1200000000000005E-9M","5.110000000000001E-9M","5.07E-9M","5.07E-9M","5.040000000000001E-9M","5.0200000000000004E-9M","5.01E-9M","4.979999999999999E-9M","4.96E-9M","4.9E-9M","4.8800000000000005E-9M","4.870000000000001E-9M","4.83E-9M","4.83E-9M","4.7499999999999995E-9M","4.739999999999999E-9M","4.73E-9M","4.670000000000001E-9M","4.65E-9M","4.629999999999999E-9M","4.629999999999999E-9M","4.559999999999999E-9M","4.529999999999999E-9M","4.51E-9M"],"nokList":[]}