{"server":701,"total":4659.8003,"average":49.572342,"cpValues":[],"cpList":["70M","67.3M","64.9M","64.4M","63.9M","62.7M","62.3M","61.1M","61.1M","60.5M","60.1M","59.7M","59.1M","58.8M","58.1M","57.QM","57.3M","55.7M","55.6M","55M","54.4M","54M","53.4M","53.2M","52.8M","52.6M","52.5M","52.5M","52.3M","52.3M","52.1M","52.1M","52M","51.6M","51.6M","51.2M","50.9M","50.6M","50.2M","49.5M","49.4M","49.4M","48.M","48.6M","48.5M","48.4M","48M","47.8M","47.M","47.6M","47.3M","47M","46.9M","46.9M","46.5M","46.4M","46.3M","46.2M","46.1M","45.9M","45.9M","45.8M","45.8M","45.6M","45.6M","45.4M","45.4M","45.3M","45.2M","45.1M","45.1M","45.1M","45.1M","45M","45M","44.8M","44.6M","44.5M","44.2M","44M","43.7M","43.6M","43.2M","43.2M","42.9M","42.9M","42.8M","42.5M","42.5M","42.5M","42.4M","42.4M","42.3M","#2.1M","42.1M","42M","41.9M","41.7M","41.7M","41.5M"],"okList":["70.0M","67.45M","65.850006M","64.4M","63.550003M","63.1M","61.9M","61.699997M","60.8M","60.6M","60.1M","59.6M","59.25M","58.6M","56.449997M","55.35M","55.0M","54.5M","53.9M","53.6M","53.1M","52.9M","52.65M","52.55M","52.4M","52.4M","52.199997M","52.199997M","52.05M","51.85M","51.8M","51.4M","51.25M","50.9M","50.550003M","50.05M","49.800003M","49.45M","48.7M","49.0M","48.25M","48.5M","48.25M","48.1M","47.5M","47.699997M","47.15M","47.3M","47.1M","46.95M","46.7M","46.65M","46.4M","46.300003M","46.199997M","46.050003M","46.0M","45.85M","45.85M","45.699997M","45.699997M","45.5M","45.5M","45.35M","45.300003M","45.199997M","45.15M","45.1M","45.1M","45.05M","45.05M","44.9M","44.8M","44.65M","44.4M","44.25M","43.95M","43.8M","43.45M","43.4M","43.050003M","43.050003M","42.85M","42.7M","42.65M","42.5M","42.45M","42.45M","42.35M","42.0M","41.85M","41.800003M","41.6M","41.5M"],"nokList":["58.1M","57.QM","57.3M","42.3M","#2.1M","42.1M"]}