{"time":1755512605416,"server":707,"cpList":["146M","115M","114M","113M","108M","107M","104M","102M","100M","99.3M","98.7M","98M","97.5M","96.4M","96.4M","96.4M","96.2M","93.5M","92.3M","92.2M","90.2M","88.6M","88.4M","88.4M","88.1M","87.6M","87M","85.8M","85.6M","85.4M","85.2M","848M","846M","84.5M","83.5M","83.4M","83.1M","82.3M","82.3M","82.3M","82M","81.8M","81.1M","80M","79.9M","79.5M","79.3M","79M","78.9M","78.3M","77.4M","77.1M","75.9M","75.5M","75.4M","75.3M","75.3M","75.1M","74.7M","74.4M","742M","742M","74.1M","74M","73.7M","73.6M","73.5M","73.4M","73.1M","72.9M","72.5M","72.5M","72.2M","72.2M","72.1M","72.1M","72M","71.9M","71.9M","71.8M","71.4M","71.2M","71.2M","71.2M","71.1M","77M","70.9M","70.9M","70.9M","70.7M","70.6M","70.5M","70.3M","70.1M","70M","69.4M","69.1M","69.1M","68.9M","68.9M"],"okList":["146.0M","115.0M","114.0M","113.0M","108.0M","107.0M","104.0M","102.0M","100.0M","99.3M","98.7M","98.0M","97.5M","96.4M","96.4M","96.4M","96.2M","93.5M","92.3M","92.2M","90.2M","88.6M","88.4M","88.4M","88.1M","87.6M","87.0M","85.8M","85.6M","85.4M","85.2M","84.8M","84.6M","84.5M","83.5M","83.4M","83.1M","82.3M","82.3M","82.3M","82.0M","81.8M","81.1M","80.0M","79.9M","79.5M","79.3M","79.0M","78.9M","78.3M","77.4M","77.1M","75.9M","75.5M","75.4M","75.3M","0.753M","0.007509999999999999M","7.47E-5M","7.440000000000001E-6M","1.4199999999999997E-7M","1.4199999999999997E-7M","7.410000000000001E-8M","7.400000000000001E-9M","7.37E-9M","7.36E-9M","7.35E-9M","7.340000000000001E-9M","7.31E-9M","7.290000000000001E-9M","7.25E-9M","7.25E-9M","7.2199999999999995E-9M","7.2199999999999995E-9M","7.21E-9M","7.21E-9M","7.2E-9M","7.190000000000001E-9M","7.190000000000001E-9M","7.18E-9M","7.14E-9M","7.120000000000001E-9M","7.120000000000001E-9M","7.120000000000001E-9M","7.11E-9M","7.700000000000001E-9M","7.09E-9M","7.09E-9M","7.09E-9M","7.070000000000001E-9M","7.06E-9M","7.0499999999999994E-9M","7.03E-9M","7.0099999999999996E-9M","7.0E-9M","6.9400000000000004E-9M","6.91E-9M","6.91E-9M","6.890000000000001E-9M","6.890000000000001E-9M"],"nokList":[]}