{"server":73,"total":6046.8516,"average":65.01991,"cpValues":[],"cpList":["105M","104M","97.3M","24.8M","24.1M","21.4M","89M","88.7M","86.5M","85.2M","84.6M","83.4M","83.2M","82.1M","78.7M","77.8M","77.5M","77.1M","76.3M","75.7M","75.6M","75.5M","75.4M","74M","72M","71.9M","70.5M","70.2M","69.1M","6A.6M","68.4M","6AM","67.8M","67.6M","66.3M","6M","65.9M","65.9M","64.8M","64.7M","64.6M","64.3M","64.1M","64M","63.9M","63.7M","63.5M","63.3M","63.2M","62.9M","62.8M","62.2M","62.1M","62M","61.9M","61.9M","61.8M","61.6M","61.5M","61.3M","61.2M","61M","60.9M","60.4M","60.4M","60.4M","60.3M","60.3M","60.2M","60.1M","60.1M","60.1M","60M","59.8M","59.7M","59.6M","59.4M","59.3M","59M","58.9M","58.7M","58.3M","58.2M","58.1M","5AM","5AM","57.5M","57.4M","57.4M","57.3M","57.3M","57.2M","56.8M","56.6M","56.6M","56.5M","56.4M","56.3M","56.3M","56.3M"],"okList":["105.0M","101.15M","64.4M","60.7M","23.099998M","56.55M","55.05M","87.75M","86.95M","85.55M","84.3M","83.899994M","82.75M","80.95M","79.95M","78.1M","77.45M","76.9M","76.399994M","75.95M","75.6M","75.5M","74.75M","73.7M","72.95M","71.25M","71.05M","69.8M","68.75M","68.100006M","67.05M","36.8M","66.100006M","65.9M","65.350006M","65.3M","64.7M","64.5M","64.35M","64.15M","64.0M","63.85M","63.7M","63.5M","63.35M","63.1M","63.0M","62.550003M","62.449997M","62.1M","62.0M","61.95M","61.85M","61.75M","61.65M","61.449997M","61.35M","61.15M","61.050003M","60.7M","60.65M","60.4M","60.35M","60.35M","60.25M","60.199997M","60.15M","60.1M","60.05M","59.949997M","59.85M","59.699997M","59.550003M","59.449997M","59.2M","59.1M","58.85M","58.6M","58.45M","58.199997M","57.45M","57.35M","57.35M","57.25M","57.05M","56.9M","56.699997M","56.55M","56.5M","56.4M","56.35M","56.3M","56.3M"],"nokList":["69.1M","68.4M","67.8M","58.1M","5AM","5AM","57.5M"]}