{"server":730,"total":2862.5498,"average":29.510822,"cpValues":[],"cpList":["69.7M","60.3M","57.QM","55.2M","54.9M","54.9M","53.7M","49.9M","48.7M","47.4M","46.8M","44.5M","42.3M","42M","42M","41.2M","40.4M","40.3M","40M","39.7M","39.5M","39.3M","39.2M","38.5M","38.2M","36.8M","35.2M","34.6M","33.5M","32.3M","31.8M","31.5M","30.5M","30.2M","30.2M","30.1M","30M","29.9M","29.8M","29.7M","29.3M","29M","28.5M","28.5M","28.2M","28.1M","28M","27.9M","27.7M","27.5M","27.5M","27.4M","26.8M","26.4M","26.1M","26M","25.7M","25.7M","25.5M","25.2M","24.8M","24.7M","24.7M","24.6M","24.5M","24.1M","24M","23.6M","23.5M","23.3M","23.2M","23M","22.9M","22.3M","22.2M","21.8M","21.5M","21.5M","21.4M","21.3M","21M","20.9M","20.7M","20.7M","20.5M","20.3M","20.3M","20.1M","20.1M","19.9M","19.5M","18.9M","18M","17.9M","17.9M","17.8M","17.7M","17.7M","17.7M","17.7M"],"okList":["69.7M","55.050003M","54.300003M","52.4M","51.2M","48.65M","47.75M","45.95M","44.55M","43.25M","42.15M","41.6M","41.2M","40.75M","40.2M","40.0M","39.75M","39.5M","39.35M","38.9M","38.7M","37.65M","36.7M","35.699997M","34.35M","33.449997M","32.65M","31.9M","31.15M","30.85M","30.35M","30.150002M","30.1M","30.0M","29.9M","29.8M","29.55M","29.35M","28.9M","28.75M","28.35M","28.3M","28.1M","28.0M","27.85M","27.7M","27.6M","27.45M","27.15M","26.9M","26.45M","26.2M","25.900002M","25.85M","25.6M","25.45M","25.15M","24.95M","24.75M","24.650002M","24.6M","24.35M","24.25M","23.85M","23.75M","23.45M","23.35M","23.15M","23.05M","22.65M","22.55M","22.05M","21.85M","21.65M","21.45M","21.4M","21.2M","21.099998M","20.85M","20.8M","20.6M","20.5M","20.4M","20.2M","20.2M","20.0M","19.8M","19.4M","18.75M","18.4M","17.95M","17.849998M","17.8M","17.75M","17.7M","17.7M","17.7M"],"nokList":["60.3M","57.QM","55.2M"]}