{"time":1755512683948,"server":736,"cpList":["93.5M","742M","74M","69.5M","67.7M","66.8M","66.3M","63.6M","62.7M","61.9M","61.8M","60.7M","60.6M","59.5M","59.4M","58.7M","58.3M","58.2M","57M","54.7M","53M","52.8M","52.7M","52.3M","52.3M","52.2M","52.1M","51.8M","51.7M","51.7M","51.7M","51.6M","50.9M","50.5M","50.4M","50.3M","50.3M","49.8M","49.8M","49.4M","49.1M","49M","48.8M","48.4M","48.4M","48.3M","48.2M","48M","48M","48M","47.2M","47.1M","47M","47M","46.5M","46.5M","46.3M","461M","45.9M","45.5M","45.3M","45.3M","45.3M","44.9M","44.7M","44.5M","442M","442M","44M","44M","43.5M","43M","43M","42.9M","42.7M","42.7M","426M","426M","42.4M","42.1M","42.1M","42.1M","42M","41.9M","41.8M","41.7M","41.6M","41.4M","40.9M","40.7M","40.6M","40.4M","40.3M","40.2M","40.1M","40.1M","40M","40M","39.7M","39.5M"],"okList":["9.35E-6M","1.4199999999999997E-7M","7.400000000000001E-8M","6.949999999999999E-9M","6.77E-9M","6.68E-9M","6.63E-9M","6.36E-9M","6.270000000000001E-9M","6.19E-9M","6.18E-9M","6.07E-9M","6.06E-9M","5.9499999999999995E-9M","5.9400000000000006E-9M","5.870000000000001E-9M","5.83E-9M","5.820000000000001E-9M","5.7E-9M","5.47E-9M","5.3E-9M","5.280000000000001E-9M","5.270000000000001E-9M","5.23E-9M","5.23E-9M","5.22E-9M","5.21E-9M","5.180000000000001E-9M","5.17E-9M","5.17E-9M","5.17E-9M","5.160000000000001E-9M","5.0900000000000004E-9M","5.0500000000000006E-9M","5.040000000000001E-9M","5.03E-9M","5.03E-9M","4.979999999999999E-9M","4.979999999999999E-9M","4.940000000000001E-9M","4.910000000000001E-9M","4.9E-9M","4.8800000000000005E-9M","4.839999999999999E-9M","4.839999999999999E-9M","4.83E-9M","4.820000000000001E-9M","4.8E-9M","4.8E-9M","4.8E-9M","4.72E-9M","4.7100000000000005E-9M","4.699999999999999E-9M","4.699999999999999E-9M","4.65E-9M","4.65E-9M","4.629999999999999E-9M","4.610000000000001E-8M","4.59E-9M","4.55E-9M","4.529999999999999E-9M","4.529999999999999E-9M","4.529999999999999E-9M","4.49E-9M","4.4700000000000005E-9M","4.45E-9M","4.419999999999999E-8M","4.419999999999999E-8M","4.4000000000000005E-9M","4.4000000000000005E-9M","4.35E-9M","4.3000000000000005E-9M","4.3000000000000005E-9M","4.289999999999999E-9M","4.27E-9M","4.27E-9M","4.26E-8M","4.26E-8M","4.24E-9M","4.21E-9M","4.21E-9M","4.21E-9M","4.2E-9M","4.190000000000001E-9M","4.18E-9M","4.17E-9M","4.1600000000000005E-9M","4.139999999999999E-9M","4.09E-9M","4.070000000000001E-9M","4.0600000000000005E-9M","4.039999999999999E-9M","4.03E-9M","4.020000000000001E-9M","4.010000000000001E-9M","4.010000000000001E-9M","4.0E-9M","4.0E-9M","3.97E-9M","3.950000000000001E-9M"],"nokList":[]}