{"server":738,"total":3610.7,"average":38.82473,"cpValues":[],"cpList":["79.6M","78.5M","74.8M","67.4M","65.4M","65.1M","63.9M","63.7M","62.7M","60.3M","59.4M","58.3M","57.QM","55.5M","55.1M","53M","52.4M","52M","52M","51.8M","51.2M","51.2M","49.2M","48.2M","47.3M","47.2M","46M","45.8M","45.5M","45.3M","44.9M","43.1M","42.7M","42.1M","41.7M","41.6M","41.1M","41M","41M","40.3M","40M","39.7M","38.7M","38.5M","38.3M","37.6M","37M","A6.9M","A6.6M","36.5M","36.4M","35.2M","35.2M","34.3M","34.3M","33.3M","33.2M","33M","32M","32M","31.6M","31.5M","31.2M","31M","30.6M","30.2M","30M","29.3M","29.3M","28.9M","28.4M","28.3M","28M","28M","27.9M","27.7M","27.7M","27.6M","27.6M","27.2M","26.7M","26.4M","26.4M","26.3M","26.3M","26.2M","26M","25.5M","25.5M","24.8M","24.8M","24.8M","24.6M","24.5M","24.5M","24.3M","24.2M","24.1M","23.9M","23.8M"],"okList":["79.6M","77.2M","72.95M","70.100006M","66.25M","64.65M","64.4M","63.300003M","62.0M","61.050003M","59.3M","54.25M","53.75M","52.5M","52.2M","51.9M","51.6M","51.5M","50.2M","49.7M","48.25M","47.7M","46.65M","46.5M","45.75M","45.55M","45.2M","44.199997M","43.800003M","42.6M","42.2M","41.85M","41.4M","41.3M","41.05M","40.65M","40.5M","40.0M","39.35M","39.1M","38.5M","38.05M","37.65M","35.85M","35.800003M","34.75M","34.75M","33.8M","33.75M","33.15M","32.6M","32.5M","31.8M","31.75M","31.400002M","31.25M","30.900002M","30.6M","30.3M","29.75M","29.65M","29.099998M","28.849998M","28.599998M","28.2M","28.15M","27.95M","27.85M","27.8M","27.650002M","27.650002M","27.400002M","27.150002M","26.8M","26.55M","26.349998M","26.349998M","26.25M","26.15M","25.85M","25.75M","25.15M","25.15M","24.8M","24.7M","24.65M","24.55M","24.4M","24.35M","24.2M","24.05M","23.95M","23.8M"],"nokList":["58.3M","57.QM","55.5M","37M","A6.9M","A6.6M","36.5M"]}