{"time":1755512736129,"server":740,"cpList":["77.3M","766M","74M","72.6M","66.4M","66.3M","646M","62.5M","57.9M","57.7M","57.2M","53.4M","52.7M","51.7M","51.6M","51.5M","51.5M","51.4M","49.1M","48.3M","47M","46.3M","46.3M","45.6M","45.6M","45.5M","44.7M","43.7M","43.5M","42M","41.5M","40.8M","40.2M","40M","39.8M","39.2M","38.8M","38.8M","38.6M","37.9M","37.7M","37.4M","37.3M","37.3M","37M","36.5M","36.4M","35.5M","35.2M","34.8M","34.7M","34.7M","346M","34.3M","34.1M","33.9M","33.8M","33.7M","33.4M","33.4M","33.3M","33.1M","32.8M","32.6M","31.9M","31.8M","31.6M","31.6M","31.2M","31M","30.7M","30.4M","30.3M","30.1M","29.5M","29.2M","28.9M","28.8M","28.6M","28.5M","28.5M","28.4M","28.3M","28.2M","28.1M","27.9M","27.8M","27.3M","27.3M","27.2M","27.1M","26.8M","26.4M","26.4M","25.9M","25M","24.7M","24.7M","24.5M","24.5M"],"okList":["0.00773M","1.66E-5M","7.400000000000001E-8M","7.26E-9M","6.64E-9M","6.63E-9M","6.460000000000001E-8M","6.2500000000000005E-9M","5.79E-9M","5.7700000000000005E-9M","5.72E-9M","5.34E-9M","5.270000000000001E-9M","5.17E-9M","5.160000000000001E-9M","5.15E-9M","5.15E-9M","5.140000000000001E-9M","4.910000000000001E-9M","4.83E-9M","4.699999999999999E-9M","4.629999999999999E-9M","4.629999999999999E-9M","4.559999999999999E-9M","4.559999999999999E-9M","4.55E-9M","4.4700000000000005E-9M","4.3700000000000004E-9M","4.35E-9M","4.2E-9M","4.15E-9M","4.079999999999999E-9M","4.020000000000001E-9M","4.0E-9M","3.98E-9M","3.92E-9M","3.879999999999999E-9M","3.879999999999999E-9M","3.86E-9M","3.7899999999999995E-9M","3.77E-9M","3.74E-9M","3.729999999999999E-9M","3.729999999999999E-9M","3.7000000000000005E-9M","3.65E-9M","3.64E-9M","3.5499999999999995E-9M","3.5200000000000007E-9M","3.48E-9M","3.4700000000000002E-9M","3.4700000000000002E-9M","3.46E-8M","3.43E-9M","3.41E-9M","3.3899999999999997E-9M","3.3799999999999995E-9M","3.37E-9M","3.34E-9M","3.34E-9M","3.33E-9M","3.31E-9M","3.28E-9M","3.2600000000000007E-9M","3.1900000000000004E-9M","3.18E-9M","3.1600000000000003E-9M","3.1600000000000003E-9M","3.12E-9M","3.1E-9M","3.07E-9M","3.04E-9M","3.03E-9M","3.01E-9M","2.95E-9M","2.92E-9M","2.8899999999999997E-9M","2.8800000000000004E-9M","2.86E-9M","2.85E-9M","2.85E-9M","2.8399999999999993E-9M","2.8300000000000004E-9M","2.8199999999999998E-9M","2.8100000000000004E-9M","2.7899999999999993E-9M","2.7800000000000003E-9M","2.7300000000000003E-9M","2.7300000000000003E-9M","2.72E-9M","2.7100000000000004E-9M","2.6800000000000003E-9M","2.6400000000000004E-9M","2.6400000000000004E-9M","2.5900000000000004E-9M","2.5E-9M","2.4700000000000004E-9M","2.4700000000000004E-9M","2.45E-9M","2.45E-9M"],"nokList":[]}