{"server":740,"total":3801.45,"average":40.015263,"cpValues":[],"cpList":["75.4M","72.3M","70.5M","70M","69M","63.8M","63.1M","62.1M","61M","60.1M","57.6M","57.1M","56.4M","55.8M","55.3M","52.6M","51.7M","51.6M","51.5M","50.4M","49.7M","47.9M","47M","46.3M","46.2M","45.6M","45.6M","45.1M","44.8M","44.8M","43.8M","43.7M","43.5M","42M","41.5M","40.8M","40M","39.8M","39.2M","38.8M","AA.6M","38.4M","37.9M","37.6M","37.4M","37.3M","37M","37M","A6.6M","36.5M","A6M","35.5M","35.4M","35.2M","34.8M","34.7M","34.7M","34.6M","34.3M","34.1M","33.8M","33.7M","33.4M","33.4M","33.3M","33.1M","32.8M","32.6M","31.8M","31.6M","31.6M","31.2M","31M","30.4M","30.3M","30.1M","30.1M","30M","29.5M","29.2M","28.9M","28.8M","28.8M","28.6M","28.5M","28.5M","28.4M","28.2M","28.1M","27.9M","27.7M","27.6M","27.3M","21.2M","27.1M","26.8M","26.4M","26.4M","25.9M","25.2M"],"okList":["75.4M","72.95M","71.15M","69.75M","66.9M","66.05M","62.949997M","62.05M","61.1M","59.3M","58.6M","57.0M","56.449997M","55.85M","54.199997M","53.5M","52.1M","51.6M","51.0M","50.6M","49.15M","48.35M","47.1M","46.6M","45.949997M","45.9M","45.35M","45.199997M","44.949997M","44.3M","44.25M","43.65M","42.85M","42.5M","41.4M","40.75M","40.3M","39.6M","39.3M","38.6M","38.0M","37.65M","37.449997M","37.2M","37.15M","36.75M","36.0M","35.35M","35.1M","34.95M","34.75M","34.65M","34.5M","34.35M","34.05M","33.9M","33.6M","33.550003M","33.35M","33.25M","33.05M","32.85M","32.3M","32.1M","31.7M","31.400002M","31.3M","30.8M","30.65M","30.25M","30.2M","30.05M","29.8M","29.6M","29.2M","29.0M","28.849998M","28.7M","28.65M","28.55M","28.45M","28.35M","28.25M","28.05M","27.900002M","27.75M","27.5M","24.400002M","27.2M","24.0M","26.75M","26.599998M","26.15M","25.8M","25.2M"],"nokList":["38.8M","38.4M","37M","36.5M","35.5M"]}