{"time":1755512814950,"server":744,"cpList":["123M","968M","96.4M","93.3M","90.3M","87M","77.1M","72.4M","71.7M","77M","77M","70.8M","70.7M","69.4M","69.2M","68.9M","68.9M","68.3M","68.2M","68.2M","67.9M","67.5M","67.4M","67.3M","67.1M","66.4M","66.3M","66M","65.8M","65.8M","65.2M","65M","64.7M","64.7M","646M","64.5M","64.4M","642M","64.1M","63.9M","63.9M","63.8M","63.5M","63.5M","63.2M","63.1M","62.9M","62.5M","62.4M","62.3M","62.2M","62.1M","61.9M","61.9M","61.4M","612M","61M","60.7M","60.5M","60.3M","60.3M","60.2M","60M","59.8M","59.4M","59.3M","59.2M","59.1M","59.1M","59M","58.9M","58.5M","58.3M","58.2M","58M","57.8M","57.6M","57.6M","57.6M","57.5M","57.2M","56.9M","56.9M","56.1M","55.7M","55.6M","54.9M","54.8M","54.6M","54.6M","54M","53.9M","53.9M","53.8M","53.5M","53.4M","53.3M","53.2M","53.2M","53.1M"],"okList":["123.0M","96.8M","96.4M","93.3M","90.3M","0.87M","0.007709999999999999M","7.240000000000001E-5M","7.170000000000001E-7M","7.699999999999999E-8M","7.700000000000001E-9M","7.08E-9M","7.070000000000001E-9M","6.9400000000000004E-9M","6.92E-9M","6.890000000000001E-9M","6.890000000000001E-9M","6.83E-9M","6.82E-9M","6.82E-9M","6.790000000000001E-9M","6.750000000000001E-9M","6.74E-9M","6.73E-9M","6.709999999999999E-9M","6.64E-9M","6.63E-9M","6.6E-9M","6.579999999999999E-9M","6.579999999999999E-9M","6.5200000000000015E-9M","6.500000000000001E-9M","6.47E-9M","6.47E-9M","6.460000000000001E-8M","6.45E-9M","6.440000000000001E-9M","6.419999999999999E-8M","6.409999999999999E-9M","6.39E-9M","6.39E-9M","6.380000000000001E-9M","6.35E-9M","6.35E-9M","6.3200000000000005E-9M","6.31E-9M","6.290000000000001E-9M","6.2500000000000005E-9M","6.24E-9M","6.23E-9M","6.22E-9M","6.210000000000001E-9M","6.19E-9M","6.19E-9M","6.14E-9M","6.119999999999999E-8M","6.099999999999998E-9M","6.07E-9M","6.05E-9M","6.03E-9M","6.03E-9M","6.02E-9M","6.0E-9M","5.9800000000000004E-9M","5.9400000000000006E-9M","5.93E-9M","5.920000000000001E-9M","5.91E-9M","5.91E-9M","5.9E-9M","5.89E-9M","5.8499999999999994E-9M","5.83E-9M","5.820000000000001E-9M","5.8E-9M","5.7799999999999995E-9M","5.760000000000001E-9M","5.760000000000001E-9M","5.760000000000001E-9M","5.75E-9M","5.72E-9M","5.69E-9M","5.69E-9M","5.61E-9M","5.57E-9M","5.560000000000001E-9M","5.49E-9M","5.48E-9M","5.4600000000000006E-9M","5.4600000000000006E-9M","5.4E-9M","5.390000000000001E-9M","5.390000000000001E-9M","5.38E-9M","5.350000000000001E-9M","5.34E-9M","5.329999999999999E-9M","5.32E-9M","5.32E-9M","5.310000000000001E-9M"],"nokList":[]}