{"time":1755512840991,"server":761,"cpList":["78.1M","73.5M","72.4M","68.1M","66.1M","65.2M","64.1M","63.5M","62.2M","61.4M","61.4M","60.5M","59.9M","59.8M","59.6M","58.9M","58.4M","57.2M","57M","56.6M","56.4M","55.9M","55.9M","55.3M","55.2M","54.7M","54.6M","54.6M","543M","53.8M","53.8M","53.6M","53.6M","52.7M","52.7M","52.6M","52.6M","52.4M","52.2M","52M","57M","50.9M","50.8M","50.7M","50.5M","50.1M","50M","50M","49.3M","48.9M","48.9M","48.7M","48.5M","48.1M","47.8M","47.6M","47.5M","47.1M","46.9M","46.4M","46.3M","46.3M","45.9M","45.9M","45.9M","45.5M","45.3M","45.1M","45M","44.9M","44.7M","446M","446M","446M","446M","441M","43.6M","43.6M","43.5M","43.3M","43.1M","43.1M","42.9M","42.9M","42.9M","42.8M","42.7M","42.7M","42.1M","41.7M","41.7M","41.4M","41M","40.8M","40.7M","40.2M","39.9M","39.9M","39.9M","39.9M"],"okList":["78.1M","73.5M","72.4M","68.1M","66.1M","65.2M","64.1M","63.5M","62.2M","61.4M","61.4M","60.5M","59.9M","59.8M","59.6M","58.9M","58.4M","57.2M","57.0M","56.6M","56.4M","55.9M","55.9M","55.3M","55.2M","54.7M","54.6M","54.6M","54.3M","53.8M","53.8M","53.6M","53.6M","52.7M","52.7M","52.6M","0.526M","0.00524M","5.2199999999999995E-5M","5.2E-7M","5.6999999999999994E-8M","5.0900000000000004E-9M","5.080000000000001E-9M","5.07E-9M","5.0500000000000006E-9M","5.01E-9M","5.0E-9M","5.0E-9M","4.930000000000001E-9M","4.89E-9M","4.89E-9M","4.870000000000001E-9M","4.8500000000000004E-9M","4.8100000000000006E-9M","4.779999999999999E-9M","4.76E-9M","4.7499999999999995E-9M","4.7100000000000005E-9M","4.689999999999999E-9M","4.6400000000000005E-9M","4.629999999999999E-9M","4.629999999999999E-9M","4.59E-9M","4.59E-9M","4.59E-9M","4.55E-9M","4.529999999999999E-9M","4.51E-9M","4.500000000000001E-9M","4.49E-9M","4.4700000000000005E-9M","4.4599999999999996E-8M","4.4599999999999996E-8M","4.4599999999999996E-8M","4.4599999999999996E-8M","4.4100000000000004E-8M","4.360000000000001E-9M","4.360000000000001E-9M","4.35E-9M","4.33E-9M","4.31E-9M","4.31E-9M","4.289999999999999E-9M","4.289999999999999E-9M","4.289999999999999E-9M","4.279999999999999E-9M","4.27E-9M","4.27E-9M","4.21E-9M","4.17E-9M","4.17E-9M","4.139999999999999E-9M","4.0999999999999995E-9M","4.079999999999999E-9M","4.070000000000001E-9M","4.020000000000001E-9M","3.99E-9M","3.99E-9M","3.99E-9M","3.99E-9M"],"nokList":[]}