{"server":761,"total":3542.6497,"average":36.9026,"cpValues":[],"cpList":["68.9M","64.8M","60.5M","60.1M","59.6M","57.2M","56.4M","55.9M","54.6M","54.6M","53.8M","51.6M","50.8M","50.1M","50M","49.4M","49.3M","47.6M","47.6M","46.9M","46.3M","45.7M","45.3M","44.8M","44.6M","43.1M","43.1M","42.9M","42.7M","40.6M","40.3M","40.1M","39.9M","39.4M","39.1M","39M","38.7M","38.1M","37.8M","37.7M","37.6M","37.4M","35.9M","35.8M","35.6M","35M","34.5M","33.5M","33.4M","33.3M","32.4M","31.4M","31.2M","31M","30.8M","30.4M","30.3M","30.1M","29.9M","29.8M","29.6M","29.3M","29.3M","29.2M","29.1M","29.1M","29.1M","29M","28.8M","28.5M","28.2M","28.1M","27.8M","27.7M","27.3M","27.2M","26.9M","26.9M","26.8M","26.8M","26.7M","26.5M","26.4M","26.1M","26M","25.QM","25.QM","25.6M","25.3M","25.1M","25.1M","24.8M","24.3M","24.3M","24.1M","24.1M","23.9M","23.8M","23.7M","23.5M"],"okList":["68.9M","64.7M","62.45M","60.05M","58.65M","58.0M","56.550003M","55.5M","55.25M","54.199997M","53.1M","52.3M","50.85M","50.4M","49.75M","49.65M","48.5M","48.449997M","47.25M","46.949997M","46.300003M","45.8M","45.25M","44.949997M","43.949997M","43.85M","43.0M","42.9M","41.75M","41.5M","40.35M","40.1M","39.75M","39.5M","39.2M","38.9M","38.55M","38.25M","37.9M","37.699997M","37.550003M","36.75M","36.6M","35.75M","35.4M","35.05M","34.25M","33.95M","33.4M","32.9M","32.35M","31.800001M","31.2M","31.0M","30.7M","30.55M","30.25M","30.099998M","29.95M","29.75M","29.55M","29.45M","29.25M","29.2M","29.150002M","29.1M","29.05M","28.95M","28.75M","28.5M","28.3M","28.0M","27.900002M","27.55M","27.45M","27.099998M","27.05M","26.849998M","26.849998M","26.75M","26.65M","26.55M","26.3M","26.2M","25.35M","25.2M","24.95M","24.7M","24.55M","24.2M","24.2M","24.0M","23.95M","23.8M","23.65M","23.5M"],"nokList":["26M","25.QM","25.QM","25.6M"]}