{"server":767,"total":4770.549,"average":48.67907,"cpValues":[],"cpList":["74.7M","72.3M","72.2M","71.5M","6A.6M","67.7M","62.7M","62.3M","60.4M","60.1M","60M","59.7M","59.6M","59.3M","58.3M","57.8M","57.8M","57.3M","56.8M","56.5M","56.1M","56M","54.7M","54.5M","53.8M","53.8M","53.7M","53.6M","53.5M","53.4M","53.3M","53M","52.4M","52.3M","52.1M","52M","51.9M","50.7M","50.5M","50.4M","50.3M","50.1M","49.9M","49.2M","48.7M","48.6M","48.4M","48.1M","47.5M","47.5M","47.5M","47.4M","47.3M","47.1M","46.5M","46.5M","46M","45.5M","45.1M","45.1M","45.1M","45M","44.7M","44.7M","44.6M","43.8M","43.6M","43.5M","43.4M","43.1M","42.8M","42.3M","42.1M","41.9M","41.8M","41.5M","41.5M","41.5M","41.4M","41.2M","41.1M","40.9M","40.6M","40.2M","40M","39.9M","39.9M","39.7M","39.5M","39.4M","39.3M","39.2M","38.5M","38.4M","38M","31.9M","37.9M","37.8M","37.2M","37M"],"okList":["74.7M","73.45M","71.9M","69.6M","65.0M","61.550003M","61.199997M","60.2M","59.9M","59.8M","59.5M","58.949997M","58.55M","58.05M","57.55M","57.3M","56.9M","56.449997M","56.25M","55.4M","55.25M","54.25M","54.15M","53.75M","53.699997M","53.6M","53.5M","53.4M","53.2M","52.85M","52.65M","52.25M","52.15M","52.0M","51.35M","51.2M","50.550003M","50.4M","50.25M","50.1M","49.65M","49.300003M","48.9M","48.550003M","48.35M","47.95M","47.8M","47.5M","47.45M","47.4M","47.25M","46.9M","46.8M","46.25M","46.0M","45.55M","45.3M","45.1M","45.05M","44.9M","44.85M","44.65M","44.25M","44.1M","43.65M","43.5M","43.3M","43.1M","42.699997M","42.449997M","42.1M","41.949997M","41.7M","41.65M","41.5M","41.45M","41.35M","41.25M","41.050003M","40.85M","40.550003M","40.3M","40.050003M","39.95M","39.800003M","39.7M","39.550003M","39.4M","39.300003M","38.9M","38.800003M","38.25M","35.15M","37.95M","34.85M","37.550003M","37.4M","37.0M"],"nokList":["71.5M","67.7M"]}