{"time":1755512867422,"server":767,"cpList":["77.3M","76.5M","73.6M","69.3M","68.8M","67.8M","66.4M","65.3M","63.9M","63.4M","61.5M","60.4M","60M","59.9M","59.4M","59.3M","58.9M","57.5M","57.3M","57.3M","57.3M","57.3M","57.1M","57M","56.5M","56.1M","55.5M","55.3M","54.5M","53.9M","53.8M","53.5M","53.5M","53M","52.8M","51.4M","51.1M","50.8M","50.5M","50.2M","50.2M","49.9M","49.8M","49.7M","49.4M","49.3M","49.2M","48.9M","48.7M","47.4M","47.1M","46.5M","461M","46M","45.3M","45.1M","45.1M","45.1M","45M","44.7M","446M","446M","44.4M","43.8M","43.6M","43.5M","43.4M","43.4M","43.1M","426M","42.5M","42.1M","41.9M","41.8M","41.5M","412M","41.1M","40.9M","40.3M","40.2M","40.2M","40.1M","40M","39.9M","39.9M","39.7M","39.4M","39.2M","38.5M","38.5M","38.4M","38.4M","38.3M","38M","38M","33.9M","37.5M","37.2M","37.2M","37.1M"],"okList":["77.3M","76.5M","73.6M","69.3M","68.8M","67.8M","66.4M","65.3M","63.9M","63.4M","61.5M","60.4M","60.0M","59.9M","59.4M","59.3M","58.9M","57.5M","57.3M","57.3M","57.3M","57.3M","57.1M","57.0M","56.5M","56.1M","55.5M","55.3M","54.5M","53.9M","53.8M","53.5M","53.5M","53.0M","52.8M","51.4M","51.1M","50.8M","50.5M","50.2M","50.2M","49.9M","49.8M","49.7M","49.4M","49.3M","49.2M","48.9M","48.7M","47.4M","47.1M","46.5M","46.1M","46.0M","45.3M","45.1M","45.1M","45.1M","45.0M","44.7M","44.6M","44.6M","44.4M","43.8M","43.6M","43.5M","43.4M","43.4M","43.1M","42.6M","42.5M","42.1M","41.9M","41.8M","41.5M","41.2M","41.1M","40.9M","40.3M","40.2M","40.2M","40.1M","40.0M","39.9M","39.9M","39.7M","39.4M","39.2M","38.5M","38.5M","38.4M","38.4M","0.38299999999999995M","0.0038M","3.8E-5M","3.3899999999999995E-7M","3.75E-8M","3.7200000000000012E-9M","3.7200000000000012E-9M","3.7100000000000002E-9M"],"nokList":[]}