{"time":1756145886443,"server":770,"cpList":["149M","140M","129M","118M","MT4M","MTM","MTM","107M","104M","103M","97.7M","97.5M","96.7M","96.1M","94.7M","94.2M","93M","89.9M","89.2M","88.1M","87.7M","87.1M","85.4M","85.2M","85.1M","85.1M","84.5M","84.2M","84.1M","83.9M","83.7M","83M","82.2M","81.9M","81.7M","81.4M","81.3M","81.3M","81.3M","80.7M","80.5M","80.3M","80.2M","80.2M","80.2M","80.1M","80.1M","79.8M","79.7M","79.5M","79.2M","79.1M","78.8M","78.5M","78.5M","78.4M","78.3M","78M","77.8M","77.8M","77.7M","77.5M","77.1M","77.1M","77M","76.9M","76.8M","76.4M","763M","76.1M","76M","75.8M","75.8M","75.7M","75.7M","75.4M","75.1M","75M","74.7M","74.5M","74.5M","74.1M","74M","73.9M","73.7M","73.6M","73.5M","73.5M","73.4M","73.3M","73.1M","73.1M","73.1M","73.1M","73M","73M","72.8M","72.7M","727M","72.7M"],"okList":["149.0M","140.0M","129.0M","118.0M","74.0M","7.0M","7.0M","10.7M","10.4M","10.3M","9.77M","9.75M","9.67M","9.61M","9.47M","9.42M","9.3M","8.99M","8.92M","8.809999999999999M","8.77M","8.709999999999999M","8.540000000000001M","8.52M","8.51M","8.51M","8.45M","8.42M","8.41M","8.39M","8.370000000000001M","8.3M","8.22M","8.190000000000001M","8.17M","8.14M","8.129999999999999M","8.129999999999999M","8.129999999999999M","8.07M","8.05M","8.03M","8.02M","8.02M","8.02M","8.01M","8.01M","7.9799999999999995M","7.970000000000001M","7.95M","7.92M","7.909999999999999M","7.88M","7.85M","7.85M","7.840000000000001M","7.83M","7.8M","7.779999999999999M","7.779999999999999M","7.7700000000000005M","7.75M","7.709999999999999M","7.709999999999999M","7.7M","7.69M","7.68M","7.640000000000001M","7.63M","7.609999999999999M","7.6M","7.58M","7.58M","7.57M","7.57M","7.540000000000001M","7.51M","7.5M","7.470000000000001M","7.45M","7.45M","7.409999999999999M","7.4M","7.390000000000001M","7.37M","7.359999999999999M","7.35M","7.35M","7.340000000000001M","7.33M","7.31M","7.31M","7.31M","7.31M","7.3M","7.3M","7.279999999999999M","7.2700000000000005M","7.2700000000000005M","7.2700000000000005M"],"nokList":[]}