{"server":770,"total":8425.699,"average":100.30595,"cpValues":[],"cpList":["192M","172M","157M","149M","146M","144M","141M","140M","138M","133M","132M","131M","130M","127M","125M","122M","122M","122M","120M","120M","120M","119M","118M","118M","117M","117M","116M","116M","115M","115M","114M","113M","113M","111M","111M","111M","111M","108M","108M","107M","107M","106M","105M","105M","105M","105M","105M","105M","104M","103M","103M","103M","103M","101M","100M","100M","100M","100M","100M","100M","29.6M","29M","29M","N8.8M","97.9M","97.5M","97.4M","M7.1M","97M","N6.8M","26.1M","N6M","25.9M","25.7M","25.1M","25.1M","24.7M","24.4M","94.3M","24.2M","24.2M","24.1M","24M","24M","23.8M","N3.2M","N3.2M","N3.2M","N3M","92.7M","92.2M","92.2M","92M","92M","71.7M","91.6M","91.1M","M1.1M","91.1M","N1.1M"],"okList":["192.0M","174.5M","160.5M","151.5M","146.5M","143.5M","142.0M","139.5M","136.5M","135.0M","132.0M","131.0M","129.0M","127.5M","124.5M","123.5M","122.0M","121.0M","121.0M","120.0M","119.5M","119.0M","118.5M","117.5M","117.5M","116.5M","116.5M","115.5M","115.5M","114.5M","114.0M","113.5M","112.0M","112.0M","111.0M","111.0M","109.5M","109.5M","107.5M","107.5M","106.5M","106.0M","105.5M","105.0M","105.0M","105.0M","105.0M","104.5M","104.0M","103.5M","103.0M","103.0M","102.0M","101.5M","100.5M","100.0M","100.0M","100.0M","100.0M","64.8M","64.5M","29.3M","97.65M","52.3M","97.2M","25.5M","25.400002M","24.900002M","24.75M","59.5M","24.3M","59.25M","24.150002M","24.1M","24.05M","23.9M","92.45M","92.1M","92.1M","81.85M","91.8M","81.399994M","46.35M","91.1M"],"nokList":["29M","N8.8M","97.9M","97M","N6.8M","26.1M","N6M","25.9M","23.8M","N3.2M","N3.2M","N3.2M","N3M","92.7M","91.1M","N1.1M"]}