{"time":1755512893423,"server":770,"cpList":["149M","140M","129M","118M","114M","771M","771M","107M","104M","103M","97.7M","97.5M","96.7M","961M","94.7M","942M","93M","89.8M","89.1M","88.1M","87.7M","87.1M","85.4M","85.1M","85.1M","84.5M","84.4M","842M","84.1M","83.9M","83.7M","83M","82.2M","82.2M","81.9M","81.4M","81.4M","81.3M","81.3M","81.3M","80.7M","80.5M","80.3M","80.2M","80.2M","80.1M","80M","79.8M","79.7M","79.5M","79.5M","79.1M","79.1M","79.1M","78.7M","78.5M","78.4M","78.3M","78.3M","78M","77.8M","77.7M","77.7M","77.5M","77.1M","77.1M","76.9M","76.9M","76.8M","76.4M","76.3M","76.1M","76M","75.8M","75.8M","75.7M","75.7M","75.5M","75.1M","75M","746M","74.5M","74.4M","74.1M","74.1M","74M","73.8M","73.7M","73.6M","73.5M","73.5M","73.4M","73.3M","73.1M","73.1M","73.1M","73.1M","73M","72.8M","72.8M"],"okList":["149.0M","14.0M","0.129M","0.00118M","1.14E-5M","1.7100000000000001E-6M","1.7100000000000004E-7M","1.0699999999999999E-7M","1.0400000000000002E-7M","1.0300000000000001E-7M","9.77E-8M","9.75E-9M","9.670000000000002E-9M","9.61E-8M","9.470000000000001E-9M","9.42E-8M","9.3E-9M","8.98E-9M","8.91E-9M","8.809999999999999E-9M","8.77E-9M","8.71E-9M","8.54E-9M","8.510000000000001E-9M","8.510000000000001E-9M","8.45E-9M","8.440000000000001E-9M","8.419999999999999E-8M","8.409999999999999E-9M","8.390000000000003E-9M","8.37E-9M","8.3E-9M","8.219999999999998E-9M","8.219999999999998E-9M","8.190000000000001E-9M","8.140000000000002E-9M","8.140000000000002E-9M","8.13E-9M","8.13E-9M","8.13E-9M","8.07E-9M","8.050000000000001E-9M","8.029999999999998E-9M","8.020000000000002E-9M","8.020000000000002E-9M","8.009999999999999E-9M","8.0E-9M","7.98E-9M","7.97E-9M","7.950000000000002E-9M","7.950000000000002E-9M","7.909999999999998E-9M","7.909999999999998E-9M","7.909999999999998E-9M","7.87E-9M","7.85E-9M","7.84E-9M","7.829999999999998E-9M","7.829999999999998E-9M","7.799999999999999E-9M","7.780000000000001E-9M","7.770000000000001E-9M","7.770000000000001E-9M","7.75E-9M","7.71E-9M","7.71E-9M","7.69E-9M","7.69E-9M","7.68E-9M","7.640000000000001E-9M","7.630000000000001E-9M","7.609999999999998E-9M","7.6E-9M","7.579999999999999E-9M","7.579999999999999E-9M","7.570000000000001E-9M","7.570000000000001E-9M","7.550000000000001E-9M","7.509999999999999E-9M","7.5E-9M","1.46E-8M","7.45E-9M","7.4400000000000024E-9M","7.41E-9M","7.41E-9M","7.400000000000001E-9M","7.3800000000000006E-9M","7.37E-9M","7.36E-9M","7.35E-9M","7.35E-9M","7.340000000000001E-9M","7.329999999999999E-9M","7.31E-9M","7.31E-9M","7.31E-9M","7.31E-9M","7.3E-9M","7.28E-9M","7.28E-9M"],"nokList":[]}