{"time":1755512920074,"server":779,"cpList":["916M","86.1M","85M","84.1M","83.8M","82.9M","81.9M","81.4M","81.1M","80.8M","80.1M","79.4M","77.2M","77M","76.8M","76M","75.9M","75.1M","742M","73.8M","73.7M","73.2M","73M","72.9M","72.8M","72.4M","72.3M","71.5M","71.4M","71.3M","71.2M","71.2M","71.1M","70.6M","70.6M","70.5M","70.4M","70.2M","69.9M","69.6M","69.2M","69.2M","69.1M","69.1M","68.3M","68M","67.3M","67.2M","67.2M","67M","67M","66.9M","66.9M","66.8M","66.8M","66.7M","66.6M","66.5M","66.3M","66.1M","66.1M","65.6M","65.6M","65.4M","65.1M","65M","64.7M","646M","64.3M","642M","64M","63.9M","63.8M","63.8M","63.7M","63.6M","63.6M","63.6M","63.5M","63.2M","63.2M","63.2M","63.1M","63.1M","63M","63M","62.8M","62.8M","62.6M","62.4M","62.4M","62.2M","62M","62M","61.9M","61.9M","61.8M","61.7M","61.7M","61.5M"],"okList":["91.6M","86.1M","85.0M","84.1M","83.8M","82.9M","81.9M","81.4M","81.1M","80.8M","80.1M","79.4M","77.2M","77.0M","0.768M","0.0076M","7.59E-5M","7.51E-6M","1.4199999999999997E-7M","7.38E-8M","7.37E-9M","7.32E-9M","7.3E-9M","7.290000000000001E-9M","7.28E-9M","7.240000000000001E-9M","7.23E-9M","7.15E-9M","7.14E-9M","7.13E-9M","7.120000000000001E-9M","7.120000000000001E-9M","7.11E-9M","7.06E-9M","7.06E-9M","7.0499999999999994E-9M","7.040000000000001E-9M","7.020000000000001E-9M","6.99E-9M","6.96E-9M","6.92E-9M","6.92E-9M","6.91E-9M","6.91E-9M","6.83E-9M","6.8E-9M","6.73E-9M","6.720000000000001E-9M","6.720000000000001E-9M","6.7000000000000004E-9M","6.7000000000000004E-9M","6.69E-9M","6.69E-9M","6.68E-9M","6.68E-9M","6.670000000000001E-9M","6.66E-9M","6.65E-9M","6.63E-9M","6.609999999999999E-9M","6.609999999999999E-9M","6.56E-9M","6.56E-9M","6.54E-9M","6.51E-9M","6.500000000000001E-9M","6.47E-9M","6.460000000000001E-8M","6.43E-9M","6.419999999999999E-8M","6.4E-9M","6.39E-9M","6.380000000000001E-9M","6.380000000000001E-9M","6.37E-9M","6.36E-9M","6.36E-9M","6.36E-9M","6.35E-9M","6.3200000000000005E-9M","6.3200000000000005E-9M","6.3200000000000005E-9M","6.31E-9M","6.31E-9M","6.3E-9M","6.3E-9M","6.28E-9M","6.28E-9M","6.26E-9M","6.24E-9M","6.24E-9M","6.22E-9M","6.2E-9M","6.2E-9M","6.19E-9M","6.19E-9M","6.18E-9M","6.17E-9M","6.17E-9M","6.1500000000000005E-9M"],"nokList":[]}