{"time":1755509748188,"server":78,"cpList":["99.4M","91.3M","90.6M","89.3M","87.3M","87.2M","85.9M","80.6M","79.1M","79M","78.6M","77M","73.1M","72.6M","72.4M","72.1M","71.5M","71.3M","77M","70.6M","70.1M","69.9M","69.9M","69.7M","69.7M","69.2M","67.6M","67.4M","66.2M","65.9M","65.5M","65M","64.9M","64.8M","64.7M","64.5M","64.4M","64M","63M","63M","62.9M","62.8M","61.9M","61.9M","61.4M","61.3M","61.3M","60.6M","59.5M","59M","58.9M","58.9M","58.9M","58.8M","58.8M","58.8M","58.1M","57.5M","57.5M","57.4M","57.4M","57.3M","57M","56.8M","56.5M","56.3M","56M","56M","55.7M","55.5M","55.5M","55.3M","55.2M","55.2M","55.1M","55M","54.9M","54.9M","54.8M","54.8M","54.4M","53.9M","53.8M","53.7M","53.2M","53.1M","52.6M","52.5M","52.3M","52.3M","52.3M","52.2M","51.9M","51.7M","51.7M","51.6M","51.5M","51.4M","51.2M","51.2M"],"okList":["99.4M","91.3M","90.6M","89.3M","87.3M","87.2M","85.9M","80.6M","79.1M","79.0M","78.6M","77.0M","73.1M","72.6M","0.7240000000000001M","0.007209999999999999M","7.15E-5M","7.13E-7M","7.699999999999999E-8M","7.06E-9M","7.0099999999999996E-9M","6.99E-9M","6.99E-9M","6.97E-9M","6.97E-9M","6.92E-9M","6.759999999999999E-9M","6.74E-9M","6.62E-9M","6.590000000000001E-9M","6.550000000000001E-9M","6.500000000000001E-9M","6.4900000000000005E-9M","6.48E-9M","6.47E-9M","6.45E-9M","6.440000000000001E-9M","6.4E-9M","6.3E-9M","6.3E-9M","6.290000000000001E-9M","6.28E-9M","6.19E-9M","6.19E-9M","6.14E-9M","6.13E-9M","6.13E-9M","6.06E-9M","5.9499999999999995E-9M","5.9E-9M","5.89E-9M","5.89E-9M","5.89E-9M","5.88E-9M","5.88E-9M","5.88E-9M","5.8099999999999996E-9M","5.75E-9M","5.75E-9M","5.74E-9M","5.74E-9M","5.73E-9M","5.7E-9M","5.6799999999999986E-9M","5.65E-9M","5.63E-9M","5.6000000000000005E-9M","5.6000000000000005E-9M","5.57E-9M","5.55E-9M","5.55E-9M","5.53E-9M","5.520000000000001E-9M","5.520000000000001E-9M","5.51E-9M","5.500000000000001E-9M","5.49E-9M","5.49E-9M","5.48E-9M","5.48E-9M","5.44E-9M","5.390000000000001E-9M","5.38E-9M","5.37E-9M","5.32E-9M","5.310000000000001E-9M","5.2600000000000004E-9M","5.250000000000001E-9M","5.23E-9M","5.23E-9M","5.23E-9M","5.22E-9M","5.1900000000000005E-9M","5.17E-9M","5.17E-9M","5.160000000000001E-9M","5.15E-9M","5.140000000000001E-9M","5.1200000000000005E-9M","5.1200000000000005E-9M"],"nokList":[]}