{"server":791,"total":5043.4004,"average":50.434006,"cpValues":[],"cpList":["74.5M","71.8M","71.3M","67.4M","65.5M","64.3M","64.1M","61.1M","60.4M","60.4M","60.3M","60.2M","60.1M","59.8M","58.4M","58.2M","58.1M","57.6M","57.4M","57.3M","57.2M","56.1M","55.9M","55.8M","55.8M","55.5M","54.8M","54.8M","54.4M","54.2M","54.2M","53.9M","53.8M","53.5M","53.5M","53.4M","53.3M","52.8M","52.6M","52M","51.6M","51.6M","51.2M","51.2M","51.2M","51M","50.9M","50.7M","50.5M","50.5M","49.9M","49.6M","49.1M","49M","48.7M","48.5M","47.6M","47.2M","47M","46.9M","46.9M","46.8M","46.6M","46.5M","46.5M","46.5M","46.2M","46.2M","46M","45.7M","45.2M","45.1M","45M","44.3M","44.1M","43.9M","43.4M","43.2M","43.2M","43.1M","42.8M","42.3M","42.3M","42M","41.9M","41.6M","41.1M","41.1M","41M","40.8M","40.7M","40.2M","40.1M","39.8M","39.6M","39.1M","38.7M","38.1M","37.5M","37.4M"],"okList":["74.5M","72.9M","69.600006M","68.4M","65.850006M","64.8M","62.7M","62.25M","60.75M","60.35M","60.300003M","60.199997M","60.0M","59.25M","59.0M","58.25M","57.9M","57.75M","57.449997M","57.300003M","56.699997M","56.550003M","55.949997M","55.85M","55.65M","55.3M","55.15M","54.6M","54.5M","54.300003M","54.050003M","54.0M","53.7M","53.65M","53.45M","53.4M","53.1M","52.949997M","52.4M","52.1M","51.8M","51.4M","51.4M","51.2M","51.1M","51.050003M","50.85M","50.7M","50.6M","50.2M","50.05M","49.5M","49.3M","48.9M","48.75M","48.15M","47.85M","47.3M","47.050003M","46.95M","46.85M","46.75M","46.65M","46.55M","46.5M","46.35M","46.35M","46.1M","45.95M","45.6M","45.4M","45.1M","44.699997M","44.55M","44.1M","43.75M","43.550003M","43.300003M","43.15M","43.0M","42.699997M","42.55M","42.15M","42.1M","41.8M","41.5M","41.35M","41.05M","40.949997M","40.85M","40.5M","40.4M","40.0M","39.85M","39.449997M","39.15M","38.6M","38.1M","37.75M","37.4M"],"nokList":[]}