{"time":1755512972632,"server":791,"cpList":["74.5M","74M","71.9M","70.5M","67.4M","66.7M","66.6M","642M","63.6M","63.3M","63.3M","62M","61.8M","60.1M","60.1M","59.8M","59.7M","59.3M","58.4M","57.6M","56.9M","56.8M","56.8M","56.5M","56.1M","56.1M","55.9M","55.8M","55.6M","55.3M","55M","54.8M","54.8M","543M","542M","53.7M","53.4M","53M","52.6M","52.6M","52.6M","52M","52M","51.6M","51.2M","51.2M","57M","50.5M","50.5M","50.3M","50.1M","50.1M","49.8M","49.5M","49.2M","49M","48.5M","48M","47.8M","47.3M","47M","46.9M","46.9M","46.6M","46.5M","46M","46M","45.9M","45.7M","45.7M","45.4M","45.3M","45.2M","446M","443M","43.8M","43.4M","42.8M","42.8M","42.3M","422M","42M","41.6M","41.5M","412M","412M","41.1M","41.1M","40.7M","40.3M","40.2M","40.1M","39.6M","39.2M","38.7M","38.4M","38.1M","37.7M","37.4M","37.1M"],"okList":["74.5M","74.0M","71.9M","70.5M","67.4M","66.7M","66.6M","64.2M","63.6M","63.3M","63.3M","62.0M","61.8M","60.1M","60.1M","59.8M","59.7M","59.3M","58.4M","57.6M","56.9M","56.8M","56.8M","56.5M","56.1M","56.1M","55.9M","55.8M","55.6M","55.3M","55.0M","54.8M","54.8M","54.3M","54.2M","53.7M","53.4M","53.0M","52.6M","52.6M","52.6M","52.0M","0.52M","0.0051600000000000005M","5.1200000000000004E-5M","5.12E-7M","5.6999999999999994E-8M","5.0500000000000006E-9M","5.0500000000000006E-9M","5.03E-9M","5.01E-9M","5.01E-9M","4.979999999999999E-9M","4.949999999999999E-9M","4.920000000000001E-9M","4.9E-9M","4.8500000000000004E-9M","4.8E-9M","4.779999999999999E-9M","4.73E-9M","4.699999999999999E-9M","4.689999999999999E-9M","4.689999999999999E-9M","4.66E-9M","4.65E-9M","4.6E-9M","4.6E-9M","4.59E-9M","4.57E-9M","4.57E-9M","4.5400000000000005E-9M","4.529999999999999E-9M","4.519999999999999E-9M","4.4599999999999996E-8M","4.43E-8M","4.379999999999999E-9M","4.34E-9M","4.279999999999999E-9M","4.279999999999999E-9M","4.2300000000000005E-9M","4.2199999999999994E-8M","4.2E-9M","4.1600000000000005E-9M","4.15E-9M","4.12E-8M","4.12E-8M","4.109999999999999E-9M","4.109999999999999E-9M","4.070000000000001E-9M","4.03E-9M","4.020000000000001E-9M","4.010000000000001E-9M","3.96E-9M","3.92E-9M","3.87E-9M","3.84E-9M","3.81E-9M","3.77E-9M","3.74E-9M","3.7100000000000002E-9M"],"nokList":[]}