{"server":795,"total":5642.151,"average":58.772404,"cpValues":[],"cpList":["26.1M","87.9M","83.6M","81.6M","81M","78.5M","77.1M","76.7M","73.4M","73.3M","72.5M","12.4M","71.8M","71.3M","70.7M","70.6M","70.6M","70.4M","69.9M","69.4M","69.1M","6A.6M","67.7M","67.3M","65.7M","65.5M","65.5M","65.5M","65.3M","65.2M","65.2M","64.9M","64.1M","63.4M","63.4M","63.3M","62.6M","62.3M","61.9M","61.4M","61M","60.8M","60.6M","60.4M","60M","59.5M","58.6M","58.3M","58.2M","5AM","57.7M","57.4M","57.1M","57.1M","56.9M","56.7M","55.9M","55.9M","55.7M","55.6M","55.6M","55.5M","55.1M","55.1M","54.7M","54.6M","54.5M","54.5M","54.3M","53.8M","53.7M","53.3M","53.3M","53.2M","53.1M","53M","52.7M","52.5M","52.5M","52.4M","52.3M","52.3M","52.3M","52M","50.9M","50.7M","50.6M","50.5M","50.3M","50.2M","49.8M","49.6M","49.1M","48.8M","48.8M","48.7M","48.6M","48.4M","48.3M","48.2M"],"okList":["26.1M","54.85M","84.75M","82.3M","80.05M","79.05M","77.6M","75.25M","75.0M","72.95M","42.850002M","72.15M","41.850002M","71.25M","70.95M","70.649994M","70.5M","70.25M","69.9M","69.5M","68.399994M","66.7M","66.4M","65.6M","65.5M","65.4M","65.35M","65.25M","65.05M","64.649994M","64.15M","63.75M","63.35M","63.0M","62.8M","62.25M","61.85M","61.45M","61.1M","60.8M","60.6M","60.3M","59.95M","59.3M","58.9M","58.4M","57.95M","57.4M","57.25M","57.0M","56.9M","56.4M","56.300003M","55.800003M","55.75M","55.65M","55.55M","55.35M","55.3M","54.9M","54.85M","54.6M","54.55M","54.4M","54.15M","54.0M","53.55M","53.5M","53.25M","53.199997M","53.1M","52.9M","52.75M","52.6M","52.45M","52.4M","52.35M","52.3M","52.15M","51.6M","51.35M","50.75M","50.6M","50.449997M","50.35M","50.05M","49.9M","49.449997M","49.199997M","48.949997M","48.75M","48.699997M","48.550003M","48.449997M","48.300003M","48.2M"],"nokList":["69.1M","67.7M","58.2M","57.7M"]}