{"time":1755512998682,"server":795,"cpList":["97.3M","93.2M","86.4M","84.9M","81.6M","78.3M","77.9M","76.7M","76.7M","76.5M","762M","75M","74.5M","73.1M","72.6M","72.2M","71.8M","71.7M","70.9M","70.7M","70.5M","70.3M","70.3M","68.4M","68.2M","68.2M","68.1M","67.8M","67.7M","67.3M","66.9M","66.8M","66.8M","66.8M","66.3M","65.6M","65.2M","65.2M","65.1M","64.8M","64.1M","63.3M","63.1M","62.6M","62.2M","61.1M","61M","60.4M","60.2M","59.8M","58.8M","58.3M","58.3M","58M","57.4M","57.2M","57.1M","57.1M","56.9M","56.9M","56.9M","56.7M","56.7M","56.6M","56.3M","56.2M","56.2M","55.9M","55.6M","55.5M","55.2M","55.2M","55.1M","55M","542M","542M","53.9M","53.9M","53.3M","53.2M","52.8M","52.5M","52.5M","52.4M","52.3M","52.3M","52.2M","52.2M","52M","51.9M","51.3M","50.9M","50.9M","50.8M","50.7M","50.6M","50.4M","50M","49.6M","48.8M"],"okList":["97.3M","93.2M","86.4M","84.9M","81.6M","78.3M","77.9M","76.7M","0.767M","0.0076500000000000005M","1.62E-5M","7.5E-8M","7.45E-9M","7.31E-9M","7.26E-9M","7.2199999999999995E-9M","7.18E-9M","7.170000000000001E-9M","7.09E-9M","7.070000000000001E-9M","7.0499999999999994E-9M","7.03E-9M","7.03E-9M","6.840000000000001E-9M","6.82E-9M","6.82E-9M","6.8099999999999994E-9M","6.779999999999999E-9M","6.77E-9M","6.73E-9M","6.69E-9M","6.68E-9M","6.68E-9M","6.68E-9M","6.63E-9M","6.56E-9M","6.5200000000000015E-9M","6.5200000000000015E-9M","6.51E-9M","6.48E-9M","6.409999999999999E-9M","6.3299999999999994E-9M","6.31E-9M","6.26E-9M","6.22E-9M","6.11E-9M","6.099999999999998E-9M","6.040000000000001E-9M","6.02E-9M","5.9800000000000004E-9M","5.88E-9M","5.83E-9M","5.83E-9M","5.8E-9M","5.74E-9M","5.72E-9M","5.71E-9M","5.71E-9M","5.69E-9M","5.69E-9M","5.69E-9M","5.6700000000000005E-9M","5.6700000000000005E-9M","5.660000000000001E-9M","5.63E-9M","5.620000000000001E-9M","5.620000000000001E-9M","5.59E-9M","5.560000000000001E-9M","5.55E-9M","5.520000000000001E-9M","5.520000000000001E-9M","5.51E-9M","5.500000000000001E-9M","5.4199999999999996E-8M","5.4199999999999996E-8M","5.390000000000001E-9M","5.390000000000001E-9M","5.329999999999999E-9M","5.32E-9M","5.280000000000001E-9M","5.250000000000001E-9M","5.250000000000001E-9M","5.24E-9M","5.23E-9M","5.23E-9M","5.22E-9M","5.22E-9M","5.2E-9M","5.1900000000000005E-9M","5.13E-9M","5.0900000000000004E-9M","5.0900000000000004E-9M","5.080000000000001E-9M","5.07E-9M","5.06E-9M","5.040000000000001E-9M","5.0E-9M","4.96E-9M","4.8800000000000005E-9M"],"nokList":[]}