{"server":800,"total":5099.351,"average":52.57063,"cpValues":[],"cpList":["84.7M","80.8M","79.7M","79.5M","78.2M","77.3M","74.8M","73.5M","72M","69M","68.8M","67.7M","66.1M","65M","63.7M","63.3M","62.9M","62.7M","62.1M","60.2M","60.1M","59.3M","59.2M","59.1M","59.1M","58.9M","58.7M","58.7M","58.6M","58.4M","58.1M","57.QM","57.6M","56.9M","56.6M","56.4M","56.1M","55.7M","54.5M","53.2M","52.8M","52.7M","52.4M","52.2M","52.1M","52M","51.7M","51.7M","51.5M","50.9M","50.8M","50.5M","49.8M","49.4M","49.4M","49.3M","48.8M","48.4M","48.4M","48.3M","48.3M","48M","47.8M","47.1M","46.8M","46.4M","45.7M","45.7M","45.7M","45.5M","45M","44.7M","44.6M","44.4M","44.1M","43.7M","42.9M","42.6M","42.2M","42M","41.5M","41.4M","41.3M","41.1M","40.6M","40.6M","40.5M","39.9M","39.6M","39.6M","39.4M","39.4M","39.3M","39M","38.8M","38M","37.7M","37.5M","37.4M","37M"],"okList":["84.7M","82.2M","80.15M","78.95M","78.4M","76.5M","75.4M","73.4M","71.25M","70.4M","68.35M","67.45M","66.35M","64.9M","64.15M","63.300003M","63.0M","62.5M","61.45M","61.1M","59.75M","59.65M","59.199997M","59.15M","59.0M","58.9M","58.800003M","58.65M","58.550003M","58.35M","57.1M","56.65M","56.35M","56.050003M","55.3M","54.45M","53.65M","52.95M","52.6M","52.45M","52.25M","52.1M","51.9M","51.85M","51.6M","51.300003M","51.15M","50.7M","50.3M","49.95M","49.6M","49.35M","49.1M","48.85M","48.6M","48.35M","48.35M","48.15M","48.05M","47.55M","47.3M","46.75M","46.25M","46.050003M","45.7M","45.6M","45.35M","45.1M","44.8M","44.550003M","44.35M","44.050003M","43.5M","43.15M","42.550003M","42.3M","41.85M","41.7M","41.4M","41.25M","40.949997M","40.85M","40.55M","40.25M","40.05M","39.75M","39.5M","39.5M","39.35M","39.2M","39.05M","38.5M","38.25M","37.75M","37.550003M","37.25M","37.0M"],"nokList":["58.1M","57.QM","57.6M"]}