{"time":1755513025038,"server":800,"cpList":["86.6M","86.3M","84.1M","83.4M","81M","80.5M","75.2M","74.8M","74.1M","71.4M","71.1M","70.7M","69.1M","67.6M","66.5M","66.3M","65.3M","64.4M","64M","63.6M","61.4M","612M","60.6M","60.2M","60M","60M","59.9M","59.6M","59.3M","59.3M","59.1M","59M","58M","57.9M","56.2M","56.1M","55.5M","54.9M","53.9M","53.3M","52.7M","52.4M","52.2M","52.1M","52M","52M","51.7M","51.5M","51.5M","50.8M","50.5M","50.1M","49.9M","49.6M","49.4M","48.8M","48.6M","48.3M","48M","47.1M","468M","468M","46.4M","46.3M","462M","45.7M","45.7M","45.4M","44.7M","44.7M","446M","441M","43.9M","43.6M","42.9M","42.8M","42.7M","426M","426M","41.7M","41.6M","41.4M","41.3M","412M","40.7M","40.6M","40.2M","39.7M","39.6M","39.4M","39.3M","39.1M","39.1M","38.3M","38M","33.5M","37.4M","37.1M","36.9M","36.9M"],"okList":["86.6M","86.3M","84.1M","83.4M","81.0M","80.5M","75.2M","74.8M","74.1M","71.4M","71.1M","70.7M","69.1M","67.6M","66.5M","66.3M","65.3M","64.4M","64.0M","63.6M","61.4M","61.2M","60.6M","60.2M","60.0M","60.0M","59.9M","59.6M","59.3M","59.3M","59.1M","59.0M","58.0M","57.9M","56.2M","56.1M","55.5M","54.9M","53.9M","53.3M","52.7M","52.4M","52.2M","52.1M","52.0M","52.0M","51.7M","51.5M","51.5M","50.8M","50.5M","50.1M","49.9M","49.6M","49.4M","48.8M","48.6M","48.3M","48.0M","47.1M","46.8M","46.8M","46.4M","46.3M","46.2M","45.7M","45.7M","45.4M","44.7M","44.7M","44.6M","44.1M","43.9M","43.6M","42.9M","42.8M","42.7M","42.6M","42.6M","41.7M","41.6M","41.4M","41.3M","41.2M","40.7M","40.6M","40.2M","39.7M","39.6M","39.4M","39.3M","39.1M","0.391M","0.0038299999999999996M","3.8E-5M","3.35E-7M","3.74E-8M","3.7100000000000002E-9M","3.6900000000000003E-9M","3.6900000000000003E-9M"],"nokList":[]}