{"time":1755513051029,"server":801,"cpList":["82M","75.3M","70.5M","65.2M","64.9M","646M","62.9M","62.5M","62.2M","61.9M","60.6M","60.1M","59.7M","59.6M","59.5M","59.3M","58.9M","58.7M","58.6M","58.4M","58M","57.4M","57.4M","57.1M","57M","56.4M","56.1M","55.7M","55.7M","55.5M","55.1M","55M","54.9M","54.7M","54.6M","54.4M","543M","53.8M","53.4M","53.3M","53.2M","53M","52.7M","52.7M","52.6M","52.5M","52.2M","52.1M","51.6M","51.4M","51.2M","57M","50.9M","50.9M","50.9M","50.9M","50.7M","50.6M","50.6M","50.4M","50.1M","50.1M","50M","49.9M","49.9M","49.8M","49.8M","49.7M","49.6M","49.5M","49.4M","49.1M","48.7M","48.7M","48.7M","48.6M","48.3M","48.3M","48.3M","47.8M","47.6M","47.5M","47.5M","47.5M","47.4M","47.4M","47.3M","47.2M","47.2M","47.1M","47.1M","47M","46.8M","46.8M","46.7M","46.5M","46.5M","46.4M","46.4M","46.4M"],"okList":["82.0M","75.3M","70.5M","65.2M","64.9M","64.6M","62.9M","62.5M","62.2M","61.9M","60.6M","60.1M","59.7M","59.6M","59.5M","59.3M","58.9M","58.7M","58.6M","58.4M","58.0M","57.4M","57.4M","57.1M","57.0M","56.4M","56.1M","55.7M","55.7M","55.5M","55.1M","55.0M","54.9M","54.7M","54.6M","54.4M","54.3M","53.8M","53.4M","53.3M","53.2M","53.0M","52.7M","52.7M","52.6M","52.5M","52.2M","0.521M","0.0051600000000000005M","5.14E-5M","5.12E-7M","5.6999999999999994E-8M","5.0900000000000004E-9M","5.0900000000000004E-9M","5.0900000000000004E-9M","5.0900000000000004E-9M","5.07E-9M","5.06E-9M","5.06E-9M","5.040000000000001E-9M","5.01E-9M","5.01E-9M","5.0E-9M","4.989999999999999E-9M","4.989999999999999E-9M","4.979999999999999E-9M","4.979999999999999E-9M","4.970000000000001E-9M","4.96E-9M","4.949999999999999E-9M","4.940000000000001E-9M","4.910000000000001E-9M","4.870000000000001E-9M","4.870000000000001E-9M","4.870000000000001E-9M","4.86E-9M","4.83E-9M","4.83E-9M","4.83E-9M","4.779999999999999E-9M","4.76E-9M","4.7499999999999995E-9M","4.7499999999999995E-9M","4.7499999999999995E-9M","4.739999999999999E-9M","4.739999999999999E-9M","4.73E-9M","4.72E-9M","4.72E-9M","4.7100000000000005E-9M","4.7100000000000005E-9M","4.699999999999999E-9M","4.68E-9M","4.68E-9M","4.670000000000001E-9M","4.65E-9M","4.65E-9M","4.6400000000000005E-9M","4.6400000000000005E-9M","4.6400000000000005E-9M"],"nokList":[]}