{"server":805,"total":5616.299,"average":58.503113,"cpValues":[],"cpList":["88.8M","81.4M","81.1M","79.4M","78.4M","76.2M","74.4M","73.2M","73M","72.3M","72.2M","71.6M","71.1M","71.1M","70.8M","70.6M","70.4M","69.7M","68.5M","68.4M","68.4M","68.2M","66.8M","66.5M","6M","65.6M","65.4M","65.2M","63.8M","63.2M","62.9M","62.3M","62.3M","62.1M","61.7M","61.7M","61.6M","61.6M","60.8M","60.7M","59.9M","59.8M","59.8M","59.7M","59.6M","59.3M","58.5M","58.3M","58.1M","5AM","5AM","57.6M","57.5M","57M","56.3M","55.5M","55.2M","55.1M","54.9M","54.6M","54.1M","53.9M","53.7M","53.6M","53.2M","53.1M","52.5M","52.3M","52.2M","51.8M","51.6M","51.5M","51.5M","51.5M","51.4M","51.2M","51.2M","50.9M","50.5M","50.3M","50.2M","50M","50M","49.6M","48.6M","48.5M","48.3M","47.9M","47.9M","47.9M","47.2M","46.7M","46.7M","46.2M","46.1M","46M","46M","45.7M","45.6M","45.3M"],"okList":["88.8M","84.95M","80.4M","79.75M","77.8M","76.4M","74.7M","73.7M","72.75M","72.6M","71.95M","71.649994M","71.35M","70.95M","70.85M","70.600006M","70.149994M","69.45M","69.05M","68.45M","68.3M","67.600006M","67.35M","36.4M","66.05M","35.7M","65.399994M","64.6M","64.2M","63.35M","62.75M","62.6M","62.199997M","62.0M","61.9M","61.65M","61.65M","61.199997M","61.15M","60.35M","60.25M","59.85M","59.75M","59.699997M","59.5M","59.05M","58.8M","58.3M","57.3M","56.9M","56.25M","55.75M","55.3M","55.050003M","54.85M","54.5M","54.25M","53.9M","53.75M","53.45M","53.35M","52.85M","52.699997M","52.35M","52.05M","51.9M","51.65M","51.55M","51.5M","51.45M","51.35M","51.300003M","51.050003M","50.85M","50.6M","50.35M","50.15M","50.1M","49.8M","49.3M","49.05M","48.449997M","48.2M","48.1M","47.9M","47.550003M","47.300003M","46.95M","46.45M","46.4M","46.1M","46.05M","45.85M","45.8M","45.5M","45.3M"],"nokList":["58.1M","5AM","5AM","57.6M"]}