{"time":1755513077348,"server":805,"cpList":["91.5M","82.9M","82.7M","81.3M","81.1M","78.6M","75.6M","75.2M","75M","74.7M","746M","74.5M","74.4M","74M","73.8M","73.4M","72.8M","72M","71.8M","71.5M","70.7M","69M","68.8M","68.4M","67.5M","67.5M","67.2M","66.9M","66.2M","66M","65.6M","65.3M","64.7M","642M","63.9M","63.9M","63.9M","63.5M","62.7M","62.1M","62.1M","61.7M","61.7M","612M","612M","61.1M","60M","59.9M","59.8M","59.7M","59M","58.3M","58M","58M","57.6M","57.2M","57M","56.7M","55.5M","55.4M","55.2M","55.1M","54.9M","54.5M","542M","54.1M","53.8M","53.7M","53.4M","53.4M","53.4M","53.3M","52.9M","52.8M","52.7M","52.6M","52.5M","51.9M","51.8M","51.5M","51.3M","51.3M","51.2M","50.9M","50.5M","50.4M","50M","49.6M","49.5M","48.5M","48.2M","48M","47.9M","47.5M","47.4M","47.2M","46.9M","46.7M","46.5M","46.2M"],"okList":["91.5M","82.9M","82.7M","81.3M","81.1M","78.6M","0.7559999999999999M","0.00752M","7.5E-5M","7.4700000000000005E-6M","1.4599999999999998E-7M","7.45E-8M","7.4400000000000024E-9M","7.400000000000001E-9M","7.3800000000000006E-9M","7.340000000000001E-9M","7.28E-9M","7.2E-9M","7.18E-9M","7.15E-9M","7.070000000000001E-9M","6.9E-9M","6.879999999999999E-9M","6.840000000000001E-9M","6.750000000000001E-9M","6.750000000000001E-9M","6.720000000000001E-9M","6.69E-9M","6.62E-9M","6.6E-9M","6.56E-9M","6.53E-9M","6.47E-9M","6.419999999999999E-8M","6.39E-9M","6.39E-9M","6.39E-9M","6.35E-9M","6.270000000000001E-9M","6.210000000000001E-9M","6.210000000000001E-9M","6.17E-9M","6.17E-9M","6.119999999999999E-8M","6.119999999999999E-8M","6.11E-9M","6.0E-9M","5.99E-9M","5.9800000000000004E-9M","5.97E-9M","5.9E-9M","5.83E-9M","5.8E-9M","5.8E-9M","5.760000000000001E-9M","5.72E-9M","5.7E-9M","5.6700000000000005E-9M","5.55E-9M","5.54E-9M","5.520000000000001E-9M","5.51E-9M","5.49E-9M","5.45E-9M","5.4199999999999996E-8M","5.410000000000001E-9M","5.38E-9M","5.37E-9M","5.34E-9M","5.34E-9M","5.34E-9M","5.329999999999999E-9M","5.2900000000000006E-9M","5.280000000000001E-9M","5.270000000000001E-9M","5.2600000000000004E-9M","5.250000000000001E-9M","5.1900000000000005E-9M","5.180000000000001E-9M","5.15E-9M","5.13E-9M","5.13E-9M","5.1200000000000005E-9M","5.0900000000000004E-9M","5.0500000000000006E-9M","5.040000000000001E-9M","5.0E-9M","4.96E-9M","4.949999999999999E-9M","4.8500000000000004E-9M","4.820000000000001E-9M","4.8E-9M","4.79E-9M","4.7499999999999995E-9M","4.739999999999999E-9M","4.72E-9M","4.689999999999999E-9M","4.670000000000001E-9M","4.65E-9M","4.62E-9M"],"nokList":[]}