{"server":819,"total":4426.2007,"average":45.165314,"cpValues":[],"cpList":["76.9M","74.4M","71.4M","68.3M","64.7M","64M","62.6M","61.6M","61.5M","60.9M","60.9M","60.3M","58.6M","58.2M","57.3M","56.4M","55.6M","55M","54.9M","54.4M","53.5M","53.5M","53.3M","51.9M","51.8M","51.6M","51.6M","50.7M","50.5M","50.4M","50.2M","50M","50M","49.8M","49.5M","49.5M","49.2M","49.1M","49M","49M","48.7M","48.5M","48.3M","47.9M","47.2M","45.4M","45.4M","44.8M","44.3M","44.1M","43.8M","43.7M","43.4M","42.9M","42.3M","41.2M","41.2M","40.7M","40.4M","40M","39.8M","39.5M","39.4M","39.3M","38.7M","38.1M","37.7M","37.6M","37.1M","A6.6M","36.3M","35.9M","35.7M","35.7M","35.6M","35.6M","35.6M","35.2M","35M","35M","35M","34.8M","34.4M","34M","33.8M","33.7M","33M","32.7M","32.3M","31.7M","31.1M","30M","29.2M","28.8M","28.7M","28.6M","28.5M","28.4M","27.3M","26.9M"],"okList":["76.9M","74.15M","71.350006M","68.05M","66.15M","63.649998M","62.8M","62.05M","61.25M","61.2M","60.6M","59.75M","59.25M","57.949997M","57.300003M","56.449997M","55.7M","55.25M","54.7M","54.2M","53.95M","53.4M","52.7M","52.55M","51.75M","51.699997M","51.15M","51.05M","50.550003M","50.35M","50.2M","50.1M","49.9M","49.75M","49.65M","49.35M","49.3M","49.1M","49.05M","48.85M","48.75M","48.5M","48.2M","47.75M","46.65M","46.300003M","45.1M","44.85M","44.449997M","44.05M","43.9M","43.6M","43.300003M","42.85M","42.050003M","41.75M","40.95M","40.800003M","40.35M","40.1M","39.75M","39.6M","39.4M","39.050003M","38.699997M","38.2M","37.85M","37.4M","36.699997M","36.0M","35.800003M","35.65M","35.65M","35.6M","35.4M","35.3M","35.1M","35.0M","34.9M","34.7M","34.4M","34.1M","33.85M","33.4M","33.2M","32.65M","32.2M","31.7M","30.85M","30.150002M","29.4M","28.95M","28.7M","28.6M","28.5M","27.9M","27.65M","26.9M"],"nokList":["37.1M","36.3M"]}