{"time":1755513182103,"server":819,"cpList":["78M","77M","75.5M","70.1M","65M","64.7M","642M","63.9M","63.8M","62.7M","61.6M","60.9M","59.8M","59.8M","58.2M","58.1M","57.5M","56M","55.6M","54.8M","543M","54M","53.7M","53.3M","52.6M","52.4M","52.3M","51.9M","51.8M","51.7M","51.6M","51.5M","57M","50.6M","50.5M","50.2M","50M","50M","49.9M","49.1M","49M","48.5M","48.3M","47.9M","47.2M","46.9M","45.5M","45.4M","443M","441M","43.8M","43.4M","43.3M","42.9M","42.3M","41.5M","41.1M","40.4M","40M","39.9M","39.5M","39.4M","39.3M","38.9M","38.7M","38.1M","38M","37.7M","37.6M","37.1M","36.4M","36.3M","35.9M","35.7M","35.7M","35.7M","35.6M","35.6M","35.6M","35.6M","35.2M","35M","35M","35M","33.8M","33M","32.3M","31.9M","31.7M","30M","29.2M","28.8M","28.7M","28.6M","28.5M","28.4M","27.6M","27.3M","27.3M","27.2M"],"okList":["78.0M","77.0M","75.5M","70.1M","65.0M","64.7M","64.2M","63.9M","63.8M","62.7M","61.6M","60.9M","59.8M","59.8M","58.2M","58.1M","57.5M","56.0M","55.6M","54.8M","54.3M","54.0M","53.7M","53.3M","52.6M","52.4M","52.3M","51.9M","0.518M","0.00517M","5.160000000000001E-5M","5.149999999999999E-7M","5.6999999999999994E-8M","5.06E-9M","5.0500000000000006E-9M","5.0200000000000004E-9M","5.0E-9M","5.0E-9M","4.989999999999999E-9M","4.910000000000001E-9M","4.9E-9M","4.8500000000000004E-9M","4.83E-9M","4.79E-9M","4.72E-9M","4.689999999999999E-9M","4.55E-9M","4.5400000000000005E-9M","4.43E-8M","4.4100000000000004E-8M","4.379999999999999E-9M","4.34E-9M","4.33E-9M","4.289999999999999E-9M","4.2300000000000005E-9M","4.15E-9M","4.109999999999999E-9M","4.039999999999999E-9M","4.0E-9M","3.99E-9M","3.950000000000001E-9M","3.94E-9M","3.9299999999999995E-9M","3.8900000000000004E-9M","3.87E-9M","3.81E-9M","3.8E-9M","3.77E-9M","3.7599999999999994E-9M","3.7100000000000002E-9M","3.64E-9M","3.63E-9M","3.59E-9M","3.57E-9M","3.57E-9M","3.57E-9M","3.5600000000000005E-9M","3.5600000000000005E-9M","3.5600000000000005E-9M","3.5600000000000005E-9M","3.5200000000000007E-9M","3.5E-9M","3.5E-9M","3.5E-9M","3.3799999999999995E-9M","3.3E-9M","3.229999999999999E-9M","3.1900000000000004E-9M","3.17E-9M","3.0E-9M","2.92E-9M","2.8800000000000004E-9M","2.87E-9M","2.86E-9M","2.85E-9M","2.8399999999999993E-9M","2.7600000000000004E-9M","2.7300000000000003E-9M","2.7300000000000003E-9M","2.72E-9M"],"nokList":[]}