{"server":82,"total":6288.551,"average":66.899475,"cpValues":[],"cpList":["117M","110M","108M","104M","103M","29.3M","N8.3M","M7.1M","88.8M","87.8M","84.2M","83.1M","82.8M","82.7M","82.4M","82M","81.9M","81.8M","81.6M","80.9M","79.5M","79.2M","77.5M","76.8M","76.1M","75.3M","75.3M","74.3M","74.1M","74.1M","73.7M","72.1M","71.5M","71M","70.9M","70.9M","70.8M","70.1M","69.4M","69.4M","68.7M","67.6M","67.2M","67M","67M","66.7M","66.1M","6M","64.5M","64.4M","63.6M","63.6M","63.4M","62.8M","62.6M","62.5M","62.3M","62.1M","61.7M","61.7M","61.2M","60.9M","60.8M","60.7M","60.6M","60.4M","60.2M","60.2M","60M","59.5M","59.3M","59M","58.9M","58.8M","58.8M","57.QM","57.8M","57.5M","57.5M","57.3M","57.2M","57M","56.9M","56.8M","56.5M","56.4M","56.2M","55.6M","55.3M","55M","54.8M","54.7M","54.6M","54.5M","54.5M","54.2M","53.9M","53.7M","53.4M","53.2M"],"okList":["117.0M","112.5M","107.0M","105.5M","66.65M","47.45M","86.5M","85.45M","83.5M","82.899994M","82.600006M","82.35M","82.15M","81.9M","81.75M","81.350006M","80.55M","80.05M","78.5M","78.0M","76.8M","76.05M","75.7M","74.8M","74.7M","74.2M","73.899994M","73.1M","72.6M","71.55M","71.2M","70.95M","70.850006M","70.5M","70.100006M","69.75M","69.05M","68.5M","67.95M","67.3M","67.1M","66.85M","66.55M","36.35M","65.3M","35.2M","64.05M","64.0M","63.5M","63.199997M","63.0M","62.65M","62.449997M","62.3M","62.0M","61.9M","61.45M","61.300003M","61.0M","60.800003M","60.699997M","60.550003M","60.4M","60.300003M","60.1M","59.85M","59.65M","59.25M","59.1M","58.9M","58.85M","57.65M","57.4M","57.35M","57.15M","57.050003M","56.9M","56.7M","56.6M","56.35M","56.0M","55.75M","55.3M","55.05M","54.85M","54.699997M","54.6M","54.55M","54.35M","54.2M","53.95M","53.65M","53.45M","53.2M"],"nokList":["29.3M","N8.3M","M7.1M","58.8M","57.QM","57.8M"]}