{"time":1755509774281,"server":82,"cpList":["717M","176M","770M","108M","105M","100M","98.3M","93.2M","90.1M","89.4M","85.2M","842M","83.7M","83.5M","83.1M","83.1M","82.8M","81.8M","81.7M","81.1M","79.7M","77.6M","77.4M","77.4M","77.1M","76.8M","76.3M","75.4M","75.4M","75.3M","74.5M","73.7M","73.5M","73.1M","72.9M","72.6M","71.6M","71.5M","71.5M","70.9M","70M","69.4M","69.3M","68.9M","68.1M","67.7M","67M","66.9M","66.7M","66.6M","66.1M","65M","64.9M","64.5M","642M","62.6M","62.6M","62.5M","62.3M","62.1M","61.8M","61.7M","61.7M","61.6M","61.3M","61.1M","60.9M","60.7M","60.5M","60.3M","60.1M","60.1M","59.8M","59.7M","59.6M","59.5M","58.9M","58.9M","58.8M","58.7M","58.1M","58M","57.5M","57.5M","57.2M","57M","56.9M","56.6M","56.5M","55.8M","55.6M","55.6M","55M","55M","54.6M","54.5M","54.5M","54.5M","542M","54M"],"okList":["1.17E-5M","1.7600000000000003E-6M","1.7E-7M","1.0800000000000001E-7M","1.05E-7M","1.0000000000000001E-7M","9.829999999999999E-8M","9.32E-9M","9.01E-9M","8.940000000000001E-9M","8.52E-9M","8.419999999999999E-8M","8.37E-9M","8.349999999999999E-9M","8.31E-9M","8.31E-9M","8.279999999999999E-9M","8.18E-9M","8.170000000000001E-9M","8.11E-9M","7.97E-9M","7.759999999999998E-9M","7.74E-9M","7.74E-9M","7.71E-9M","7.68E-9M","7.630000000000001E-9M","7.54E-9M","7.54E-9M","7.53E-9M","7.45E-9M","7.37E-9M","7.35E-9M","7.31E-9M","7.290000000000001E-9M","7.26E-9M","7.159999999999999E-9M","7.15E-9M","7.15E-9M","7.09E-9M","7.0E-9M","6.9400000000000004E-9M","6.929999999999999E-9M","6.890000000000001E-9M","6.8099999999999994E-9M","6.77E-9M","6.7000000000000004E-9M","6.69E-9M","6.670000000000001E-9M","6.66E-9M","6.609999999999999E-9M","6.500000000000001E-9M","6.4900000000000005E-9M","6.45E-9M","6.419999999999999E-8M","6.26E-9M","6.26E-9M","6.2500000000000005E-9M","6.23E-9M","6.210000000000001E-9M","6.18E-9M","6.17E-9M","6.17E-9M","6.159999999999999E-9M","6.13E-9M","6.11E-9M","6.09E-9M","6.07E-9M","6.05E-9M","6.03E-9M","6.01E-9M","6.01E-9M","5.9800000000000004E-9M","5.97E-9M","5.96E-9M","5.9499999999999995E-9M","5.89E-9M","5.89E-9M","5.88E-9M","5.870000000000001E-9M","5.8099999999999996E-9M","5.8E-9M","5.75E-9M","5.75E-9M","5.72E-9M","5.7E-9M","5.69E-9M","5.660000000000001E-9M","5.65E-9M","5.5799999999999985E-9M","5.560000000000001E-9M","5.560000000000001E-9M","5.500000000000001E-9M","5.500000000000001E-9M","5.4600000000000006E-9M","5.45E-9M","5.45E-9M","5.45E-9M","5.4199999999999996E-8M","5.4E-9M"],"nokList":[]}