{"time":1756153776409,"server":82,"cpList":["117M","M6M","MTM","108M","106M","99.8M","98.3M","93.4M","90.5M","89.6M","85.3M","84.9M","84.3M","83.8M","83.1M","83.1M","83.1M","82.2M","81.8M","81.7M","79.7M","77.6M","77.5M","77.4M","77.1M","76.8M","763M","75.4M","75.4M","75.3M","74.5M","73.7M","73.6M","73.3M","73.2M","72.6M","71.7M","71.7M","71.5M","70.9M","70M","69.9M","69.6M","69.4M","69M","68.1M","67.8M","66.9M","66.7M","66.7M","66.1M","65M","64.6M","64.5M","64.2M","63.1M","62.6M","62.6M","62.5M","62.3M","62.3M","62.2M","62.1M","61.8M","617M","61.6M","61.4M","61.3M","60.9M","60.7M","60.2M","60.2M","59.9M","59.9M","59.6M","59.5M","59M","58.9M","58.8M","58.7M","58.1M","58.1M","57.5M","57.5M","57.5M","57.2M","57M","56.7M","56.5M","55.8M","55.6M","55.6M","55.1M","55M","54.6M","54.5M","54.5M","54.5M","54.2M","54M"],"okList":["117.0M","6.0M","7.0M","10.8M","10.6M","9.98M","9.83M","9.34M","9.05M","8.959999999999999M","8.53M","8.49M","8.43M","8.379999999999999M","8.309999999999999M","8.309999999999999M","8.309999999999999M","8.22M","8.18M","8.17M","7.970000000000001M","7.76M","7.75M","7.74M","7.709999999999999M","7.68M","7.63M","7.540000000000001M","7.540000000000001M","7.529999999999999M","7.45M","7.37M","7.359999999999999M","7.33M","7.32M","7.26M","7.17M","7.17M","7.15M","7.090000000000001M","7.0M","6.99M","6.959999999999999M","6.94M","6.9M","6.81M","6.779999999999999M","6.69M","6.67M","6.67M","6.609999999999999M","6.5M","6.459999999999999M","6.45M","6.42M","6.3100000000000005M","6.26M","6.26M","6.25M","6.2299999999999995M","6.2299999999999995M","6.220000000000001M","6.21M","6.18M","6.17M","6.16M","6.14M","6.13M","6.09M","6.07M","6.0200000000000005M","6.0200000000000005M","5.99M","5.99M","5.96M","5.95M","5.9M","5.89M","5.88M","5.87M","5.8100000000000005M","5.8100000000000005M","5.75M","5.75M","5.75M","5.720000000000001M","5.7M","5.67M","5.65M","5.58M","5.5600000000000005M","5.5600000000000005M","5.51M","5.5M","5.46M","5.45M","5.45M","5.45M","5.42M","5.4M"],"nokList":[]}