{"time":1755513208144,"server":821,"cpList":["88.7M","80.3M","77.2M","76.8M","73.6M","71.2M","70.7M","70M","67.5M","66.3M","646M","63.9M","63.9M","63.2M","62.3M","62.2M","61.6M","59.1M","59M","58.9M","58M","58M","58M","57.8M","57.6M","57.2M","57.1M","56.1M","56M","56M","54.8M","54.6M","54.4M","54.1M","53.5M","53.1M","53.1M","53.1M","52M","51.7M","51.2M","51.1M","51.1M","57M","57M","50.7M","50.4M","50.4M","50M","49.7M","49.2M","48.9M","48.4M","47.9M","47.9M","47.8M","47.3M","47M","468M","468M","46.4M","45.9M","45.9M","45.4M","45.2M","44.9M","44.9M","44.9M","44.9M","446M","441M","441M","44M","43.9M","43.8M","43.6M","43.5M","43.3M","43.2M","43.1M","43M","42.9M","42.8M","426M","42.5M","42.4M","41.9M","41.7M","41.5M","41.3M","412M","41M","40.9M","40.6M","40.5M","40.3M","39.1M","39M","39M","38.8M"],"okList":["88.7M","80.3M","77.2M","76.8M","73.6M","71.2M","70.7M","70.0M","67.5M","66.3M","64.6M","63.9M","63.9M","63.2M","62.3M","62.2M","61.6M","59.1M","59.0M","58.9M","58.0M","58.0M","58.0M","57.8M","57.6M","57.2M","57.1M","56.1M","56.0M","56.0M","54.8M","54.6M","54.4M","54.1M","53.5M","53.1M","53.1M","53.1M","52.0M","0.517M","0.00512M","5.11E-5M","5.110000000000001E-7M","5.6999999999999994E-8M","5.7E-9M","5.07E-9M","5.040000000000001E-9M","5.040000000000001E-9M","5.0E-9M","4.970000000000001E-9M","4.920000000000001E-9M","4.89E-9M","4.839999999999999E-9M","4.79E-9M","4.79E-9M","4.779999999999999E-9M","4.73E-9M","4.699999999999999E-9M","4.6799999999999996E-8M","4.6799999999999996E-8M","4.6400000000000005E-9M","4.59E-9M","4.59E-9M","4.5400000000000005E-9M","4.519999999999999E-9M","4.49E-9M","4.49E-9M","4.49E-9M","4.49E-9M","4.4599999999999996E-8M","4.4100000000000004E-8M","4.4100000000000004E-8M","4.4000000000000005E-9M","4.389999999999999E-9M","4.379999999999999E-9M","4.360000000000001E-9M","4.35E-9M","4.33E-9M","4.320000000000001E-9M","4.31E-9M","4.3000000000000005E-9M","4.289999999999999E-9M","4.279999999999999E-9M","4.26E-8M","4.25E-9M","4.24E-9M","4.190000000000001E-9M","4.17E-9M","4.15E-9M","4.1300000000000004E-9M","4.12E-8M","4.0999999999999995E-9M","4.09E-9M","4.0600000000000005E-9M","4.050000000000001E-9M","4.03E-9M","3.91E-9M","3.899999999999999E-9M","3.899999999999999E-9M","3.879999999999999E-9M"],"nokList":[]}