{"server":824,"total":3807.4507,"average":43.266483,"cpValues":[],"cpList":["70.6M","66.3M","63.6M","61.2M","59.8M","59.1M","58.1M","57.2M","56.9M","56.7M","56.1M","55.6M","55M","54.8M","54M","52.9M","52.8M","52.7M","51.7M","51.5M","50.9M","50.6M","49.9M","49.2M","49.2M","48.M","48.8M","48.3M","47.6M","45.9M","45.6M","45.3M","44.9M","44.5M","44.3M","44.1M","43.7M","43.6M","43.3M","43.2M","42.6M","41.8M","41.6M","41.5M","41M","40.7M","40.4M","40.2M","39.5M","39.4M","39.3M","39.1M","AA.6M","38.5M","38.3M","38.1M","37.9M","37.9M","37.7M","37.4M","37.4M","36.7M","A6.6M","36.5M","36.3M","36.2M","A6.1M","A6M","35.6M","35.5M","35.3M","34.8M","34.4M","34.3M","34.3M","34.2M","34.2M","34M","34M","33.9M","33.9M","A3.6M","A3.6M","33.5M","33.4M","33.2M","33.2M","33.1M","33.1M","33M","33M","32.9M","32.8M","32.8M","32.7M","32.5M","32.4M","32.3M","32.3M","32.1M"],"okList":["70.6M","67.1M","63.75M","61.699997M","60.15M","58.949997M","58.15M","57.5M","56.95M","56.5M","56.15M","55.55M","55.199997M","54.5M","53.85M","53.4M","52.800003M","52.25M","52.1M","51.300003M","51.05M","50.4M","49.9M","49.550003M","48.6M","49.0M","48.15M","48.199997M","47.1M","46.6M","45.6M","45.25M","44.9M","44.6M","44.3M","44.0M","43.85M","43.5M","43.4M","42.949997M","42.5M","42.1M","41.65M","41.3M","41.1M","40.7M","40.45M","39.95M","39.800003M","39.4M","39.25M","38.8M","38.3M","38.1M","38.0M","37.800003M","37.65M","37.550003M","37.050003M","36.6M","36.35M","35.449997M","35.15M","34.85M","34.55M","34.35M","34.25M","34.25M","34.1M","34.1M","33.95M","33.95M","33.35M","33.300003M","33.15M","33.15M","33.05M","33.05M","32.95M","32.9M","32.85M","32.75M","32.65M","32.550003M","32.4M","32.35M","32.199997M","32.1M"],"nokList":["39.1M","38.5M","36.7M","36.5M","36.2M","A6.1M","A6M","35.6M","33.9M","A3.6M","A3.6M","33.5M"]}