{"server":826,"total":4480.8496,"average":48.18118,"cpValues":[],"cpList":["20.3M","84.1M","75.2M","72.2M","72.1M","71.2M","69.7M","69M","69M","67.1M","66.2M","65.4M","64.2M","63.2M","62.5M","62M","61.2M","61M","59.7M","59.6M","59.2M","58.7M","58.6M","58.4M","57.2M","57.2M","57.1M","56.6M","56.2M","56.1M","55.7M","55.4M","55.3M","54.5M","53.5M","53.3M","53.3M","53M","52.9M","51.9M","50.5M","50.3M","49M","48.M","48.M","48.8M","48.1M","47.1M","47.1M","46.9M","46.8M","46.6M","46.2M","45.9M","45.1M","45.1M","44.6M","44.5M","44.3M","43.4M","42.4M","42.3M","41.8M","41.7M","41.4M","40.6M","40.1M","39.9M","39.7M","39.7M","39.3M","38.9M","38.9M","38.3M","38.2M","37.9M","37.2M","A6M","A6M","35.9M","35.6M","34.3M","34.2M","32.8M","32.7M","32M","31.9M","30.8M","30.3M","30.3M","29.3M","29.2M","28.9M","28.9M","28.7M","28.6M","28.6M","2A.5M","28.3M","ZA.3M"],"okList":["20.3M","47.75M","78.149994M","73.649994M","71.7M","70.899994M","70.1M","69.35M","68.05M","67.6M","66.25M","65.2M","64.3M","63.35M","62.6M","61.85M","61.5M","60.45M","60.3M","59.45M","59.15M","58.9M","58.550003M","57.9M","57.800003M","57.15M","56.9M","56.65M","56.35M","55.95M","55.75M","55.5M","54.95M","54.4M","53.9M","53.4M","53.15M","53.1M","52.45M","51.7M","51.1M","49.75M","49.15M","48.5M","48.0M","48.05M","47.949997M","47.6M","47.0M","46.949997M","46.75M","46.5M","46.25M","45.65M","45.5M","44.85M","44.8M","44.449997M","43.95M","43.35M","42.85M","42.1M","42.0M","41.6M","41.15M","40.75M","40.25M","39.9M","39.800003M","39.5M","39.300003M","39.1M","38.6M","38.550003M","38.1M","37.7M","35.1M","34.9M","33.55M","33.45M","32.4M","32.3M","31.4M","31.099998M","30.55M","29.8M","29.75M","29.099998M","29.05M","28.8M","28.75M","28.650002M","28.45M"],"nokList":["37.2M","A6M","A6M","35.9M","28.6M","28.3M","ZA.3M"]}