{"time":1755513287202,"server":835,"cpList":["81.2M","77.9M","77.3M","75.8M","77M","69.6M","69.1M","68.6M","67.5M","66.8M","65.4M","64.4M","64.3M","642M","64.1M","64M","63.6M","63.2M","63M","62.9M","62.9M","62.8M","62.7M","62.5M","62.2M","62.1M","62M","61.8M","61.6M","61.5M","61.3M","612M","60.9M","60.8M","60.8M","60.8M","59.7M","59.7M","59.6M","59.5M","59.4M","59.3M","59.3M","59.2M","58.7M","58.7M","58.6M","58.6M","58.6M","58.5M","58.3M","58.2M","57.8M","57.8M","57.7M","57.4M","57.3M","56.9M","56.8M","56.6M","56.5M","56.5M","56.4M","56.3M","56.2M","56.1M","56M","55.9M","55.8M","55.7M","55.7M","55.2M","55M","55M","54.8M","54.7M","54.6M","54.4M","542M","53.9M","53.9M","53.6M","53.6M","53.6M","53.6M","53.4M","53.3M","53.1M","53M","52.9M","52.9M","52.8M","52.8M","52.7M","52.5M","52.5M","52.5M","52.3M","522M","51.9M"],"okList":["0.812M","0.00779M","7.73E-5M","7.58E-7M","7.699999999999999E-8M","6.96E-9M","6.91E-9M","6.86E-9M","6.750000000000001E-9M","6.68E-9M","6.54E-9M","6.440000000000001E-9M","6.43E-9M","6.419999999999999E-8M","6.409999999999999E-9M","6.4E-9M","6.36E-9M","6.3200000000000005E-9M","6.3E-9M","6.290000000000001E-9M","6.290000000000001E-9M","6.28E-9M","6.270000000000001E-9M","6.2500000000000005E-9M","6.22E-9M","6.210000000000001E-9M","6.2E-9M","6.18E-9M","6.159999999999999E-9M","6.1500000000000005E-9M","6.13E-9M","6.119999999999999E-8M","6.09E-9M","6.08E-9M","6.08E-9M","6.08E-9M","5.97E-9M","5.97E-9M","5.96E-9M","5.9499999999999995E-9M","5.9400000000000006E-9M","5.93E-9M","5.93E-9M","5.920000000000001E-9M","5.870000000000001E-9M","5.870000000000001E-9M","5.86E-9M","5.86E-9M","5.86E-9M","5.8499999999999994E-9M","5.83E-9M","5.820000000000001E-9M","5.7799999999999995E-9M","5.7799999999999995E-9M","5.7700000000000005E-9M","5.74E-9M","5.73E-9M","5.69E-9M","5.6799999999999986E-9M","5.660000000000001E-9M","5.65E-9M","5.65E-9M","5.6399999999999995E-9M","5.63E-9M","5.620000000000001E-9M","5.61E-9M","5.6000000000000005E-9M","5.59E-9M","5.5799999999999985E-9M","5.57E-9M","5.57E-9M","5.520000000000001E-9M","5.500000000000001E-9M","5.500000000000001E-9M","5.48E-9M","5.47E-9M","5.4600000000000006E-9M","5.44E-9M","5.4199999999999996E-8M","5.390000000000001E-9M","5.390000000000001E-9M","5.3600000000000005E-9M","5.3600000000000005E-9M","5.3600000000000005E-9M","5.3600000000000005E-9M","5.34E-9M","5.329999999999999E-9M","5.310000000000001E-9M","5.3E-9M","5.2900000000000006E-9M","5.2900000000000006E-9M","5.280000000000001E-9M","5.280000000000001E-9M","5.270000000000001E-9M","5.250000000000001E-9M","5.250000000000001E-9M","5.250000000000001E-9M","5.23E-9M","5.22E-8M","5.1900000000000005E-9M"],"nokList":[]}