{"server":835,"total":5902.1997,"average":60.22653,"cpValues":[],"cpList":["106M","81.2M","77.9M","77.3M","75.8M","75.2M","71M","69.6M","6A.6M","67.5M","67.5M","66.8M","65.4M","64.4M","64.3M","64.2M","64.1M","64.1M","64M","63.7M","63.6M","63.2M","63M","62.9M","62.9M","62.8M","62.7M","62.5M","62.2M","62.1M","62M","61.8M","61.6M","61.5M","61.4M","61M","60.8M","60.8M","60.8M","60.6M","60.1M","60.1M","59.7M","59.7M","59.6M","59.5M","59.4M","59.3M","59.3M","58.7M","58.7M","58.6M","58.6M","58.5M","58.2M","58.1M","57.8M","57.8M","57.3M","57.1M","56.9M","56.8M","56.6M","56.6M","56.5M","56.3M","56.2M","56.2M","56.1M","56.1M","56M","56M","55.9M","55.7M","55.7M","55.3M","55M","55M","54.9M","54.9M","54.9M","54.8M","54.8M","54.7M","54.4M","54M","53.9M","53.9M","53.9M","53.6M","53.6M","53.4M","53.3M","53.2M","53.2M","53.1M","53M","52.9M","52.8M","52.7M"],"okList":["106.0M","91.95M","79.25M","76.850006M","76.25M","73.4M","72.399994M","68.55M","67.15M","66.45M","65.600006M","64.850006M","64.3M","64.2M","64.149994M","64.05M","63.9M","63.8M","63.45M","63.3M","63.050003M","62.95M","62.85M","62.800003M","62.65M","62.45M","62.3M","62.1M","61.949997M","61.8M","61.65M","61.5M","61.25M","61.1M","60.9M","60.8M","60.699997M","60.449997M","60.35M","59.9M","59.9M","59.65M","59.6M","59.5M","59.4M","59.35M","59.0M","59.0M","58.65M","58.65M","58.55M","58.4M","58.3M","58.0M","57.949997M","57.55M","57.449997M","57.1M","56.949997M","56.75M","56.699997M","56.55M","56.449997M","56.35M","56.25M","56.15M","56.15M","56.05M","56.05M","55.95M","55.85M","55.800003M","55.5M","55.35M","55.15M","54.95M","54.95M","54.9M","54.85M","54.85M","54.75M","54.6M","54.35M","54.15M","53.95M","53.9M","53.75M","53.75M","53.5M","53.449997M","53.300003M","53.25M","53.15M","53.1M","53.0M","52.9M","52.800003M","52.7M"],"nokList":["69.6M","67.5M"]}