{"time":1755513339610,"server":839,"cpList":["104M","100M","92.9M","90.8M","89.8M","87.6M","86.3M","83.2M","82.9M","82.9M","82.8M","81.3M","80.8M","79.4M","77.3M","76.4M","76.1M","76.1M","75.6M","75.2M","746M","73.9M","73.4M","72.9M","71.5M","71.1M","70.8M","70.6M","68.8M","68M","67.8M","67.6M","67.6M","65.8M","65.7M","65.6M","65.3M","65M","64.8M","64.7M","64.1M","63.1M","62.9M","62.8M","62.5M","62.5M","62.2M","62.1M","61.9M","61.9M","61.7M","61.6M","61.4M","61.1M","60.7M","60.3M","59.8M","59.8M","59.7M","59.6M","59.4M","59.4M","59.1M","59.1M","58.8M","58.5M","58M","57.8M","57.8M","57.2M","56.9M","56.7M","56.6M","56.5M","55.5M","55.5M","55.4M","55.3M","55.2M","55.1M","55M","55M","54.7M","543M","543M","54.1M","53.8M","53.8M","53.7M","53.4M","52.9M","52.9M","52.7M","52.4M","52.2M","52M","51.9M","51.9M","51.7M","51.4M"],"okList":["104.0M","100.0M","92.9M","90.8M","89.8M","87.6M","86.3M","83.2M","82.9M","82.9M","82.8M","81.3M","80.8M","79.4M","77.3M","76.4M","0.7609999999999999M","0.007609999999999999M","7.56E-5M","7.520000000000001E-6M","1.4599999999999998E-7M","7.39E-8M","7.340000000000001E-9M","7.290000000000001E-9M","7.15E-9M","7.11E-9M","7.08E-9M","7.06E-9M","6.879999999999999E-9M","6.8E-9M","6.779999999999999E-9M","6.759999999999999E-9M","6.759999999999999E-9M","6.579999999999999E-9M","6.57E-9M","6.56E-9M","6.53E-9M","6.500000000000001E-9M","6.48E-9M","6.47E-9M","6.409999999999999E-9M","6.31E-9M","6.290000000000001E-9M","6.28E-9M","6.2500000000000005E-9M","6.2500000000000005E-9M","6.22E-9M","6.210000000000001E-9M","6.19E-9M","6.19E-9M","6.17E-9M","6.159999999999999E-9M","6.14E-9M","6.11E-9M","6.07E-9M","6.03E-9M","5.9800000000000004E-9M","5.9800000000000004E-9M","5.97E-9M","5.96E-9M","5.9400000000000006E-9M","5.9400000000000006E-9M","5.91E-9M","5.91E-9M","5.88E-9M","5.8499999999999994E-9M","5.8E-9M","5.7799999999999995E-9M","5.7799999999999995E-9M","5.72E-9M","5.69E-9M","5.6700000000000005E-9M","5.660000000000001E-9M","5.65E-9M","5.55E-9M","5.55E-9M","5.54E-9M","5.53E-9M","5.520000000000001E-9M","5.51E-9M","5.500000000000001E-9M","5.500000000000001E-9M","5.47E-9M","5.4299999999999997E-8M","5.4299999999999997E-8M","5.410000000000001E-9M","5.38E-9M","5.38E-9M","5.37E-9M","5.34E-9M","5.2900000000000006E-9M","5.2900000000000006E-9M","5.270000000000001E-9M","5.24E-9M","5.22E-9M","5.2E-9M","5.1900000000000005E-9M","5.1900000000000005E-9M","5.17E-9M","5.140000000000001E-9M"],"nokList":[]}