{"time":1755513392061,"server":850,"cpList":["96M","84.5M","83.8M","83.7M","79.8M","79M","78.3M","77.7M","77M","76.7M","762M","76M","75.9M","75.5M","75.1M","75M","74.4M","742M","73.4M","73M","72.9M","71.5M","71.1M","71.1M","77M","70.9M","70.9M","70.7M","70.7M","70.6M","70.6M","70.4M","70.2M","70.2M","69.8M","69.7M","69.2M","69M","68.9M","68.8M","68.6M","68.6M","68.3M","68.1M","67.7M","67.5M","67.5M","67.4M","67.2M","67M","66.9M","66.8M","66.7M","66.6M","66.5M","66.5M","66.5M","66M","65.8M","65.8M","65.4M","65.1M","65M","64.9M","64.8M","64.7M","64.7M","646M","64.5M","64.3M","64.1M","64.1M","64M","63.8M","63.8M","63.7M","63.7M","63.6M","63.4M","63.1M","63.1M","62.9M","62.9M","62.8M","62.5M","62.3M","62.2M","62.2M","62M","62M","61.9M","61.7M","61.7M","61.6M","61.5M","61.5M","61.4M","61.4M","614M","61.4M"],"okList":["96.0M","84.5M","83.8M","83.7M","79.8M","79.0M","78.3M","77.7M","0.77M","0.00767M","1.62E-5M","7.599999999999999E-8M","7.59E-9M","7.550000000000001E-9M","7.509999999999999E-9M","7.5E-9M","7.4400000000000024E-9M","1.4199999999999998E-8M","7.340000000000001E-9M","7.3E-9M","7.290000000000001E-9M","7.15E-9M","7.11E-9M","7.11E-9M","7.700000000000001E-9M","7.09E-9M","7.09E-9M","7.070000000000001E-9M","7.070000000000001E-9M","7.06E-9M","7.06E-9M","7.040000000000001E-9M","7.020000000000001E-9M","7.020000000000001E-9M","6.9799999999999995E-9M","6.97E-9M","6.92E-9M","6.9E-9M","6.890000000000001E-9M","6.879999999999999E-9M","6.86E-9M","6.86E-9M","6.83E-9M","6.8099999999999994E-9M","6.77E-9M","6.750000000000001E-9M","6.750000000000001E-9M","6.74E-9M","6.720000000000001E-9M","6.7000000000000004E-9M","6.69E-9M","6.68E-9M","6.670000000000001E-9M","6.66E-9M","6.65E-9M","6.65E-9M","6.65E-9M","6.6E-9M","6.579999999999999E-9M","6.579999999999999E-9M","6.54E-9M","6.51E-9M","6.500000000000001E-9M","6.4900000000000005E-9M","6.48E-9M","6.47E-9M","6.47E-9M","6.460000000000001E-8M","6.45E-9M","6.43E-9M","6.409999999999999E-9M","6.409999999999999E-9M","6.4E-9M","6.380000000000001E-9M","6.380000000000001E-9M","6.37E-9M","6.37E-9M","6.36E-9M","6.34E-9M","6.31E-9M","6.31E-9M","6.290000000000001E-9M","6.290000000000001E-9M","6.28E-9M","6.2500000000000005E-9M","6.23E-9M","6.22E-9M","6.22E-9M","6.2E-9M","6.2E-9M","6.19E-9M","6.17E-9M","6.17E-9M","6.159999999999999E-9M","6.1500000000000005E-9M","6.1500000000000005E-9M","6.14E-9M","6.14E-9M","6.14E-8M","6.14E-9M"],"nokList":[]}