{"time":1755513470555,"server":864,"cpList":["106M","105M","103M","100M","92.4M","92M","912M","87.9M","86.4M","86.2M","85.6M","85.5M","81.7M","81.3M","81.3M","80.3M","79.3M","77.1M","77M","76.4M","76.3M","75.9M","74.8M","74.3M","742M","742M","74M","73.4M","73.1M","72M","71.9M","71.6M","71.4M","71.3M","71.3M","77M","70.9M","70.4M","70.2M","70.1M","69.7M","69.6M","69.4M","69.4M","69.3M","68.9M","68.7M","68.7M","68.5M","68.4M","68.2M","68M","67.4M","67.4M","67.4M","67.1M","67M","66.8M","66.5M","66.4M","66.4M","66.3M","66.3M","66.1M","66M","66M","66M","65.8M","65.7M","65.6M","64.7M","64.7M","64.4M","642M","642M","642M","63.9M","63.8M","63.6M","63.5M","63.4M","63.4M","62.7M","62.7M","62.7M","62.7M","62.5M","62.4M","62.4M","62.3M","62.2M","61.9M","61.9M","61.8M","61.5M","61.4M","61.1M","61.1M","61M","61M"],"okList":["106.0M","105.0M","103.0M","100.0M","92.4M","92.0M","91.2M","87.9M","86.4M","86.2M","85.6M","85.5M","81.7M","81.3M","81.3M","80.3M","79.3M","77.1M","77.0M","76.4M","0.763M","0.00759M","7.48E-5M","7.429999999999999E-6M","1.4199999999999997E-7M","1.4199999999999997E-7M","7.400000000000001E-8M","7.340000000000001E-9M","7.31E-9M","7.2E-9M","7.190000000000001E-9M","7.159999999999999E-9M","7.14E-9M","7.13E-9M","7.13E-9M","7.700000000000001E-9M","7.09E-9M","7.040000000000001E-9M","7.020000000000001E-9M","7.0099999999999996E-9M","6.97E-9M","6.96E-9M","6.9400000000000004E-9M","6.9400000000000004E-9M","6.929999999999999E-9M","6.890000000000001E-9M","6.8700000000000005E-9M","6.8700000000000005E-9M","6.85E-9M","6.840000000000001E-9M","6.82E-9M","6.8E-9M","6.74E-9M","6.74E-9M","6.74E-9M","6.709999999999999E-9M","6.7000000000000004E-9M","6.68E-9M","6.65E-9M","6.64E-9M","6.64E-9M","6.63E-9M","6.63E-9M","6.609999999999999E-9M","6.6E-9M","6.6E-9M","6.6E-9M","6.579999999999999E-9M","6.57E-9M","6.56E-9M","6.47E-9M","6.47E-9M","6.440000000000001E-9M","6.419999999999999E-8M","6.419999999999999E-8M","6.419999999999999E-8M","6.39E-9M","6.380000000000001E-9M","6.36E-9M","6.35E-9M","6.34E-9M","6.34E-9M","6.270000000000001E-9M","6.270000000000001E-9M","6.270000000000001E-9M","6.270000000000001E-9M","6.2500000000000005E-9M","6.24E-9M","6.24E-9M","6.23E-9M","6.22E-9M","6.19E-9M","6.19E-9M","6.18E-9M","6.1500000000000005E-9M","6.14E-9M","6.11E-9M","6.11E-9M","6.099999999999998E-9M","6.099999999999998E-9M"],"nokList":[]}