{"time":1755513523098,"server":875,"cpList":["85.6M","83.1M","80.2M","77.8M","742M","73.6M","73.1M","72.3M","72.1M","71.9M","71.9M","70.6M","68.7M","68.5M","68.5M","68M","67.6M","67.1M","66.8M","66.5M","65.9M","65.5M","64.8M","64.7M","64.5M","64.4M","63.7M","63.7M","63.6M","62.8M","62.2M","62.1M","62.1M","62M","61.9M","61.8M","61.6M","61.1M","60.7M","60.6M","59.8M","59.6M","59.2M","59.1M","58.8M","58.6M","58.4M","58.2M","58.1M","57.7M","57.7M","57.6M","57.4M","57.3M","57.3M","57.2M","57.2M","57.1M","57M","56.9M","56.8M","56.7M","56.6M","56.4M","56.4M","55.1M","54.9M","54.9M","54.6M","54.6M","54.5M","543M","53.6M","53.3M","53.2M","53.1M","53M","52.9M","52.6M","52.5M","52.5M","52.2M","52M","52M","51.9M","51.7M","51.7M","51.2M","51.2M","51.1M","50.9M","50.9M","50.8M","50.7M","50.6M","50.2M","50M","50M","49.7M","49.5M"],"okList":["0.856M","0.00831M","8.020000000000001E-5M","7.78E-6M","1.4199999999999997E-7M","7.36E-8M","7.31E-9M","7.23E-9M","7.21E-9M","7.190000000000001E-9M","7.190000000000001E-9M","7.06E-9M","6.8700000000000005E-9M","6.85E-9M","6.85E-9M","6.8E-9M","6.759999999999999E-9M","6.709999999999999E-9M","6.68E-9M","6.65E-9M","6.590000000000001E-9M","6.550000000000001E-9M","6.48E-9M","6.47E-9M","6.45E-9M","6.440000000000001E-9M","6.37E-9M","6.37E-9M","6.36E-9M","6.28E-9M","6.22E-9M","6.210000000000001E-9M","6.210000000000001E-9M","6.2E-9M","6.19E-9M","6.18E-9M","6.159999999999999E-9M","6.11E-9M","6.07E-9M","6.06E-9M","5.9800000000000004E-9M","5.96E-9M","5.920000000000001E-9M","5.91E-9M","5.88E-9M","5.86E-9M","5.84E-9M","5.820000000000001E-9M","5.8099999999999996E-9M","5.7700000000000005E-9M","5.7700000000000005E-9M","5.760000000000001E-9M","5.74E-9M","5.73E-9M","5.73E-9M","5.72E-9M","5.72E-9M","5.71E-9M","5.7E-9M","5.69E-9M","5.6799999999999986E-9M","5.6700000000000005E-9M","5.660000000000001E-9M","5.6399999999999995E-9M","5.6399999999999995E-9M","5.51E-9M","5.49E-9M","5.49E-9M","5.4600000000000006E-9M","5.4600000000000006E-9M","5.45E-9M","5.4299999999999997E-8M","5.3600000000000005E-9M","5.329999999999999E-9M","5.32E-9M","5.310000000000001E-9M","5.3E-9M","5.2900000000000006E-9M","5.2600000000000004E-9M","5.250000000000001E-9M","5.250000000000001E-9M","5.22E-9M","5.2E-9M","5.2E-9M","5.1900000000000005E-9M","5.17E-9M","5.17E-9M","5.1200000000000005E-9M","5.1200000000000005E-9M","5.110000000000001E-9M","5.0900000000000004E-9M","5.0900000000000004E-9M","5.080000000000001E-9M","5.07E-9M","5.06E-9M","5.0200000000000004E-9M","5.0E-9M","5.0E-9M","4.970000000000001E-9M","4.949999999999999E-9M"],"nokList":[]}