{"server":875,"total":5699.051,"average":58.15358,"cpValues":[],"cpList":["85.6M","79.4M","77.5M","74.7M","72.2M","71.4M","71M","71M","70M","69.6M","68.9M","6AM","67.7M","65.8M","65.5M","65M","64.9M","64.4M","64M","64M","63.3M","62.8M","62.5M","62.5M","62.4M","62M","62M","61.8M","61.8M","61.3M","60.7M","60.6M","60M","60M","59.9M","59.6M","59.1M","58.9M","58.8M","58.7M","58.4M","58.4M","58.2M","57.6M","57.6M","57.5M","57.1M","57M","56.9M","56.8M","56.8M","56.7M","56.7M","56.4M","56M","55.5M","55.3M","55.3M","55.2M","55.2M","55.1M","54.9M","54.9M","54.6M","54.6M","54.5M","54.5M","54.3M","54.3M","53.9M","53.9M","53.6M","53.6M","53.3M","53.2M","53.1M","52.9M","52.7M","52.4M","52.2M","52M","51.7M","51.3M","51.2M","51.1M","51M","50.9M","50.4M","50.3M","50.3M","50.2M","49.5M","49.5M","49.3M","49.3M","49.2M","48.8M","48.6M","48.4M","48.3M"],"okList":["85.6M","81.55M","77.05M","74.85M","73.05M","71.6M","71.2M","70.5M","70.3M","69.45M","68.3M","66.6M","65.4M","65.2M","64.7M","64.45M","64.2M","63.65M","63.4M","62.9M","62.65M","62.45M","62.25M","62.2M","61.9M","61.9M","61.55M","61.25M","60.949997M","60.35M","60.3M","59.95M","59.8M","59.5M","59.25M","58.949997M","58.800003M","58.6M","58.550003M","58.300003M","58.0M","57.9M","57.55M","57.35M","57.25M","57.0M","56.9M","56.85M","56.75M","56.75M","56.550003M","56.35M","55.95M","55.65M","55.4M","55.25M","55.25M","55.15M","55.050003M","55.0M","54.75M","54.75M","54.55M","54.55M","54.4M","54.4M","54.1M","54.1M","53.75M","53.75M","53.449997M","53.4M","53.199997M","53.050003M","52.9M","52.65M","52.45M","52.2M","51.95M","51.65M","51.45M","51.199997M","51.1M","51.0M","50.7M","50.6M","50.35M","50.25M","49.9M","49.85M","49.4M","49.4M","49.25M","49.05M","48.9M","48.6M","48.449997M","48.3M"],"nokList":["68.9M","67.7M"]}