{"time":1755513549439,"server":884,"cpList":["83.1M","81.1M","80.5M","75.7M","74.3M","742M","70.5M","69.9M","68.6M","66.9M","66.1M","65.9M","65.7M","65.6M","642M","64.1M","64.1M","63.2M","61.8M","60.5M","60.2M","59.2M","59.2M","59.1M","58.4M","57.5M","57.2M","56.6M","56.3M","55.3M","55.2M","54.8M","543M","53.8M","53.6M","53.4M","53.2M","52.9M","52.3M","51.2M","50.4M","49.2M","48.8M","48.4M","47.7M","47.6M","47.5M","47.5M","468M","468M","46M","45.9M","45.7M","44.7M","44.5M","443M","443M","442M","44M","42.8M","41.9M","41.7M","41.6M","41.5M","40.3M","39.9M","39.6M","39.2M","39.1M","39M","37.9M","37.5M","37.1M","36.6M","35.9M","35.6M","35.4M","35.3M","34.5M","34.5M","34.4M","34.4M","34.3M","34.3M","34.3M","342M","33.9M","33.6M","32.8M","32.7M","32.5M","32.4M","32.1M","32M","31.9M","31.5M","31.3M","31.2M","30.6M","30.5M"],"okList":["83.1M","0.8109999999999999M","0.00805M","7.57E-5M","7.429999999999999E-6M","1.4199999999999997E-7M","7.049999999999999E-8M","6.99E-9M","6.86E-9M","6.69E-9M","6.609999999999999E-9M","6.590000000000001E-9M","6.57E-9M","6.56E-9M","6.419999999999999E-8M","6.409999999999999E-9M","6.409999999999999E-9M","6.3200000000000005E-9M","6.18E-9M","6.05E-9M","6.02E-9M","5.920000000000001E-9M","5.920000000000001E-9M","5.91E-9M","5.84E-9M","5.75E-9M","5.72E-9M","5.660000000000001E-9M","5.63E-9M","5.53E-9M","5.520000000000001E-9M","5.48E-9M","5.4299999999999997E-8M","5.38E-9M","5.3600000000000005E-9M","5.34E-9M","5.32E-9M","5.2900000000000006E-9M","5.23E-9M","5.1200000000000005E-9M","5.040000000000001E-9M","4.920000000000001E-9M","4.8800000000000005E-9M","4.839999999999999E-9M","4.770000000000001E-9M","4.76E-9M","4.7499999999999995E-9M","4.7499999999999995E-9M","4.6799999999999996E-8M","4.6799999999999996E-8M","4.6E-9M","4.59E-9M","4.57E-9M","4.4700000000000005E-9M","4.45E-9M","4.43E-8M","4.43E-8M","4.419999999999999E-8M","4.4000000000000005E-9M","4.279999999999999E-9M","4.190000000000001E-9M","4.17E-9M","4.1600000000000005E-9M","4.15E-9M","4.03E-9M","3.99E-9M","3.96E-9M","3.92E-9M","3.91E-9M","3.899999999999999E-9M","3.7899999999999995E-9M","3.75E-9M","3.7100000000000002E-9M","3.66E-9M","3.59E-9M","3.5600000000000005E-9M","3.54E-9M","3.53E-9M","3.45E-9M","3.45E-9M","3.4399999999999997E-9M","3.4399999999999997E-9M","3.43E-9M","3.43E-9M","3.43E-9M","3.42E-8M","3.3899999999999997E-9M","3.3600000000000004E-9M","3.28E-9M","3.27E-9M","3.2500000000000006E-9M","3.24E-9M","3.2100000000000003E-9M","3.2E-9M","3.1900000000000004E-9M","3.15E-9M","3.13E-9M","3.12E-9M","3.0599999999999998E-9M","3.049999999999999E-9M"],"nokList":[]}