{"server":889,"total":4304.799,"average":45.79573,"cpValues":[],"cpList":["86M","80M","78.1M","77.M","76.3M","74.5M","72.8M","68.1M","6M","62.5M","60.1M","57.6M","57.4M","57.1M","56.2M","56.1M","55.9M","55.8M","54.7M","54.6M","54.5M","54.3M","54M","53.5M","53.4M","53.4M","53.1M","52.7M","51.9M","50.7M","50.3M","50M","49.9M","49.6M","49.4M","49.4M","48.8M","48.5M","48.1M","47.1M","46.8M","46.1M","45.5M","44.8M","44.7M","44.5M","43.9M","43.8M","43.4M","43.1M","43M","42.6M","41.8M","41M","40.9M","40.5M","40.1M","39.6M","38.9M","38.7M","38.5M","38.4M","38.2M","78M","37.9M","37.8M","37.7M","37.5M","37.3M","A6.6M","36.5M","36.5M","A6.1M","35.6M","35.5M","35M","34.3M","A3.6M","33.3M","33.3M","32.8M","32.6M","32.6M","32.4M","32.1M","32.1M","31.9M","31.7M","31.1M","31.1M","31.1M","31M","30.8M","30.8M","30.8M","30.5M","30.3M","29.9M","29.7M","29.4M"],"okList":["86.0M","82.05M","78.5M","77.2M","75.75M","74.55M","71.3M","39.4M","65.3M","33.05M","60.05M","58.75M","57.35M","56.800003M","56.6M","56.050003M","55.949997M","55.300003M","55.199997M","54.6M","54.449997M","54.25M","53.9M","53.7M","53.45M","53.25M","53.050003M","52.5M","51.7M","51.1M","50.35M","50.1M","49.8M","49.65M","49.5M","49.1M","48.95M","48.449997M","47.8M","47.449997M","46.6M","46.15M","45.449997M","45.1M","44.65M","44.300003M","44.15M","43.65M","43.449997M","43.2M","42.85M","42.4M","41.8M","41.35M","40.75M","40.5M","40.05M","39.5M","39.15M","38.7M","38.550003M","38.35M","58.2M","38.050003M","57.9M","37.800003M","37.65M","37.5M","36.9M","36.05M","35.3M","34.9M","33.8M","33.05M","32.949997M","32.699997M","32.5M","32.35M","32.25M","32.0M","31.9M","31.5M","31.400002M","31.1M","31.05M","30.95M","30.9M","30.8M","30.65M","30.55M","30.2M","30.0M","29.65M","29.4M"],"nokList":["37.3M","36.5M","36.5M","35.6M","34.3M","33.3M"]}