{"time":1755513679978,"server":906,"cpList":["846M","83.8M","77.4M","75.8M","75.2M","72.5M","70.6M","68.1M","67.7M","65.6M","64.9M","63.3M","63M","62.9M","62.1M","62M","61.8M","61.8M","612M","60.6M","60.3M","60.3M","60.3M","59.9M","59.7M","59.6M","59.5M","59.2M","58.9M","58.9M","57.3M","57.2M","56.7M","56.1M","55.8M","55.7M","55.1M","54.9M","54.8M","54.5M","54.4M","54.1M","54.1M","53.4M","53.4M","53.3M","53.2M","53.1M","52.7M","52.7M","52.4M","52.3M","52M","51.8M","51.8M","51.7M","51.7M","51.4M","51.3M","51.2M","57M","50.8M","50.8M","50.6M","50.4M","49.9M","49.8M","49.7M","49.6M","49.4M","49M","48.9M","48.8M","48.8M","48.6M","48.6M","48.5M","48.1M","48M","47.7M","47.6M","47.5M","47.3M","47.2M","47.1M","47.1M","468M","46.3M","462M","461M","46M","45.9M","45.8M","45.8M","45.7M","45.7M","45.7M","45.6M","45M","45M"],"okList":["84.6M","83.8M","77.4M","75.8M","75.2M","72.5M","70.6M","68.1M","67.7M","65.6M","64.9M","63.3M","63.0M","62.9M","62.1M","62.0M","61.8M","61.8M","61.2M","60.6M","60.3M","60.3M","60.3M","59.9M","59.7M","59.6M","59.5M","59.2M","58.9M","58.9M","57.3M","57.2M","56.7M","56.1M","55.8M","55.7M","55.1M","54.9M","54.8M","54.5M","54.4M","54.1M","54.1M","53.4M","53.4M","53.3M","53.2M","53.1M","52.7M","52.7M","52.4M","52.3M","52.0M","51.8M","51.8M","51.7M","0.517M","0.0051400000000000005M","5.13E-5M","5.12E-7M","5.6999999999999994E-8M","5.080000000000001E-9M","5.080000000000001E-9M","5.06E-9M","5.040000000000001E-9M","4.989999999999999E-9M","4.979999999999999E-9M","4.970000000000001E-9M","4.96E-9M","4.940000000000001E-9M","4.9E-9M","4.89E-9M","4.8800000000000005E-9M","4.8800000000000005E-9M","4.86E-9M","4.86E-9M","4.8500000000000004E-9M","4.8100000000000006E-9M","4.8E-9M","4.770000000000001E-9M","4.76E-9M","4.7499999999999995E-9M","4.73E-9M","4.72E-9M","4.7100000000000005E-9M","4.7100000000000005E-9M","4.6799999999999996E-8M","4.629999999999999E-9M","4.62E-8M","4.610000000000001E-8M","4.6E-9M","4.59E-9M","4.58E-9M","4.58E-9M","4.57E-9M","4.57E-9M","4.57E-9M","4.559999999999999E-9M","4.500000000000001E-9M","4.500000000000001E-9M"],"nokList":[]}