{"time":1756143768152,"server":913,"cpList":["124M","121M","MTM","109M","107M","105M","104M","101M","101M","100M","100M","100M","99.9M","97.6M","97.3M","97.3M","97.1M","96.3M","96.1M","96M","95.5M","95.5M","95.5M","95.3M","94.9M","94.9M","93.9M","93.5M","93.5M","93M","92.9M","92.6M","92.4M","92.4M","92.3M","92.2M","92.2M","92.2M","92M","91.7M","91.1M","90.7M","89.9M","89.6M","87.9M","87.6M","87.5M","87.1M","87M","86.7M","86.7M","86.7M","86.5M","86.4M","86.2M","85.5M","85.3M","85.2M","85.1M","84.8M","84.3M","84M","83.6M","83.5M","83.3M","82.6M","82.2M","82.1M","81.5M","81.5M","81.3M","812M","81M","80.5M","80.5M","80.4M","80.4M","80.4M","80.3M","80.3M","80.3M","80.1M","80.1M","79.9M","79.7M","79.6M","79.5M","79.3M","79.1M","78.9M","78.8M","78.7M","78.6M","78.5M","78.3M","78.3M","78.3M","78.3M","78.2M","77.6M"],"okList":["124.0M","121.0M","7.0M","10.9M","10.7M","10.5M","10.4M","10.1M","10.1M","10.0M","10.0M","10.0M","9.99M","9.76M","9.73M","9.73M","9.709999999999999M","9.629999999999999M","9.61M","9.6M","9.55M","9.55M","9.55M","9.53M","9.49M","9.49M","9.39M","9.35M","9.35M","9.3M","9.290000000000001M","9.26M","9.24M","9.24M","9.23M","9.22M","9.22M","9.22M","9.2M","9.17M","9.11M","9.07M","8.99M","8.959999999999999M","8.790000000000001M","8.76M","8.75M","8.709999999999999M","8.7M","8.67M","8.67M","8.67M","8.65M","8.64M","8.620000000000001M","8.55M","8.53M","8.52M","8.51M","8.48M","8.43M","8.4M","8.36M","8.35M","8.33M","8.26M","8.22M","8.209999999999999M","8.15M","8.15M","8.129999999999999M","8.120000000000001M","8.1M","8.05M","8.05M","8.040000000000001M","8.040000000000001M","8.040000000000001M","8.03M","8.03M","8.03M","8.01M","8.01M","7.99M","7.970000000000001M","7.959999999999999M","7.95M","7.93M","7.909999999999999M","7.890000000000001M","7.88M","7.87M","7.859999999999999M","7.85M","7.83M","7.83M","7.83M","7.83M","7.82M","7.76M"],"nokList":[]}