{"time":1755513732367,"server":913,"cpList":["124M","121M","770M","109M","107M","105M","104M","101M","101M","100M","100M","100M","99.8M","98.6M","97.3M","97.3M","96.9M","966M","96.3M","961M","95.9M","95.8M","95.5M","95.4M","95.1M","94.9M","946M","93.7M","93.4M","93.4M","92.9M","92.6M","92.4M","92.3M","92.2M","92.1M","92.1M","92.1M","91.7M","916M","91.4M","90.6M","89.8M","89.6M","87.8M","87.6M","87.3M","87M","87M","86.7M","86.6M","86.4M","86.2M","86.1M","86M","85.5M","85.3M","85.2M","85.1M","85.1M","84.7M","843M","83.4M","83.4M","83.3M","82.6M","82.1M","82.1M","81.5M","81.5M","81.3M","81.1M","81M","80.4M","80.4M","80.4M","80.3M","80.3M","80.2M","80.2M","80.1M","79.8M","79.8M","79.6M","79.6M","79.5M","79.3M","79.3M","79.1M","78.8M","78.7M","78.6M","78.6M","78.5M","78.3M","78.3M","78.2M","78.2M","77.9M","77.6M"],"okList":["0.00124M","1.21E-5M","1.7E-6M","1.0900000000000001E-7M","1.0699999999999999E-7M","1.05E-7M","1.0400000000000002E-7M","1.0099999999999998E-7M","1.0099999999999998E-7M","1.0000000000000001E-7M","1.0000000000000001E-7M","1.0000000000000001E-7M","9.98E-8M","9.860000000000002E-9M","9.729999999999998E-9M","9.729999999999998E-9M","9.690000000000001E-9M","9.66E-8M","9.63E-9M","9.61E-8M","9.59E-9M","9.58E-9M","9.55E-9M","9.540000000000001E-9M","9.51E-9M","9.490000000000001E-9M","9.460000000000001E-8M","9.37E-9M","9.340000000000001E-9M","9.340000000000001E-9M","9.289999999999999E-9M","9.259999999999998E-9M","9.24E-9M","9.229999999999997E-9M","9.220000000000001E-9M","9.209999999999998E-9M","9.209999999999998E-9M","9.209999999999998E-9M","9.17E-9M","9.16E-8M","9.14E-9M","9.059999999999998E-9M","8.98E-9M","8.96E-9M","8.779999999999998E-9M","8.759999999999999E-9M","8.73E-9M","8.7E-9M","8.7E-9M","8.670000000000001E-9M","8.66E-9M","8.640000000000002E-9M","8.62E-9M","8.609999999999999E-9M","8.600000000000001E-9M","8.55E-9M","8.530000000000001E-9M","8.52E-9M","8.510000000000001E-9M","8.510000000000001E-9M","8.47E-9M","8.430000000000001E-8M","8.34E-9M","8.34E-9M","8.329999999999999E-9M","8.260000000000001E-9M","8.21E-9M","8.21E-9M","8.149999999999999E-9M","8.149999999999999E-9M","8.13E-9M","8.11E-9M","8.100000000000001E-9M","8.040000000000001E-9M","8.040000000000001E-9M","8.040000000000001E-9M","8.029999999999998E-9M","8.029999999999998E-9M","8.020000000000002E-9M","8.020000000000002E-9M","8.009999999999999E-9M","7.98E-9M","7.98E-9M","7.96E-9M","7.96E-9M","7.950000000000002E-9M","7.929999999999999E-9M","7.929999999999999E-9M","7.909999999999998E-9M","7.88E-9M","7.87E-9M","7.859999999999999E-9M","7.859999999999999E-9M","7.85E-9M","7.829999999999998E-9M","7.829999999999998E-9M","7.82E-9M","7.82E-9M","7.789999999999999E-9M","7.759999999999998E-9M"],"nokList":[]}