{"server":913,"total":6029.001,"average":76.31647,"cpValues":[],"cpList":["120M","117M","104M","104M","101M","100M","100M","29.8M","29.7M","28.1M","M7.1M","24.8M","24.8M","94.6M","24M","N3.QM","N3.3M","22.4M","22.4M","22.3M","N2.1M","N2M","21.7M","N1.1M","N1.1M","M1M","2O.9M","20.8M","20.8M","N0.6M","20.4M","20.3M","89.7M","88.7M","88.5M","88.3M","88.2M","87.7M","87.6M","86.4M","86.1M","85.8M","85.7M","85.6M","85.4M","85.2M","85.1M","85.1M","84.8M","84.4M","84.4M","84.3M","84.2M","84.1M","84.1M","83.5M","82.M","82.3M","82.1M","81.3M","80.5M","80.4M","80.4M","80.3M","80.1M","79.9M","79.8M","79.5M","79.3M","79.3M","79.3M","79.2M","79.1M","78.8M","78.8M","78.7M","7A.6M","7A.6M","7A.6M","78.3M","78.3M","77.9M","77.6M","77.6M","77.5M","77.4M","77.1M","76.9M","76.8M","76.7M","76.6M","76.5M","76.5M","76.4M","16.4M","76.3M","76M","75.9M","75.8M","75.8M"],"okList":["120.0M","112.0M","110.5M","102.5M","102.0M","100.5M","64.9M","64.85M","28.95M","18.4M","26.45M","24.8M","24.8M","24.4M","22.349998M","55.05M","54.5M","89.1M","88.5M","88.35M","88.0M","87.899994M","87.05M","86.85M","86.100006M","85.899994M","85.7M","85.55M","85.399994M","85.25M","85.149994M","84.95M","84.75M","84.600006M","84.350006M","84.3M","84.2M","84.149994M","83.8M","83.05M","82.9M","82.05M","81.8M","81.3M","80.850006M","80.45M","80.350006M","80.25M","80.100006M","79.95M","79.7M","79.55M","79.4M","79.3M","79.25M","79.2M","79.0M","78.95M","78.75M","78.100006M","77.95M","77.75M","77.55M","77.5M","77.3M","77.15M","76.95M","76.8M","76.7M","76.6M","76.55M","76.45M","46.45M","76.350006M","46.2M","76.100006M","75.9M","75.850006M","75.8M"],"nokList":["24M","N3.QM","N3.3M","22.4M","22.3M","N2.1M","N2M","21.7M","N1.1M","N1.1M","M1M","2O.9M","20.8M","20.8M","N0.6M","20.4M","78.7M","7A.6M","7A.6M","7A.6M","78.3M"]}