{"server":921,"total":5547.0996,"average":55.470997,"cpValues":[],"cpList":["84.7M","80.9M","75.2M","75M","73M","72.8M","72M","72M","71.9M","71.9M","71.5M","70.2M","69.7M","68.1M","67.9M","66.9M","66.3M","6M","65.1M","63.6M","62.9M","62.5M","62.1M","61M","60.7M","60.3M","60.2M","60.1M","59.8M","59.4M","59.1M","58.9M","58.7M","58.1M","57.8M","56.9M","56.4M","56.3M","56.2M","56.1M","56M","56M","55.9M","55.6M","55.1M","54.9M","54.8M","54.7M","54.7M","54.5M","54.2M","53.7M","53.7M","53.7M","53.6M","53.3M","53.1M","53.1M","52.8M","52.6M","52M","51.8M","51.7M","51.5M","51.5M","51.3M","51.2M","51M","50.7M","50.6M","50.2M","50.1M","50M","49.7M","48.M","48.5M","48.1M","48.1M","47.9M","47.M","47.6M","47.4M","46.8M","46.7M","46.4M","46.2M","45.9M","45.9M","45.8M","45.8M","45M","45M","44.9M","44.8M","44.7M","44.4M","44.4M","44.3M","44.2M","44M"],"okList":["84.7M","79.95M","77.95M","74.1M","73.9M","72.5M","72.4M","71.95M","71.95M","71.7M","71.05M","70.6M","69.149994M","68.8M","67.5M","67.100006M","36.45M","65.7M","34.8M","64.0M","63.05M","62.5M","61.75M","61.4M","60.65M","60.45M","60.199997M","60.0M","59.75M","59.449997M","59.15M","58.9M","58.5M","58.25M","57.5M","57.1M","56.6M","56.300003M","56.199997M","56.1M","56.05M","55.95M","55.8M","55.5M","55.25M","54.949997M","54.800003M","54.75M","54.6M","54.45M","54.1M","53.95M","53.7M","53.65M","53.5M","53.35M","53.199997M","52.949997M","52.85M","52.4M","52.199997M","51.85M","51.65M","51.6M","51.4M","51.35M","51.15M","50.95M","50.8M","50.45M","50.35M","50.1M","49.9M","49.0M","49.1M","48.05M","48.3M","48.0M","47.55M","47.75M","47.2M","47.199997M","47.050003M","46.6M","46.45M","46.15M","46.050003M","45.85M","45.85M","45.4M","45.4M","44.95M","44.9M","44.800003M","44.6M","44.550003M","44.35M","44.300003M","44.15M","44.0M"],"nokList":[]}