{"server":922,"total":3742.2996,"average":39.392628,"cpValues":[],"cpList":["59.6M","5AM","55.7M","55.6M","55.4M","55M","54.3M","52.7M","52.1M","51.4M","50.1M","48.7M","47.9M","47.6M","46.8M","46.7M","46.5M","46.4M","46.1M","45.9M","45.1M","45M","44.7M","44.2M","44.2M","44.1M","44.1M","44M","43.4M","43.2M","43M","42.5M","42.4M","42.3M","41.1M","40.8M","40.4M","40.1M","40M","39.6M","39.6M","39.4M","39.2M","38.4M","38.3M","38.1M","38.1M","37.7M","37.4M","37.3M","37.3M","37.3M","37.2M","37M","A6.9M","36.8M","36.7M","36.5M","36.5M","36.3M","A6M","35.7M","35.7M","35.5M","35.2M","34.9M","34.9M","34.7M","34.5M","34.4M","33.9M","33.9M","33.8M","33.5M","33.4M","33.3M","33.2M","32.6M","32.5M","32.5M","32.5M","32.4M","32.2M","32.2M","32.2M","32.1M","32M","31.9M","31.8M","31.7M","31.6M","31.3M","31.2M","31.1M","31.1M","31M","30.9M","30.8M","30.8M","30.7M"],"okList":["59.6M","57.65M","55.550003M","55.3M","54.85M","53.85M","53.199997M","52.050003M","51.1M","50.050003M","49.0M","48.15M","47.35M","47.15M","46.65M","46.550003M","46.3M","46.15M","45.6M","45.45M","44.9M","44.6M","44.45M","44.15M","44.15M","44.05M","43.75M","43.6M","43.2M","42.85M","42.7M","42.4M","41.75M","41.55M","40.75M","40.449997M","40.2M","39.85M","39.8M","39.5M","39.4M","38.9M","38.75M","38.25M","38.199997M","37.9M","37.75M","37.5M","37.35M","37.3M","37.25M","37.15M","36.9M","36.65M","36.6M","36.4M","36.0M","35.6M","35.45M","35.2M","35.050003M","34.800003M","34.7M","34.550003M","34.2M","34.15M","33.85M","33.7M","33.6M","33.4M","33.300003M","32.949997M","32.85M","32.55M","32.5M","32.45M","32.35M","32.300003M","32.2M","32.15M","32.1M","32.0M","31.9M","31.8M","31.7M","31.5M","31.400002M","31.2M","31.150002M","31.05M","31.0M","30.9M","30.849998M","30.75M","30.7M"],"nokList":["55.7M","37M","36.8M","36.3M","35.7M"]}