{"server":926,"total":4081.3997,"average":45.348885,"cpValues":[],"cpList":["70.2M","83.9M","75.2M","73.8M","73M","71.9M","70.3M","68.5M","68.4M","68.1M","63.4M","62M","61.M","60.8M","60.6M","59.2M","59.1M","58.7M","58.4M","57.5M","57.5M","56.7M","55.8M","55.8M","55.4M","54.4M","54.2M","54M","53.8M","53.1M","50.5M","50.4M","50.2M","50.1M","48.8M","48M","4].8M","4].M","41.2M","47.1M","47.1M","45.8M","45.2M","45.1M","44.6M","44.5M","43.9M","43.8M","43.4M","42.8M","42.7M","42.5M","41.HM","41.7M","41.5M","41.2M","40.6M","40M","39.7M","39.7M","39.4M","38.1M","37.#M","37.3M","36.9M","36.7M","36.4M","36.2M","34.6M","34.4M","34.3M","33.8M","33.7M","33.5M","33.4M","33M","32.8M","32.5M","32.3M","31.9M","31.4M","31.4M","31.2M","30.7M","30.6M","30.6M","30.4M","30.4M","30.4M","30.3M","30.2M","30.2M","30M","29.5M","29.5M","29.2M","28.7M","28.6M","28.6M","28.2M"],"okList":["70.2M","72.7M","78.850006M","74.1M","72.850006M","71.65M","70.2M","69.350006M","68.3M","65.9M","65.05M","62.2M","61.4M","60.8M","60.0M","59.85M","58.95M","58.75M","58.1M","57.95M","57.1M","56.65M","56.25M","55.6M","55.1M","54.800003M","54.2M","54.0M","53.55M","52.15M","51.75M","50.35M","50.25M","49.5M","49.05M","47.1M","46.449997M","46.15M","45.449997M","44.9M","44.8M","44.25M","44.15M","43.65M","43.3M","43.050003M","42.65M","41.45M","41.05M","40.6M","40.15M","39.85M","39.550003M","38.9M","37.0M","36.65M","36.45M","35.5M","35.300003M","34.449997M","34.1M","34.0M","33.65M","33.550003M","33.25M","33.1M","32.75M","32.55M","32.2M","31.849998M","31.65M","31.3M","31.05M","30.900002M","30.650002M","30.5M","30.5M","30.4M","30.349998M","30.3M","30.25M","30.1M","29.85M","29.75M","29.35M","29.1M","28.900002M","28.650002M","28.400002M","28.2M"],"nokList":["48M","4].8M","4].M","41.2M","42.5M","41.HM","41.7M","38.1M","37.#M","37.3M"]}