{"time":1755513863761,"server":935,"cpList":["168M","138M","128M","127M","102M","98.3M","98.1M","97.3M","961M","961M","96M","96M","95M","94.5M","91.7M","91.3M","90.5M","90M","89.9M","88M","87.8M","87.1M","868M","86.7M","86.1M","86.1M","86M","85.7M","85.6M","85.5M","85.2M","846M","84.5M","84.4M","84.1M","84M","83.3M","83.2M","82.6M","82.5M","82.5M","82.3M","82.1M","82.1M","81.9M","81.3M","81.1M","81M","80.8M","80.7M","80.5M","80.5M","80.5M","80.3M","80.2M","80.2M","79.9M","79.9M","79.9M","79.7M","79.1M","79.1M","78.8M","78.6M","78M","78M","77.6M","77.6M","77.6M","77.5M","76.8M","766M","76.4M","76.4M","76.3M","76.1M","75.9M","75.7M","75.7M","75.5M","75.3M","75M","74.7M","74.4M","74.1M","74M","73.8M","73.8M","73.7M","73.5M","73.4M","73.4M","73.3M","73.3M","73.3M","73M","72.9M","72.9M","72.7M","72.6M"],"okList":["168.0M","138.0M","128.0M","127.0M","102.0M","98.3M","98.1M","97.3M","96.1M","96.1M","96.0M","96.0M","95.0M","94.5M","91.7M","91.3M","90.5M","90.0M","89.9M","88.0M","87.8M","87.1M","86.8M","86.7M","86.1M","86.1M","86.0M","85.7M","85.6M","85.5M","85.2M","84.6M","84.5M","84.4M","84.1M","84.0M","83.3M","83.2M","82.6M","82.5M","82.5M","82.3M","82.1M","82.1M","81.9M","81.3M","81.1M","81.0M","80.8M","80.7M","80.5M","80.5M","80.5M","80.3M","80.2M","80.2M","79.9M","79.9M","79.9M","79.7M","79.1M","79.1M","78.8M","78.6M","78.0M","78.0M","77.6M","77.6M","77.6M","0.775M","0.00768M","1.66E-5M","7.640000000000001E-8M","7.640000000000001E-9M","7.630000000000001E-9M","7.609999999999998E-9M","7.59E-9M","7.570000000000001E-9M","7.570000000000001E-9M","7.550000000000001E-9M","7.53E-9M","7.5E-9M","7.47E-9M","7.4400000000000024E-9M","7.41E-9M","7.400000000000001E-9M","7.3800000000000006E-9M","7.3800000000000006E-9M","7.37E-9M","7.35E-9M","7.340000000000001E-9M","7.340000000000001E-9M","7.329999999999999E-9M","7.329999999999999E-9M","7.329999999999999E-9M","7.3E-9M","7.290000000000001E-9M","7.290000000000001E-9M","7.269999999999999E-9M","7.26E-9M"],"nokList":[]}