{"server":946,"total":2904.1497,"average":31.566845,"cpValues":[],"cpList":["55.3M","55.2M","54.5M","52.7M","52M","50.5M","48.8M","48.2M","46.8M","46.3M","45.8M","44.7M","44.6M","44M","42.8M","42.1M","40.7M","40.5M","40.2M","39.9M","39.9M","39.3M","38.8M","37.4M","A6M","35.5M","34.5M","34.5M","33.8M","33.1M","32.9M","32.7M","32.6M","31.8M","31.7M","31.5M","31.3M","31.2M","31M","30.8M","30.7M","30.4M","30.2M","30M","29.7M","29.4M","29.2M","29.1M","29.1M","29.7M","28.6M","28.3M","28.3M","28.2M","28M","26.7M","26.6M","26.5M","26.4M","26.1M","26.1M","25.QM","25.8M","25.7M","25.7M","25.6M","25.5M","25.4M","25.4M","25.3M","25.2M","25.1M","24.8M","24.1M","23.9M","23.9M","23.7M","23.6M","23.2M","23.1M","22.9M","22.8M","22.8M","22.7M","22.7M","22.4M","22.1M","21.9M","21.7M","21.6M","21.4M","21.4M","21.1M","21M","21M","20.8M","20.8M","Z0.6M","20.6M","20.4M"],"okList":["55.3M","54.9M","53.95M","53.25M","51.6M","50.4M","49.35M","47.8M","47.25M","46.3M","45.5M","45.199997M","44.35M","43.699997M","43.05M","41.75M","41.3M","40.45M","40.2M","40.050003M","39.6M","39.35M","38.35M","36.45M","35.0M","34.15M","33.8M","33.35M","32.9M","32.75M","32.25M","32.15M","31.65M","31.5M","31.35M","31.15M","31.0M","30.85M","30.599998M","30.45M","30.2M","29.95M","29.7M","29.45M","29.25M","29.150002M","29.1M","28.85M","29.0M","28.45M","28.25M","28.15M","27.45M","27.3M","26.6M","26.5M","26.3M","26.25M","25.75M","25.650002M","25.6M","25.5M","25.45M","25.349998M","25.3M","25.2M","25.0M","24.6M","24.349998M","24.0M","23.8M","23.75M","23.45M","23.35M","23.05M","22.95M","22.849998M","22.75M","22.75M","22.55M","22.400002M","22.15M","21.900002M","21.75M","21.55M","21.5M","21.25M","21.2M","21.05M","20.9M","20.9M","20.4M"],"nokList":["37.4M","35.5M","26.1M","25.QM","25.8M","20.8M","Z0.6M","20.6M"]}