{"server":948,"total":2798.0508,"average":29.146362,"cpValues":[],"cpList":["62.3M","62.2M","57.8M","57.7M","54.8M","52.9M","50.9M","50.3M","47.6M","47.2M","45.7M","44.7M","43.7M","41.9M","41.7M","41.5M","41.2M","40M","39.7M","38.7M","37.7M","34.7M","34.3M","33.8M","33.1M","32.5M","32.5M","32.1M","31.7M","31.5M","30.9M","30.2M","29.9M","29.5M","29.2M","29.7M","28.2M","27.4M","26.8M","25.QM","25.7M","25.4M","25.2M","25.2M","25.1M","24.8M","24.8M","24.6M","24.6M","24.3M","24.2M","23.9M","23.7M","23.6M","23.4M","23.4M","23.3M","23.3M","23.2M","23.1M","23.1M","22.9M","22.7M","22.7M","22.6M","22.6M","22.6M","22.5M","22.4M","22.1M","21.8M","21.8M","21.7M","21.6M","21.4M","21.4M","21.2M","21.1M","21M","21M","20.6M","20.1M","20.1M","20M","20M","19.9M","19.7M","19.5M","19.4M","19.3M","19.2M","19.2M","18.9M","18.8M","18.8M","18.7M","18.6M","18.4M","18.3M","1A.3M"],"okList":["62.3M","60.05M","59.95M","56.3M","55.300003M","52.85M","51.6M","49.25M","48.75M","46.65M","45.95M","44.7M","43.300003M","42.7M","41.7M","41.45M","40.75M","40.45M","39.35M","38.7M","36.7M","36.0M","34.25M","33.699997M","33.15M","32.8M","32.3M","32.1M","31.8M","31.3M","30.85M","30.4M","29.85M","29.55M","29.6M","28.7M","28.55M","27.5M","25.45M","25.3M","25.150002M","25.0M","24.95M","24.7M","24.7M","24.45M","24.400002M","24.099998M","23.95M","23.75M","23.55M","23.5M","23.349998M","23.349998M","23.25M","23.2M","23.150002M","23.0M","22.900002M","22.8M","22.650002M","22.650002M","22.6M","22.55M","22.5M","22.3M","22.099998M","21.95M","21.75M","21.7M","21.55M","21.5M","21.3M","21.25M","21.1M","21.05M","20.8M","20.55M","20.35M","20.05M","20.05M","19.95M","19.85M","19.7M","19.55M","19.4M","19.3M","19.25M","19.05M","19.0M","18.849998M","18.75M","18.7M","18.55M","18.45M","18.3M"],"nokList":["26.8M","25.QM","25.7M","18.3M"]}