{"server":949,"total":4054.5505,"average":44.0712,"cpValues":[],"cpList":["78.1M","12.4M","71.4M","68.1M","66.1M","65.7M","63.5M","61.4M","61.3M","60.5M","59.6M","58.9M","58.2M","5AM","57.2M","57M","56.6M","55.3M","54.3M","53.4M","52.7M","52.6M","52.6M","52M","52M","51.2M","50.7M","50.6M","50.5M","49.3M","49.3M","48.M","48.5M","47.8M","47.5M","46.9M","46.4M","45.9M","45.3M","45.1M","44.9M","44.6M","44.6M","43.6M","43.6M","43.5M","43.3M","42.9M","42.8M","42.7M","41.7M","41M","40.6M","39.8M","39.7M","39.5M","39.5M","39.2M","39.1M","38.4M","38.3M","38.1M","37.7M","37.5M","37.3M","37.1M","A6.9M","36.4M","36.3M","A6.1M","A6M","35.9M","35.7M","35.2M","35.1M","34.8M","34.4M","34.4M","34.2M","34M","33.8M","33.4M","33.3M","33.3M","33.1M","32.8M","32.7M","32.4M","32.3M","32M","31.8M","31.4M","31M","30.9M","30.7M","30.6M","30.5M","30.5M","30.4M","30.4M"],"okList":["78.1M","74.75M","40.25M","68.75M","66.899994M","64.8M","63.55M","62.4M","60.95M","60.449997M","59.7M","58.9M","57.7M","56.9M","56.15M","55.449997M","54.35M","53.5M","53.0M","52.65M","52.3M","52.3M","51.6M","51.35M","50.9M","50.6M","49.949997M","49.9M","48.65M","48.9M","47.9M","48.0M","47.35M","46.95M","46.4M","45.85M","45.5M","45.1M","44.85M","44.75M","44.1M","44.1M","43.55M","43.449997M","43.2M","43.05M","42.800003M","42.25M","41.85M","41.15M","40.4M","40.15M","39.65M","39.6M","39.35M","39.3M","38.800003M","38.699997M","38.25M","38.0M","37.8M","37.5M","37.3M","36.75M","35.550003M","35.4M","35.0M","34.75M","34.6M","34.300003M","34.2M","34.0M","33.7M","33.55M","33.35M","33.199997M","33.05M","32.9M","32.6M","32.5M","32.2M","32.05M","31.7M","31.4M","31.15M","30.85M","30.75M","30.6M","30.55M","30.45M","30.45M","30.4M"],"nokList":["58.2M","57.2M","37.1M","36.4M","36.3M","A6.1M","A6M","35.9M"]}