{"server":950,"total":4454.8,"average":45.45714,"cpValues":[],"cpList":["24.2M","82.2M","73.8M","73.5M","72.6M","71.7M","70.5M","69.2M","68.3M","67.8M","66.4M","66.4M","66.2M","65.4M","65.4M","65M","64M","63.4M","62.8M","62.1M","61.7M","61.2M","61.1M","59.9M","58.2M","58.1M","57.8M","57.6M","57.2M","56M","55.2M","55.1M","54.3M","54M","53.1M","52.5M","52.4M","51.8M","51.7M","51.7M","50.6M","50.1M","50.1M","47.4M","46.8M","46.2M","45.7M","45.1M","44.5M","43.8M","43.4M","43.3M","42.9M","42.8M","42.2M","41.5M","41.3M","40.8M","40.6M","40.5M","40M","39.9M","39.8M","39.3M","38.9M","37.5M","A6M","35M","34.9M","33.5M","33.4M","33.4M","32.2M","32M","31.9M","31.6M","31.4M","31.2M","30.8M","30M","29.1M","28.9M","28.5M","27.9M","27.8M","27.8M","27.8M","27.8M","27.6M","27.3M","26.9M","26.6M","26.6M","25.7M","25.9M","24.6M","24.4M","24.3M","24M","23.6M"],"okList":["24.2M","49.0M","77.85M","73.2M","72.6M","71.55M","70.45M","69.4M","68.5M","67.350006M","67.100006M","66.3M","65.9M","65.8M","65.2M","64.7M","64.2M","63.4M","62.75M","62.25M","61.65M","61.4M","60.550003M","59.65M","59.0M","58.0M","57.85M","57.5M","56.8M","56.2M","55.55M","54.75M","54.55M","53.699997M","53.25M","52.75M","52.15M","52.050003M","51.75M","51.15M","50.9M","50.35M","48.75M","48.449997M","46.800003M","46.25M","45.65M","45.1M","44.449997M","43.95M","43.55M","43.15M","43.05M","42.550003M","42.15M","41.75M","41.15M","40.949997M","40.65M","40.3M","40.2M","39.9M","39.6M","39.35M","38.4M","36.25M","34.25M","34.15M","33.45M","32.800003M","32.7M","32.05M","31.8M","31.65M","31.400002M","31.099998M","30.6M","29.95M","29.45M","28.8M","28.4M","28.15M","27.849998M","27.8M","27.8M","27.7M","27.55M","27.25M","26.95M","26.75M","26.150002M","26.25M","25.150002M","25.15M","24.45M","24.2M","23.95M","23.6M"],"nokList":["37.5M","35M"]}