{"server":955,"total":3905.6008,"average":41.548946,"cpValues":[],"cpList":["76.2M","72M","71.3M","70.8M","70.8M","70M","68.5M","65.9M","63.8M","63.1M","60.8M","59.3M","59M","58.9M","57.6M","56.7M","56.4M","55.4M","55.1M","54.2M","52.7M","52.3M","51.6M","51.1M","50.7M","50.4M","50.4M","49.3M","48.M","48.5M","47.4M","47.4M","46.8M","46.1M","46M","45.1M","43.8M","43.7M","42.6M","42.6M","42.4M","42.2M","41.5M","40.2M","40M","38.9M","AA.6M","38.1M","78M","37.4M","37.2M","37M","37M","36.8M","36.7M","34.8M","33.8M","A3.6M","A3.6M","33.2M","32.7M","32.1M","32.1M","32M","32M","31.6M","31.1M","30.9M","30.9M","30.3M","30.3M","30.2M","30.2M","29.9M","29.8M","29.1M","28.8M","28.4M","28M","27.7M","27.7M","27.6M","27.5M","27.3M","26.7M","26.4M","26.2M","26.2M","25.8M","25.7M","25.4M","25.3M","25.2M","24.9M","24.9M","24.8M","24.3M","24.2M","24.1M","24M"],"okList":["76.2M","73.75M","71.4M","71.05M","70.4M","69.65M","67.95M","66.15M","64.5M","62.3M","61.199997M","59.9M","59.1M","58.3M","57.800003M","57.0M","56.050003M","55.75M","54.800003M","53.9M","53.25M","52.15M","51.699997M","51.15M","50.75M","50.550003M","49.85M","49.2M","48.9M","47.7M","47.95M","47.1M","46.75M","46.4M","45.6M","44.9M","44.4M","43.199997M","43.15M","42.5M","42.4M","41.95M","41.2M","40.75M","39.550003M","38.5M","37.75M","57.6M","37.2M","37.1M","36.9M","36.85M","35.8M","35.25M","32.65M","32.4M","32.05M","32.05M","31.8M","31.55M","31.25M","31.0M","30.599998M","30.599998M","30.25M","30.25M","30.05M","30.0M","29.5M","29.3M","28.75M","28.4M","28.05M","27.85M","27.650002M","27.6M","27.45M","27.1M","26.849998M","26.45M","26.3M","26.0M","25.95M","25.599998M","25.5M","25.3M","25.099998M","25.05M","24.849998M","24.599998M","24.5M","24.2M","24.1M","24.0M"],"nokList":["38.9M","38.1M","33.8M","A3.6M","A3.6M","33.2M"]}