{"time":1755514020873,"server":955,"cpList":["82M","75.5M","75M","73.6M","73.4M","71.5M","77M","70.2M","64.9M","63.9M","61.5M","60.2M","60.1M","60M","59.3M","59.3M","59M","56.4M","55.6M","54.5M","53.2M","52.8M","52.7M","52.1M","51.7M","51.5M","50.7M","49.5M","49.2M","48.9M","47.4M","47.4M","468M","461M","46M","443M","442M","441M","43.8M","426M","426M","42.4M","40.2M","40.1M","40M","39.8M","38.9M","38M","37.3M","37.2M","37M","36.8M","36.8M","35M","34.8M","33.6M","33.2M","32.7M","32.7M","32.1M","32M","32M","31.6M","31.1M","30.9M","30.9M","30.3M","30.3M","30.2M","30.2M","29.9M","29.8M","29.1M","28.8M","28.4M","28M","27.7M","27.7M","27.6M","27.5M","27.4M","26.7M","26.4M","26.2M","26.2M","25.8M","25.7M","25.4M","25.3M","25.2M","25.1M","24.9M","24.8M","24.3M","24.2M","24.1M","24M","23.9M","23.8M","23.8M"],"okList":["82.0M","75.5M","0.75M","0.00736M","7.340000000000001E-5M","7.15E-7M","7.699999999999999E-8M","7.020000000000001E-9M","6.4900000000000005E-9M","6.39E-9M","6.1500000000000005E-9M","6.02E-9M","6.01E-9M","6.0E-9M","5.93E-9M","5.93E-9M","5.9E-9M","5.6399999999999995E-9M","5.560000000000001E-9M","5.45E-9M","5.32E-9M","5.280000000000001E-9M","5.270000000000001E-9M","5.21E-9M","5.17E-9M","5.15E-9M","5.07E-9M","4.949999999999999E-9M","4.920000000000001E-9M","4.89E-9M","4.739999999999999E-9M","4.739999999999999E-9M","4.6799999999999996E-8M","4.610000000000001E-8M","4.6E-9M","4.43E-8M","4.419999999999999E-8M","4.4100000000000004E-8M","4.379999999999999E-9M","4.26E-8M","4.26E-8M","4.24E-9M","4.020000000000001E-9M","4.010000000000001E-9M","4.0E-9M","3.98E-9M","3.8900000000000004E-9M","3.8E-9M","3.729999999999999E-9M","3.7200000000000012E-9M","3.7000000000000005E-9M","3.68E-9M","3.68E-9M","3.5E-9M","3.48E-9M","3.3600000000000004E-9M","3.32E-9M","3.27E-9M","3.27E-9M","3.2100000000000003E-9M","3.2E-9M","3.2E-9M","3.1600000000000003E-9M","3.11E-9M","3.09E-9M","3.09E-9M","3.03E-9M","3.03E-9M","3.0200000000000003E-9M","3.0200000000000003E-9M","2.9900000000000002E-9M","2.98E-9M","2.9100000000000005E-9M","2.8800000000000004E-9M","2.8399999999999993E-9M","2.8000000000000003E-9M","2.77E-9M","2.77E-9M","2.7600000000000004E-9M","2.7500000000000006E-9M","2.74E-9M","2.67E-9M","2.6400000000000004E-9M","2.62E-9M","2.62E-9M","2.5800000000000006E-9M","2.5700000000000004E-9M","2.5400000000000003E-9M","2.53E-9M","2.5200000000000004E-9M","2.5100000000000002E-9M","2.4899999999999995E-9M","2.48E-9M","2.43E-9M","2.4199999999999995E-9M","2.4100000000000006E-9M","2.4E-9M","2.3899999999999994E-9M","2.38E-9M","2.38E-9M"],"nokList":[]}