{"server":957,"total":4245.4014,"average":42.454014,"cpValues":[],"cpList":["83.6M","80M","69.8M","69.6M","68.5M","68.1M","64M","63.4M","62.5M","62M","61.7M","60.4M","60.3M","58.8M","57.7M","57.5M","56.5M","56.5M","56.3M","56M","55.8M","54.7M","54.3M","54.3M","54.2M","54.1M","53M","52.6M","51.4M","51.2M","51.2M","50.6M","50.5M","50.5M","50.5M","50.4M","50.1M","47.M","46.7M","46.7M","46.4M","44.4M","43.1M","42.2M","41.6M","41.5M","41.4M","41.2M","41.1M","40.1M","39.4M","39.4M","39.2M","39.1M","38.8M","38.2M","37.8M","37.6M","37.5M","36.4M","36.2M","35.8M","35.5M","34.7M","34.3M","33.9M","33.7M","32.3M","31.9M","31.6M","31.5M","31.1M","30.7M","29.7M","29.5M","29.3M","29.2M","28.9M","28.6M","27.8M","27.6M","27.2M","26.8M","26.3M","26.3M","25.8M","25.8M","25.5M","25.2M","24.9M","24.4M","24.3M","24.1M","23.7M","23.6M","23.6M","23.4M","23.3M","23.1M","23.1M"],"okList":["83.6M","76.7M","74.8M","69.15M","68.85M","66.25M","65.75M","63.25M","62.7M","62.1M","61.2M","61.0M","59.6M","59.0M","58.15M","57.1M","57.0M","56.4M","56.25M","56.05M","55.35M","55.05M","54.5M","54.25M","54.199997M","53.6M","53.35M","52.2M","51.9M","51.300003M","50.9M","50.85M","50.55M","50.5M","50.45M","50.3M","48.7M","48.4M","46.85M","46.550003M","45.550003M","44.75M","43.300003M","42.35M","41.85M","41.5M","41.35M","41.25M","40.65M","40.25M","39.75M","39.300003M","39.25M","39.0M","38.65M","38.3M","37.9M","37.65M","37.0M","36.85M","36.1M","35.85M","35.25M","34.9M","34.300003M","34.0M","33.1M","32.8M","31.95M","31.7M","31.35M","31.1M","30.400002M","30.1M","29.5M","29.35M","29.099998M","28.900002M","28.349998M","28.1M","27.5M","27.2M","26.75M","26.55M","26.05M","26.05M","25.65M","25.5M","25.2M","24.8M","24.599998M","24.25M","24.0M","23.85M","23.650002M","23.5M","23.45M","23.25M","23.2M","23.1M"],"nokList":[]}