{"server":964,"total":3966.1997,"average":41.31458,"cpValues":[],"cpList":["85.4M","71.3M","68.2M","65.7M","65.7M","65.6M","65.4M","63.3M","60.8M","60.1M","60.1M","59.8M","57.PM","57.PM","57.4M","56.9M","56.8M","56.3M","56.2M","55.8M","54.8M","54.7M","54M","53.9M","53M","53M","51.6M","50.7M","50.6M","50M","49.7M","49.2M","49M","48.9M","47.6M","46.9M","46.3M","45.6M","44.8M","44.5M","44.3M","43.5M","42.9M","42.7M","42.6M","42.3M","42.3M","42.1M","41.5M","41.4M","40.7M","40.4M","40.1M","39.4M","38.3M","37.3M","37.3M","37.2M","37M","36.4M","35.2M","34.9M","34.5M","34.3M","34.3M","33.7M","33.7M","33.1M","31.8M","31.M","31.M","31.1M","30.5M","29.7M","28.8M","28.5M","28.2M","27.8M","27.8M","21.7M","21.6M","27.5M","27.3M","27.3M","26.8M","26.6M","26.3M","26.1M","26.1M","26M","25.8M","25.8M","25.8M","25.7M","25.6M","25.2M","25.1M","25M","24.9M","24.9M"],"okList":["85.4M","76.8M","68.5M","66.95M","65.649994M","65.55M","64.45M","63.1M","61.699997M","60.449997M","59.949997M","57.1M","56.6M","56.5M","56.05M","55.5M","55.25M","54.4M","54.300003M","53.5M","53.45M","52.3M","51.85M","51.1M","50.35M","50.15M","49.6M","49.35M","49.050003M","48.3M","47.9M","46.949997M","46.25M","45.55M","45.05M","44.55M","44.0M","43.6M","43.1M","42.75M","42.5M","42.449997M","42.199997M","41.9M","41.75M","41.1M","40.9M","40.4M","39.9M","39.199997M","38.35M","37.8M","37.25M","37.15M","36.800003M","36.1M","35.65M","34.85M","34.6M","34.4M","34.0M","34.0M","33.4M","32.75M","32.05M","31.4M","31.0M","30.75M","30.400002M","29.65M","29.1M","28.5M","28.15M","28.0M","24.75M","24.7M","24.6M","24.45M","27.4M","27.05M","26.95M","26.55M","26.35M","26.2M","26.05M","25.95M","25.9M","25.8M","25.75M","25.7M","25.45M","25.35M","25.1M","25.0M","24.95M","24.9M"],"nokList":["59.8M","57.PM","57.PM","57.4M"]}