{"server":965,"total":4133.25,"average":43.507896,"cpValues":[],"cpList":["67.2M","63.4M","62.7M","60M","59.7M","58.4M","58.3M","57.8M","57.4M","57.2M","56.3M","56.1M","56M","55.3M","54.4M","53.2M","52.4M","52.2M","50.3M","49.8M","49.6M","49.6M","48.M","48.8M","48.7M","47.3M","47.2M","46.5M","46.5M","46.1M","45.7M","45.6M","45.1M","45M","44.8M","44.5M","43.7M","43.2M","43M","42.9M","42.7M","42.6M","42.3M","41.9M","41.8M","41.8M","41.6M","41.4M","41.4M","41.4M","40.5M","40.3M","40.3M","40M","39.9M","39.7M","39.7M","39.4M","39.4M","39.2M","39.1M","39.1M","38.4M","38.3M","38.2M","38.2M","37.8M","37.7M","37.7M","37.4M","37.2M","37.2M","37.1M","37.1M","37M","A6.9M","36.8M","A6.6M","36.5M","36.5M","36.5M","A6M","35.2M","34.9M","34.8M","34.7M","34.4M","34.2M","34.2M","34.1M","34M","33.9M","33.9M","33.9M","33.9M","33.5M","33.5M","33.3M","33.3M","33.2M"],"okList":["67.2M","64.95M","61.7M","61.2M","59.2M","59.0M","58.1M","57.85M","57.5M","56.85M","56.65M","56.15M","55.699997M","55.2M","54.25M","53.4M","52.7M","51.35M","51.0M","49.949997M","49.699997M","48.8M","49.199997M","48.35M","48.05M","47.95M","46.9M","46.85M","46.3M","46.1M","45.85M","45.4M","45.3M","44.949997M","44.75M","44.25M","43.85M","43.35M","43.050003M","42.85M","42.75M","42.5M","42.25M","42.05M","41.85M","41.699997M","41.6M","41.5M","41.4M","40.95M","40.85M","40.4M","40.15M","40.1M","39.85M","39.800003M","39.550003M","39.550003M","39.300003M","39.25M","39.15M","38.75M","38.699997M","38.300003M","38.25M","38.0M","37.95M","37.75M","37.550003M","37.45M","37.300003M","37.15M","37.15M","37.05M","36.9M","36.65M","36.5M","35.85M","35.0M","34.800003M","34.6M","34.45M","34.300003M","34.15M","34.1M","34.0M","33.95M","33.9M","33.9M","33.7M","33.7M","33.4M","33.4M","33.25M","33.2M"],"nokList":["37M","36.8M","36.5M","36.5M","35.2M"]}