{"server":968,"total":3170.35,"average":34.460327,"cpValues":[],"cpList":["75.9M","65.4M","61.8M","59M","56M","51.5M","50M","49.7M","49M","48.2M","47.3M","45.7M","45.3M","44.7M","44.6M","44.6M","44.4M","44M","43.3M","42.8M","42.5M","42.1M","41.1M","41M","40.1M","39.7M","39.2M","38.8M","38.7M","38.7M","38.2M","38.1M","37.1M","A6.6M","A6.6M","35.9M","35.7M","35.2M","34.8M","34.7M","34.1M","33.5M","33.4M","32.5M","32.1M","31.8M","31.4M","31.2M","30.5M","30.4M","30.4M","30.3M","29.8M","29.8M","29.7M","29.6M","29.5M","28.9M","28.9M","28.9M","28.6M","28.3M","27.8M","27.7M","27.6M","27.6M","27.4M","27.1M","26.9M","26.8M","26.8M","26.8M","26.6M","26.4M","26.3M","26.2M","26.1M","26M","25.QM","25.QM","25.6M","25.4M","25.3M","25.3M","25.2M","24.6M","24.4M","24.4M","24.3M","24.1M","23.9M","23.7M","23.6M","23.6M","23.2M","23.1M","23M","23M","23M","22.9M"],"okList":["75.9M","68.85M","62.2M","58.9M","55.25M","53.0M","50.6M","49.5M","48.95M","48.15M","46.95M","46.3M","45.2M","44.949997M","44.65M","44.5M","44.3M","43.85M","43.4M","42.9M","42.449997M","41.8M","41.55M","40.6M","40.35M","39.65M","39.25M","38.95M","38.75M","38.45M","38.4M","37.65M","35.550003M","35.25M","34.95M","34.449997M","34.1M","33.75M","33.0M","32.75M","32.15M","31.75M","31.5M","30.95M","30.8M","30.45M","30.349998M","30.099998M","30.05M","29.75M","29.7M","29.6M","29.25M","29.2M","28.9M","28.75M","28.599998M","28.2M","28.0M","27.7M","27.650002M","27.5M","27.35M","27.15M","26.95M","26.849998M","26.8M","26.7M","26.599998M","26.45M","26.3M","26.2M","26.1M","25.45M","25.349998M","25.25M","24.95M","24.8M","24.5M","24.349998M","24.25M","24.099998M","23.900002M","23.75M","23.650002M","23.400002M","23.35M","23.1M","23.05M","23.0M","22.95M","22.9M"],"nokList":["37.1M","A6.6M","A6.6M","35.9M","26M","25.QM","25.QM","25.6M"]}