{"time":1755514151849,"server":972,"cpList":["81.7M","76M","71.9M","71.3M","77M","67.3M","67M","66.4M","65.7M","64.3M","63M","62M","61.1M","59.8M","58.8M","57.5M","57.4M","57.1M","55.9M","55.4M","55.3M","55M","54.9M","543M","543M","52.8M","52.7M","52.4M","52M","51.8M","51.6M","51.5M","50.3M","48.9M","48.8M","48.1M","48.1M","48M","47.9M","47.5M","47.4M","468M","46.7M","45.9M","45.8M","44.9M","442M","43.8M","43.7M","43.5M","43.2M","42.9M","42.8M","42.5M","41.7M","41.6M","41.6M","41.1M","41.1M","40.6M","40.6M","40.5M","40.3M","39.4M","39.4M","39.3M","39M","38.9M","38.5M","38.5M","38M","38M","37.9M","37.8M","36.8M","36.8M","36.3M","35.5M","35.4M","35.1M","35.1M","34.8M","34.5M","34.5M","34.4M","34.3M","34.1M","34M","33.8M","33.8M","33.5M","33.5M","33.4M","33.2M","33.1M","32.9M","32.5M","32.4M","322M","31.1M"],"okList":["0.8170000000000001M","0.0076M","7.190000000000001E-5M","7.13E-7M","7.699999999999999E-8M","6.73E-9M","6.7000000000000004E-9M","6.64E-9M","6.57E-9M","6.43E-9M","6.3E-9M","6.2E-9M","6.11E-9M","5.9800000000000004E-9M","5.88E-9M","5.75E-9M","5.74E-9M","5.71E-9M","5.59E-9M","5.54E-9M","5.53E-9M","5.500000000000001E-9M","5.49E-9M","5.4299999999999997E-8M","5.4299999999999997E-8M","5.280000000000001E-9M","5.270000000000001E-9M","5.24E-9M","5.2E-9M","5.180000000000001E-9M","5.160000000000001E-9M","5.15E-9M","5.03E-9M","4.89E-9M","4.8800000000000005E-9M","4.8100000000000006E-9M","4.8100000000000006E-9M","4.8E-9M","4.79E-9M","4.7499999999999995E-9M","4.739999999999999E-9M","4.6799999999999996E-8M","4.670000000000001E-9M","4.59E-9M","4.58E-9M","4.49E-9M","4.419999999999999E-8M","4.379999999999999E-9M","4.3700000000000004E-9M","4.35E-9M","4.320000000000001E-9M","4.289999999999999E-9M","4.279999999999999E-9M","4.25E-9M","4.17E-9M","4.1600000000000005E-9M","4.1600000000000005E-9M","4.109999999999999E-9M","4.109999999999999E-9M","4.0600000000000005E-9M","4.0600000000000005E-9M","4.050000000000001E-9M","4.03E-9M","3.94E-9M","3.94E-9M","3.9299999999999995E-9M","3.899999999999999E-9M","3.8900000000000004E-9M","3.8500000000000006E-9M","3.8500000000000006E-9M","3.8E-9M","3.8E-9M","3.7899999999999995E-9M","3.78E-9M","3.68E-9M","3.68E-9M","3.63E-9M","3.5499999999999995E-9M","3.54E-9M","3.5100000000000005E-9M","3.5100000000000005E-9M","3.48E-9M","3.45E-9M","3.45E-9M","3.4399999999999997E-9M","3.43E-9M","3.41E-9M","3.4E-9M","3.3799999999999995E-9M","3.3799999999999995E-9M","3.3500000000000002E-9M","3.3500000000000002E-9M","3.34E-9M","3.32E-9M","3.31E-9M","3.2899999999999996E-9M","3.2500000000000006E-9M","3.24E-9M","3.2200000000000004E-8M","3.11E-9M"],"nokList":[]}