{"server":972,"total":4622.6006,"average":47.169395,"cpValues":[],"cpList":["75.6M","74.9M","70.4M","70M","66.8M","65.5M","65.3M","63.3M","62.9M","62.8M","62.6M","61.5M","60.7M","60.4M","58.7M","57.5M","56.9M","55.7M","55.5M","55.4M","55M","53.8M","53M","52.4M","51.5M","51.5M","51.4M","50.8M","50.6M","50.6M","50.5M","50.4M","50.3M","50.3M","49.9M","48.8M","48.1M","48M","47.8M","47.5M","47.4M","46.8M","46.3M","45.9M","45.8M","45.5M","44.6M","44.2M","43.8M","43.7M","43.5M","43.2M","43M","42.5M","42.5M","41.7M","41.6M","41.6M","41.1M","40.9M","40.6M","40.6M","39.4M","39.4M","39.3M","39.2M","39M","38.9M","38.7M","38.5M","38.5M","38.4M","78M","78M","37.2M","36.8M","36.8M","36.5M","36.3M","A6.1M","35.8M","35.5M","35.1M","34.5M","34.5M","34.3M","34.3M","34.2M","34.1M","34M","33.8M","33.7M","33.5M","33.4M","33.3M","33.2M","33.2M","32.7M","32.6M","32.5M"],"okList":["75.6M","73.0M","72.45M","68.600006M","67.75M","66.05M","64.4M","64.100006M","63.05M","62.75M","62.15M","61.65M","60.95M","59.7M","58.95M","57.800003M","56.6M","56.2M","55.550003M","55.25M","54.6M","54.0M","53.1M","52.25M","51.95M","51.45M","51.15M","51.0M","50.699997M","50.55M","50.5M","50.4M","50.35M","50.1M","49.55M","49.0M","48.4M","47.949997M","47.75M","47.6M","47.15M","46.85M","46.35M","46.05M","45.7M","45.199997M","44.85M","44.199997M","43.95M","43.65M","43.45M","43.25M","42.85M","42.75M","42.1M","42.05M","41.65M","41.35M","41.25M","40.85M","40.75M","40.0M","40.0M","39.35M","39.300003M","39.15M","39.050003M","38.85M","38.7M","38.6M","38.45M","58.25M","78.0M","57.6M","57.4M","37.0M","36.65M","36.55M","36.05M","35.449997M","35.0M","34.8M","34.4M","34.4M","34.25M","34.199997M","34.1M","33.949997M","33.85M","33.65M","33.550003M","33.4M","33.300003M","33.25M","32.95M","32.9M","32.6M","32.5M"],"nokList":["36.3M","35.8M"]}