{"server":973,"total":6103.9,"average":64.935104,"cpValues":[],"cpList":["85.3M","85.3M","82.3M","81.7M","79.2M","7A.6M","77.6M","77.3M","76.9M","75.8M","75.4M","75.3M","74.9M","74.7M","74.6M","74.1M","73.4M","72.2M","72.1M","72M","71.9M","71.6M","69.9M","69.8M","69.7M","69.5M","68.8M","6A.6M","6A.6M","68.2M","67.6M","67M","66.7M","66.4M","66.2M","66.2M","65.7M","65.6M","65.5M","65.5M","65.5M","65.4M","65M","64.8M","64.7M","64.5M","64.3M","64.2M","63.9M","63.3M","63.1M","63M","63M","62.9M","62.7M","62.6M","62.6M","62.4M","62.3M","62.3M","62M","62M","61.9M","61.7M","61.5M","61.3M","61.2M","60.8M","60.8M","60.7M","60.5M","60.4M","60.3M","59.9M","59.9M","59.9M","59.8M","59.8M","59.2M","59.1M","59M","59M","58.7M","58.6M","58.3M","57.8M","57.8M","57.8M","57.7M","57.7M","57.7M","57.5M","57.5M","57.4M","57.4M","56.9M","56.9M","56.6M","56.6M","56.5M"],"okList":["85.3M","83.8M","83.5M","80.75M","78.399994M","77.25M","76.55M","76.15M","75.55M","75.15M","75.0M","74.75M","74.399994M","74.0M","73.149994M","72.75M","72.1M","72.0M","71.8M","70.9M","70.7M","69.8M","69.65M","69.25M","67.6M","67.149994M","66.7M","66.45M","66.3M","65.95M","65.899994M","65.6M","65.55M","65.5M","65.45M","65.25M","65.100006M","64.85M","64.65M","64.5M","64.35M","64.100006M","63.75M","63.5M","63.15M","63.05M","62.95M","62.85M","62.75M","62.65M","62.5M","62.449997M","62.35M","62.15M","62.15M","61.95M","61.85M","61.7M","61.5M","61.35M","61.05M","61.0M","60.75M","60.65M","60.550003M","60.4M","60.15M","60.1M","59.9M","59.85M","59.85M","59.5M","59.449997M","59.1M","59.05M","58.85M","58.8M","58.5M","58.199997M","58.05M","57.8M","57.75M","57.75M","57.7M","57.6M","57.6M","57.45M","57.45M","57.15M","57.15M","56.75M","56.75M","56.55M","56.5M"],"nokList":["79.2M","77.6M","68.8M","6A.6M","6A.6M","68.2M"]}