{"server":984,"total":3625.0996,"average":38.564888,"cpValues":[],"cpList":["76.3M","68.7M","64.6M","62.9M","60.5M","59.9M","59.8M","57.6M","56.8M","55.8M","55.4M","55.3M","55.1M","54.8M","54.4M","52.6M","50.2M","49.8M","49.5M","48.8M","48.1M","47.9M","47.5M","46.8M","46.4M","46.3M","44.5M","43.4M","42.1M","41.5M","41.2M","41.1M","41M","41M","40.5M","40.1M","39.4M","AA.6M","37.8M","37.6M","36.8M","A6.6M","A6.6M","36.2M","35.8M","35.5M","35.4M","35.3M","35M","34.9M","34.8M","34.6M","34.3M","34.1M","34M","33.8M","33.5M","33.1M","33.1M","33.1M","32.9M","32.6M","32.5M","32.5M","32.5M","32.4M","31.8M","31.5M","31M","30.4M","29.8M","29.7M","29.7M","29.5M","29.3M","29.1M","29.1M","28.9M","28.8M","28.6M","28.6M","28.4M","28.2M","28.1M","28.1M","28M","27M","26.9M","26.9M","26.8M","26.6M","26.5M","26.4M","25.8M","25.7M","25.6M","25.3M","25.3M","25.2M","25.1M"],"okList":["76.3M","70.45M","65.8M","62.55M","61.4M","60.15M","58.75M","58.3M","56.699997M","56.1M","55.55M","55.25M","55.05M","54.75M","53.699997M","52.300003M","51.199997M","49.85M","49.3M","48.8M","48.35M","47.8M","47.35M","46.95M","46.55M","45.45M","44.85M","43.3M","42.45M","41.65M","41.3M","41.1M","41.05M","40.75M","40.55M","39.95M","38.6M","37.3M","35.85M","35.6M","35.4M","35.2M","35.1M","34.9M","34.75M","34.55M","34.35M","34.15M","33.949997M","33.75M","33.449997M","33.3M","33.1M","33.0M","32.85M","32.7M","32.55M","32.5M","32.45M","32.15M","31.95M","31.4M","30.95M","30.4M","30.05M","29.75M","29.6M","29.5M","29.3M","29.2M","29.0M","28.95M","28.75M","28.7M","28.5M","28.400002M","28.25M","28.150002M","28.05M","27.55M","27.45M","26.95M","26.849998M","26.75M","26.65M","26.5M","26.15M","26.05M","25.7M","25.5M","25.45M","25.25M","25.2M","25.1M"],"nokList":["39.4M","37.8M","36.8M","A6.6M","A6.6M","36.2M"]}