{"server":985,"total":3235.6008,"average":34.058956,"cpValues":[],"cpList":["85.9M","67.1M","66.4M","65.5M","60.8M","58.9M","56.4M","55M","54.9M","53.6M","53.2M","52.8M","51.6M","51.4M","50.3M","50.1M","48.2M","48M","47.1M","46.4M","44.9M","44.1M","43.7M","42.5M","41.8M","41.5M","41M","40.8M","40.2M","40.1M","38.3M","37M","37M","A6M","34.7M","34.7M","34.5M","34.5M","33.8M","33.7M","33.4M","33.3M","33M","33M","32.4M","31.6M","31.3M","31M","29.7M","29M","28.5M","28.3M","28.2M","28.2M","27.7M","27.5M","27.3M","26.2M","25.3M","25.1M","24.5M","24.3M","24.1M","24M","23.9M","23.8M","23.8M","23.8M","23.4M","23.3M","23.1M","22.7M","22.5M","22M","22M","22M","21.9M","21.9M","21.8M","21.8M","21.8M","21.4M","21.4M","21.3M","21.2M","21.1M","20.9M","20.8M","20.7M","20.6M","20.5M","20.3M","Z0.2M","20.1M","20M","19.8M","19.8M","19.6M","19.1M","19.1M"],"okList":["85.9M","76.15M","66.3M","63.6M","62.2M","58.6M","56.95M","55.65M","54.3M","54.050003M","53.199997M","52.4M","52.1M","50.949997M","50.75M","49.25M","49.05M","47.65M","47.2M","46.0M","45.25M","44.300003M","43.3M","42.75M","42.0M","41.4M","41.15M","40.6M","40.449997M","39.25M","38.55M","37.65M","35.85M","34.6M","34.6M","34.15M","34.1M","33.6M","33.5M","33.2M","33.15M","32.7M","32.3M","31.85M","31.3M","30.5M","30.0M","29.1M","28.65M","28.35M","28.25M","27.95M","27.85M","27.5M","26.85M","26.3M","25.650002M","24.9M","24.7M","24.3M","24.15M","24.0M","23.9M","23.849998M","23.8M","23.599998M","23.55M","23.25M","23.0M","22.8M","22.35M","22.25M","22.0M","21.95M","21.95M","21.849998M","21.849998M","21.8M","21.599998M","21.599998M","21.349998M","21.3M","21.2M","21.05M","20.95M","20.8M","20.7M","20.6M","20.45M","19.95M","19.9M","19.7M","19.45M","19.35M","19.1M"],"nokList":["37M","34.7M","20.3M","Z0.2M","20.1M"]}